Date,ES=F,^AEX,^AXJO,^FCHI,^FTSE,^GDAXI,^GSPTSE,^IBEX,^N225,^OMX,^SSMI,^STOXX50E,^TNX
1995-01-02,,189.3134307861328,,,,,,,,,,,
1995-01-03,,189.14552307128906,1849.0999755859375,1885.9000244140625,,,,,,,2612.300048828125,,7.876999855041504
1995-01-04,,189.39964294433594,1830.0,1901.800048828125,,,,,,,2632.39990234375,,7.813000202178955
1995-01-05,,188.1744384765625,1814.800048828125,1871.5,,,,,,,2613.10009765625,,7.868000030517578
1995-01-06,,188.39678955078125,1813.300048828125,1886.4000244140625,,,,,,,2622.300048828125,,7.849999904632568
1995-01-09,,188.12451171875,1805.4000244140625,1864.199951171875,,,,,,,2617.300048828125,,7.881999969482422
1995-01-10,,187.3939208984375,1804.0999755859375,1859.199951171875,,,,,,,2600.39990234375,,7.822000026702881
1995-01-11,,186.8357696533203,1808.300048828125,1849.0999755859375,,,,,,,2597.0,,7.776000022888184
1995-01-12,,186.24131774902344,1810.9000244140625,1844.0999755859375,,,,,,,2600.5,,7.794000148773193
1995-01-13,,187.235107421875,1806.5,1854.0,,,,,,,2600.199951171875,,7.679999828338623
1995-01-16,,188.49208068847656,1827.800048828125,1872.800048828125,,,,,,,2591.60009765625,,7.679999828338623
1995-01-17,,187.81594848632812,1829.5,1856.9000244140625,,,,,,,2582.800048828125,,7.684000015258789
1995-01-18,,188.070068359375,1838.199951171875,1860.300048828125,,,,,,,2593.60009765625,,7.697999954223633
1995-01-19,,187.6435089111328,1844.0999755859375,1837.0999755859375,,,,,,,2595.5,,7.716000080108643
1995-01-20,,186.39561462402344,1827.0,1813.300048828125,,,,,,,2574.60009765625,,7.808000087738037
1995-01-23,,183.80450439453125,1810.699951171875,1772.800048828125,,,,,,,2525.300048828125,,7.822000026702881
1995-01-24,,184.92535400390625,1813.4000244140625,1780.199951171875,,,,,,,2534.800048828125,,7.84499979019165
1995-01-25,,184.730224609375,1802.199951171875,1802.5,,,,,,,2525.5,,7.784999847412109
1995-01-26,,186.38198852539062,,1826.300048828125,,,,,,,2554.699951171875,,7.743000030517578
1995-01-27,,187.1670379638672,1814.800048828125,1814.0999755859375,,,,,,,2548.60009765625,,7.616000175476074
1995-01-30,,186.89022827148438,1810.699951171875,1813.4000244140625,,,,,,,2540.199951171875,,7.633999824523926
1995-01-31,,185.19308471679688,1784.699951171875,1797.9000244140625,,,,,,,2536.89990234375,,7.5929999351501465
1995-02-01,,186.21409606933594,1789.699951171875,1827.800048828125,,,,,,,2560.800048828125,,7.638000011444092
1995-02-02,,185.77845764160156,1814.4000244140625,1816.0999755859375,,,,,,,2563.699951171875,,7.670000076293945
1995-02-03,,187.20333862304688,1805.4000244140625,1842.4000244140625,,,,,,,2589.39990234375,,7.456999778747559
1995-02-06,,187.6026611328125,1821.4000244140625,1872.0999755859375,,,,,,,2621.39990234375,,7.506999969482422
1995-02-07,,187.9248504638672,1803.699951171875,1870.4000244140625,,,,,,,2628.0,,7.511000156402588
1995-02-08,,187.652587890625,1782.300048828125,1850.9000244140625,,,,,,,2617.39990234375,,7.511000156402588
1995-02-09,,188.16989135742188,1792.5999755859375,1874.4000244140625,,,,,,,2636.89990234375,,7.572000026702881
1995-02-10,,188.6100616455078,1805.0999755859375,1869.4000244140625,,,,,,,2635.39990234375,,7.618000030517578
1995-02-13,,188.20619201660156,1805.5999755859375,1850.0999755859375,,,,,,,2636.0,,7.59499979019165
1995-02-14,,187.8522491455078,1793.5999755859375,1856.0999755859375,,,,,,,2642.39990234375,,7.504000186920166
1995-02-15,,187.53460693359375,1802.4000244140625,1861.9000244140625,,,,,,,2636.0,,7.441999912261963
1995-02-16,,186.09156799316406,1821.300048828125,1835.0,,,,,,,2621.0,,7.388000011444092
1995-02-17,,186.48182678222656,1817.0999755859375,1822.5,,,,,,,2601.0,,7.419000148773193
1995-02-20,,186.06434631347656,1813.5999755859375,1802.199951171875,,,,,,,2597.199951171875,,
1995-02-21,,186.10519409179688,1817.4000244140625,1805.5999755859375,,,,,,,2609.60009765625,,7.432000160217285
1995-02-22,,185.35191345214844,1841.199951171875,1804.4000244140625,,,,,,,2610.0,,7.321000099182129
1995-02-23,,186.7132568359375,1855.4000244140625,1827.0,,,,,,,2632.10009765625,,7.329999923706055
1995-02-24,,186.322998046875,1872.199951171875,1805.699951171875,,,,,,,2623.300048828125,,7.324999809265137
1995-02-27,,185.7830047607422,1853.800048828125,1802.199951171875,,,,,,,2607.5,,7.236000061035156
1995-02-28,,185.0342559814453,1881.0999755859375,1776.9000244140625,,,,,,,2600.39990234375,,7.210000038146973
1995-03-01,,185.36097717285156,1878.0999755859375,1808.4000244140625,,,,,,,2619.199951171875,,7.214000225067139
1995-03-02,,185.65594482421875,1876.9000244140625,1807.4000244140625,,,,,,,2617.199951171875,,7.289000034332275
1995-03-03,,184.05409240722656,1862.5,1795.199951171875,,,,,,,2586.5,,7.355999946594238
1995-03-06,,182.4749298095703,1851.0999755859375,1773.300048828125,,,,,,,2553.199951171875,,7.400000095367432
1995-03-07,,180.94114685058594,1850.4000244140625,1748.5999755859375,,,,,,,2543.10009765625,,7.431000232696533
1995-03-08,,179.6932373046875,1840.800048828125,1756.800048828125,,,,,,,2515.800048828125,,7.355000019073486
1995-03-09,,178.204833984375,1835.199951171875,1727.0999755859375,,,,,,,2461.5,,7.28000020980835
1995-03-10,,178.63592529296875,1827.0999755859375,1743.0999755859375,,,,,,,2467.699951171875,,7.2179999351501465
1995-03-13,,178.48617553710938,1843.300048828125,1721.800048828125,,,,,,,2450.300048828125,,7.173999786376953
1995-03-14,,179.15777587890625,1843.5999755859375,1769.0,,,,,,,2463.300048828125,,7.077000141143799
1995-03-15,,179.11239624023438,1863.4000244140625,1738.5999755859375,,,,,,,2475.0,,7.077000141143799
1995-03-16,,178.3500518798828,1868.199951171875,1785.800048828125,,,,,,,2491.699951171875,,7.038000106811523
1995-03-17,,178.2456817626953,1880.0,1788.800048828125,,,,,,,2497.5,,7.103000164031982
1995-03-20,,179.1850128173828,1864.0,1811.5999755859375,,,,,,,2516.0,,7.111999988555908
1995-03-21,,178.95811462402344,1874.5,1813.800048828125,,,,,,,2505.5,,7.151000022888184
1995-03-22,,178.2729034423828,1852.0999755859375,1818.0,,,,,,,2501.89990234375,,7.195000171661377
1995-03-23,,176.21726989746094,1851.300048828125,1795.699951171875,,,,,,,2480.699951171875,,7.203000068664551
1995-03-24,,177.4561004638672,1857.5,1817.300048828125,,,,,,,2526.60009765625,,7.085000038146973
1995-03-27,,178.44534301757812,1869.699951171875,1836.0999755859375,,,,,,,2518.10009765625,,7.0320000648498535
1995-03-28,,178.23207092285156,1861.300048828125,1837.199951171875,,,,,,,2495.60009765625,,7.140999794006348
1995-03-29,,178.38180541992188,1855.4000244140625,1852.4000244140625,,,,,,,2495.0,,7.140999794006348
1995-03-30,,181.49929809570312,1847.199951171875,1893.0,,,,,,,2533.10009765625,,7.158999919891357
1995-03-31,,178.5179443359375,1867.0999755859375,1859.5,,,,,,,2508.89990234375,,7.189000129699707
1995-04-03,,178.9172821044922,1859.0999755859375,1864.0,,,,,,,2511.10009765625,,7.131999969482422
1995-04-04,,180.06533813476562,1896.300048828125,1882.800048828125,,,,,,,2536.199951171875,,7.105999946594238
1995-04-05,,180.5281982421875,1940.9000244140625,1872.9000244140625,,,,,,,2536.300048828125,,7.105999946594238
1995-04-06,,181.6127471923828,1939.0999755859375,1890.199951171875,,,,,,,2556.10009765625,,7.074999809265137
1995-04-07,,183.30081176757812,1943.5999755859375,1900.4000244140625,,,,,,,2559.300048828125,,7.0920000076293945
1995-04-10,,183.45509338378906,1943.4000244140625,1880.9000244140625,,,,,,,2561.199951171875,,7.0960001945495605
1995-04-11,,183.34165954589844,1953.699951171875,1869.300048828125,,,,,,,2563.10009765625,,7.073999881744385
1995-04-12,,183.7545928955078,1971.5999755859375,1871.9000244140625,,,,,,,2562.39990234375,,7.047999858856201
1995-04-13,,184.5033416748047,1980.5999755859375,1881.0999755859375,,,,,,,2560.300048828125,,7.0
1995-04-17,,,,,,,,,,,,,7.020999908447266
1995-04-18,,183.99510192871094,2000.199951171875,1855.699951171875,,,,,,,2547.10009765625,,7.020999908447266
1995-04-19,,183.48233032226562,1999.5,1874.9000244140625,,,,,,,2516.800048828125,,7.033999919891357
1995-04-20,,184.2083740234375,1984.0,1882.0,,,,,,,2544.199951171875,,6.999000072479248
1995-04-21,,185.33375549316406,1957.9000244140625,1928.4000244140625,,,,,,,2560.800048828125,,6.99399995803833
1995-04-24,,185.4199676513672,1955.0999755859375,1918.5,,,,,,,2554.800048828125,,6.986000061035156
1995-04-25,,185.70132446289062,,1945.9000244140625,,,,,,,2561.10009765625,,6.986000061035156
1995-04-26,,187.77056884765625,1965.199951171875,1942.300048828125,,,,,,,2574.39990234375,,6.99399995803833
1995-04-27,,188.56468200683594,1989.0,1931.0,,,,,,,2567.0,,7.025000095367432
1995-04-28,,189.1772918701172,2006.5,1918.5,,,,,,,2597.199951171875,,7.046000003814697
1995-05-01,,190.77914428710938,1997.4000244140625,,,,,,,,,,7.072000026702881
1995-05-02,,191.72300720214844,1983.300048828125,1936.9000244140625,,,,,,,2621.39990234375,,7.02400016784668
1995-05-03,,192.53982543945312,1995.800048828125,1971.0999755859375,,,,,,,2618.60009765625,,6.940999984741211
1995-05-04,,192.76670837402344,2024.5,1946.199951171875,,,,,,,2641.699951171875,,6.833000183105469
1995-05-05,,,2024.4000244140625,1927.4000244140625,,,,,,,2650.5,,6.665999889373779
1995-05-08,,192.4036865234375,2025.300048828125,,,,,,,,2658.800048828125,,6.673999786376953
1995-05-09,,192.33108520507812,2037.5999755859375,1988.699951171875,,,,,,,2655.60009765625,,6.580999851226807
1995-05-10,,193.3067169189453,2016.199951171875,1996.699951171875,,,,,,,2661.39990234375,,6.636000156402588
1995-05-11,,194.6226806640625,1997.0999755859375,2003.5999755859375,,,,,,,2701.0,,6.672999858856201
1995-05-12,,195.1354522705078,1999.0,2017.300048828125,,,,,,,2728.199951171875,,6.664999961853027
1995-05-15,,194.91763305664062,2009.5,1991.5,,,,,,,2739.0,,6.617000102996826
1995-05-16,,194.44570922851562,2004.699951171875,2001.300048828125,,,,,,,2746.60009765625,,6.552000045776367
1995-05-17,,193.21595764160156,2002.9000244140625,2004.699951171875,,,,,,,2739.800048828125,,6.526000022888184
1995-05-18,,192.77125549316406,1981.0999755859375,1989.800048828125,,,,,,,2727.699951171875,,6.604000091552734
1995-05-19,,190.5068817138672,1957.0999755859375,1965.5,,,,,,,2701.0,,6.598999977111816
1995-05-22,,193.1433563232422,1971.0999755859375,1979.5,,,,,,,2751.199951171875,,6.611999988555908
1995-05-23,,193.683349609375,1997.300048828125,1965.300048828125,,,,,,,2750.39990234375,,6.551000118255615
1995-05-24,,195.3623504638672,2001.0999755859375,1960.699951171875,,,,,,,2778.5,,6.427000045776367
1995-05-25,,,2008.9000244140625,,,,,,,,,,6.380000114440918
1995-05-26,,193.53359985351562,1985.699951171875,1919.0999755859375,,,,,,,2751.699951171875,,6.388000011444092
1995-05-29,,193.49276733398438,1976.0999755859375,1927.800048828125,,,,,,,2762.5,,
1995-05-30,,194.45932006835938,1983.300048828125,1927.300048828125,,,,,,,2779.39990234375,,6.294000148773193
1995-05-31,,195.81613159179688,1981.4000244140625,1948.0,,,,,,,2786.39990234375,,6.285999774932861
1995-06-01,,197.3726043701172,1983.199951171875,1960.800048828125,,,,,,,2807.800048828125,,6.184999942779541
1995-06-02,,196.53309631347656,1968.9000244140625,1971.300048828125,,,,,,,2805.300048828125,,6.079999923706055
1995-06-05,,,1976.4000244140625,,,,,,,,,,6.059000015258789
1995-06-06,,197.49966430664062,1986.199951171875,1965.9000244140625,,,,,,,2809.699951171875,,6.076000213623047
1995-06-07,,197.25462341308594,1982.0999755859375,1974.699951171875,,,,,,,2819.60009765625,,6.158999919891357
1995-06-08,,197.6766357421875,1964.199951171875,1951.199951171875,,,,,,,2806.800048828125,,6.201000213623047
1995-06-09,,196.24722290039062,1951.0,1897.0,,,,,,,2795.300048828125,,6.379000186920166
1995-06-12,,196.02487182617188,,1907.800048828125,,,,,,,2802.300048828125,,6.366000175476074
1995-06-13,,195.95680236816406,1945.699951171875,1922.800048828125,,,,,,,2800.89990234375,,6.125
1995-06-14,,195.38504028320312,1933.699951171875,1893.699951171875,,,,,,,2798.10009765625,,6.129000186920166
1995-06-15,,196.4241943359375,1928.300048828125,1920.699951171875,,,,,,,2800.199951171875,,6.1579999923706055
1995-06-16,,195.4485626220703,1940.199951171875,1905.0,,,,,,,2775.39990234375,,6.196000099182129
1995-06-19,,196.68739318847656,1938.699951171875,1918.4000244140625,,,,,,,2803.0,,6.107999801635742
1995-06-20,,197.0594940185547,1934.0,1896.0999755859375,,,,,,,2805.60009765625,,6.140999794006348
1995-06-21,,197.10487365722656,1939.5999755859375,1902.800048828125,,,,,,,2816.800048828125,,6.116000175476074
1995-06-22,,197.63125610351562,1954.300048828125,1925.199951171875,,,,,,,2843.300048828125,,6.015999794006348
1995-06-23,,197.363525390625,1992.4000244140625,1895.0999755859375,,,,,,,2837.699951171875,,6.045000076293945
1995-06-26,,198.30738830566406,1999.300048828125,1902.4000244140625,,,,,,,2830.300048828125,,6.090000152587891
1995-06-27,,198.4752960205078,1991.9000244140625,1877.699951171875,,,,,,,2845.10009765625,,6.131999969482422
1995-06-28,,196.7463836669922,2000.5,1865.5,,,,,,,2836.800048828125,,6.093999862670898
1995-06-29,,196.79629516601562,1999.199951171875,1861.9000244140625,,,,,,,2845.60009765625,,6.25
1995-06-30,,196.2063751220703,1981.0,1858.800048828125,,,,,,,2825.300048828125,,6.203000068664551
1995-07-03,,197.2183074951172,1970.0999755859375,1879.699951171875,,,,,,,2827.5,,6.203000068664551
1995-07-04,,198.3709259033203,1980.0,1889.4000244140625,,,,,,,2847.5,,
1995-07-05,,199.07427978515625,1990.5,1907.800048828125,,,,,,,2843.699951171875,,6.177999973297119
1995-07-06,,199.68235778808594,1989.0999755859375,1889.5,,,,,,,2833.699951171875,,6.043000221252441
1995-07-07,,202.85882568359375,2014.4000244140625,1950.800048828125,,,,,,,2848.39990234375,,6.01800012588501
1995-07-10,,206.8566436767578,2048.699951171875,1949.4000244140625,,,,,,,2842.89990234375,,6.021999835968018
1995-07-11,,206.0126190185547,2059.89990234375,1961.300048828125,,,,,,,2847.300048828125,,6.089000225067139
1995-07-12,,207.12437438964844,2063.10009765625,1961.699951171875,,,,,,,2867.89990234375,,6.089000225067139
1995-07-13,,208.21800231933594,2089.0,1948.300048828125,,,,,,,2869.699951171875,,6.072000026702881
1995-07-14,,206.77951049804688,2081.10009765625,,,,,,,,2863.39990234375,,6.135000228881836
1995-07-17,,208.69447326660156,2070.699951171875,1951.5,,,,,,,2892.300048828125,,6.202000141143799
1995-07-18,,208.16807556152344,2078.0,1929.0,,,,,,,2875.10009765625,,6.256999969482422
1995-07-19,,206.18959045410156,2058.0,1931.199951171875,,,,,,,2856.199951171875,,6.4120001792907715
1995-07-20,,205.07781982421875,2045.300048828125,1905.9000244140625,,,,,,,2822.199951171875,,6.4070000648498535
1995-07-21,,206.20774841308594,2092.5,1908.9000244140625,,,,,,,2830.199951171875,,6.49399995803833
1995-07-24,,208.82606506347656,2090.800048828125,1926.5999755859375,,,,,,,2836.60009765625,,6.436999797821045
1995-07-25,,208.85328674316406,2087.5,1941.300048828125,,,,,,,2833.199951171875,,6.410999774932861
1995-07-26,,209.6156463623047,2104.0,1942.5,,,,,,,2827.10009765625,,6.4629998207092285
1995-07-27,,209.1346435546875,2088.0,1947.9000244140625,,,,,,,2824.699951171875,,6.415999889373779
1995-07-28,,207.65985107421875,2087.800048828125,1932.800048828125,,,,,,,2833.10009765625,,6.4720001220703125
1995-07-31,,207.8912811279297,2083.300048828125,1920.0,,,,,,,2826.800048828125,,6.428999900817871
1995-08-01,,207.7869110107422,2087.60009765625,1917.800048828125,,,,,,,,,6.488999843597412
1995-08-02,,210.26455688476562,2107.0,1960.0,,,,,,,2852.300048828125,,6.428999900817871
1995-08-03,,208.10455322265625,2108.199951171875,1950.800048828125,,,,,,,2814.300048828125,,6.506999969482422
1995-08-04,,207.82774353027344,2119.89990234375,1957.0999755859375,,,,,,,2807.10009765625,,6.4720001220703125
1995-08-07,,208.21800231933594,2118.699951171875,1950.4000244140625,,,,,,,2800.60009765625,,6.454999923706055
1995-08-08,,208.58555603027344,2112.89990234375,1954.699951171875,,,,,,,2797.39990234375,,6.449999809265137
1995-08-09,,208.43580627441406,2116.5,1943.699951171875,,,,,,,2781.300048828125,,6.47599983215332
1995-08-10,,208.14993286132812,2105.60009765625,1949.199951171875,,,,,,,2802.60009765625,,6.513000011444092
1995-08-11,,208.2860565185547,2094.699951171875,1946.199951171875,,,,,,,2820.10009765625,,6.585999965667725
1995-08-14,,207.82321166992188,2083.60009765625,,,,,,,,2807.199951171875,,6.578000068664551
1995-08-15,,209.87884521484375,2098.89990234375,,,,,,,,2838.39990234375,,6.578000068664551
1995-08-16,,209.11648559570312,2089.800048828125,1970.4000244140625,,,,,,,2880.60009765625,,6.533999919891357
1995-08-17,,208.3904266357422,2075.199951171875,1967.300048828125,,,,,,,2880.0,,6.565000057220459
1995-08-18,,209.44320678710938,2064.199951171875,1971.5999755859375,,,,,,,2889.5,,6.559999942779541
1995-08-21,,210.29632568359375,2071.199951171875,1984.4000244140625,,,,,,,2886.699951171875,,6.526000022888184
1995-08-22,,210.5731201171875,2067.5,1963.300048828125,,,,,,,2900.800048828125,,6.556000232696533
1995-08-23,,210.3643798828125,2063.60009765625,1957.4000244140625,,,,,,,2896.800048828125,,6.577000141143799
1995-08-24,,210.77732849121094,2074.199951171875,1939.199951171875,,,,,,,2887.10009765625,,6.486999988555908
1995-08-25,,210.831787109375,2078.699951171875,1937.800048828125,,,,,,,2893.800048828125,,6.380000114440918
1995-08-28,,209.3796844482422,2090.0,1890.0999755859375,,,,,,,2883.300048828125,,6.328000068664551
1995-08-29,,207.8141326904297,2087.10009765625,1899.5,,,,,,,2887.300048828125,,6.357999801635742
1995-08-30,,208.4403533935547,2094.89990234375,1921.4000244140625,,,,,,,2915.699951171875,,6.323999881744385
1995-08-31,,207.9502716064453,2094.300048828125,1883.4000244140625,,,,,,,2908.800048828125,,6.2729997634887695
1995-09-01,,209.15733337402344,2094.39990234375,1881.699951171875,,,,,,,2918.300048828125,,6.210000038146973
1995-09-04,,210.70925903320312,2084.0,1900.5,,,,,,,2952.699951171875,,
1995-09-05,,211.14035034179688,2083.89990234375,1902.5,,,,,,,2971.10009765625,,6.163000106811523
1995-09-06,,212.47447204589844,2107.800048828125,1884.800048828125,,,,,,,2999.60009765625,,6.168000221252441
1995-09-07,,211.53968811035156,2101.89990234375,1861.699951171875,,,,,,,2989.10009765625,,6.201000213623047
1995-09-08,,211.90724182128906,2098.5,1854.9000244140625,,,,,,,2989.199951171875,,6.234000205993652
1995-09-11,,212.1023712158203,2103.0,1869.699951171875,,,,,,,2986.300048828125,,6.2220001220703125
1995-09-12,,212.36557006835938,2104.39990234375,1873.5999755859375,,,,,,,2990.5,,6.150000095367432
1995-09-13,,214.0854034423828,2121.699951171875,1898.199951171875,,,,,,,3016.800048828125,,6.175000190734863
1995-09-14,,214.21246337890625,2109.699951171875,1892.4000244140625,,,,,,,3011.60009765625,,6.071000099182129
1995-09-15,,214.511962890625,2124.10009765625,1880.0,,,,,,,3025.39990234375,,6.104000091552734
1995-09-18,,213.1732940673828,2123.60009765625,1871.699951171875,,,,,,,3008.10009765625,,6.165999889373779
1995-09-19,,214.38943481445312,2121.39990234375,1882.5,,,,,,,3033.5,,6.132999897003174
1995-09-20,,214.16708374023438,2120.0,1863.800048828125,,,,,,,3029.0,,6.09499979019165
1995-09-21,,213.79498291015625,2105.800048828125,1853.9000244140625,,,,,,,3039.10009765625,,6.199999809265137
1995-09-22,,210.9542999267578,2096.300048828125,1790.699951171875,,,,,,,2994.699951171875,,6.232999801635742
1995-09-25,,211.07228088378906,2088.10009765625,1800.5999755859375,,,,,,,3015.300048828125,,6.229000091552734
1995-09-26,,212.8692626953125,2085.60009765625,1816.300048828125,,,,,,,3045.5,,6.258999824523926
1995-09-27,,211.0314483642578,2083.699951171875,1791.800048828125,,,,,,,3009.800048828125,,6.270999908447266
1995-09-28,,209.87884521484375,2075.10009765625,1767.5999755859375,,,,,,,3000.60009765625,,6.258999824523926
1995-09-29,,211.5805206298828,2091.300048828125,1788.4000244140625,,,,,,,3014.800048828125,,6.1570000648498535
1995-10-02,,211.06321716308594,2094.300048828125,1780.699951171875,,,,,,,3039.0,,6.144000053405762
1995-10-03,,210.46421813964844,2088.39990234375,1800.699951171875,,,,,,,3049.0,,6.114999771118164
1995-10-04,,210.5186767578125,2059.89990234375,1803.9000244140625,,,,,,,3036.5,,6.085000038146973
1995-10-05,,209.9559783935547,2059.300048828125,1800.300048828125,,,,,,,3036.60009765625,,6.068999767303467
1995-10-06,,209.74270629882812,2054.10009765625,1809.5999755859375,,,,,,,3054.0,,6.059999942779541
1995-10-09,,208.041015625,2047.199951171875,1785.699951171875,,,,,,,3064.0,,
1995-10-10,,206.29849243164062,2018.199951171875,1778.0,,,,,,,3050.0,,6.064000129699707
1995-10-11,,207.82321166992188,2024.199951171875,1794.4000244140625,,,,,,,3073.0,,6.076000213623047
1995-10-12,,208.50387573242188,2033.699951171875,1803.800048828125,,,,,,,3083.699951171875,,6.046999931335449
1995-10-13,,209.37513732910156,2055.5,1817.0,,,,,,,3109.199951171875,,5.939000129699707
1995-10-16,,208.3541259765625,2067.0,1790.5,,,,,,,3116.300048828125,,5.954999923706055
1995-10-17,,207.18338012695312,2064.89990234375,1779.699951171875,,,,,,,3112.300048828125,,5.942999839782715
1995-10-18,,207.7279052734375,2067.10009765625,1770.699951171875,,,,,,,3135.39990234375,,5.9670000076293945
1995-10-19,,207.1425323486328,2068.39990234375,1757.300048828125,,,,,,,3124.5,,5.959000110626221
1995-10-20,,206.40286254882812,2062.39990234375,1740.699951171875,,,,,,,3120.39990234375,,6.017000198364258
1995-10-23,,203.82537841796875,2044.9000244140625,1721.0999755859375,,,,,,,3041.699951171875,,6.050000190734863
1995-10-24,,205.36370849609375,2037.699951171875,1724.199951171875,,,,,,,3062.300048828125,,5.995999813079834
1995-10-25,,206.57530212402344,2048.39990234375,1764.0999755859375,,,,,,,3078.89990234375,,5.991000175476074
1995-10-26,,203.471435546875,2043.300048828125,1754.0999755859375,,,,,,,3080.0,,6.050000190734863
1995-10-27,,201.71075439453125,2024.4000244140625,1742.4000244140625,,,,,,,3026.60009765625,,6.02400016784668
1995-10-30,,203.2626953125,2024.0,1795.300048828125,,,,,,,3057.89990234375,,6.02400016784668
1995-10-31,,205.81748962402344,2029.699951171875,1814.0,,,,,,,3108.199951171875,,6.002999782562256
1995-11-01,,206.9700927734375,2010.5999755859375,,,,,,,,3128.5,,5.961999893188477
1995-11-02,,206.02622985839844,2013.4000244140625,1828.699951171875,,,,,,,3123.39990234375,,5.9029998779296875
1995-11-03,,206.76589965820312,2046.5,1832.0999755859375,,,,,,,3137.60009765625,,5.914999961853027
1995-11-06,,205.70858764648438,2062.199951171875,1822.5999755859375,,,,,,,3123.199951171875,,5.940000057220459
1995-11-07,,205.18673706054688,2065.39990234375,1857.4000244140625,,,,,,,3133.800048828125,,5.9730000495910645
1995-11-08,,204.79647827148438,2065.39990234375,1866.300048828125,,,,,,,3132.60009765625,,5.9029998779296875
1995-11-09,,205.43630981445312,2085.5,1852.5999755859375,,,,,,,3150.10009765625,,5.952000141143799
1995-11-10,,206.35748291015625,2078.699951171875,1839.800048828125,,,,,,,3130.39990234375,,5.985000133514404
1995-11-13,,207.56454467773438,2074.199951171875,1838.199951171875,,,,,,,3121.39990234375,,5.955999851226807
1995-11-14,,208.2043914794922,2077.5,1838.199951171875,,,,,,,3133.0,,5.952000141143799
1995-11-15,,208.2906036376953,2062.89990234375,1875.199951171875,,,,,,,3124.800048828125,,5.980999946594238
1995-11-16,,208.84422302246094,2059.5,1905.0999755859375,,,,,,,3148.39990234375,,5.914000034332275
1995-11-17,,208.9259033203125,2072.0,1890.5,,,,,,,3152.5,,5.896999835968018
1995-11-20,,210.33262634277344,2078.300048828125,1881.4000244140625,,,,,,,3182.199951171875,,5.914000034332275
1995-11-21,,209.3297576904297,2092.89990234375,1872.9000244140625,,,,,,,3183.89990234375,,5.934000015258789
1995-11-22,,209.72454833984375,2101.300048828125,1875.5,,,,,,,3201.0,,5.925000190734863
1995-11-23,,210.55044555664062,2105.10009765625,1867.0999755859375,,,,,,,3209.199951171875,,
1995-11-24,,212.084228515625,2106.0,1891.0,,,,,,,3220.10009765625,,5.895999908447266
1995-11-27,,215.8279266357422,2112.800048828125,1889.800048828125,,,,,,,3251.0,,5.869999885559082
1995-11-28,,215.0247344970703,2110.10009765625,1870.300048828125,,,,,,,3229.5,,5.875
1995-11-29,,216.55397033691406,2115.0,1857.300048828125,,,,,,,3245.89990234375,,5.836999893188477
1995-11-30,,216.9578399658203,2113.199951171875,1828.300048828125,,,,,,,3251.60009765625,,5.744999885559082
1995-12-01,,216.80355834960938,2119.10009765625,1820.9000244140625,,,,,,,3261.199951171875,,5.703999996185303
1995-12-04,,216.8534698486328,2160.800048828125,1774.9000244140625,,,,,,,3278.39990234375,,5.618000030517578
1995-12-05,,218.65953063964844,2160.89990234375,1814.9000244140625,,,,,,,3278.5,,5.650000095367432
1995-12-06,,218.71397399902344,2155.39990234375,1834.800048828125,,,,,,,3281.5,,5.666999816894531
1995-12-07,,216.46775817871094,2155.5,1846.800048828125,,,,,,,3245.699951171875,,5.711999893188477
1995-12-08,,217.0803680419922,2142.699951171875,1856.300048828125,,,,,,,3246.60009765625,,5.728000164031982
1995-12-11,,217.48423767089844,2161.5,1849.5999755859375,,,,,,,3261.60009765625,,5.695000171661377
1995-12-12,,217.37986755371094,2171.199951171875,1848.9000244140625,,,,,,,3280.89990234375,,5.711999893188477
1995-12-13,,216.92153930664062,2182.10009765625,1833.800048828125,,,,,,,3273.39990234375,,5.73199987411499
1995-12-14,,217.22557067871094,2179.699951171875,1875.0,,,,,,,3272.199951171875,,5.736000061035156
1995-12-15,,216.49497985839844,2176.5,1859.300048828125,,,,,,,3289.800048828125,,5.739999771118164
1995-12-18,,215.20623779296875,2162.60009765625,1820.5,,,,,,,3251.60009765625,,5.841000080108643
1995-12-19,,214.41665649414062,2137.300048828125,1810.199951171875,,,,,,,3217.699951171875,,5.73199987411499
1995-12-20,,218.09230041503906,2154.5,1831.199951171875,,,,,,,3254.300048828125,,5.739999771118164
1995-12-21,,217.97885131835938,2157.199951171875,1834.4000244140625,,,,,,,3255.0,,5.749000072479248
1995-12-22,,218.50523376464844,2160.199951171875,1873.4000244140625,,,,,,,3277.89990234375,,5.690000057220459
1995-12-26,,,,1866.699951171875,,,,,,,,,5.677999973297119
1995-12-27,,220.09347534179688,2154.5,1877.0,,,,,,,3317.10009765625,,5.644999980926514
1995-12-28,,220.24322509765625,2153.199951171875,1879.0999755859375,,,,,,,3297.699951171875,,5.619999885559082
1995-12-29,,,2154.89990234375,1872.0,,,,,,,,,5.574999809265137
1996-01-02,,224.73114013671875,2178.60009765625,1908.4000244140625,,,,,,,,,5.586999893188477
1996-01-03,,226.6234130859375,2210.10009765625,1943.0,,,,,,,3384.5,,5.565999984741211
1996-01-04,,227.3903045654297,2208.60009765625,1931.199951171875,,,,,,,3395.800048828125,,5.61899995803833
1996-01-05,,225.7884521484375,2209.800048828125,1917.699951171875,,,,,,,3376.10009765625,,5.677000045776367
1996-01-08,,228.529296875,2221.60009765625,1916.5999755859375,,,,,,,3368.10009765625,,5.672999858856201
1996-01-09,,227.2949981689453,2209.300048828125,1916.300048828125,,,,,,,3361.5,,5.672999858856201
1996-01-10,,226.53265380859375,2184.39990234375,1910.0999755859375,,,,,,,3314.800048828125,,5.738999843597412
1996-01-11,,226.3375244140625,2194.10009765625,1897.9000244140625,,,,,,,3284.10009765625,,5.75600004196167
1996-01-12,,228.166259765625,2183.5,1907.5999755859375,,,,,,,3292.89990234375,,5.751999855041504
1996-01-15,,227.6943359375,2177.39990234375,1924.4000244140625,,,,,,,3233.89990234375,,
1996-01-16,,228.96038818359375,2189.0,1952.0999755859375,,,,,,,3254.800048828125,,5.656000137329102
1996-01-17,,229.16004943847656,2193.800048828125,1966.0,,,,,,,3219.300048828125,,5.557000160217285
1996-01-18,,229.12828063964844,2193.10009765625,1960.0999755859375,,,,,,,3257.800048828125,,5.515999794006348
1996-01-19,,230.7845916748047,2189.199951171875,1964.300048828125,,,,,,,3253.10009765625,,5.514999866485596
1996-01-22,,230.71652221679688,2202.10009765625,1954.4000244140625,,,,,,,3249.89990234375,,5.589000225067139
1996-01-23,,229.0692901611328,2185.800048828125,1934.0999755859375,,,,,,,3219.0,,5.635000228881836
1996-01-24,,230.83450317382812,2174.300048828125,1946.0,,,,,,,3221.300048828125,,5.5929999351501465
1996-01-25,,230.52593994140625,2193.199951171875,1950.199951171875,,,,,,,3211.199951171875,,5.679999828338623
1996-01-26,,229.82257080078125,,1966.699951171875,,,,,,,3191.39990234375,,5.625999927520752
1996-01-29,,229.43685913085938,2217.800048828125,1980.699951171875,,,,,,,3198.199951171875,,5.671999931335449
1996-01-30,,228.13450622558594,2205.39990234375,2003.0999755859375,,,,,,,3236.800048828125,,5.613999843597412
1996-01-31,,228.4249267578125,2227.800048828125,2021.0,,,,,,,3248.699951171875,,5.580999851226807
1996-02-01,,228.58828735351562,2224.39990234375,2024.0999755859375,,,,,,,3279.89990234375,,5.60099983215332
1996-02-02,,228.9739990234375,2231.39990234375,2022.199951171875,,,,,,,3270.0,,5.642000198364258
1996-02-05,,226.15147399902344,2210.5,1985.5999755859375,,,,,,,3221.699951171875,,5.679999828338623
1996-02-06,,228.1299591064453,2208.800048828125,1988.5,,,,,,,3253.800048828125,,5.65500020980835
1996-02-07,,229.07383728027344,2212.199951171875,1983.300048828125,,,,,,,3262.699951171875,,5.658999919891357
1996-02-08,,227.67164611816406,2215.699951171875,1956.199951171875,,,,,,,3245.60009765625,,5.6579999923706055
1996-02-09,,227.79415893554688,2210.5,1960.699951171875,,,,,,,3242.699951171875,,5.650000095367432
1996-02-12,,228.50205993652344,2202.0,1967.699951171875,,,,,,,3253.10009765625,,5.5960001945495605
1996-02-13,,231.42442321777344,2229.800048828125,1983.300048828125,,,,,,,3260.10009765625,,5.566999912261963
1996-02-14,,231.76022338867188,2240.39990234375,1956.4000244140625,,,,,,,3266.10009765625,,5.61299991607666
1996-02-15,,231.95535278320312,2238.199951171875,1964.199951171875,,,,,,,3272.199951171875,,5.690999984741211
1996-02-16,,230.7755126953125,2236.89990234375,1952.5,,,,,,,3280.300048828125,,5.75
1996-02-19,,228.13450622558594,2204.699951171875,1939.699951171875,,,,,,,3270.60009765625,,
1996-02-20,,226.74139404296875,2182.89990234375,1932.4000244140625,,,,,,,3243.5,,5.991000175476074
1996-02-21,,228.67904663085938,2178.89990234375,1936.9000244140625,,,,,,,3253.0,,5.973999977111816
1996-02-22,,230.2945098876953,2195.39990234375,1953.300048828125,,,,,,,3264.39990234375,,5.909999847412109
1996-02-23,,231.70123291015625,2203.300048828125,1976.9000244140625,,,,,,,3296.199951171875,,5.965000152587891
1996-02-26,,230.1855926513672,2206.10009765625,1960.9000244140625,,,,,,,3298.60009765625,,5.994999885559082
1996-02-27,,230.3398895263672,2199.60009765625,1974.5,,,,,,,3309.89990234375,,6.046999931335449
1996-02-28,,232.69955444335938,2206.5,1996.9000244140625,,,,,,,3360.5,,6.10699987411499
1996-02-29,,232.89013671875,2228.199951171875,1990.800048828125,,,,,,,3354.800048828125,,6.111999988555908
1996-03-01,,234.4193878173828,2249.800048828125,2017.199951171875,,,,,,,3385.5,,5.978000164031982
1996-03-04,,235.5356903076172,2258.39990234375,2015.300048828125,,,,,,,3400.60009765625,,5.906000137329102
1996-03-05,,235.5946807861328,2244.0,2001.9000244140625,,,,,,,3383.39990234375,,5.953000068664551
1996-03-06,,235.16358947753906,2237.0,2005.9000244140625,,,,,,,3408.300048828125,,6.039000034332275
1996-03-07,,235.6672821044922,2203.800048828125,2008.0,,,,,,,3581.89990234375,,6.059999942779541
1996-03-08,,233.3756866455078,2201.10009765625,1975.5,,,,,,,3549.699951171875,,6.4120001792907715
1996-03-11,,230.38072204589844,2122.199951171875,1948.9000244140625,,,,,,,3506.199951171875,,6.304999828338623
1996-03-12,,231.506103515625,2163.0,1932.0999755859375,,,,,,,3540.5,,6.341000080108643
1996-03-13,,233.39837646484375,2143.5,1944.300048828125,,,,,,,3558.300048828125,,6.335999965667725
1996-03-14,,236.21636962890625,2145.5,1962.4000244140625,,,,,,,3578.39990234375,,6.349999904632568
1996-03-15,,236.0484619140625,2170.5,1950.0999755859375,,,,,,,3561.10009765625,,6.453000068664551
1996-03-18,,238.1540069580078,2171.300048828125,1965.0,,,,,,,3583.60009765625,,6.421999931335449
1996-03-19,,239.56527709960938,2192.10009765625,1967.199951171875,,,,,,,3605.10009765625,,6.394999980926514
1996-03-20,,239.46998596191406,2184.89990234375,1969.800048828125,,,,,,,3611.10009765625,,6.328000068664551
1996-03-21,,239.23855590820312,2198.300048828125,1976.9000244140625,,,,,,,3629.300048828125,,6.270999908447266
1996-03-22,,239.68780517578125,2179.199951171875,1974.4000244140625,,,,,,,3647.699951171875,,6.310999870300293
1996-03-25,,239.36106872558594,2189.89990234375,2003.800048828125,,,,,,,3677.0,,6.2270002365112305
1996-03-26,,238.49888610839844,2197.5,2008.0,,,,,,,3658.10009765625,,6.23199987411499
1996-03-27,,240.10073852539062,2196.300048828125,2030.5,,,,,,,3671.0,,6.311999797821045
1996-03-28,,239.08880615234375,2172.199951171875,2020.0,,,,,,,3640.300048828125,,6.40500020980835
1996-03-29,,241.2533416748047,2164.0,2044.800048828125,,,,,,,3646.5,,6.334000110626221
1996-04-01,,243.80813598632812,2166.800048828125,2055.60009765625,,,,,,,3654.300048828125,,6.308000087738037
1996-04-02,,243.9034423828125,2173.699951171875,2070.39990234375,,,,,,,3648.300048828125,,6.236999988555908
1996-04-03,,242.4785614013672,2169.300048828125,2064.0,,,,,,,3606.699951171875,,6.255000114440918
1996-04-04,,243.64932250976562,2156.89990234375,2075.0,,,,,,,3611.10009765625,,6.326000213623047
1996-04-08,,,,,,,,,,,,,6.611000061035156
1996-04-09,,243.71737670898438,2155.0,2081.699951171875,,,,,,,3594.39990234375,,6.551000118255615
1996-04-10,,247.20697021484375,2160.10009765625,2093.89990234375,,,,,,,3601.5,,6.614999771118164
1996-04-11,,246.52175903320312,2168.60009765625,2072.5,,,,,,,3566.89990234375,,6.671000003814697
1996-04-12,,245.9046173095703,2181.300048828125,2074.699951171875,,,,,,,3575.5,,6.498000144958496
1996-04-15,,249.12646484375,2198.300048828125,2080.60009765625,,,,,,,3589.60009765625,,6.461999893188477
1996-04-16,,248.7770538330078,2193.89990234375,2097.300048828125,,,,,,,3607.5,,6.458000183105469
1996-04-17,,247.6199188232422,2201.89990234375,2075.10009765625,,,,,,,3603.89990234375,,6.506999969482422
1996-04-18,,246.65789794921875,2191.0,2086.0,,,,,,,3601.199951171875,,6.558000087738037
1996-04-19,,248.0646209716797,2200.699951171875,2092.5,,,,,,,3628.10009765625,,6.513000011444092
1996-04-22,,250.63755798339844,2201.699951171875,2116.5,,,,,,,3673.199951171875,,6.4679999351501465
1996-04-23,,250.60125732421875,2233.60009765625,2112.0,,,,,,,3647.300048828125,,6.494999885559082
1996-04-24,,251.34092712402344,2249.10009765625,2122.10009765625,,,,,,,3668.39990234375,,6.553999900817871
1996-04-25,,250.18377685546875,,2116.39990234375,,,,,,,3668.10009765625,,6.540999889373779
1996-04-26,,251.05503845214844,2258.800048828125,2138.39990234375,,,,,,,3696.0,,6.519000053405762
1996-04-29,,251.6676483154297,2251.800048828125,2130.800048828125,,,,,,,3658.199951171875,,6.568999767303467
1996-04-30,,,2248.699951171875,2146.800048828125,,,,,,,3651.0,,6.632999897003174
1996-05-01,,252.17588806152344,2247.199951171875,,,,,,,,,,6.665999889373779
1996-05-02,,253.3375701904297,2256.0,2136.800048828125,,,,,,,3635.800048828125,,6.833000183105469
1996-05-03,,251.47251892089844,2231.10009765625,2115.39990234375,,,,,,,3611.199951171875,,6.875999927520752
1996-05-06,,254.03639221191406,2230.0,2090.39990234375,,,,,,,3591.60009765625,,6.839000225067139
1996-05-07,,253.93202209472656,2240.89990234375,2083.699951171875,,,,,,,3583.60009765625,,6.8480000495910645
1996-05-08,,250.28814697265625,2230.10009765625,,,,,,,,3534.10009765625,,6.796999931335449
1996-05-09,,252.1441192626953,2211.89990234375,2085.39990234375,,,,,,,3521.60009765625,,6.830999851226807
1996-05-10,,251.80831909179688,2189.0,2114.800048828125,,,,,,,3556.89990234375,,6.739999771118164
1996-05-13,,252.1531982421875,2190.699951171875,2100.89990234375,,,,,,,3557.800048828125,,6.705999851226807
1996-05-14,,253.16966247558594,2196.39990234375,2122.10009765625,,,,,,,3582.39990234375,,6.645999908447266
1996-05-15,,253.6325225830078,2194.10009765625,2124.60009765625,,,,,,,3572.5,,6.632999897003174
1996-05-16,,,2179.699951171875,,,,,,,,,,6.692999839782715
1996-05-17,,251.4861297607422,2187.0,2136.89990234375,,,,,,,3593.0,,6.644999980926514
1996-05-20,,253.2921905517578,2186.39990234375,2120.60009765625,,,,,,,3584.0,,6.611000061035156
1996-05-21,,254.95303344726562,2179.39990234375,2129.699951171875,,,,,,,3587.300048828125,,6.636000156402588
1996-05-22,,254.7125244140625,2181.800048828125,2103.5,,,,,,,3550.0,,6.61899995803833
1996-05-23,,255.8424530029297,2194.800048828125,2114.5,,,,,,,3547.39990234375,,6.675000190734863
1996-05-24,,256.0602722167969,2191.60009765625,2117.699951171875,,,,,,,3572.199951171875,,6.639999866485596
1996-05-27,,,2198.5,,,,,,,,,,
1996-05-28,,257.793701171875,2198.300048828125,2132.89990234375,,,,,,,3583.800048828125,,6.6570000648498535
1996-05-29,,257.16748046875,2199.699951171875,2117.10009765625,,,,,,,3558.199951171875,,6.764999866485596
1996-05-30,,256.4006042480469,2187.800048828125,2108.39990234375,,,,,,,3537.699951171875,,6.756999969482422
1996-05-31,,258.6967468261719,2198.0,2110.10009765625,,,,,,,3556.10009765625,,6.843999862670898
1996-06-03,,258.2928771972656,2161.39990234375,2121.10009765625,,,,,,,3544.60009765625,,6.861000061035156
1996-06-04,,258.025146484375,2167.10009765625,2111.0,,,,,,,3568.10009765625,,6.8429999351501465
1996-06-05,,258.968994140625,2160.89990234375,2115.39990234375,,,,,,,3572.0,,6.816999912261963
1996-06-06,,259.4545593261719,2146.89990234375,2133.199951171875,,,,,,,3585.5,,6.747000217437744
1996-06-07,,256.618408203125,2153.199951171875,2102.0,,,,,,,3547.89990234375,,6.918000221252441
1996-06-10,,258.79656982421875,,2120.800048828125,,,,,,,3575.800048828125,,6.958000183105469
1996-06-11,,258.74212646484375,2155.0,2137.5,,,,,,,3575.60009765625,,6.980000019073486
1996-06-12,,258.4653015136719,2145.300048828125,2137.300048828125,,,,,,,3600.89990234375,,7.014999866485596
1996-06-13,,254.83050537109375,2134.0,2126.199951171875,,,,,,,3607.39990234375,,7.001999855041504
1996-06-14,,253.34664916992188,2149.60009765625,2111.800048828125,,,,,,,3593.89990234375,,6.935999870300293
1996-06-17,,254.60362243652344,2140.300048828125,2113.0,,,,,,,3600.10009765625,,6.88700008392334
1996-06-18,,255.91050720214844,2160.800048828125,2107.89990234375,,,,,,,3628.300048828125,,6.913000106811523
1996-06-19,,253.25588989257812,2165.300048828125,2100.699951171875,,,,,,,3643.60009765625,,6.953000068664551
1996-06-20,,251.7992401123047,2180.699951171875,2077.10009765625,,,,,,,3655.39990234375,,6.961999893188477
1996-06-21,,251.44529724121094,2186.60009765625,2084.199951171875,,,,,,,3687.300048828125,,6.943999767303467
1996-06-24,,251.61773681640625,2189.5,2097.60009765625,,,,,,,3701.5,,6.927000045776367
1996-06-25,,252.54345703125,2184.300048828125,2118.39990234375,,,,,,,3699.60009765625,,6.895999908447266
1996-06-26,,253.8866424560547,2183.800048828125,2113.300048828125,,,,,,,3723.5,,6.895999908447266
1996-06-27,,252.52076721191406,2172.60009765625,2112.89990234375,,,,,,,3703.0,,6.815999984741211
1996-06-28,,254.267822265625,2171.800048828125,2123.699951171875,,,,,,,3732.89990234375,,6.710999965667725
1996-07-01,,254.13168334960938,2175.699951171875,2118.800048828125,,,,,,,3728.199951171875,,6.723999977111816
1996-07-02,,253.86849975585938,2187.10009765625,2111.800048828125,,,,,,,3750.800048828125,,6.785999774932861
1996-07-03,,254.2587432861328,2165.0,2114.0,,,,,,,3757.0,,6.755000114440918
1996-07-04,,255.46127319335938,2155.199951171875,2126.800048828125,,,,,,,3771.300048828125,,
1996-07-05,,253.6325225830078,2160.5,2098.800048828125,,,,,,,3731.199951171875,,7.046999931335449
1996-07-08,,251.59957885742188,2123.0,2079.10009765625,,,,,,,3732.800048828125,,7.046999931335449
1996-07-09,,252.6478271484375,2127.800048828125,2076.60009765625,,,,,,,3773.39990234375,,7.001999855041504
1996-07-10,,251.63134765625,2133.0,2081.89990234375,,,,,,,3778.0,,6.929999828338623
1996-07-11,,249.2989044189453,2115.89990234375,2073.39990234375,,,,,,,3810.0,,6.886000156402588
1996-07-12,,248.2234344482422,2091.5,2050.60009765625,,,,,,,3785.800048828125,,6.834000110626221
1996-07-15,,244.6975555419922,2078.800048828125,2029.5,,,,,,,3755.39990234375,,6.873000144958496
1996-07-16,,239.7195587158203,2035.9000244140625,1989.5,,,,,,,3678.10009765625,,6.808000087738037
1996-07-17,,239.19317626953125,2030.4000244140625,1995.0999755859375,,,,,,,3656.199951171875,,6.821000099182129
1996-07-18,,240.23233032226562,2052.89990234375,2007.300048828125,,,,,,,3649.199951171875,,6.709000110626221
1996-07-19,,242.34242248535156,2089.60009765625,1992.800048828125,,,,,,,3661.5,,6.7729997634887695
1996-07-22,,238.5170440673828,2085.10009765625,1960.300048828125,,,,,,,3566.10009765625,,6.824999809265137
1996-07-23,,238.42173767089844,2068.699951171875,1982.199951171875,,,,,,,3585.199951171875,,6.795000076293945
1996-07-24,,232.69955444335938,2045.300048828125,1954.0999755859375,,,,,,,3482.60009765625,,6.863999843597412
1996-07-25,,237.6049346923828,2046.800048828125,1974.699951171875,,,,,,,3537.39990234375,,6.85099983215332
1996-07-26,,236.51132202148438,2076.800048828125,1962.9000244140625,,,,,,,3537.800048828125,,6.836999893188477
1996-07-29,,238.65316772460938,2069.5,1961.0999755859375,,,,,,,3549.5,,6.915999889373779
1996-07-30,,238.91636657714844,2064.89990234375,1968.5,,,,,,,3518.199951171875,,6.872000217437744
1996-07-31,,243.1047821044922,2114.10009765625,1995.9000244140625,,,,,,,3494.39990234375,,6.789999961853027
1996-08-01,,245.07418823242188,2121.39990234375,2009.9000244140625,,,,,,,,,6.625999927520752
1996-08-02,,249.78445434570312,2137.5,2023.4000244140625,,,,,,,3604.60009765625,,6.49399995803833
1996-08-05,,249.63470458984375,2160.300048828125,2013.199951171875,,,,,,,3623.300048828125,,6.511000156402588
1996-08-06,,248.577392578125,2148.800048828125,1999.300048828125,,,,,,,3629.0,,6.5320000648498535
1996-08-07,,251.14126586914062,2148.800048828125,1996.699951171875,,,,,,,3662.60009765625,,6.539999961853027
1996-08-08,,249.67100524902344,2153.60009765625,1997.4000244140625,,,,,,,3653.39990234375,,6.557000160217285
1996-08-09,,249.3442840576172,2147.5,1985.4000244140625,,,,,,,3643.199951171875,,6.488999843597412
1996-08-12,,248.994873046875,2146.5,1978.199951171875,,,,,,,3623.10009765625,,6.47599983215332
1996-08-13,,249.25352478027344,2157.5,1980.5999755859375,,,,,,,3630.199951171875,,6.565000057220459
1996-08-14,,249.33067321777344,2149.800048828125,1979.5,,,,,,,3650.699951171875,,6.565000057220459
1996-08-15,,251.75840759277344,2154.699951171875,,,,,,,,3646.300048828125,,6.607999801635742
1996-08-16,,252.9473114013672,2161.199951171875,,,,,,,,3670.5,,6.543000221252441
1996-08-19,,254.5037841796875,2190.0,1986.199951171875,,,,,,,3664.39990234375,,6.572999954223633
1996-08-20,,256.7137145996094,2191.10009765625,2019.300048828125,,,,,,,3698.199951171875,,6.572999954223633
1996-08-21,,253.88211059570312,2211.699951171875,2000.5999755859375,,,,,,,3683.800048828125,,6.603000164031982
1996-08-22,,256.3642883300781,2200.10009765625,2017.800048828125,,,,,,,3713.0,,6.611000061035156
1996-08-23,,254.4493408203125,2220.5,2020.800048828125,,,,,,,3725.39990234375,,6.701000213623047
1996-08-26,,252.38916015625,2210.199951171875,2020.4000244140625,,,,,,,3714.60009765625,,6.791999816894531
1996-08-27,,254.3041229248047,2190.199951171875,2018.0,,,,,,,3722.39990234375,,6.765999794006348
1996-08-28,,255.65185546875,2212.300048828125,2002.9000244140625,,,,,,,3692.60009765625,,6.7829999923706055
1996-08-29,,253.6416015625,2207.5,1977.5999755859375,,,,,,,3682.60009765625,,6.848999977111816
1996-08-30,,250.0294952392578,2196.10009765625,1970.5999755859375,,,,,,,3646.300048828125,,6.935999870300293
1996-09-02,,251.840087890625,2185.60009765625,1977.0,,,,,,,3654.699951171875,,
1996-09-03,,250.02496337890625,2173.5,1971.4000244140625,,,,,,,3623.89990234375,,6.892000198364258
1996-09-04,,251.46798706054688,2188.699951171875,1984.800048828125,,,,,,,3634.199951171875,,6.927000045776367
1996-09-05,,250.9779052734375,2185.89990234375,1996.199951171875,,,,,,,3627.10009765625,,6.9629998207092285
1996-09-06,,251.1185760498047,2166.60009765625,2004.800048828125,,,,,,,3637.800048828125,,6.922999858856201
1996-09-09,,254.86227416992188,2179.0,2020.300048828125,,,,,,,3684.39990234375,,6.882999897003174
1996-09-10,,255.14361572265625,2184.0,2042.0999755859375,,,,,,,3694.199951171875,,6.918000221252441
1996-09-11,,255.05740356445312,2174.0,2038.0999755859375,,,,,,,3678.89990234375,,6.922999858856201
1996-09-12,,256.34161376953125,2164.699951171875,2065.39990234375,,,,,,,3687.199951171875,,6.861000061035156
1996-09-13,,256.86346435546875,2181.0,2080.39990234375,,,,,,,3716.800048828125,,6.7210001945495605
1996-09-16,,257.8254699707031,2195.5,2086.199951171875,,,,,,,3722.699951171875,,6.708000183105469
1996-09-17,,256.05572509765625,2182.10009765625,2080.89990234375,,,,,,,3690.0,,6.790999889373779
1996-09-18,,255.55203247070312,2162.800048828125,2072.699951171875,,,,,,,3690.10009765625,,6.813000202178955
1996-09-19,,255.84698486328125,2177.0,2082.300048828125,,,,,,,3694.89990234375,,6.8429999351501465
1996-09-20,,256.7046203613281,2170.699951171875,2079.5,,,,,,,3694.89990234375,,6.826000213623047
1996-09-23,,256.7046203613281,2148.60009765625,2067.10009765625,,,,,,,3635.5,,6.808000087738037
1996-09-24,,255.91958618164062,2158.5,2081.5,,,,,,,3661.199951171875,,6.742000102996826
1996-09-25,,258.9327087402344,2184.60009765625,2103.39990234375,,,,,,,3697.699951171875,,6.685999870300293
1996-09-26,,259.277587890625,2204.60009765625,2104.10009765625,,,,,,,3699.5,,6.638000011444092
1996-09-27,,259.52716064453125,2213.699951171875,2107.10009765625,,,,,,,3696.60009765625,,6.668000221252441
1996-09-30,,261.814208984375,2218.60009765625,2132.800048828125,,,,,,,3736.39990234375,,6.698999881744385
1996-10-01,,261.80059814453125,2214.89990234375,2123.199951171875,,,,,,,3737.5,,6.629000186920166
1996-10-02,,264.0604553222656,2244.199951171875,2141.800048828125,,,,,,,3760.199951171875,,6.590000152587891
1996-10-03,,263.91522216796875,2243.699951171875,2136.10009765625,,,,,,,3771.60009765625,,6.590000152587891
1996-10-04,,265.4308776855469,2246.0,2152.699951171875,,,,,,,3802.0,,6.460999965667725
1996-10-07,,266.5789489746094,2272.5,2151.60009765625,,,,,,,3813.699951171875,,6.513000011444092
1996-10-08,,267.3458251953125,2263.89990234375,2161.5,,,,,,,3818.10009765625,,6.520999908447266
1996-10-09,,266.7513732910156,2241.199951171875,2146.699951171875,,,,,,,3807.89990234375,,6.543000221252441
1996-10-10,,265.1767578125,2254.10009765625,2135.60009765625,,,,,,,3797.300048828125,,6.598999977111816
1996-10-11,,266.4609375,2266.10009765625,2147.10009765625,,,,,,,3805.199951171875,,6.546999931335449
1996-10-14,,267.2369079589844,2294.199951171875,2143.60009765625,,,,,,,3813.699951171875,,
1996-10-15,,268.84332275390625,2298.300048828125,2168.300048828125,,,,,,,3822.199951171875,,6.546999931335449
1996-10-16,,267.9493713378906,2296.89990234375,2158.5,,,,,,,3790.199951171875,,6.565000057220459
1996-10-17,,267.6135559082031,2286.0,2165.300048828125,,,,,,,3793.199951171875,,6.5
1996-10-18,,269.6964111328125,2285.89990234375,2185.199951171875,,,,,,,3803.300048828125,,6.482999801635742
1996-10-21,,268.834228515625,2295.10009765625,2180.199951171875,,,,,,,3788.199951171875,,6.504000186920166
1996-10-22,,269.1427917480469,2286.10009765625,2175.60009765625,,,,,,,3775.300048828125,,6.551000118255615
1996-10-23,,264.813720703125,2280.199951171875,2148.89990234375,,,,,,,3742.89990234375,,6.546999931335449
1996-10-24,,265.5352478027344,2312.800048828125,2151.60009765625,,,,,,,3753.60009765625,,6.564000129699707
1996-10-25,,267.813232421875,2271.10009765625,2162.39990234375,,,,,,,3758.699951171875,,6.53000020980835
1996-10-28,,268.2533874511719,2270.199951171875,2150.39990234375,,,,,,,3763.5,,6.543000221252441
1996-10-29,,263.98785400390625,2260.0,2125.699951171875,,,,,,,3732.0,,6.388000011444092
1996-10-30,,261.8731994628906,2272.60009765625,2124.800048828125,,,,,,,3723.10009765625,,6.383999824523926
1996-10-31,,261.8414611816406,2286.199951171875,2140.5,,,,,,,3725.300048828125,,6.348999977111816
1996-11-01,,263.7881774902344,2276.10009765625,,,,,,,,3736.10009765625,,6.361999988555908
1996-11-04,,263.792724609375,2293.89990234375,2142.199951171875,,,,,,,3749.199951171875,,6.341000080108643
1996-11-05,,265.9300231933594,2296.800048828125,2187.300048828125,,,,,,,3784.800048828125,,6.2729997634887695
1996-11-06,,267.472900390625,2294.0,2213.39990234375,,,,,,,3815.39990234375,,6.281000137329102
1996-11-07,,267.09625244140625,2278.39990234375,2211.800048828125,,,,,,,3811.5,,6.243000030517578
1996-11-08,,268.9613037109375,2294.199951171875,2205.199951171875,,,,,,,3812.0,,6.255000114440918
1996-11-11,,270.9533996582031,2289.300048828125,,,,,,,,3827.60009765625,,
1996-11-12,,271.1757507324219,2273.60009765625,2229.10009765625,,,,,,,3829.800048828125,,6.171000003814697
1996-11-13,,273.1860046386719,2276.89990234375,2217.199951171875,,,,,,,3825.699951171875,,6.188000202178955
1996-11-14,,274.4974365234375,2291.39990234375,2218.199951171875,,,,,,,3856.39990234375,,6.142000198364258
1996-11-15,,276.2989501953125,2315.800048828125,2240.300048828125,,,,,,,3897.89990234375,,6.166999816894531
1996-11-18,,276.8253479003906,2312.199951171875,2228.800048828125,,,,,,,3888.300048828125,,6.183000087738037
1996-11-19,,276.5621337890625,2295.199951171875,2240.10009765625,,,,,,,3892.60009765625,,6.1539998054504395
1996-11-20,,275.2597961425781,2323.199951171875,2233.39990234375,,,,,,,3883.300048828125,,6.116000175476074
1996-11-21,,276.008544921875,2324.199951171875,2233.60009765625,,,,,,,3861.5,,6.119999885559082
1996-11-22,,279.28936767578125,2316.800048828125,2255.5,,,,,,,3882.800048828125,,6.127999782562256
1996-11-25,,282.8288879394531,2327.89990234375,2277.10009765625,,,,,,,3891.699951171875,,6.114999771118164
1996-11-26,,284.5668640136719,2318.699951171875,2275.10009765625,,,,,,,3878.199951171875,,6.114999771118164
1996-11-27,,280.61895751953125,2313.89990234375,2270.800048828125,,,,,,,3845.300048828125,,6.11899995803833
1996-11-28,,283.2644958496094,2323.39990234375,2290.300048828125,,,,,,,3884.10009765625,,
1996-11-29,,286.36383056640625,2325.89990234375,2315.699951171875,,,,,,,3902.5,,6.039999961853027
1996-12-02,,284.6304016113281,2322.800048828125,2318.60009765625,,,,,,,3874.0,,6.052000045776367
1996-12-03,,288.7734375,2318.300048828125,2349.10009765625,,,,,,,3924.5,,6.044000148773193
1996-12-04,,286.2503967285156,2309.699951171875,2308.699951171875,,,,,,,3910.60009765625,,6.0980000495910645
1996-12-05,,285.1749267578125,2322.60009765625,2292.5,,,,,,,3913.800048828125,,6.206999778747559
1996-12-06,,279.6478576660156,2255.39990234375,2240.699951171875,,,,,,,3835.5,,6.241000175476074
1996-12-09,,283.1147766113281,2282.5,2255.800048828125,,,,,,,3874.0,,6.193999767303467
1996-12-10,,282.4023132324219,2306.89990234375,2251.39990234375,,,,,,,3885.39990234375,,6.203000068664551
1996-12-11,,277.0613098144531,2303.699951171875,2213.300048828125,,,,,,,3857.60009765625,,6.3470001220703125
1996-12-12,,277.447021484375,2284.10009765625,2212.10009765625,,,,,,,3860.0,,6.376999855041504
1996-12-13,,275.2870178222656,2259.89990234375,2203.39990234375,,,,,,,3839.300048828125,,6.313000202178955
1996-12-16,,279.5843200683594,2281.89990234375,2222.60009765625,,,,,,,3869.199951171875,,6.360000133514404
1996-12-17,,278.14129638671875,2260.0,2193.699951171875,,,,,,,3850.39990234375,,6.394000053405762
1996-12-18,,280.632568359375,2268.199951171875,2218.89990234375,,,,,,,3874.0,,6.438000202178955
1996-12-19,,283.8680419921875,2276.699951171875,2248.699951171875,,,,,,,3880.800048828125,,6.3379998207092285
1996-12-20,,287.1125793457031,2321.39990234375,2278.5,,,,,,,3890.10009765625,,6.334000110626221
1996-12-23,,288.16534423828125,2327.300048828125,2287.39990234375,,,,,,,3875.5,,6.324999809265137
1996-12-24,,287.6752624511719,2326.60009765625,2289.60009765625,,,,,,,3869.800048828125,,6.329999923706055
1996-12-26,,,,2303.800048828125,,,,,,,,,6.334000110626221
1996-12-27,,290.0077209472656,2340.300048828125,2307.0,,,,,,,3922.199951171875,,6.2820000648498535
1996-12-30,,294.1598205566406,2357.800048828125,2318.60009765625,,,,,,,3948.300048828125,,6.285999774932861
1996-12-31,,,2367.800048828125,2315.699951171875,,,,,,,3942.199951171875,,6.4070000648498535
1997-01-02,,287.8840026855469,2355.39990234375,2257.0,,,,,,,,,6.52400016784668
1997-01-03,,293.12066650390625,2344.800048828125,2282.800048828125,,,,,,,3940.10009765625,,6.498000144958496
1997-01-06,,296.2472229003906,2356.199951171875,2306.699951171875,,,,,,,3923.800048828125,,6.519999980926514
1997-01-07,,294.1825256347656,2347.39990234375,2301.699951171875,,,,,,,3922.89990234375,,6.554999828338623
1997-01-08,,296.02032470703125,2362.199951171875,2331.60009765625,,,,,,,3944.89990234375,,6.567999839782715
1997-01-09,,294.9947814941406,2370.60009765625,2349.10009765625,,,,,,,3966.199951171875,,6.506999969482422
1997-01-10,,293.4564514160156,2364.10009765625,2327.5,,,,,,,3947.39990234375,,6.607999801635742
1997-01-13,,296.2109069824219,2367.60009765625,2361.300048828125,,,,,,,3975.5,,6.604000091552734
1997-01-14,,298.5115966796875,2363.800048828125,2402.10009765625,,,,,,,3983.60009765625,,6.511000156402588
1997-01-15,,300.2541198730469,2382.800048828125,2388.0,,,,,,,3979.60009765625,,6.511000156402588
1997-01-16,,303.8299255371094,2382.10009765625,2407.800048828125,,,,,,,4007.10009765625,,6.559999942779541
1997-01-17,,304.0704345703125,2380.699951171875,2425.10009765625,,,,,,,4019.89990234375,,6.5289998054504395
1997-01-20,,305.6813659667969,2388.5,2406.10009765625,,,,,,,4009.5,,
1997-01-21,,305.0869140625,2374.0,2409.89990234375,,,,,,,4023.10009765625,,6.49399995803833
1997-01-22,,309.1528015136719,2377.39990234375,2442.5,,,,,,,4115.39990234375,,6.5289998054504395
1997-01-23,,310.8499450683594,2379.10009765625,2461.300048828125,,,,,,,4161.0,,6.564000129699707
1997-01-24,,307.0653991699219,2369.5,2430.300048828125,,,,,,,4125.5,,6.61299991607666
1997-01-27,,309.69732666015625,,2435.199951171875,,,,,,,4127.2998046875,,6.6570000648498535
1997-01-28,,310.0149841308594,2351.699951171875,2482.800048828125,,,,,,,4182.2998046875,,6.622000217437744
1997-01-29,,305.2275695800781,2361.89990234375,2465.0,,,,,,,4169.7001953125,,6.604000091552734
1997-01-30,,306.3438720703125,2365.10009765625,2503.10009765625,,,,,,,4209.10009765625,,6.581999778747559
1997-01-31,,306.6116027832031,2370.699951171875,2516.60009765625,,,,,,,4272.2001953125,,6.502999782562256
1997-02-03,,306.19866943359375,2375.199951171875,2508.60009765625,,,,,,,4282.7998046875,,6.436999797821045
1997-02-04,,308.6717834472656,2355.89990234375,2503.10009765625,,,,,,,4296.5,,6.427999973297119
1997-02-05,,312.8783264160156,2382.60009765625,2541.300048828125,,,,,,,4305.5,,6.436999797821045
1997-02-06,,311.8482666015625,2380.0,2558.39990234375,,,,,,,4309.7998046875,,6.453999996185303
1997-02-07,,315.038330078125,2390.0,2597.5,,,,,,,4357.89990234375,,6.39300012588501
1997-02-10,,315.3968200683594,2388.800048828125,2595.39990234375,,,,,,,4384.2998046875,,6.3979997634887695
1997-02-11,,317.0667419433594,2391.300048828125,2582.10009765625,,,,,,,4408.39990234375,,6.4019999504089355
1997-02-12,,320.1796875,2417.199951171875,2599.300048828125,,,,,,,4444.10009765625,,6.414999961853027
1997-02-13,,323.31988525390625,2438.300048828125,2628.39990234375,,,,,,,4436.2998046875,,6.309999942779541
1997-02-14,,326.4918212890625,2424.39990234375,2627.39990234375,,,,,,,4464.2001953125,,6.263000011444092
1997-02-17,,332.1640930175781,2435.800048828125,2634.5,,,,,,,4514.60009765625,,
1997-02-18,,333.7205505371094,2444.0,2617.5,,,,,,,4490.7001953125,,6.267000198364258
1997-02-19,,334.9956970214844,2431.10009765625,2594.800048828125,,,,,,,4525.5,,6.283999919891357
1997-02-20,,332.944580078125,2415.199951171875,2575.199951171875,,,,,,,4530.7998046875,,6.340000152587891
1997-02-21,,330.7709655761719,2413.300048828125,2562.800048828125,,,,,,,4522.5,,6.3480000495910645
1997-02-24,,332.8538513183594,2422.39990234375,2567.89990234375,,,,,,,4463.2001953125,,6.377999782562256
1997-02-25,,340.42291259765625,2441.199951171875,2607.699951171875,,,,,,,4503.89990234375,,6.382999897003174
1997-02-26,,340.5681457519531,2422.60009765625,2602.199951171875,,,,,,,4539.0,,6.552000045776367
1997-02-27,,339.0434265136719,2402.800048828125,2629.39990234375,,,,,,,4519.7001953125,,6.560999870300293
1997-02-28,,334.6462707519531,2386.0,2607.800048828125,,,,,,,4487.60009765625,,6.534999847412109
1997-03-03,,334.10174560546875,2357.800048828125,2600.300048828125,,,,,,,4460.10009765625,,6.557000160217285
1997-03-04,,341.87957763671875,2369.10009765625,2651.699951171875,,,,,,,4513.7001953125,,6.583000183105469
1997-03-05,,342.7099914550781,2371.0,2666.199951171875,,,,,,,4547.10009765625,,6.578999996185303
1997-03-06,,346.9936828613281,2385.300048828125,2698.89990234375,,,,,,,4605.2001953125,,6.605000019073486
1997-03-07,,347.1252746582031,2376.199951171875,2708.300048828125,,,,,,,4638.89990234375,,6.552000045776367
1997-03-10,,349.3941955566406,2399.10009765625,2709.199951171875,,,,,,,4684.39990234375,,6.547999858856201
1997-03-11,,351.3182373046875,2404.89990234375,2686.199951171875,,,,,,,4677.10009765625,,6.557000160217285
1997-03-12,,344.6068115234375,2390.0,2641.699951171875,,,,,,,4676.2001953125,,6.583000183105469
1997-03-13,,343.9805908203125,2388.60009765625,2632.10009765625,,,,,,,4609.89990234375,,6.711999893188477
1997-03-14,,347.62445068359375,2360.199951171875,2645.60009765625,,,,,,,4636.2001953125,,6.684999942779541
1997-03-17,,341.87957763671875,2363.60009765625,2588.39990234375,,,,,,,4556.5,,6.698999881744385
1997-03-18,,336.58392333984375,2339.60009765625,2574.0,,,,,,,4519.89990234375,,6.711999893188477
1997-03-19,,333.5481262207031,2321.199951171875,2596.800048828125,,,,,,,4535.10009765625,,6.72599983215332
1997-03-20,,322.3260803222656,2328.800048828125,2553.699951171875,,,,,,,4442.89990234375,,6.72599983215332
1997-03-21,,330.0358581542969,2325.699951171875,2587.10009765625,,,,,,,4491.2998046875,,6.730000019073486
1997-03-24,,324.5541687011719,2342.60009765625,2579.300048828125,,,,,,,4497.2998046875,,6.708000183105469
1997-03-25,,330.2808837890625,2342.60009765625,2624.300048828125,,,,,,,4558.60009765625,,6.748000144958496
1997-03-26,,333.2576904296875,2344.10009765625,2648.699951171875,,,,,,,4620.5,,6.783999919891357
1997-03-27,,336.2481384277344,2360.5,2656.699951171875,,,,,,,4659.2001953125,,6.883999824523926
1997-03-31,,,,,,,,,,,,,6.9070000648498535
1997-04-01,,321.55010986328125,2293.800048828125,2581.800048828125,,,,,,,4501.7001953125,,6.880000114440918
1997-04-02,,321.5274353027344,2295.89990234375,2530.300048828125,,,,,,,4488.7001953125,,6.861999988555908
1997-04-03,,318.6050720214844,2302.89990234375,2514.5,,,,,,,4463.89990234375,,6.853000164031982
1997-04-04,,321.4729919433594,2310.89990234375,2518.0,,,,,,,4471.5,,6.9079999923706055
1997-04-07,,330.1674499511719,2307.60009765625,2572.300048828125,,,,,,,4588.0,,6.857999801635742
1997-04-08,,330.176513671875,2309.300048828125,2579.0,,,,,,,4582.60009765625,,6.889999866485596
1997-04-09,,335.2044372558594,2327.699951171875,2617.60009765625,,,,,,,4634.89990234375,,6.889999866485596
1997-04-10,,332.835693359375,2330.60009765625,2608.0,,,,,,,4626.60009765625,,6.894000053405762
1997-04-11,,328.7108154296875,2317.800048828125,2574.60009765625,,,,,,,4604.2001953125,,6.9629998207092285
1997-04-14,,325.00341796875,2304.5,2566.10009765625,,,,,,,4586.2998046875,,6.964000225067139
1997-04-15,,334.1516418457031,2318.699951171875,2620.60009765625,,,,,,,4643.39990234375,,6.868000030517578
1997-04-16,,331.0704650878906,2343.60009765625,2621.0,,,,,,,4625.60009765625,,6.886000156402588
1997-04-17,,335.6309814453125,2350.0,2615.199951171875,,,,,,,4665.7001953125,,6.84499979019165
1997-04-18,,336.61114501953125,2380.699951171875,2547.60009765625,,,,,,,4699.10009765625,,6.822999954223633
1997-04-21,,338.031494140625,2384.60009765625,2522.699951171875,,,,,,,4740.10009765625,,6.859000205993652
1997-04-22,,339.74224853515625,2386.5,2514.699951171875,,,,,,,4752.2998046875,,6.828000068664551
1997-04-23,,344.3935241699219,2408.89990234375,2533.60009765625,,,,,,,4781.10009765625,,6.86899995803833
1997-04-24,,346.3084716796875,2409.199951171875,2539.800048828125,,,,,,,4836.10009765625,,6.909999847412109
1997-04-25,,341.5256042480469,,2536.300048828125,,,,,,,4772.2998046875,,6.927999973297119
1997-04-28,,340.2278137207031,2395.300048828125,2550.300048828125,,,,,,,4793.2998046875,,6.901000022888184
1997-04-29,,346.3901672363281,2414.5,2602.89990234375,,,,,,,4855.10009765625,,6.750999927520752
1997-04-30,,,2424.10009765625,2639.5,,,,,,,4897.60009765625,,6.702000141143799
1997-05-01,,350.65570068359375,2421.300048828125,,,,,,,,,,6.679999828338623
1997-05-02,,350.1247863769531,2427.300048828125,2655.300048828125,,,,,,,4953.5,,6.665999889373779
1997-05-05,,353.7550354003906,2428.0,2672.800048828125,,,,,,,5029.60009765625,,6.6529998779296875
1997-05-06,,354.74884033203125,2447.0,2651.89990234375,,,,,,,4988.39990234375,,6.64900016784668
1997-05-07,,352.1304931640625,2453.800048828125,2643.300048828125,,,,,,,5016.0,,6.724999904632568
1997-05-08,,,2442.699951171875,,,,,,,,,,6.706999778747559
1997-05-09,,354.3177490234375,2466.10009765625,2633.89990234375,,,,,,,5004.7001953125,,6.651000022888184
1997-05-12,,357.6167297363281,2464.300048828125,2693.10009765625,,,,,,,5042.5,,6.633999824523926
1997-05-13,,356.6864929199219,2473.0,2719.60009765625,,,,,,,5084.2001953125,,6.698999881744385
1997-05-14,,361.6009521484375,2467.800048828125,2774.60009765625,,,,,,,5134.2998046875,,6.672999858856201
1997-05-15,,360.7659912109375,2461.800048828125,2776.0,,,,,,,5141.7001953125,,6.65500020980835
1997-05-16,,360.43927001953125,2475.300048828125,2784.300048828125,,,,,,,5157.5,,6.690000057220459
1997-05-19,,,2469.10009765625,,,,,,,,,,6.693999767303467
1997-05-20,,357.3308410644531,2469.199951171875,2751.10009765625,,,,,,,5081.0,,6.690000057220459
1997-05-21,,364.8091735839844,2482.10009765625,2786.39990234375,,,,,,,5178.60009765625,,6.724999904632568
1997-05-22,,363.406982421875,2488.60009765625,2741.699951171875,,,,,,,5176.39990234375,,6.742000102996826
1997-05-23,,364.8227844238281,2504.89990234375,2762.89990234375,,,,,,,5181.0,,6.729000091552734
1997-05-26,,368.55743408203125,2524.300048828125,2654.699951171875,,,,,,,5196.7001953125,,
1997-05-27,,365.8074951171875,2515.300048828125,2680.300048828125,,,,,,,5190.0,,6.7820000648498535
1997-05-28,,365.27203369140625,2520.5,2583.199951171875,,,,,,,5133.10009765625,,6.7820000648498535
1997-05-29,,365.1222839355469,2524.800048828125,2579.199951171875,,,,,,,5132.10009765625,,6.73799991607666
1997-05-30,,358.92816162109375,2544.89990234375,2583.89990234375,,,,,,,5041.60009765625,,6.663000106811523
1997-06-02,,366.42010498046875,2560.5,2601.5,,,,,,,5150.0,,6.645999908447266
1997-06-03,,368.4666748046875,2545.5,2624.5,,,,,,,5207.2001953125,,6.616000175476074
1997-06-04,,370.7945861816406,2546.199951171875,2635.39990234375,,,,,,,5238.5,,6.611000061035156
1997-06-05,,372.4145812988281,2535.0,2690.89990234375,,,,,,,5251.2001953125,,6.60699987411499
1997-06-06,,374.1117248535156,2532.0,2719.300048828125,,,,,,,5320.0,,6.489999771118164
1997-06-09,,376.33526611328125,,2686.199951171875,,,,,,,5368.7998046875,,6.538000106811523
1997-06-10,,376.98870849609375,2563.300048828125,2664.199951171875,,,,,,,5361.89990234375,,6.550000190734863
1997-06-11,,375.34600830078125,2546.699951171875,2696.199951171875,,,,,,,5308.60009765625,,6.541999816894531
1997-06-12,,380.8866882324219,2573.89990234375,2760.300048828125,,,,,,,5364.2001953125,,6.464000225067139
1997-06-13,,383.9406433105469,2591.0,2808.5,,,,,,,5384.60009765625,,6.413000106811523
1997-06-16,,385.71038818359375,2606.199951171875,2795.89990234375,,,,,,,5362.0,,6.38700008392334
1997-06-17,,384.4216613769531,2620.10009765625,2762.60009765625,,,,,,,5345.89990234375,,6.413000106811523
1997-06-18,,385.32012939453125,2612.699951171875,2751.699951171875,,,,,,,5405.0,,6.382999897003174
1997-06-19,,385.32012939453125,2635.39990234375,2739.699951171875,,,,,,,5510.2998046875,,6.382999897003174
1997-06-20,,391.2510681152344,2654.0,2757.10009765625,,,,,,,5561.7998046875,,6.35699987411499
1997-06-23,,390.64300537109375,2647.39990234375,2762.199951171875,,,,,,,5587.7998046875,,6.390999794006348
1997-06-24,,390.7337646484375,2629.300048828125,2784.800048828125,,,,,,,5576.10009765625,,6.39900016784668
1997-06-25,,395.4530944824219,2646.300048828125,2867.39990234375,,,,,,,5662.39990234375,,6.434000015258789
1997-06-26,,395.07647705078125,2640.60009765625,2893.60009765625,,,,,,,5669.89990234375,,6.480999946594238
1997-06-27,,394.9947814941406,2641.800048828125,2891.0,,,,,,,5700.2998046875,,6.446000099182129
1997-06-30,,390.95611572265625,2664.699951171875,2858.300048828125,,,,,,,5620.60009765625,,6.501999855041504
1997-07-01,,395.3850402832031,2660.199951171875,2944.0,,,,,,,5654.7998046875,,6.438000202178955
1997-07-02,,398.8836975097656,2685.800048828125,2909.5,,,,,,,5674.2998046875,,6.4029998779296875
1997-07-03,,407.08807373046875,2681.300048828125,2937.0,,,,,,,5804.89990234375,,6.288000106811523
1997-07-04,,411.666748046875,2673.10009765625,2934.5,,,,,,,5846.5,,
1997-07-07,,416.9578552246094,2653.699951171875,2947.699951171875,,,,,,,5947.0,,6.25
1997-07-08,,416.59027099609375,2621.800048828125,2929.800048828125,,,,,,,6012.60009765625,,6.257999897003174
1997-07-09,,424.4543151855469,2637.0,2950.60009765625,,,,,,,5977.10009765625,,6.232999801635742
1997-07-10,,419.61700439453125,2635.800048828125,2929.10009765625,,,,,,,5885.39990234375,,6.241000175476074
1997-07-11,,424.9716491699219,2641.10009765625,2941.60009765625,,,,,,,5801.5,,6.21999979019165
1997-07-14,,430.2627258300781,2614.0,,,,,,,,5845.7998046875,,6.236999988555908
1997-07-15,,430.71197509765625,2577.800048828125,2950.699951171875,,,,,,,5844.7001953125,,6.244999885559082
1997-07-16,,438.0133361816406,2588.60009765625,2988.0,,,,,,,5927.5,,6.182000160217285
1997-07-17,,432.6224060058594,2612.699951171875,2958.60009765625,,,,,,,5868.2998046875,,6.181000232696533
1997-07-18,,427.36761474609375,2626.800048828125,2876.699951171875,,,,,,,5737.10009765625,,6.23199987411499
1997-07-21,,422.6255798339844,2595.800048828125,2874.10009765625,,,,,,,5620.5,,6.252999782562256
1997-07-22,,435.9123229980469,2597.699951171875,2921.10009765625,,,,,,,5677.10009765625,,6.14300012588501
1997-07-23,,448.5547180175781,2624.10009765625,3003.5,,,,,,,5869.89990234375,,6.122000217437744
1997-07-24,,447.0889892578125,2617.10009765625,2973.5,,,,,,,5849.2001953125,,6.135000228881836
1997-07-25,,448.8042907714844,2631.89990234375,3025.89990234375,,,,,,,5847.0,,6.164000034332275
1997-07-28,,450.5558776855469,2664.800048828125,3022.199951171875,,,,,,,5888.0,,6.138000011444092
1997-07-29,,442.4195556640625,2671.699951171875,3023.60009765625,,,,,,,5842.10009765625,,6.0879998207092285
1997-07-30,,442.5783996582031,2672.699951171875,3069.300048828125,,,,,,,5929.5,,6.041999816894531
1997-07-31,,446.21771240234375,2673.699951171875,3075.699951171875,,,,,,,5898.2001953125,,6.004000186920166
1997-08-01,,445.04241943359375,2663.0,3049.5,,,,,,,,,6.179999828338623
1997-08-04,,444.41168212890625,2641.89990234375,2992.39990234375,,,,,,,5771.0,,6.214000225067139
1997-08-05,,444.52056884765625,2642.300048828125,2984.10009765625,,,,,,,5765.2001953125,,6.2220001220703125
1997-08-06,,450.5558776855469,2662.60009765625,3037.10009765625,,,,,,,5812.10009765625,,6.204999923706055
1997-08-07,,458.76025390625,2652.5,3056.300048828125,,,,,,,5922.10009765625,,6.2230000495910645
1997-08-08,,452.0397644042969,2643.800048828125,2996.300048828125,,,,,,,5864.7998046875,,6.363999843597412
1997-08-11,,441.5619201660156,2600.89990234375,2983.39990234375,,,,,,,5825.60009765625,,6.35099983215332
1997-08-12,,443.9805908203125,2583.39990234375,2998.60009765625,,,,,,,5808.39990234375,,6.373000144958496
1997-08-13,,424.6313171386719,2559.699951171875,2924.0,,,,,,,5682.10009765625,,6.3429999351501465
1997-08-14,,424.5541687011719,2564.0,2921.800048828125,,,,,,,5579.5,,6.261000156402588
1997-08-15,,405.8719482421875,2602.199951171875,,,,,,,,5498.5,,6.248000144958496
1997-08-18,,416.3361511230469,2555.39990234375,2870.10009765625,,,,,,,5405.60009765625,,6.201000213623047
1997-08-19,,429.9360046386719,2557.5,2936.199951171875,,,,,,,5580.10009765625,,6.204999923706055
1997-08-20,,435.5039367675781,2567.199951171875,2979.300048828125,,,,,,,5690.10009765625,,6.2270002365112305
1997-08-21,,431.2247619628906,2584.5,2957.199951171875,,,,,,,5668.7998046875,,6.290999889373779
1997-08-22,,416.7627258300781,2554.60009765625,2904.199951171875,,,,,,,5475.7998046875,,6.363999843597412
1997-08-25,,418.4734802246094,2571.5,2898.60009765625,,,,,,,5473.89990234375,,6.381999969482422
1997-08-26,,409.9650573730469,2558.800048828125,2869.300048828125,,,,,,,5363.2998046875,,6.373000144958496
1997-08-27,,411.73028564453125,2557.89990234375,2871.699951171875,,,,,,,5409.60009765625,,6.36899995803833
1997-08-28,,398.0895690917969,2563.199951171875,2828.39990234375,,,,,,,5217.2998046875,,6.290999889373779
1997-08-29,,394.0146179199219,2526.800048828125,2770.5,,,,,,,5216.7001953125,,6.329999923706055
1997-09-01,,400.1996765136719,2525.300048828125,2805.800048828125,,,,,,,5271.5,,
1997-09-02,,419.8439025878906,2515.699951171875,2921.199951171875,,,,,,,5447.5,,6.295000076293945
1997-09-03,,421.3867492675781,2553.199951171875,2918.0,,,,,,,5478.60009765625,,6.303999900817871
1997-09-04,,415.7870788574219,2542.89990234375,2927.0,,,,,,,5478.10009765625,,6.316999912261963
1997-09-05,,415.89599609375,2561.199951171875,2924.5,,,,,,,5532.89990234375,,6.3429999351501465
1997-09-08,,410.7637023925781,2590.39990234375,2940.89990234375,,,,,,,5505.2998046875,,6.316999912261963
1997-09-09,,406.2122802734375,2609.89990234375,2919.699951171875,,,,,,,5445.10009765625,,6.326000213623047
1997-09-10,,398.2211608886719,2600.800048828125,2874.60009765625,,,,,,,5356.7001953125,,6.3429999351501465
1997-09-11,,388.44671630859375,2602.0,2843.60009765625,,,,,,,5280.7998046875,,6.373000144958496
1997-09-12,,392.3991394042969,2575.89990234375,2834.10009765625,,,,,,,5281.89990234375,,6.2779998779296875
1997-09-15,,394.5636901855469,2599.5,2898.60009765625,,,,,,,5321.7001953125,,6.264999866485596
1997-09-16,,400.2813415527344,2588.699951171875,2940.60009765625,,,,,,,5417.7998046875,,6.093999862670898
1997-09-17,,407.54638671875,2616.0,2944.0,,,,,,,5550.39990234375,,6.085999965667725
1997-09-18,,409.6610107421875,2634.5,2978.39990234375,,,,,,,5629.0,,6.090000152587891
1997-09-19,,407.9911193847656,2671.0,2977.199951171875,,,,,,,5611.0,,6.077000141143799
1997-09-22,,413.14154052734375,2705.699951171875,3017.5,,,,,,,5705.10009765625,,6.047999858856201
1997-09-23,,412.5516052246094,2718.199951171875,2997.199951171875,,,,,,,5730.39990234375,,6.080999851226807
1997-09-24,,410.7455749511719,2708.300048828125,3023.699951171875,,,,,,,5732.5,,6.034999847412109
1997-09-25,,410.4505920410156,2717.300048828125,3005.39990234375,,,,,,,5667.10009765625,,6.114999771118164
1997-09-26,,410.4505920410156,2714.89990234375,2985.60009765625,,,,,,,5716.60009765625,,6.072999954223633
1997-09-29,,410.6502685546875,2713.0,2989.0,,,,,,,5691.7998046875,,6.080999851226807
1997-09-30,,417.4797058105469,2703.10009765625,3008.300048828125,,,,,,,5673.60009765625,,6.10699987411499
1997-10-01,,428.3023986816406,2716.699951171875,3054.89990234375,,,,,,,5754.7001953125,,6.026000022888184
1997-10-02,,426.6733093261719,2717.60009765625,3052.10009765625,,,,,,,5825.0,,6.000999927520752
1997-10-03,,437.1375427246094,2701.10009765625,3094.0,,,,,,,5929.0,,5.995999813079834
1997-10-06,,436.45233154296875,2707.89990234375,3078.0,,,,,,,5897.39990234375,,5.953999996185303
1997-10-07,,431.3699645996094,2692.800048828125,3064.39990234375,,,,,,,5846.89990234375,,5.925000190734863
1997-10-08,,428.8650817871094,2706.699951171875,3024.10009765625,,,,,,,5822.2998046875,,6.072999954223633
1997-10-09,,415.72808837890625,2660.699951171875,2960.699951171875,,,,,,,5732.2001953125,,6.080999851226807
1997-10-10,,411.93902587890625,2631.800048828125,2955.10009765625,,,,,,,5699.5,,6.136000156402588
1997-10-13,,425.74761962890625,2599.699951171875,3002.89990234375,,,,,,,5792.7998046875,,
1997-10-14,,424.3272705078125,2598.699951171875,3002.5,,,,,,,5836.2998046875,,6.059999942779541
1997-10-15,,419.1269226074219,2590.89990234375,2992.199951171875,,,,,,,5815.89990234375,,6.093999862670898
1997-10-16,,413.8539733886719,2589.10009765625,2992.89990234375,,,,,,,5806.7998046875,,6.080999851226807
1997-10-17,,410.4869079589844,2582.800048828125,2958.0,,,,,,,5751.60009765625,,6.144999980926514
1997-10-20,,411.7484130859375,2578.39990234375,2946.699951171875,,,,,,,5777.2001953125,,6.131999969482422
1997-10-21,,418.62322998046875,2589.5,2989.89990234375,,,,,,,5862.89990234375,,6.127999782562256
1997-10-22,,415.424072265625,2621.89990234375,2958.10009765625,,,,,,,5803.2001953125,,6.114999771118164
1997-10-23,,400.41748046875,2553.800048828125,2856.89990234375,,,,,,,5651.7998046875,,6.017000198364258
1997-10-24,,404.47882080078125,2502.89990234375,2849.0,,,,,,,5689.5,,6.0
1997-10-27,,390.7791442871094,2425.5,2769.60009765625,,,,,,,5533.5,,5.89900016784668
1997-10-28,,379.2757568359375,2260.89990234375,2651.300048828125,,,,,,,5279.7001953125,,5.966000080108643
1997-10-29,,399.0561218261719,2394.10009765625,2818.0,,,,,,,5479.0,,5.9029998779296875
1997-10-30,,388.1744384765625,2389.10009765625,2739.5,,,,,,,5370.89990234375,,5.835999965667725
1997-10-31,,390.0576171875,2415.0,2739.300048828125,,,,,,,5467.2001953125,,5.818999767303467
1997-11-03,,400.58538818359375,2454.39990234375,2788.0,,,,,,,5581.60009765625,,5.894000053405762
1997-11-04,,394.3141174316406,2500.300048828125,2774.89990234375,,,,,,,5538.2001953125,,5.935999870300293
1997-11-05,,398.6658935546875,2497.10009765625,2822.39990234375,,,,,,,5601.60009765625,,5.932000160217285
1997-11-06,,394.8268737792969,2526.199951171875,2781.800048828125,,,,,,,5557.39990234375,,5.888999938964844
1997-11-07,,385.3382873535156,2464.5,2707.10009765625,,,,,,,5438.60009765625,,5.885000228881836
1997-11-10,,388.9095458984375,2474.300048828125,,,,,,,,5459.7001953125,,5.906000137329102
1997-11-11,,388.31964111328125,2476.300048828125,,,,,,,,5483.89990234375,,
1997-11-12,,383.22821044921875,2463.5,2694.5,,,,,,,5434.0,,5.885000228881836
1997-11-13,,384.32635498046875,2459.300048828125,2700.699951171875,,,,,,,5418.2001953125,,5.860000133514404
1997-11-14,,386.64520263671875,2433.39990234375,2698.89990234375,,,,,,,5437.0,,5.8470001220703125
1997-11-17,,397.9806823730469,2441.300048828125,2773.0,,,,,,,5565.0,,5.834000110626221
1997-11-18,,399.33294677734375,2422.699951171875,2782.60009765625,,,,,,,5574.2001953125,,5.834000110626221
1997-11-19,,395.1173095703125,2396.0,2790.60009765625,,,,,,,5571.7001953125,,5.801000118255615
1997-11-20,,401.55194091796875,2389.10009765625,2821.199951171875,,,,,,,5650.39990234375,,5.826000213623047
1997-11-21,,407.7732849121094,2437.199951171875,2861.699951171875,,,,,,,5725.5,,5.804999828338623
1997-11-24,,397.2682189941406,2436.199951171875,2802.5,,,,,,,5645.7001953125,,5.85099983215332
1997-11-25,,395.3442077636719,2411.800048828125,2786.300048828125,,,,,,,5666.2998046875,,5.8379998207092285
1997-11-26,,400.3948059082031,2421.5,2811.699951171875,,,,,,,5738.2998046875,,5.85099983215332
1997-11-27,,402.1917724609375,2422.0,2829.0,,,,,,,5772.39990234375,,
1997-11-28,,400.1089172363281,2424.10009765625,2854.39990234375,,,,,,,5775.89990234375,,5.85099983215332
1997-12-01,,412.9826965332031,2472.0,2918.5,,,,,,,5875.10009765625,,5.8460001945495605
1997-12-02,,414.6208801269531,2480.699951171875,2913.10009765625,,,,,,,5919.89990234375,,5.8460001945495605
1997-12-03,,412.70135498046875,2515.60009765625,2902.39990234375,,,,,,,5922.7001953125,,5.824999809265137
1997-12-04,,416.90338134765625,2505.5,2914.5,,,,,,,5969.5,,5.834000110626221
1997-12-05,,417.7065734863281,2513.0,2910.10009765625,,,,,,,6009.0,,5.892000198364258
1997-12-08,,420.4156799316406,2544.60009765625,2932.5,,,,,,,6095.2998046875,,5.942999839782715
1997-12-09,,419.2948303222656,2540.800048828125,2959.39990234375,,,,,,,6103.2001953125,,5.939000129699707
1997-12-10,,413.0780029296875,2511.199951171875,2932.199951171875,,,,,,,6056.60009765625,,5.892000198364258
1997-12-11,,400.9302673339844,2474.199951171875,2828.5,,,,,,,6021.7998046875,,5.811999797821045
1997-12-12,,402.8406677246094,2448.300048828125,2830.300048828125,,,,,,,6018.7001953125,,5.73199987411499
1997-12-15,,403.3126220703125,2453.0,2838.300048828125,,,,,,,5986.60009765625,,5.765999794006348
1997-12-16,,410.5504455566406,2466.699951171875,2912.199951171875,,,,,,,6092.7001953125,,5.761000156402588
1997-12-17,,415.10186767578125,2517.60009765625,2893.300048828125,,,,,,,6122.10009765625,,5.790999889373779
1997-12-18,,411.8210144042969,2518.10009765625,2894.5,,,,,,,6115.10009765625,,5.749000072479248
1997-12-19,,399.09698486328125,2480.5,2822.89990234375,,,,,,,5989.89990234375,,5.710999965667725
1997-12-22,,401.515625,2459.39990234375,2869.699951171875,,,,,,,6049.2998046875,,5.710999965667725
1997-12-23,,397.8536071777344,2512.10009765625,2858.10009765625,,,,,,,6044.7001953125,,5.718999862670898
1997-12-24,,399.49176025390625,2507.5,2874.10009765625,,,,,,,6046.7001953125,,5.7270002365112305
1997-12-26,,,,2875.10009765625,,,,,,,,,5.735000133514404
1997-12-29,,412.1341247558594,2527.89990234375,2939.5,,,,,,,6190.39990234375,,5.748000144958496
1997-12-30,,414.60723876953125,2553.39990234375,2975.5,,,,,,,6267.60009765625,,5.785999774932861
1997-12-31,,,2567.39990234375,2998.89990234375,,,,,,,6265.5,,5.738999843597412
1998-01-02,,420.6516418457031,2560.39990234375,3038.699951171875,,,,,,,,,5.65500020980835
1998-01-05,,426.1514587402344,2596.0,3072.800048828125,,,,,,,6397.0,,5.498000144958496
1998-01-06,,422.1445617675781,2637.0,3037.699951171875,,,,,,,6375.7001953125,,5.4730000495910645
1998-01-07,,422.95684814453125,2599.5,3006.699951171875,,,,,,,6390.0,,5.5269999504089355
1998-01-08,,419.9255676269531,2602.89990234375,2954.89990234375,,,,,,,6330.2001953125,,5.465000152587891
1998-01-09,,414.6662292480469,2552.0,2919.800048828125,,,,,,,6251.7998046875,,5.379000186920166
1998-01-12,,404.7510986328125,2492.0,2862.5,,,,,,,6062.10009765625,,5.369999885559082
1998-01-13,,413.64068603515625,2513.60009765625,2902.89990234375,,,,,,,6169.2998046875,,5.39900016784668
1998-01-14,,419.104248046875,2556.300048828125,2919.800048828125,,,,,,,6149.7998046875,,5.439000129699707
1998-01-15,,418.2783508300781,2535.39990234375,2932.800048828125,,,,,,,6148.5,,5.460000038146973
1998-01-16,,425.67047119140625,2565.0,2976.10009765625,,,,,,,6274.0,,5.513000011444092
1998-01-19,,431.0296325683594,2603.89990234375,2987.0,,,,,,,6340.39990234375,,
1998-01-20,,432.5498046875,2589.89990234375,3008.300048828125,,,,,,,6397.5,,5.546000003814697
1998-01-21,,431.2746887207031,2574.60009765625,2998.10009765625,,,,,,,6391.39990234375,,5.525000095367432
1998-01-22,,426.1060791015625,2552.199951171875,2988.60009765625,,,,,,,6356.10009765625,,5.5329999923706055
1998-01-23,,423.4696044921875,2572.60009765625,2966.199951171875,,,,,,,6391.0,,5.683000087738037
1998-01-26,,425.4027404785156,,3000.5,,,,,,,6411.0,,5.616000175476074
1998-01-27,,426.32391357421875,2550.699951171875,3052.0,,,,,,,6424.0,,5.683000087738037
1998-01-28,,430.99786376953125,2569.0,3088.300048828125,,,,,,,6508.7001953125,,5.678999900817871
1998-01-29,,433.9519958496094,2588.800048828125,3133.800048828125,,,,,,,6530.39990234375,,5.557000160217285
1998-01-30,,434.10174560546875,2600.800048828125,3172.10009765625,,,,,,,6582.60009765625,,5.51200008392334
1998-02-02,,437.99517822265625,2613.60009765625,3187.5,,,,,,,6688.0,,5.557000160217285
1998-02-03,,435.8397216796875,2597.699951171875,3188.39990234375,,,,,,,6720.7001953125,,5.545000076293945
1998-02-04,,432.3320007324219,2601.89990234375,3166.300048828125,,,,,,,6708.89990234375,,5.548999786376953
1998-02-05,,437.7410583496094,2600.800048828125,3189.60009765625,,,,,,,6772.0,,5.598999977111816
1998-02-06,,441.07183837890625,2601.199951171875,3216.699951171875,,,,,,,6857.10009765625,,5.6020002365112305
1998-02-09,,441.9703369140625,2630.699951171875,3220.89990234375,,,,,,,6828.39990234375,,5.639999866485596
1998-02-10,,440.2232666015625,2611.5,3235.800048828125,,,,,,,6860.7998046875,,5.623000144958496
1998-02-11,,444.5341796875,2619.5,3240.0,,,,,,,6931.60009765625,,5.572999954223633
1998-02-12,,441.5528564453125,2613.199951171875,3178.699951171875,,,,,,,6856.0,,5.525000095367432
1998-02-13,,442.2652893066406,2591.60009765625,3187.699951171875,,,,,,,6898.89990234375,,5.474999904632568
1998-02-16,,447.3567199707031,2559.0,3225.10009765625,,,,,,,6905.2998046875,,
1998-02-17,,456.73187255859375,2595.10009765625,3280.5,,,,,,,6990.5,,5.429999828338623
1998-02-18,,461.1789245605469,2599.699951171875,3281.699951171875,,,,,,,6966.2001953125,,5.474999904632568
1998-02-19,,460.7750549316406,2593.39990234375,3250.60009765625,,,,,,,6953.2001953125,,5.495999813079834
1998-02-20,,462.7535400390625,2578.300048828125,3262.5,,,,,,,6986.7001953125,,5.52400016784668
1998-02-23,,470.88079833984375,2586.800048828125,3273.5,,,,,,,6986.10009765625,,5.570000171661377
1998-02-24,,474.54736328125,2596.39990234375,3262.300048828125,,,,,,,6945.0,,5.673999786376953
1998-02-25,,481.2860107421875,2605.300048828125,3348.199951171875,,,,,,,7065.39990234375,,5.616000175476074
1998-02-26,,484.4851989746094,2627.199951171875,3397.0,,,,,,,7118.60009765625,,5.640999794006348
1998-02-27,,485.69677734375,2626.89990234375,3421.89990234375,,,,,,,7153.10009765625,,5.616000175476074
1998-03-02,,494.4910888671875,2629.800048828125,3446.699951171875,,,,,,,7273.0,,5.703000068664551
1998-03-03,,489.75360107421875,2620.10009765625,3414.89990234375,,,,,,,7259.5,,5.754000186920166
1998-03-04,,487.6979675292969,2644.300048828125,3381.300048828125,,,,,,,7130.5,,5.75
1998-03-05,,481.29962158203125,2591.800048828125,3395.800048828125,,,,,,,7077.2998046875,,5.767000198364258
1998-03-06,,494.12353515625,2609.300048828125,3483.199951171875,,,,,,,7197.2001953125,,5.711999893188477
1998-03-09,,498.73394775390625,2626.10009765625,3525.89990234375,,,,,,,7187.5,,5.6570000648498535
1998-03-10,,496.3107604980469,2635.199951171875,3521.5,,,,,,,7246.5,,5.6529998779296875
1998-03-11,,498.0487365722656,2655.39990234375,3539.39990234375,,,,,,,7276.7001953125,,5.616000175476074
1998-03-12,,494.2868957519531,2661.5,3526.60009765625,,,,,,,7267.89990234375,,5.552999973297119
1998-03-13,,503.1401672363281,2670.89990234375,3540.199951171875,,,,,,,7328.0,,5.570000171661377
1998-03-16,,506.79766845703125,2669.5,3598.300048828125,,,,,,,7261.2001953125,,5.5279998779296875
1998-03-17,,507.9548034667969,2706.800048828125,3661.300048828125,,,,,,,7236.5,,5.548999786376953
1998-03-18,,501.63360595703125,2708.699951171875,3652.5,,,,,,,7132.39990234375,,5.560999870300293
1998-03-19,,499.9273986816406,2709.89990234375,3688.699951171875,,,,,,,7143.7998046875,,5.573999881744385
1998-03-20,,508.68084716796875,2716.199951171875,3688.89990234375,,,,,,,7300.5,,5.560999870300293
1998-03-23,,509.5521240234375,2718.800048828125,3680.10009765625,,,,,,,7341.0,,5.560999870300293
1998-03-24,,512.8329467773438,2733.0,3738.5,,,,,,,7407.39990234375,,5.560999870300293
1998-03-25,,517.8790283203125,2722.5,3818.699951171875,,,,,,,7472.10009765625,,5.624000072479248
1998-03-26,,512.3746337890625,2724.199951171875,3783.800048828125,,,,,,,7415.89990234375,,5.6579999923706055
1998-03-27,,517.6929931640625,2703.39990234375,3810.199951171875,,,,,,,7530.2998046875,,5.670000076293945
1998-03-30,,512.3201904296875,2683.39990234375,3800.199951171875,,,,,,,7536.2998046875,,5.703999996185303
1998-03-31,,511.1539611816406,2686.0,3875.300048828125,,,,,,,7585.5,,5.6620001792907715
1998-04-01,,518.5369873046875,2694.10009765625,3883.300048828125,,,,,,,7615.5,,5.603000164031982
1998-04-02,,523.2245483398438,2699.89990234375,3935.89990234375,,,,,,,7638.7998046875,,5.545000076293945
1998-04-03,,527.3494873046875,2717.699951171875,3932.0,,,,,,,7725.89990234375,,5.453000068664551
1998-04-06,,537.9724731445312,2741.800048828125,3986.800048828125,,,,,,,7827.7001953125,,5.494999885559082
1998-04-07,,529.2598876953125,2739.300048828125,3903.300048828125,,,,,,,7744.2998046875,,5.515999794006348
1998-04-08,,528.6654052734375,2761.10009765625,3873.89990234375,,,,,,,7588.10009765625,,5.570000171661377
1998-04-09,,530.4124755859375,2753.60009765625,3894.5,,,,,,,7624.10009765625,,5.573999881744385
1998-04-13,,,,,,,,,,,,,5.64900016784668
1998-04-14,,533.12158203125,2785.39990234375,3867.699951171875,,,,,,,7662.89990234375,,5.616000175476074
1998-04-15,,534.2560424804688,2815.60009765625,3884.60009765625,,,,,,,7616.2998046875,,5.59499979019165
1998-04-16,,525.0714721679688,2826.300048828125,3845.89990234375,,,,,,,7500.10009765625,,5.573999881744385
1998-04-17,,527.1860961914062,2817.800048828125,3861.60009765625,,,,,,,7453.7001953125,,5.578000068664551
1998-04-20,,536.1029052734375,2822.0,3885.699951171875,,,,,,,7500.10009765625,,5.629000186920166
1998-04-21,,539.0797119140625,2815.300048828125,3860.39990234375,,,,,,,7369.10009765625,,5.666999816894531
1998-04-22,,538.4625854492188,2805.800048828125,3835.10009765625,,,,,,,7308.89990234375,,5.671000003814697
1998-04-23,,531.6286010742188,2828.199951171875,3822.10009765625,,,,,,,7265.5,,5.675000190734863
1998-04-24,,529.4459228515625,2803.89990234375,3788.699951171875,,,,,,,7232.2998046875,,5.6539998054504395
1998-04-27,,502.7862243652344,2765.89990234375,3689.39990234375,,,,,,,7053.5,,5.789999961853027
1998-04-28,,512.2113037109375,2727.300048828125,3777.22998046875,,,,,,,7180.10009765625,,5.794000148773193
1998-04-29,,511.6939697265625,2695.800048828125,3733.929931640625,,,,,,,7241.7998046875,,5.798999786376953
1998-04-30,,,2709.0,3880.919921875,,,,,,,7401.39990234375,,5.666999816894531
1998-05-01,,539.0116577148438,2745.89990234375,,,,,,,,,,5.6539998054504395
1998-05-04,,543.28173828125,2754.800048828125,3974.25,,,,,,,7640.7998046875,,5.6539998054504395
1998-05-05,,532.9082641601562,2745.199951171875,3944.909912109375,,,,,,,7596.2001953125,,5.684000015258789
1998-05-06,,528.0618896484375,2730.699951171875,3947.449951171875,,,,,,,7610.7998046875,,5.658999919891357
1998-05-07,,518.8274536132812,2724.60009765625,3906.360107421875,,,,,,,7536.0,,5.658999919891357
1998-05-08,,528.1934814453125,2723.60009765625,,,,,,,,7587.10009765625,,5.697000026702881
1998-05-11,,536.5294799804688,2740.800048828125,4017.239990234375,,,,,,,7677.5,,5.769000053405762
1998-05-12,,529.4368286132812,2729.800048828125,3987.330078125,,,,,,,7627.2998046875,,5.688000202178955
1998-05-13,,532.7177124023438,2717.199951171875,4019.760009765625,,,,,,,7582.7998046875,,5.666999816894531
1998-05-14,,528.243408203125,2701.800048828125,4011.97998046875,,,,,,,7550.60009765625,,5.665999889373779
1998-05-15,,530.3671264648438,2706.39990234375,3990.22998046875,,,,,,,7519.39990234375,,5.670000076293945
1998-05-18,,522.5620727539062,2671.300048828125,3945.31005859375,,,,,,,7371.39990234375,,5.629000186920166
1998-05-19,,534.2832641601562,2681.5,3980.840087890625,,,,,,,7483.2001953125,,5.645999908447266
1998-05-20,,541.9067993164062,2661.5,4047.919921875,,,,,,,7495.7998046875,,5.599999904632568
1998-05-21,,,2673.699951171875,,,,,,,,,,5.640999794006348
1998-05-22,,542.0020751953125,2664.10009765625,4049.780029296875,,,,,,,7542.7001953125,,5.625
1998-05-25,,553.53271484375,2668.800048828125,4108.7099609375,,,,,,,7657.10009765625,,
1998-05-26,,552.2076416015625,2673.39990234375,4115.8798828125,,,,,,,7731.89990234375,,5.574999809265137
1998-05-27,,543.7264404296875,2625.60009765625,4017.3701171875,,,,,,,7633.5,,5.546000003814697
1998-05-28,,539.392822265625,2654.5,4014.919921875,,,,,,,7605.0,,5.571000099182129
1998-05-29,,543.8580322265625,2655.300048828125,4041.159912109375,,,,,,,7656.10009765625,,5.546000003814697
1998-06-01,,,2631.5,,,,,,,,,,5.520999908447266
1998-06-02,,544.742919921875,2613.89990234375,4086.97998046875,,,,,,,7657.5,,5.550000190734863
1998-06-03,,548.0010986328125,2604.60009765625,4149.3701171875,,,,,,,7676.2998046875,,5.558000087738037
1998-06-04,,541.4757080078125,2600.800048828125,4119.02978515625,,,,,,,7592.89990234375,,5.583000183105469
1998-06-05,,545.9500122070312,2584.89990234375,4185.0498046875,,,,,,,7699.5,,5.571000099182129
1998-06-08,,550.5422973632812,,4204.580078125,,,,,,,7743.39990234375,,5.574999809265137
1998-06-09,,547.4928588867188,2567.199951171875,4201.85986328125,,,,,,,7716.7998046875,,5.574999809265137
1998-06-10,,547.0980834960938,2537.10009765625,4208.60009765625,,,,,,,7652.60009765625,,5.500999927520752
1998-06-11,,546.0316772460938,2501.300048828125,4141.60986328125,,,,,,,7498.39990234375,,5.431000232696533
1998-06-12,,532.0143432617188,2516.5,4050.760009765625,,,,,,,7417.39990234375,,5.409999847412109
1998-06-15,,523.96875,2550.60009765625,4005.330078125,,,,,,,7342.7001953125,,5.369999885559082
1998-06-16,,527.3903198242188,2487.800048828125,4013.280029296875,,,,,,,7388.7001953125,,5.431000232696533
1998-06-17,,533.1351928710938,2507.10009765625,4092.919921875,,,,,,,7562.7001953125,,5.5289998054504395
1998-06-18,,526.882080078125,2572.10009765625,4052.27001953125,,,,,,,7488.0,,5.492000102996826
1998-06-19,,523.156494140625,2553.89990234375,4027.320068359375,,,,,,,7518.60009765625,,5.459000110626221
1998-06-22,,519.2449340820312,2560.10009765625,4018.639892578125,,,,,,,7511.7998046875,,5.451000213623047
1998-06-23,,526.618896484375,2543.800048828125,4065.0400390625,,,,,,,7624.7998046875,,5.438000202178955
1998-06-24,,524.177490234375,2550.699951171875,4126.330078125,,,,,,,7667.89990234375,,5.451000213623047
1998-06-25,,533.548095703125,2546.0,4203.81005859375,,,,,,,7794.7001953125,,5.459000110626221
1998-06-26,,536.5067749023438,2563.5,4215.7001953125,,,,,,,7816.89990234375,,5.441999912261963
1998-06-29,,543.567626953125,2570.800048828125,4248.240234375,,,,,,,7881.89990234375,,5.459000110626221
1998-06-30,,544.6748657226562,2620.10009765625,4203.4501953125,,,,,,,7882.0,,5.434000015258789
1998-07-01,,554.3131713867188,2655.699951171875,4260.68017578125,,,,,,,8038.2001953125,,5.426000118255615
1998-07-02,,557.716552734375,2697.199951171875,4252.08984375,,,,,,,8047.2998046875,,5.401000022888184
1998-07-03,,564.164794921875,2694.89990234375,4304.3798828125,,,,,,,8099.0,,
1998-07-06,,563.4750366210938,2703.199951171875,4311.10009765625,,,,,,,8166.0,,5.38100004196167
1998-07-07,,565.2902221679688,2722.10009765625,4333.08984375,,,,,,,8160.0,,5.40500020980835
1998-07-08,,571.6839599609375,2725.699951171875,4339.91015625,,,,,,,8227.2001953125,,5.421000003814697
1998-07-09,,570.6675415039062,2739.89990234375,4319.18017578125,,,,,,,8205.0,,5.39300012588501
1998-07-10,,566.5289916992188,2703.699951171875,4256.35009765625,,,,,,,8192.400390625,,5.40500020980835
1998-07-13,,575.4140625,2671.199951171875,,,,,,,,8141.89990234375,,5.449999809265137
1998-07-14,,584.7030029296875,2700.0,,,,,,,,8180.5,,5.473999977111816
1998-07-15,,586.5045166015625,2717.800048828125,4344.2998046875,,,,,,,8158.10009765625,,5.46999979019165
1998-07-16,,581.853271484375,2750.300048828125,4358.1298828125,,,,,,,8126.5,,5.486999988555908
1998-07-17,,589.0093994140625,2758.89990234375,4388.47998046875,,,,,,,8288.2001953125,,5.499000072479248
1998-07-20,,597.0095825195312,2733.199951171875,4368.91015625,,,,,,,8400.7998046875,,5.466000080108643
1998-07-21,,594.6953125,2733.60009765625,4322.080078125,,,,,,,8412.0,,5.436999797821045
1998-07-22,,588.9549560546875,2711.10009765625,4220.1201171875,,,,,,,8340.7001953125,,5.445000171661377
1998-07-23,,580.8685302734375,2696.39990234375,4235.89013671875,,,,,,,8229.2001953125,,5.428999900817871
1998-07-24,,577.2337646484375,2689.800048828125,4205.41015625,,,,,,,8205.7001953125,,5.440999984741211
1998-07-27,,568.8161010742188,2660.60009765625,4139.52978515625,,,,,,,7998.7001953125,,5.453000068664551
1998-07-28,,569.0248413085938,2673.699951171875,4122.35009765625,,,,,,,8093.0,,5.478000164031982
1998-07-29,,564.91357421875,2647.10009765625,4139.18994140625,,,,,,,8102.7001953125,,5.511000156402588
1998-07-30,,566.1614379882812,2657.89990234375,4197.64013671875,,,,,,,8205.5,,5.489999771118164
1998-07-31,,557.84814453125,2661.300048828125,4177.31005859375,,,,,,,8239.5,,5.49399995803833
1998-08-03,,544.7928466796875,2629.0,4095.030029296875,,,,,,,8139.2001953125,,5.445000171661377
1998-08-04,,550.061279296875,2636.699951171875,4047.8798828125,,,,,,,8170.2001953125,,5.427999973297119
1998-08-05,,538.5352172851562,2597.60009765625,3976.39990234375,,,,,,,7943.2001953125,,5.420000076293945
1998-08-06,,527.7124633789062,2559.10009765625,3968.590087890625,,,,,,,7846.2001953125,,5.432000160217285
1998-08-07,,535.186279296875,2554.60009765625,4041.8798828125,,,,,,,7952.89990234375,,5.38700008392334
1998-08-10,,529.8543090820312,2554.39990234375,3939.449951171875,,,,,,,7721.2998046875,,5.39900016784668
1998-08-11,,510.4959716796875,2518.5,3845.97998046875,,,,,,,7447.89990234375,,5.361999988555908
1998-08-12,,521.531982421875,2510.800048828125,3945.699951171875,,,,,,,7607.5,,5.38700008392334
1998-08-13,,519.8302612304688,2504.800048828125,3951.68994140625,,,,,,,7552.60009765625,,5.423999786376953
1998-08-14,,524.01416015625,2529.300048828125,3994.909912109375,,,,,,,7676.2998046875,,5.386000156402588
1998-08-17,,518.6912841796875,2493.5,3983.81005859375,,,,,,,7642.10009765625,,5.389999866485596
1998-08-18,,537.691162109375,2530.89990234375,4123.25,,,,,,,7841.2998046875,,5.4029998779296875
1998-08-19,,544.511474609375,2600.699951171875,4125.72021484375,,,,,,,7787.60009765625,,5.410999774932861
1998-08-20,,538.9027709960938,2618.699951171875,4087.489990234375,,,,,,,7681.89990234375,,5.374000072479248
1998-08-21,,523.8961791992188,2594.39990234375,3943.679931640625,,,,,,,7393.7998046875,,5.315999984741211
1998-08-24,,515.641845703125,2561.199951171875,3937.429931640625,,,,,,,7257.7001953125,,5.2870001792907715
1998-08-25,,527.825927734375,2580.199951171875,4029.320068359375,,,,,,,7389.5,,5.23799991607666
1998-08-26,,514.3894653320312,2562.0,3913.169921875,,,,,,,7212.39990234375,,5.190000057220459
1998-08-27,,503.1628723144531,2512.5,3745.639892578125,,,,,,,6845.0,,5.10099983215332
1998-08-28,,496.16552734375,2470.60009765625,3708.969970703125,,,,,,,6786.89990234375,,5.079999923706055
1998-08-31,,493.09344482421875,2430.10009765625,3765.22998046875,,,,,,,6679.39990234375,,5.0320000648498535
1998-09-01,,484.7483825683594,2405.199951171875,3646.2900390625,,,,,,,6584.5,,5.035999774932861
1998-09-02,,499.2784729003906,2459.800048828125,3729.669921875,,,,,,,6840.39990234375,,5.076000213623047
1998-09-03,,485.4698791503906,2456.800048828125,3646.4599609375,,,,,,,6605.10009765625,,5.019999980926514
1998-09-04,,486.7677001953125,2446.5,3690.75,,,,,,,6674.2001953125,,4.999000072479248
1998-09-07,,488.36956787109375,2510.5,3695.35009765625,,,,,,,6848.7001953125,,
1998-09-08,,497.2001647949219,2496.89990234375,3803.739990234375,,,,,,,7033.7998046875,,5.031000137329102
1998-09-09,,488.5374450683594,2484.60009765625,3762.1298828125,,,,,,,6802.39990234375,,4.934999942779541
1998-09-10,,463.4523620605469,2464.800048828125,3589.35009765625,,,,,,,6502.2998046875,,4.73799991607666
1998-09-11,,458.51068115234375,2402.800048828125,3578.340087890625,,,,,,,6480.7001953125,,4.823999881744385
1998-09-14,,469.05657958984375,2446.699951171875,3714.81005859375,,,,,,,6681.39990234375,,4.8470001220703125
1998-09-15,,460.452880859375,2495.39990234375,3698.0,,,,,,,6585.7001953125,,4.875
1998-09-16,,466.1886901855469,2494.800048828125,3729.320068359375,,,,,,,6718.60009765625,,4.85099983215332
1998-09-17,,448.1326904296875,2483.300048828125,3525.260009765625,,,,,,,6405.2001953125,,4.76800012588501
1998-09-18,,435.43585205078125,2479.0,3465.219970703125,,,,,,,6342.7001953125,,4.677999973297119
1998-09-21,,409.59295654296875,2463.60009765625,3342.64990234375,,,,,,,6021.5,,4.6579999923706055
1998-09-22,,428.320556640625,2477.10009765625,3347.97998046875,,,,,,,6111.10009765625,,4.7129998207092285
1998-09-23,,440.4410705566406,2516.300048828125,3423.780029296875,,,,,,,6324.5,,4.6579999923706055
1998-09-24,,439.8829345703125,2560.39990234375,3381.1298828125,,,,,,,6168.7001953125,,4.60699987411499
1998-09-25,,430.1039123535156,2504.699951171875,3310.590087890625,,,,,,,6085.10009765625,,4.576000213623047
1998-09-28,,439.8919982910156,2528.199951171875,3337.639892578125,,,,,,,6149.7001953125,,4.586999893188477
1998-09-29,,434.6734924316406,2532.89990234375,3337.050048828125,,,,,,,6019.7998046875,,4.564000129699707
1998-09-30,,423.9007263183594,2511.300048828125,3197.949951171875,,,,,,,5760.39990234375,,4.409999847412109
1998-10-01,,406.5753173828125,2491.89990234375,3038.010009765625,,,,,,,5486.0,,4.303999900817871
1998-10-02,,385.0751037597656,2449.10009765625,3039.139892578125,,,,,,,5256.39990234375,,4.28000020980835
1998-10-05,,376.326171875,2427.60009765625,2979.889892578125,,,,,,,5126.5,,4.14900016784668
1998-10-06,,398.5025329589844,2401.5,3136.47998046875,,,,,,,5523.7001953125,,4.21999979019165
1998-10-07,,388.9413146972656,2451.89990234375,3097.68994140625,,,,,,,5462.10009765625,,4.39300012588501
1998-10-08,,375.58197021484375,2412.60009765625,2959.969970703125,,,,,,,5293.7001953125,,4.546000003814697
1998-10-09,,386.2186279296875,2400.60009765625,3092.89990234375,,,,,,,5419.0,,4.771999835968018
1998-10-12,,408.2452392578125,2416.39990234375,3263.320068359375,,,,,,,5737.89990234375,,
1998-10-13,,416.390625,2406.10009765625,3278.85009765625,,,,,,,5744.89990234375,,4.723999977111816
1998-10-14,,423.81903076171875,2383.0,3361.0400390625,,,,,,,5922.5,,4.556000232696533
1998-10-15,,427.1634216308594,2377.89990234375,3362.260009765625,,,,,,,6046.39990234375,,4.559999942779541
1998-10-16,,432.3320007324219,2432.300048828125,3390.10009765625,,,,,,,6066.10009765625,,4.416999816894531
1998-10-19,,427.2087707519531,2435.199951171875,3395.35009765625,,,,,,,6044.7998046875,,4.435999870300293
1998-10-20,,442.4513244628906,2434.89990234375,3492.52001953125,,,,,,,6194.0,,4.519999980926514
1998-10-21,,440.4682922363281,2464.10009765625,3440.780029296875,,,,,,,6134.10009765625,,4.551000118255615
1998-10-22,,441.22613525390625,2464.39990234375,3420.919921875,,,,,,,6225.89990234375,,4.581999778747559
1998-10-23,,436.92425537109375,2467.300048828125,3393.760009765625,,,,,,,6226.89990234375,,4.663000106811523
1998-10-26,,438.0632629394531,2484.60009765625,3449.47998046875,,,,,,,6322.2998046875,,4.697999954223633
1998-10-27,,451.74932861328125,2501.699951171875,3550.75,,,,,,,6449.7998046875,,4.589000225067139
1998-10-28,,442.61016845703125,2533.199951171875,3493.60009765625,,,,,,,6411.39990234375,,4.577000141143799
1998-10-29,,441.3940124511719,2532.800048828125,3483.429931640625,,,,,,,6428.60009765625,,4.506999969482422
1998-10-30,,450.67840576171875,2563.0,3522.929931640625,,,,,,,6550.60009765625,,4.603000164031982
1998-11-02,,467.6679992675781,2589.60009765625,3569.60009765625,,,,,,,6642.39990234375,,4.74399995803833
1998-11-03,,469.39239501953125,2596.10009765625,3583.639892578125,,,,,,,6596.5,,4.739999771118164
1998-11-04,,480.9230041503906,2601.39990234375,3684.159912109375,,,,,,,6745.39990234375,,4.879000186920166
1998-11-05,,474.1298828125,2593.60009765625,3596.179931640625,,,,,,,6557.5,,4.817999839782715
1998-11-06,,479.7885437011719,2618.5,3588.6298828125,,,,,,,6649.2998046875,,4.921999931335449
1998-11-09,,481.1544189453125,2612.10009765625,3585.320068359375,,,,,,,6651.10009765625,,4.866000175476074
1998-11-10,,473.20416259765625,2606.0,3544.739990234375,,,,,,,6564.10009765625,,4.817999839782715
1998-11-11,,477.5332336425781,2649.60009765625,,,,,,,,6657.39990234375,,
1998-11-12,,471.3481750488281,2635.10009765625,3560.22998046875,,,,,,,6753.2998046875,,4.769999980926514
1998-11-13,,468.9204406738281,2606.60009765625,3562.22998046875,,,,,,,6703.89990234375,,4.806000232696533
1998-11-16,,480.4828186035156,2599.800048828125,3621.85009765625,,,,,,,6774.60009765625,,4.8379998207092285
1998-11-17,,478.8900451660156,2600.0,3601.570068359375,,,,,,,6789.0,,4.849999904632568
1998-11-18,,478.1050109863281,2591.0,3612.5,,,,,,,6850.89990234375,,4.8420000076293945
1998-11-19,,486.9809875488281,2597.800048828125,3706.760009765625,,,,,,,6993.7998046875,,4.8460001945495605
1998-11-20,,503.6211853027344,2619.199951171875,3802.699951171875,,,,,,,7138.0,,4.809999942779541
1998-11-23,,513.15966796875,2664.89990234375,3845.81005859375,,,,,,,7334.2998046875,,4.829999923706055
1998-11-24,,506.6524353027344,2677.5,3839.3798828125,,,,,,,7170.2998046875,,4.8420000076293945
1998-11-25,,505.8537902832031,2668.800048828125,3849.840087890625,,,,,,,7055.7998046875,,4.822000026702881
1998-11-26,,514.9022216796875,2691.39990234375,3915.530029296875,,,,,,,7161.10009765625,,
1998-11-27,,515.3151245117188,2689.300048828125,3950.93994140625,,,,,,,7216.39990234375,,4.802000045776367
1998-11-30,,499.43731689453125,2685.60009765625,3843.3798828125,,,,,,,7083.10009765625,,4.72599983215332
1998-12-01,,475.89508056640625,2646.0,3688.340087890625,,,,,,,6784.2998046875,,4.658999919891357
1998-12-02,,466.34295654296875,2672.39990234375,3649.909912109375,,,,,,,6747.0,,4.567999839782715
1998-12-03,,477.71929931640625,2630.39990234375,3715.669921875,,,,,,,6813.2998046875,,4.564000129699707
1998-12-04,,484.5804748535156,2637.10009765625,3738.590087890625,,,,,,,6822.7001953125,,4.60699987411499
1998-12-07,,487.1851806640625,2657.5,3771.219970703125,,,,,,,6859.0,,4.677999973297119
1998-12-08,,489.33612060546875,2673.10009765625,3765.409912109375,,,,,,,6810.39990234375,,4.59499979019165
1998-12-09,,495.52569580078125,2655.5,3772.610107421875,,,,,,,6814.2001953125,,4.547999858856201
1998-12-10,,495.8251953125,2671.0,3746.969970703125,,,,,,,6699.10009765625,,4.520999908447266
1998-12-11,,486.0870361328125,2636.699951171875,3695.699951171875,,,,,,,6662.5,,4.603000164031982
1998-12-14,,483.5594787597656,2586.89990234375,3663.2099609375,,,,,,,6659.2998046875,,4.576000213623047
1998-12-15,,491.8500671386719,2596.60009765625,3673.760009765625,,,,,,,6768.2001953125,,4.61899995803833
1998-12-16,,497.8536071777344,2602.699951171875,3707.469970703125,,,,,,,6886.5,,4.571000099182129
1998-12-17,,505.1867370605469,2640.0,3751.169921875,,,,,,,7041.0,,4.559999942779541
1998-12-18,,507.2650451660156,2652.300048828125,3691.889892578125,,,,,,,7003.7001953125,,4.571000099182129
1998-12-21,,522.9613647460938,2641.199951171875,3803.409912109375,,,,,,,7170.39990234375,,4.625999927520752
1998-12-22,,524.27734375,2666.199951171875,3820.469970703125,,,,,,,7091.2001953125,,4.690000057220459
1998-12-23,,532.7993774414062,2659.800048828125,3872.419921875,,,,,,,7160.7998046875,,4.781000137329102
1998-12-24,,534.8278198242188,2667.800048828125,,,,,,,,,,4.8460001945495605
1998-12-28,,541.08544921875,,3873.10009765625,,,,,,,7255.5,,4.769000053405762
1998-12-29,,542.1200561523438,2669.60009765625,3891.10009765625,,,,,,,7203.0,,4.701000213623047
1998-12-30,,538.3582153320312,2689.800048828125,3942.659912109375,,,,,,,7160.7001953125,,4.642000198364258
1998-12-31,,,2717.60009765625,,,,,,,,,,4.638000011444092
1999-01-04,,558.9500122070312,2732.199951171875,4147.5,,,,,,,7441.7998046875,,4.677000045776367
1999-01-05,,566.510009765625,2716.60009765625,4200.77978515625,,,,,,,7545.7998046875,,4.729000091552734
1999-01-06,,583.6599731445312,2755.60009765625,4294.81982421875,,,,,,,7668.7998046875,,4.7210001945495605
1999-01-07,,561.0800170898438,2800.39990234375,4230.669921875,,,,,,,7549.7001953125,,4.764999866485596
1999-01-08,,559.27001953125,2757.39990234375,4245.419921875,,,,,,,7633.7001953125,,4.8420000076293945
1999-01-11,,545.77001953125,2749.699951171875,4201.89990234375,,,,,,,7464.39990234375,,4.874000072479248
1999-01-12,,536.239990234375,2746.60009765625,4100.7001953125,,,,,,,7427.2001953125,,4.809999942779541
1999-01-13,,507.2900085449219,2721.39990234375,3958.719970703125,,,,,,,7125.0,,4.7210001945495605
1999-01-14,,514.1099853515625,2704.10009765625,3997.06005859375,,,,,,,7088.0,,4.613999843597412
1999-01-15,,528.5700073242188,2709.39990234375,4054.81005859375,,,,,,,7218.10009765625,,4.669000148773193
1999-01-18,,544.2100219726562,2724.89990234375,4151.68017578125,,,,,,,7248.10009765625,,
1999-01-19,,548.8800048828125,2747.300048828125,4115.990234375,,,,,,,7207.7001953125,,4.701000213623047
1999-01-20,,553.1799926757812,2764.800048828125,4190.009765625,,,,,,,7300.2001953125,,4.744999885559082
1999-01-21,,543.7899780273438,2743.199951171875,4154.02978515625,,,,,,,7125.39990234375,,4.689000129699707
1999-01-22,,518.72998046875,2736.699951171875,4019.330078125,,,,,,,7036.39990234375,,4.629000186920166
1999-01-25,,525.3599853515625,2713.10009765625,4050.800048828125,,,,,,,7076.2001953125,,4.6529998779296875
1999-01-26,,526.6400146484375,,4071.280029296875,,,,,,,7074.60009765625,,4.681000232696533
1999-01-27,,531.5900268554688,2738.800048828125,4098.10009765625,,,,,,,7030.2001953125,,4.672999858856201
1999-01-28,,538.97998046875,2765.10009765625,4199.669921875,,,,,,,7137.7998046875,,4.664999961853027
1999-01-29,,532.0900268554688,2781.699951171875,4251.7998046875,,,,,,,7201.2001953125,,4.6529998779296875
1999-02-01,,540.010009765625,2805.0,4303.919921875,,,,,,,7291.2001953125,,4.744999885559082
1999-02-02,,532.7899780273438,2790.199951171875,4243.56982421875,,,,,,,7225.10009765625,,4.784999847412109
1999-02-03,,527.1199951171875,2803.60009765625,4188.83984375,,,,,,,7193.0,,4.822000026702881
1999-02-04,,531.27001953125,2823.800048828125,4167.419921875,,,,,,,7137.2001953125,,4.88700008392334
1999-02-05,,534.3599853515625,2794.800048828125,4147.2998046875,,,,,,,7137.0,,4.932000160217285
1999-02-08,,528.239990234375,2784.39990234375,4154.02001953125,,,,,,,7055.89990234375,,4.923999786376953
1999-02-09,,518.0599975585938,2780.199951171875,4038.489990234375,,,,,,,6943.0,,4.890999794006348
1999-02-10,,512.489990234375,2747.199951171875,4001.929931640625,,,,,,,6891.2001953125,,4.900000095367432
1999-02-11,,518.0700073242188,2758.39990234375,4072.340087890625,,,,,,,6898.89990234375,,4.9079999923706055
1999-02-12,,523.3300170898438,2777.89990234375,4060.360107421875,,,,,,,6963.10009765625,,5.052000045776367
1999-02-15,,523.3099975585938,2768.300048828125,4065.18994140625,,,,,,,6988.5,,
1999-02-16,,522.8400268554688,2753.39990234375,4052.320068359375,,,,,,,7015.2001953125,,5.0279998779296875
1999-02-17,,514.1500244140625,2771.89990234375,3985.489990234375,,,,,,,7045.89990234375,,4.978000164031982
1999-02-18,,512.1900024414062,2772.300048828125,4039.409912109375,,,,,,,6981.60009765625,,5.0279998779296875
1999-02-19,,517.6300048828125,2807.89990234375,4130.47998046875,,,,,,,6942.7001953125,,5.060999870300293
1999-02-22,,528.3099975585938,2799.39990234375,4165.85986328125,,,,,,,7076.7001953125,,5.015999794006348
1999-02-23,,536.6900024414062,2811.0,4207.9501953125,,,,,,,7145.7001953125,,5.078000068664551
1999-02-24,,538.8400268554688,2819.10009765625,4213.7001953125,,,,,,,7233.7001953125,,5.1620001792907715
1999-02-25,,534.510009765625,2790.89990234375,4152.56005859375,,,,,,,7101.7998046875,,5.293000221252441
1999-02-26,,536.1199951171875,2768.39990234375,4092.93994140625,,,,,,,7063.7998046875,,5.271999835968018
1999-03-01,,527.3099975585938,2794.10009765625,4032.050048828125,,,,,,,6995.0,,5.383999824523926
1999-03-02,,526.0900268554688,2776.60009765625,4048.6298828125,,,,,,,6976.5,,5.341000080108643
1999-03-03,,519.1599731445312,2773.10009765625,4004.159912109375,,,,,,,6986.10009765625,,5.375999927520752
1999-03-04,,515.9199829101562,2769.39990234375,4087.989990234375,,,,,,,7106.7998046875,,5.401000022888184
1999-03-05,,529.5399780273438,2785.5,4189.56005859375,,,,,,,7213.2998046875,,5.315999984741211
1999-03-08,,525.52001953125,2811.10009765625,4175.97021484375,,,,,,,7185.89990234375,,5.2779998779296875
1999-03-09,,522.27001953125,2801.800048828125,4159.7998046875,,,,,,,7267.2001953125,,5.171999931335449
1999-03-10,,520.6599731445312,2812.199951171875,4162.31005859375,,,,,,,7209.39990234375,,5.189000129699707
1999-03-11,,527.5800170898438,2831.10009765625,4184.3798828125,,,,,,,7322.60009765625,,5.197000026702881
1999-03-12,,533.02001953125,2843.300048828125,4175.02978515625,,,,,,,7250.7001953125,,5.151000022888184
1999-03-15,,535.0499877929688,2874.10009765625,4185.1201171875,,,,,,,7240.89990234375,,5.130000114440918
1999-03-16,,540.6400146484375,2874.5,4186.35009765625,,,,,,,7218.89990234375,,5.0970001220703125
1999-03-17,,539.969970703125,2864.0,4170.009765625,,,,,,,7231.7998046875,,5.122000217437744
1999-03-18,,537.5900268554688,2857.89990234375,4152.3701171875,,,,,,,7195.7001953125,,5.10099983215332
1999-03-19,,547.1699829101562,2876.10009765625,4219.64990234375,,,,,,,7208.2998046875,,5.1479997634887695
1999-03-22,,544.27001953125,2881.300048828125,4197.06005859375,,,,,,,7153.60009765625,,5.193999767303467
1999-03-23,,532.6799926757812,2885.800048828125,4079.469970703125,,,,,,,7013.60009765625,,5.185999870300293
1999-03-24,,525.72998046875,2865.5,4058.159912109375,,,,,,,6949.0,,5.156000137329102
1999-03-25,,533.97998046875,2887.300048828125,4137.009765625,,,,,,,7082.2001953125,,5.203000068664551
1999-03-26,,525.5599975585938,2896.300048828125,4115.7099609375,,,,,,,7008.2001953125,,5.198999881744385
1999-03-29,,534.5599975585938,2873.300048828125,4153.64990234375,,,,,,,7086.2998046875,,5.258999824523926
1999-03-30,,534.4000244140625,2894.0,4141.97998046875,,,,,,,7024.10009765625,,5.190999984741211
1999-03-31,,536.9299926757812,2867.0,4197.8798828125,,,,,,,7130.2001953125,,5.234000205993652
1999-04-01,,533.6300048828125,2872.699951171875,4229.85009765625,,,,,,,7132.39990234375,,5.271999835968018
1999-04-05,,,,,,,,,,,,,5.183000087738037
1999-04-06,,536.3400268554688,2938.60009765625,4304.47998046875,,,,,,,7170.0,,5.119999885559082
1999-04-07,,542.5499877929688,2938.300048828125,4318.0400390625,,,,,,,7216.7998046875,,5.124000072479248
1999-04-08,,537.6699829101562,2969.39990234375,4330.7001953125,,,,,,,7332.89990234375,,5.019000053405762
1999-04-09,,537.72998046875,2971.699951171875,4363.14013671875,,,,,,,7386.89990234375,,5.035999774932861
1999-04-12,,536.1699829101562,2955.10009765625,4355.0,,,,,,,7352.89990234375,,5.039999961853027
1999-04-13,,540.989990234375,2990.89990234375,4367.41015625,,,,,,,7366.2001953125,,5.098999977111816
1999-04-14,,543.5999755859375,3003.0,4349.259765625,,,,,,,7378.2001953125,,5.111999988555908
1999-04-15,,542.2000122070312,3011.39990234375,4310.64013671875,,,,,,,7234.10009765625,,5.150000095367432
1999-04-16,,548.4400024414062,3021.89990234375,4300.91015625,,,,,,,7164.7998046875,,5.205999851226807
1999-04-19,,559.3900146484375,3040.60009765625,4379.33984375,,,,,,,7248.7998046875,,5.168000221252441
1999-04-20,,549.6199951171875,3013.800048828125,4253.27001953125,,,,,,,7129.39990234375,,5.133999824523926
1999-04-21,,555.2100219726562,2993.89990234375,4291.60009765625,,,,,,,7124.7001953125,,5.133999824523926
1999-04-22,,561.5599975585938,3042.199951171875,4291.85009765625,,,,,,,7179.7998046875,,5.236000061035156
1999-04-23,,561.22998046875,3045.699951171875,4262.43017578125,,,,,,,7145.7998046875,,5.236999988555908
1999-04-26,,565.780029296875,3052.89990234375,4284.39990234375,,,,,,,7254.7001953125,,5.210999965667725
1999-04-27,,574.4099731445312,3067.5,4390.919921875,,,,,,,7377.2998046875,,5.206999778747559
1999-04-28,,575.030029296875,3044.699951171875,4374.7001953125,,,,,,,7360.89990234375,,5.241000175476074
1999-04-29,,573.52001953125,3031.60009765625,4371.52978515625,,,,,,,7304.60009765625,,5.190000057220459
1999-04-30,,,3027.800048828125,4405.35009765625,,,,,,,7335.5,,5.349999904632568
1999-05-03,,575.77001953125,3001.60009765625,4442.83984375,,,,,,,7443.10009765625,,5.359000205993652
1999-05-04,,578.6699829101562,3016.800048828125,4438.5498046875,,,,,,,7355.89990234375,,5.4070000648498535
1999-05-05,,570.0800170898438,2974.800048828125,4368.169921875,,,,,,,7283.7998046875,,5.385000228881836
1999-05-06,,564.5599975585938,2973.699951171875,4333.240234375,,,,,,,7234.89990234375,,5.494999885559082
1999-05-07,,565.9400024414062,2923.800048828125,4289.56005859375,,,,,,,7215.39990234375,,5.534999847412109
1999-05-10,,562.0,2925.60009765625,4347.14990234375,,,,,,,7225.60009765625,,5.513999938964844
1999-05-11,,559.77001953125,2917.699951171875,4349.97998046875,,,,,,,7202.2001953125,,5.571000099182129
1999-05-12,,556.8400268554688,2944.89990234375,4354.7900390625,,,,,,,7161.5,,5.558000087738037
1999-05-13,,,2958.89990234375,4415.8798828125,,,,,,,,,5.389999866485596
1999-05-14,,552.1500244140625,2984.60009765625,4323.830078125,,,,,,,7071.10009765625,,5.603000164031982
1999-05-17,,543.8400268554688,2920.39990234375,4248.93994140625,,,,,,,6910.89990234375,,5.64900016784668
1999-05-18,,550.2000122070312,2930.89990234375,4312.740234375,,,,,,,7007.7998046875,,5.660999774932861
1999-05-19,,558.0,2914.300048828125,4375.91015625,,,,,,,7034.89990234375,,5.59499979019165
1999-05-20,,564.8900146484375,2883.800048828125,4421.91015625,,,,,,,7109.10009765625,,5.581999778747559
1999-05-21,,567.1699829101562,2881.10009765625,4398.1298828125,,,,,,,7055.2001953125,,5.515999794006348
1999-05-24,,,2881.0,,,,,,,,,,5.492000102996826
1999-05-25,,560.9400024414062,2840.5,4373.77978515625,,,,,,,6887.60009765625,,5.479000091552734
1999-05-26,,559.9000244140625,2847.5,4376.68017578125,,,,,,,6895.10009765625,,5.5370001792907715
1999-05-27,,553.1300048828125,2832.199951171875,4326.43994140625,,,,,,,6750.60009765625,,5.611999988555908
1999-05-28,,552.3800048828125,2820.699951171875,4315.0400390625,,,,,,,6787.89990234375,,5.611000061035156
1999-05-31,,554.0599975585938,2831.89990234375,4351.2900390625,,,,,,,6911.60009765625,,
1999-06-01,,553.1900024414062,2848.60009765625,4313.68994140625,,,,,,,6877.89990234375,,5.765999794006348
1999-06-02,,556.5599975585938,2851.60009765625,4315.33984375,,,,,,,6970.7998046875,,5.7829999923706055
1999-06-03,,564.030029296875,2883.39990234375,4354.52001953125,,,,,,,7060.2001953125,,5.788000106811523
1999-06-04,,566.530029296875,2873.0,4344.25,,,,,,,7156.39990234375,,5.809000015258789
1999-06-07,,568.47998046875,2888.60009765625,4404.240234375,,,,,,,7215.10009765625,,5.796000003814697
1999-06-08,,566.7000122070312,2908.89990234375,4407.580078125,,,,,,,7194.7998046875,,5.817999839782715
1999-06-09,,568.739990234375,2923.800048828125,4422.39013671875,,,,,,,7190.60009765625,,5.855999946594238
1999-06-10,,564.280029296875,2919.0,4380.990234375,,,,,,,7026.39990234375,,5.915999889373779
1999-06-11,,567.4400024414062,2890.0,4385.830078125,,,,,,,7054.60009765625,,5.998000144958496
1999-06-14,,565.6300048828125,,4372.39013671875,,,,,,,7030.7998046875,,5.9679999351501465
1999-06-15,,565.4299926757812,2888.5,4418.18017578125,,,,,,,7060.10009765625,,5.959000110626221
1999-06-16,,570.72998046875,2889.199951171875,4481.75,,,,,,,7103.10009765625,,5.938000202178955
1999-06-17,,572.8099975585938,2933.800048828125,4508.77001953125,,,,,,,7153.0,,5.776000022888184
1999-06-18,,576.030029296875,2939.10009765625,4539.56005859375,,,,,,,7189.7998046875,,5.822000026702881
1999-06-21,,582.719970703125,2934.5,4545.08984375,,,,,,,7266.39990234375,,5.890999794006348
1999-06-22,,577.6799926757812,2955.39990234375,4538.0400390625,,,,,,,7168.0,,5.929999828338623
1999-06-23,,571.9000244140625,2936.89990234375,4481.66015625,,,,,,,7076.0,,6.002999782562256
1999-06-24,,567.1199951171875,2903.60009765625,4434.2099609375,,,,,,,7031.0,,6.0289998054504395
1999-06-25,,561.6500244140625,2905.199951171875,4416.89013671875,,,,,,,6964.0,,6.01200008392334
1999-06-28,,563.719970703125,2932.89990234375,4465.22998046875,,,,,,,6945.89990234375,,5.958000183105469
1999-06-29,,565.5499877929688,2930.89990234375,4503.830078125,,,,,,,7007.0,,5.926000118255615
1999-06-30,,561.1900024414062,2903.699951171875,4536.60986328125,,,,,,,6908.89990234375,,5.809999942779541
1999-07-01,,570.4600219726562,2939.0,4609.259765625,,,,,,,7091.5,,5.840000152587891
1999-07-02,,572.02001953125,2968.199951171875,4620.669921875,,,,,,,7206.2001953125,,5.822999954223633
1999-07-05,,582.0499877929688,3017.5,4697.83984375,,,,,,,7292.2001953125,,
1999-07-06,,581.260009765625,3019.699951171875,4692.509765625,,,,,,,7203.0,,5.866000175476074
1999-07-07,,579.010009765625,3003.300048828125,4662.2001953125,,,,,,,7155.7998046875,,5.892000198364258
1999-07-08,,578.7899780273438,3021.0,4631.1298828125,,,,,,,7171.89990234375,,5.831999778747559
1999-07-09,,586.8900146484375,2976.800048828125,4647.830078125,,,,,,,7156.10009765625,,5.822999954223633
1999-07-12,,588.3499755859375,2982.699951171875,4662.27978515625,,,,,,,7176.7001953125,,5.7210001945495605
1999-07-13,,582.1699829101562,2996.699951171875,4594.64990234375,,,,,,,7066.0,,5.691999912261963
1999-07-14,,589.3699951171875,2992.199951171875,,,,,,,,7093.89990234375,,5.7210001945495605
1999-07-15,,594.3400268554688,3001.39990234375,4665.669921875,,,,,,,7112.5,,5.709000110626221
1999-07-16,,588.6300048828125,2990.60009765625,4656.7900390625,,,,,,,7077.2001953125,,5.671000003814697
1999-07-19,,588.8699951171875,3013.39990234375,4618.75,,,,,,,7104.2001953125,,5.650000095367432
1999-07-20,,575.25,3053.89990234375,4548.31005859375,,,,,,,6990.7998046875,,5.629000186920166
1999-07-21,,567.72998046875,3040.800048828125,4501.27001953125,,,,,,,7016.89990234375,,5.650000095367432
1999-07-22,,559.489990234375,3013.5,4489.56982421875,,,,,,,6949.7001953125,,5.769000053405762
1999-07-23,,556.4299926757812,2994.699951171875,4440.4501953125,,,,,,,6802.10009765625,,5.828999996185303
1999-07-26,,548.5499877929688,2977.199951171875,4395.91015625,,,,,,,6729.60009765625,,5.8460001945495605
1999-07-27,,551.4299926757812,2981.800048828125,4426.1201171875,,,,,,,6817.89990234375,,5.798999786376953
1999-07-28,,556.1799926757812,2988.0,4428.7099609375,,,,,,,6829.2001953125,,5.785999774932861
1999-07-29,,546.0599975585938,2989.199951171875,4306.39990234375,,,,,,,6713.60009765625,,5.86299991607666
1999-07-30,,552.77001953125,2951.0,4382.06005859375,,,,,,,6887.39990234375,,5.9070000648498535
1999-08-02,,544.25,2937.10009765625,4377.8701171875,,,,,,,6925.60009765625,,5.910999774932861
1999-08-03,,539.9299926757812,2969.10009765625,4354.75,,,,,,,6916.7001953125,,5.941999912261963
1999-08-04,,540.6799926757812,2940.60009765625,4326.2001953125,,,,,,,6895.2001953125,,5.946000099182129
1999-08-05,,529.02001953125,2957.39990234375,4240.7001953125,,,,,,,6751.10009765625,,5.876999855041504
1999-08-06,,535.0999755859375,2946.60009765625,4223.64013671875,,,,,,,6710.5,,6.006999969482422
1999-08-09,,543.3900146484375,2919.800048828125,4292.89990234375,,,,,,,6721.7998046875,,6.118000030517578
1999-08-10,,536.7899780273438,2898.199951171875,4245.35009765625,,,,,,,6616.7001953125,,6.144000053405762
1999-08-11,,541.8499755859375,2873.60009765625,4268.9501953125,,,,,,,6686.0,,6.109000205993652
1999-08-12,,553.3099975585938,2880.0,4365.66015625,,,,,,,6806.10009765625,,6.066999912261963
1999-08-13,,564.4400024414062,2901.5,4434.27978515625,,,,,,,6934.39990234375,,5.974999904632568
1999-08-16,,566.4299926757812,2954.5,4458.75,,,,,,,6988.89990234375,,5.966000080108643
1999-08-17,,573.030029296875,2922.60009765625,4479.75,,,,,,,6993.7998046875,,5.874000072479248
1999-08-18,,570.0999755859375,2958.199951171875,4479.259765625,,,,,,,6988.7998046875,,5.866000175476074
1999-08-19,,560.52001953125,2956.0,4408.89990234375,,,,,,,6990.89990234375,,5.882999897003174
1999-08-20,,564.5399780273438,2955.60009765625,4472.0,,,,,,,7051.5,,5.869999885559082
1999-08-23,,571.3699951171875,2992.699951171875,4487.35009765625,,,,,,,7147.5,,5.882999897003174
1999-08-24,,572.6199951171875,2980.800048828125,4540.39990234375,,,,,,,7104.2998046875,,5.836999893188477
1999-08-25,,583.7999877929688,2957.699951171875,4629.22998046875,,,,,,,7142.7001953125,,5.7170000076293945
1999-08-26,,586.1099853515625,2970.0,4629.3701171875,,,,,,,7141.89990234375,,5.73799991607666
1999-08-27,,584.8900146484375,2945.0,4642.7099609375,,,,,,,7167.7001953125,,5.841000080108643
1999-08-30,,584.3599853515625,2917.5,4657.43994140625,,,,,,,7155.0,,5.940999984741211
1999-08-31,,572.4199829101562,2875.699951171875,4589.22021484375,,,,,,,7008.7998046875,,5.979000091552734
1999-09-01,,572.3300170898438,2920.5,4633.3798828125,,,,,,,7094.5,,5.973999977111816
1999-09-02,,565.0,2919.300048828125,4550.60009765625,,,,,,,7014.89990234375,,6.01200008392334
1999-09-03,,578.6300048828125,2887.300048828125,4672.3701171875,,,,,,,7137.60009765625,,5.882999897003174
1999-09-06,,587.2000122070312,2922.199951171875,4668.0400390625,,,,,,,7200.10009765625,,
1999-09-07,,586.5700073242188,2921.300048828125,4679.93017578125,,,,,,,7187.7001953125,,5.936999797821045
1999-09-08,,582.3099975585938,2928.699951171875,4680.60986328125,,,,,,,7160.2001953125,,5.920000076293945
1999-09-09,,587.4000244140625,2939.89990234375,4717.419921875,,,,,,,7193.7001953125,,5.958000183105469
1999-09-10,,591.6699829101562,2936.60009765625,4745.47998046875,,,,,,,7171.89990234375,,5.890999794006348
1999-09-13,,587.5900268554688,2909.39990234375,4716.77978515625,,,,,,,7059.0,,5.9079999923706055
1999-09-14,,582.760009765625,2904.89990234375,4697.39013671875,,,,,,,7030.7001953125,,5.949999809265137
1999-09-15,,582.8400268554688,2864.199951171875,4662.02001953125,,,,,,,7048.10009765625,,5.928999900817871
1999-09-16,,576.7000122070312,2832.10009765625,4640.5498046875,,,,,,,6985.0,,5.890999794006348
1999-09-17,,572.1199951171875,2842.0,4644.31982421875,,,,,,,7026.60009765625,,5.854000091552734
1999-09-20,,576.5800170898438,2836.60009765625,4680.490234375,,,,,,,7072.2998046875,,5.9019999504089355
1999-09-21,,564.739990234375,2826.800048828125,4612.93017578125,,,,,,,7043.0,,5.922999858856201
1999-09-22,,564.1300048828125,2828.199951171875,4568.1201171875,,,,,,,7018.0,,5.914999961853027
1999-09-23,,565.47998046875,2853.800048828125,4601.240234375,,,,,,,7065.7998046875,,5.8520002365112305
1999-09-24,,554.3300170898438,2821.800048828125,4540.8701171875,,,,,,,6965.7001953125,,5.738999843597412
1999-09-27,,562.4000244140625,2844.0,4596.60009765625,,,,,,,7061.39990234375,,5.817999839782715
1999-09-28,,554.9600219726562,2857.699951171875,4543.919921875,,,,,,,6917.39990234375,,5.872000217437744
1999-09-29,,554.2100219726562,2834.89990234375,4535.080078125,,,,,,,6892.7998046875,,5.947999954223633
1999-09-30,,547.4500122070312,2817.0,4591.419921875,,,,,,,6907.39990234375,,5.885000228881836
1999-10-01,,539.0800170898438,2848.800048828125,4550.56982421875,,,,,,,6878.60009765625,,5.986000061035156
1999-10-04,,547.72998046875,2831.800048828125,4603.240234375,,,,,,,7007.89990234375,,5.934999942779541
1999-10-05,,553.260009765625,2854.60009765625,4661.1298828125,,,,,,,6999.0,,6.019999980926514
1999-10-06,,554.47998046875,2836.699951171875,4691.72021484375,,,,,,,7024.5,,6.0329999923706055
1999-10-07,,555.77001953125,2851.60009765625,4742.259765625,,,,,,,7065.2001953125,,6.0329999923706055
1999-10-08,,554.8400268554688,2837.199951171875,4721.93017578125,,,,,,,7096.5,,6.02400016784668
1999-10-11,,559.77001953125,2865.0,4722.35009765625,,,,,,,7110.0,,
1999-10-12,,556.1199951171875,2871.10009765625,4658.5400390625,,,,,,,7023.0,,6.058000087738037
1999-10-13,,552.0,2845.10009765625,4602.85009765625,,,,,,,6952.2998046875,,6.113999843597412
1999-10-14,,547.25,2841.199951171875,4583.6298828125,,,,,,,6952.7998046875,,6.1570000648498535
1999-10-15,,537.969970703125,2801.699951171875,4524.419921875,,,,,,,6787.2001953125,,6.066999912261963
1999-10-18,,529.1300048828125,2740.699951171875,4495.2998046875,,,,,,,6712.10009765625,,6.110000133514404
1999-10-19,,538.4099731445312,2722.300048828125,4591.2001953125,,,,,,,6871.2998046875,,6.165999889373779
1999-10-20,,544.2100219726562,2763.39990234375,4577.830078125,,,,,,,6858.0,,6.178999900817871
1999-10-21,,537.5900268554688,2768.0,4602.39013671875,,,,,,,6783.0,,6.183000087738037
1999-10-22,,549.27001953125,2774.60009765625,4677.7998046875,,,,,,,6876.89990234375,,6.191999912261963
1999-10-25,,547.8200073242188,2789.89990234375,4669.27978515625,,,,,,,6820.2998046875,,6.204999923706055
1999-10-26,,552.280029296875,2765.0,4706.58984375,,,,,,,6890.39990234375,,6.2270002365112305
1999-10-27,,552.3900146484375,2764.60009765625,4695.0498046875,,,,,,,6873.89990234375,,6.183000087738037
1999-10-28,,568.1400146484375,2790.89990234375,4748.6201171875,,,,,,,7037.10009765625,,6.105999946594238
1999-10-29,,571.8200073242188,2821.39990234375,4888.6201171875,,,,,,,7160.2998046875,,6.002999782562256
1999-11-01,,569.1900024414062,2834.300048828125,,,,,,,,7156.89990234375,,6.046000003814697
1999-11-02,,568.989990234375,2849.800048828125,4898.52001953125,,,,,,,7189.7001953125,,6.019999980926514
1999-11-03,,579.1699829101562,2872.800048828125,4917.83984375,,,,,,,7265.2001953125,,5.999000072479248
1999-11-04,,584.760009765625,2882.0,4943.740234375,,,,,,,7301.2998046875,,5.942999839782715
1999-11-05,,582.9299926757812,2864.60009765625,4975.89990234375,,,,,,,7345.5,,5.90500020980835
1999-11-08,,582.1300048828125,2833.199951171875,4994.77001953125,,,,,,,7348.89990234375,,5.934999942779541
1999-11-09,,583.3900146484375,2843.10009765625,4997.56005859375,,,,,,,7343.0,,5.947000026702881
1999-11-10,,587.1799926757812,2883.60009765625,5051.830078125,,,,,,,7359.2001953125,,5.980999946594238
1999-11-11,,594.7999877929688,2926.699951171875,5132.080078125,,,,,,,7421.2001953125,,
1999-11-12,,589.8699951171875,2954.800048828125,5141.509765625,,,,,,,,,5.913000106811523
1999-11-15,,599.7100219726562,2956.199951171875,5178.1298828125,,,,,,,7415.7998046875,,5.916999816894531
1999-11-16,,604.1099853515625,2950.39990234375,5191.009765625,,,,,,,7419.2001953125,,5.952000141143799
1999-11-17,,603.530029296875,2979.10009765625,5178.22998046875,,,,,,,7398.39990234375,,6.02400016784668
1999-11-18,,607.6300048828125,3000.60009765625,5246.330078125,,,,,,,7402.60009765625,,6.050000190734863
1999-11-19,,607.1799926757812,3021.39990234375,5263.22998046875,,,,,,,7367.39990234375,,6.050000190734863
1999-11-22,,601.5700073242188,3002.0,5147.9599609375,,,,,,,7313.89990234375,,6.085000038146973
1999-11-23,,600.1300048828125,3000.199951171875,5152.8701171875,,,,,,,7279.7001953125,,6.076000213623047
1999-11-24,,598.969970703125,2972.60009765625,5189.3798828125,,,,,,,7243.89990234375,,6.076000213623047
1999-11-25,,608.9000244140625,2979.800048828125,5352.60009765625,,,,,,,7314.5,,
1999-11-26,,610.010009765625,2995.39990234375,5396.990234375,,,,,,,7359.7998046875,,6.105999946594238
1999-11-29,,611.0900268554688,2996.800048828125,5373.91015625,,,,,,,7400.0,,6.189000129699707
1999-11-30,,602.1099853515625,2970.300048828125,5341.6201171875,,,,,,,7399.7001953125,,6.163000106811523
1999-12-01,,602.5700073242188,2976.300048828125,5381.41015625,,,,,,,7478.39990234375,,6.192999839782715
1999-12-02,,606.1799926757812,3018.10009765625,5354.18994140625,,,,,,,7485.2998046875,,6.223999977111816
1999-12-03,,617.510009765625,3039.5,5468.0498046875,,,,,,,7547.2998046875,,6.163000106811523
1999-12-06,,611.75,3077.5,5509.97021484375,,,,,,,7441.2998046875,,6.140999794006348
1999-12-07,,611.989990234375,3048.300048828125,5534.509765625,,,,,,,7406.10009765625,,6.0980000495910645
1999-12-08,,610.5499877929688,3053.0,5487.1201171875,,,,,,,7336.5,,6.132999897003174
1999-12-09,,618.0800170898438,3083.60009765625,5548.6201171875,,,,,,,7342.7998046875,,6.119999885559082
1999-12-10,,619.3499755859375,3067.699951171875,5481.10009765625,,,,,,,7299.7001953125,,6.067999839782715
1999-12-13,,624.2899780273438,3054.10009765625,5535.759765625,,,,,,,7292.7001953125,,6.089000225067139
1999-12-14,,625.6400146484375,3058.699951171875,5564.47021484375,,,,,,,7308.2998046875,,6.203000068664551
1999-12-15,,622.1599731445312,3071.0,5530.1298828125,,,,,,,7247.7998046875,,6.242000102996826
1999-12-16,,627.8499755859375,3090.0,5540.16015625,,,,,,,7317.39990234375,,6.295000076293945
1999-12-17,,634.719970703125,3102.60009765625,5502.39990234375,,,,,,,7351.2998046875,,6.2870001792907715
1999-12-20,,643.52001953125,3101.699951171875,5521.10986328125,,,,,,,7389.7001953125,,6.340000152587891
1999-12-21,,643.6099853515625,3072.199951171875,5529.240234375,,,,,,,7301.39990234375,,6.357999801635742
1999-12-22,,653.6500244140625,3102.60009765625,5621.2900390625,,,,,,,7300.89990234375,,6.375999927520752
1999-12-23,,659.1099853515625,3082.0,5731.35009765625,,,,,,,7397.2001953125,,6.394000053405762
1999-12-24,,660.4299926757812,3099.89990234375,5852.5,,,,,,,,,
1999-12-27,,660.3699951171875,,5834.47021484375,,,,,,,7413.2998046875,,6.385000228881836
1999-12-28,,658.47998046875,,5827.080078125,,,,,,,7447.2001953125,,6.416999816894531
1999-12-29,,662.4500122070312,3104.89990234375,5837.75,,,,,,,7488.7001953125,,6.386000156402588
1999-12-30,,671.4099731445312,3117.699951171875,5958.31982421875,,,,,,,7570.10009765625,,6.368000030517578
1999-12-31,,,,,,,,,,,,,6.434999942779541
2000-01-03,,675.4400024414062,,5917.3701171875,,,,,,,,,6.547999858856201
2000-01-04,,642.25,3093.699951171875,5672.02001953125,,,,,,,7268.10009765625,,6.485000133514404
2000-01-05,,632.3099975585938,3018.699951171875,5479.7001953125,,,,,,,7181.2998046875,,6.598999977111816
2000-01-06,,624.2100219726562,2999.300048828125,5450.10986328125,,,,,,,7280.60009765625,,6.548999786376953
2000-01-07,,644.8599853515625,3023.39990234375,5539.60986328125,,,,,,,7448.0,,6.504000186920166
2000-01-10,,655.1400146484375,3084.0,5646.1201171875,,,,,,,7452.7998046875,,6.558000087738037
2000-01-11,,648.9400024414062,3160.800048828125,5613.89990234375,,,,,,,7420.10009765625,,6.664000034332275
2000-01-12,,638.4000244140625,3088.39990234375,5582.5,,,,,,,7440.2001953125,,6.696000099182129
2000-01-13,,642.2100219726562,3078.89990234375,5633.240234375,,,,,,,7436.89990234375,,6.618000030517578
2000-01-14,,655.5999755859375,3115.39990234375,5787.43994140625,,,,,,,7513.89990234375,,6.673999786376953
2000-01-17,,661.510009765625,3121.5,5842.77978515625,,,,,,,7507.0,,
2000-01-18,,647.719970703125,3128.0,5672.9501953125,,,,,,,7404.7998046875,,6.748000144958496
2000-01-19,,642.5900268554688,3080.5,5649.4599609375,,,,,,,7336.7998046875,,6.724999904632568
2000-01-20,,644.7899780273438,3112.5,5709.740234375,,,,,,,7251.2001953125,,6.748000144958496
2000-01-21,,641.469970703125,3073.39990234375,5681.31982421875,,,,,,,7236.0,,6.781000137329102
2000-01-24,,645.530029296875,3069.699951171875,5690.85986328125,,,,,,,7127.89990234375,,6.684000015258789
2000-01-25,,640.030029296875,3048.699951171875,5597.5,,,,,,,6954.7998046875,,6.684000015258789
2000-01-26,,637.3900146484375,,5646.31982421875,,,,,,,6963.60009765625,,6.679999828338623
2000-01-27,,634.8699951171875,3051.39990234375,5688.35009765625,,,,,,,7113.39990234375,,6.684999942779541
2000-01-28,,632.4600219726562,3064.60009765625,5731.0498046875,,,,,,,7029.60009765625,,6.6479997634887695
2000-01-31,,612.3800048828125,3080.199951171875,5659.81005859375,,,,,,,6894.7001953125,,6.666999816894531
2000-02-01,,619.22998046875,3072.300048828125,5773.419921875,,,,,,,7025.2001953125,,6.617000102996826
2000-02-02,,629.1500244140625,3110.300048828125,5946.85986328125,,,,,,,7097.39990234375,,6.5980000495910645
2000-02-03,,649.5900268554688,3142.39990234375,6149.669921875,,,,,,,7182.89990234375,,6.474999904632568
2000-02-04,,660.9500122070312,3118.699951171875,6275.72021484375,,,,,,,7148.7001953125,,6.517000198364258
2000-02-07,,652.4199829101562,3136.89990234375,6203.580078125,,,,,,,7131.2998046875,,6.63100004196167
2000-02-08,,667.6599731445312,3134.60009765625,6297.66015625,,,,,,,7130.89990234375,,6.598999977111816
2000-02-09,,667.1500244140625,3149.89990234375,6271.60009765625,,,,,,,7031.7001953125,,6.669000148773193
2000-02-10,,661.2899780273438,3192.300048828125,6207.52001953125,,,,,,,6998.0,,6.656000137329102
2000-02-11,,662.6799926757812,3167.300048828125,6287.009765625,,,,,,,6973.39990234375,,6.620999813079834
2000-02-14,,654.719970703125,3122.199951171875,6268.31982421875,,,,,,,6921.7001953125,,6.539000034332275
2000-02-15,,652.3400268554688,3152.300048828125,6092.6298828125,,,,,,,6806.39990234375,,6.552000045776367
2000-02-16,,660.719970703125,3150.39990234375,6046.27001953125,,,,,,,6933.2998046875,,6.546999931335449
2000-02-17,,667.969970703125,3140.800048828125,6154.9599609375,,,,,,,7029.39990234375,,6.568999767303467
2000-02-18,,655.1699829101562,3114.89990234375,6062.72021484375,,,,,,,7047.0,,6.482999801635742
2000-02-21,,649.3400268554688,3114.89990234375,5967.27978515625,,,,,,,6962.7001953125,,
2000-02-22,,647.280029296875,3097.0,5963.31005859375,,,,,,,7037.5,,6.3420000076293945
2000-02-23,,652.52001953125,3101.10009765625,6031.25,,,,,,,7091.7001953125,,6.427000045776367
2000-02-24,,653.5499877929688,3099.60009765625,6078.77978515625,,,,,,,7043.7998046875,,6.3460001945495605
2000-02-25,,662.5599975585938,3111.199951171875,6188.64013671875,,,,,,,6989.10009765625,,6.341000080108643
2000-02-28,,654.5399780273438,3106.699951171875,6102.72998046875,,,,,,,6917.7998046875,,6.414000034332275
2000-02-29,,664.280029296875,3124.60009765625,6190.9599609375,,,,,,,6910.10009765625,,6.408999919891357
2000-03-01,,668.6400146484375,3187.199951171875,6256.31982421875,,,,,,,6959.10009765625,,6.379000186920166
2000-03-02,,672.5900268554688,3219.800048828125,6477.5498046875,,,,,,,7052.39990234375,,6.395999908447266
2000-03-03,,680.510009765625,3232.60009765625,6514.10986328125,,,,,,,7025.2998046875,,6.370999813079834
2000-03-06,,680.219970703125,3214.0,6545.97998046875,,,,,,,7087.7001953125,,6.408999919891357
2000-03-07,,677.2100219726562,3232.5,6441.85009765625,,,,,,,7050.2001953125,,6.382999897003174
2000-03-08,,674.75,3207.89990234375,6344.97021484375,,,,,,,6945.5,,6.375
2000-03-09,,668.0900268554688,3188.0,6423.43017578125,,,,,,,6902.0,,6.341000080108643
2000-03-10,,676.6099853515625,3189.300048828125,6510.27978515625,,,,,,,6907.89990234375,,6.38700008392334
2000-03-13,,658.0599975585938,3185.89990234375,6336.93017578125,,,,,,,6781.39990234375,,6.361999988555908
2000-03-14,,661.1900024414062,3178.699951171875,6350.35009765625,,,,,,,6838.2001953125,,6.297999858856201
2000-03-15,,644.030029296875,3159.699951171875,6188.93994140625,,,,,,,6856.2998046875,,6.276000022888184
2000-03-16,,663.3900146484375,3171.800048828125,6258.52978515625,,,,,,,7131.5,,6.23799991607666
2000-03-17,,672.1799926757812,3200.39990234375,6304.27978515625,,,,,,,7100.60009765625,,6.188000202178955
2000-03-20,,671.6500244140625,3237.699951171875,6352.509765625,,,,,,,7166.89990234375,,6.171000003814697
2000-03-21,,672.5999755859375,3248.800048828125,6320.8701171875,,,,,,,7266.2998046875,,6.13700008392334
2000-03-22,,679.3499755859375,3276.39990234375,6279.2900390625,,,,,,,7388.2001953125,,6.119999885559082
2000-03-23,,671.8900146484375,3248.800048828125,6268.31005859375,,,,,,,7360.2001953125,,6.070000171661377
2000-03-24,,683.47998046875,3251.5,6364.259765625,,,,,,,7440.39990234375,,6.173999786376953
2000-03-27,,682.1199951171875,3227.89990234375,6450.85009765625,,,,,,,7366.0,,6.195000171661377
2000-03-28,,687.9400024414062,3230.199951171875,6524.2998046875,,,,,,,7372.10009765625,,6.170000076293945
2000-03-29,,682.72998046875,3225.89990234375,6505.47998046875,,,,,,,7401.5,,6.14900016784668
2000-03-30,,664.4600219726562,3194.10009765625,6313.81982421875,,,,,,,7382.7998046875,,6.065000057220459
2000-03-31,,662.2899780273438,3133.300048828125,6286.0498046875,,,,,,,7428.10009765625,,6.0229997634887695
2000-04-03,,650.9199829101562,3191.0,6130.27001953125,,,,,,,7522.7998046875,,5.986000061035156
2000-04-04,,655.8499755859375,3176.800048828125,6221.93994140625,,,,,,,7606.39990234375,,5.841000080108643
2000-04-05,,640.5700073242188,3155.39990234375,6036.93994140625,,,,,,,7490.39990234375,,5.881999969482422
2000-04-06,,658.6199951171875,3157.10009765625,6224.02001953125,,,,,,,7476.10009765625,,5.914999961853027
2000-04-07,,671.3400268554688,3182.0,6308.0400390625,,,,,,,7450.7998046875,,5.848999977111816
2000-04-10,,672.030029296875,3201.39990234375,6364.89990234375,,,,,,,7410.7001953125,,5.791999816894531
2000-04-11,,660.6199951171875,3173.0,6261.419921875,,,,,,,7471.5,,5.876999855041504
2000-04-12,,661.2899780273438,3148.699951171875,6238.7001953125,,,,,,,7550.60009765625,,5.9679999351501465
2000-04-13,,660.260009765625,3099.699951171875,6264.33984375,,,,,,,7581.2998046875,,5.914000034332275
2000-04-14,,650.5399780273438,3111.89990234375,6065.7099609375,,,,,,,7494.39990234375,,5.885000228881836
2000-04-17,,637.8699951171875,2943.89990234375,6060.5400390625,,,,,,,7329.60009765625,,5.992000102996826
2000-04-18,,646.4299926757812,3010.300048828125,6147.43994140625,,,,,,,7340.2001953125,,6.046000003814697
2000-04-19,,654.1699829101562,3069.199951171875,6166.4599609375,,,,,,,7354.10009765625,,5.974999904632568
2000-04-20,,657.969970703125,,6234.509765625,,,,,,,7371.10009765625,,5.98799991607666
2000-04-24,,,,,,,,,,,,,5.986999988555908
2000-04-25,,659.3099975585938,,6320.2900390625,,,,,,,7433.2001953125,,6.117000102996826
2000-04-26,,666.3599853515625,3117.300048828125,6390.8701171875,,,,,,,7437.7998046875,,6.130000114440918
2000-04-27,,649.9199829101562,3106.300048828125,6247.85986328125,,,,,,,7400.7998046875,,6.235000133514404
2000-04-28,,661.3800048828125,3115.800048828125,6419.72021484375,,,,,,,7427.7998046875,,6.214000225067139
2000-05-01,,667.47998046875,3102.0,,,,,,,,,,6.255000114440918
2000-05-02,,673.5399780273438,3131.10009765625,6562.41015625,,,,,,,7527.0,,6.311999797821045
2000-05-03,,669.8400268554688,3107.5,6435.64990234375,,,,,,,7496.7001953125,,6.4029998779296875
2000-05-04,,665.0700073242188,3053.800048828125,6491.740234375,,,,,,,7499.89990234375,,6.446000099182129
2000-05-05,,670.27001953125,3107.199951171875,6545.759765625,,,,,,,7499.39990234375,,6.506999969482422
2000-05-08,,668.8699951171875,3106.199951171875,6514.419921875,,,,,,,7521.2998046875,,6.559999942779541
2000-05-09,,663.4600219726562,3086.10009765625,6369.60986328125,,,,,,,7595.39990234375,,6.52400016784668
2000-05-10,,657.5,3043.39990234375,6263.33984375,,,,,,,7587.5,,6.436999797821045
2000-05-11,,658.8300170898438,2996.39990234375,6380.1298828125,,,,,,,7706.89990234375,,6.4070000648498535
2000-05-12,,668.2999877929688,3034.800048828125,6449.27001953125,,,,,,,7736.7001953125,,6.498000144958496
2000-05-15,,667.0599975585938,3051.10009765625,6392.27001953125,,,,,,,7722.89990234375,,6.459000110626221
2000-05-16,,676.8099975585938,3089.199951171875,6557.39013671875,,,,,,,7768.0,,6.4019999504089355
2000-05-17,,668.1699829101562,3074.800048828125,6453.0498046875,,,,,,,7728.7001953125,,6.4629998207092285
2000-05-18,,668.219970703125,3044.89990234375,6451.97021484375,,,,,,,7795.60009765625,,6.546000003814697
2000-05-19,,652.4500122070312,3039.10009765625,6196.0498046875,,,,,,,7718.7001953125,,6.511000156402588
2000-05-22,,641.7999877929688,3002.300048828125,6094.169921875,,,,,,,7711.7001953125,,6.420000076293945
2000-05-23,,644.3300170898438,3021.39990234375,6148.56005859375,,,,,,,7825.7001953125,,6.446000099182129
2000-05-24,,642.4600219726562,3009.5,6027.10009765625,,,,,,,7846.10009765625,,6.459000110626221
2000-05-25,,645.5499877929688,3018.10009765625,6129.66015625,,,,,,,7938.2998046875,,6.372000217437744
2000-05-26,,645.9099731445312,3000.699951171875,6129.14990234375,,,,,,,7821.7001953125,,6.320000171661377
2000-05-29,,655.75,3035.10009765625,6205.1298828125,,,,,,,7846.7998046875,,
2000-05-30,,655.0599975585938,3050.60009765625,6325.490234375,,,,,,,7754.2998046875,,6.367000102996826
2000-05-31,,655.5,3081.0,6426.259765625,,,,,,,7754.0,,6.284999847412109
2000-06-01,,,3088.0,6599.7099609375,,,,,,,,,6.195000171661377
2000-06-02,,677.9199829101562,3140.89990234375,6673.52001953125,,,,,,,7841.60009765625,,6.1479997634887695
2000-06-05,,672.6599731445312,3148.800048828125,6656.259765625,,,,,,,7791.10009765625,,6.10099983215332
2000-06-06,,668.7000122070312,3149.89990234375,6589.77001953125,,,,,,,7746.60009765625,,6.126999855041504
2000-06-07,,666.5599975585938,3112.60009765625,6498.5,,,,,,,7797.89990234375,,6.113999843597412
2000-06-08,,672.1300048828125,3126.699951171875,6523.66015625,,,,,,,7809.7998046875,,6.105000019073486
2000-06-09,,673.739990234375,3146.5,6549.0498046875,,,,,,,7796.7998046875,,6.11299991607666
2000-06-12,,,,,,,,,,,,,6.074999809265137
2000-06-13,,675.6699829101562,3113.800048828125,6532.83984375,,,,,,,7817.10009765625,,6.10099983215332
2000-06-14,,683.280029296875,3118.199951171875,6608.10009765625,,,,,,,7888.10009765625,,6.040999889373779
2000-06-15,,685.510009765625,3133.10009765625,6512.97998046875,,,,,,,7827.89990234375,,6.0370001792907715
2000-06-16,,682.4500122070312,3140.800048828125,6456.259765625,,,,,,,7845.60009765625,,5.968999862670898
2000-06-19,,677.1900024414062,3151.10009765625,6505.16015625,,,,,,,7794.60009765625,,5.989999771118164
2000-06-20,,682.0,3155.199951171875,6554.919921875,,,,,,,7796.60009765625,,6.014999866485596
2000-06-21,,684.8800048828125,3178.39990234375,6490.759765625,,,,,,,7760.2001953125,,6.0960001945495605
2000-06-22,,684.1599731445312,3173.60009765625,6474.8798828125,,,,,,,7664.39990234375,,6.11299991607666
2000-06-23,,682.719970703125,3177.10009765625,6545.35009765625,,,,,,,7677.0,,6.177000045776367
2000-06-26,,686.010009765625,3177.800048828125,6586.259765625,,,,,,,7686.10009765625,,6.09499979019165
2000-06-27,,683.4099731445312,3190.10009765625,6568.08984375,,,,,,,7691.7998046875,,6.078000068664551
2000-06-28,,683.1500244140625,3213.89990234375,6607.9599609375,,,,,,,7727.7998046875,,6.104000091552734
2000-06-29,,666.719970703125,3254.5,6400.81982421875,,,,,,,7710.5,,6.031000137329102
2000-06-30,,672.1400146484375,3311.199951171875,6446.5400390625,,,,,,,7761.60009765625,,6.01800012588501
2000-07-03,,668.010009765625,3308.10009765625,6508.47021484375,,,,,,,7789.7001953125,,5.980000019073486
2000-07-04,,669.6199951171875,3310.10009765625,6494.77001953125,,,,,,,7828.7001953125,,
2000-07-05,,667.8300170898438,3320.5,6462.7001953125,,,,,,,7866.7001953125,,5.97599983215332
2000-07-06,,665.5999755859375,3306.89990234375,6453.97021484375,,,,,,,7911.7001953125,,6.031000137329102
2000-07-07,,674.97998046875,3305.300048828125,6565.97021484375,,,,,,,7903.7001953125,,5.997000217437744
2000-07-10,,678.8300170898438,3323.800048828125,6487.419921875,,,,,,,7911.10009765625,,6.026000022888184
2000-07-11,,680.5999755859375,3323.300048828125,6490.35009765625,,,,,,,7927.2998046875,,6.047999858856201
2000-07-12,,686.3300170898438,3318.39990234375,6536.509765625,,,,,,,7895.2001953125,,6.077000141143799
2000-07-13,,687.0,3306.5,6570.35986328125,,,,,,,7951.7001953125,,5.992000102996826
2000-07-14,,687.3599853515625,3303.5,,,,,,,,7938.89990234375,,6.093999862670898
2000-07-17,,689.0900268554688,3313.39990234375,6619.25,,,,,,,7903.2001953125,,6.145999908447266
2000-07-18,,683.5700073242188,3300.60009765625,6514.5400390625,,,,,,,7896.2001953125,,6.140999794006348
2000-07-19,,680.3200073242188,3299.60009765625,6495.10986328125,,,,,,,7933.5,,6.150000095367432
2000-07-20,,684.3499755859375,3300.89990234375,6563.77001953125,,,,,,,7946.7001953125,,6.013000011444092
2000-07-21,,678.969970703125,3332.300048828125,6464.1201171875,,,,,,,7900.39990234375,,6.0
2000-07-24,,683.5700073242188,3305.39990234375,6502.56982421875,,,,,,,8009.2001953125,,6.025000095367432
2000-07-25,,683.1500244140625,3282.10009765625,6463.91015625,,,,,,,8014.7001953125,,6.020999908447266
2000-07-26,,680.4600219726562,3282.89990234375,6493.0,,,,,,,8005.39990234375,,6.020999908447266
2000-07-27,,672.0900268554688,3258.199951171875,6511.52978515625,,,,,,,7992.60009765625,,6.0
2000-07-28,,663.719970703125,3255.0,6415.72021484375,,,,,,,7997.7998046875,,6.025000095367432
2000-07-31,,668.1799926757812,3251.10009765625,6542.490234375,,,,,,,8023.2001953125,,6.0289998054504395
2000-08-01,,670.8900146484375,3254.0,6532.2900390625,,,,,,,,,5.991000175476074
2000-08-02,,675.9600219726562,3270.300048828125,6529.91015625,,,,,,,8151.2001953125,,5.968999862670898
2000-08-03,,666.75,3275.10009765625,6354.93017578125,,,,,,,8137.7001953125,,5.943999767303467
2000-08-04,,673.4500122070312,3277.199951171875,6461.35009765625,,,,,,,8119.60009765625,,5.901000022888184
2000-08-07,,680.5700073242188,3305.0,6519.0400390625,,,,,,,8251.0,,5.947999954223633
2000-08-08,,678.3300170898438,3302.300048828125,6532.43994140625,,,,,,,8253.400390625,,5.914000034332275
2000-08-09,,683.8599853515625,3309.800048828125,6570.18017578125,,,,,,,8245.7001953125,,5.908999919891357
2000-08-10,,683.6099853515625,3315.300048828125,6562.5400390625,,,,,,,8202.7998046875,,5.75
2000-08-11,,684.0,3309.10009765625,6553.0,,,,,,,8236.2001953125,,5.7870001792907715
2000-08-14,,687.0700073242188,3314.89990234375,6609.35986328125,,,,,,,8273.099609375,,5.770999908447266
2000-08-15,,687.72998046875,3323.10009765625,6636.60986328125,,,,,,,8250.099609375,,5.800000190734863
2000-08-16,,689.8200073242188,3331.800048828125,6684.080078125,,,,,,,8318.400390625,,5.816999912261963
2000-08-17,,691.9299926757812,3336.300048828125,6635.33984375,,,,,,,8260.7998046875,,5.803999900817871
2000-08-18,,693.75,3344.199951171875,6594.35009765625,,,,,,,8251.900390625,,5.765999794006348
2000-08-21,,693.4500122070312,3338.89990234375,6571.6298828125,,,,,,,8289.7998046875,,5.770999908447266
2000-08-22,,696.030029296875,3353.39990234375,6513.7099609375,,,,,,,8317.400390625,,5.76200008392334
2000-08-23,,695.4400024414062,3364.39990234375,6501.7001953125,,,,,,,8377.0,,5.724999904632568
2000-08-24,,696.1799926757812,3372.39990234375,6461.93017578125,,,,,,,8349.5,,5.716000080108643
2000-08-25,,691.3499755859375,3367.39990234375,6595.10986328125,,,,,,,8311.7001953125,,5.7210001945495605
2000-08-28,,695.5999755859375,3363.89990234375,6615.02001953125,,,,,,,8338.2998046875,,5.765999794006348
2000-08-29,,691.3599853515625,3369.39990234375,6633.990234375,,,,,,,8257.2998046875,,5.808000087738037
2000-08-30,,685.3099975585938,3357.800048828125,6634.6201171875,,,,,,,8220.0,,5.800000190734863
2000-08-31,,689.52001953125,3297.800048828125,6625.419921875,,,,,,,8219.900390625,,5.729000091552734
2000-09-01,,695.1799926757812,3331.699951171875,6813.66015625,,,,,,,8234.900390625,,5.675000190734863
2000-09-04,,701.5599975585938,3347.300048828125,6922.330078125,,,,,,,8193.5,,
2000-09-05,,698.02001953125,3347.300048828125,6856.759765625,,,,,,,8168.7998046875,,5.683000087738037
2000-09-06,,695.010009765625,3321.199951171875,6796.7900390625,,,,,,,8129.5,,5.711999893188477
2000-09-07,,694.9000244140625,3306.60009765625,6834.4599609375,,,,,,,8137.2001953125,,5.749000072479248
2000-09-08,,686.47998046875,3320.300048828125,6703.35986328125,,,,,,,8088.10009765625,,5.723999977111816
2000-09-11,,687.5999755859375,3297.10009765625,6675.009765625,,,,,,,8095.2001953125,,5.757999897003174
2000-09-12,,682.3099975585938,3324.0,6697.7998046875,,,,,,,8037.10009765625,,5.769999980926514
2000-09-13,,677.3499755859375,3334.10009765625,6568.89013671875,,,,,,,8032.39990234375,,5.728000164031982
2000-09-14,,677.3200073242188,3344.60009765625,6637.91015625,,,,,,,8002.60009765625,,5.77400016784668
2000-09-15,,676.4199829101562,3329.800048828125,6614.64990234375,,,,,,,8014.39990234375,,5.833000183105469
2000-09-18,1467.5,668.4299926757812,3276.39990234375,6522.3798828125,,,,,,,7935.89990234375,,5.870999813079834
2000-09-19,1478.5,666.9400024414062,3236.699951171875,6529.9501953125,,,,,,,7872.2001953125,,5.849999904632568
2000-09-20,1469.5,664.4299926757812,3254.699951171875,6405.43017578125,,,,,,,7831.7998046875,,5.892000198364258
2000-09-21,1469.5,656.0,3252.800048828125,6254.77001953125,,,,,,,7865.7998046875,,5.870999813079834
2000-09-22,1468.5,652.9600219726562,3188.60009765625,6258.580078125,,,,,,,7976.60009765625,,5.828999996185303
2000-09-25,1461.0,658.5599975585938,3215.300048828125,6336.27978515625,,,,,,,8016.2998046875,,5.833000183105469
2000-09-26,1443.0,653.2000122070312,3241.10009765625,6294.06005859375,,,,,,,7966.2001953125,,5.798999786376953
2000-09-27,1446.75,656.0800170898438,3256.300048828125,6319.7900390625,,,,,,,7942.39990234375,,5.820000171661377
2000-09-28,1476.0,658.739990234375,3290.699951171875,6311.02978515625,,,,,,,7933.89990234375,,5.811999797821045
2000-09-29,1454.0,661.52001953125,3298.800048828125,6266.6298828125,,,,,,,7713.2998046875,,5.7779998779296875
2000-10-02,1456.25,665.9600219726562,3300.60009765625,6349.240234375,,,,,,,7889.89990234375,,5.820000171661377
2000-10-03,1441.5,670.1699829101562,3327.699951171875,6400.43017578125,,,,,,,7949.60009765625,,5.867000102996826
2000-10-04,1450.25,668.9299926757812,3318.60009765625,6296.1298828125,,,,,,,7945.60009765625,,5.892000198364258
2000-10-05,1456.0,671.7999877929688,3311.300048828125,6335.1201171875,,,,,,,7966.7998046875,,5.854000091552734
2000-10-06,1426.25,665.0900268554688,3293.5,6258.41015625,,,,,,,7920.2001953125,,5.815999984741211
2000-10-09,1416.5,654.8800048828125,3274.300048828125,6110.06005859375,,,,,,,7756.2998046875,,5.815999984741211
2000-10-10,1391.0,654.6199951171875,3265.199951171875,6143.2998046875,,,,,,,7812.60009765625,,5.795000076293945
2000-10-11,1378.5,637.260009765625,3260.699951171875,5956.1201171875,,,,,,,7665.39990234375,,5.769999980926514
2000-10-12,1344.0,641.219970703125,3226.5,5990.7001953125,,,,,,,7695.60009765625,,5.715000152587891
2000-10-13,1386.25,642.0,3201.89990234375,6064.2099609375,,,,,,,7629.39990234375,,5.715000152587891
2000-10-16,1392.0,643.9199829101562,3266.60009765625,6088.0400390625,,,,,,,7586.2001953125,,5.739999771118164
2000-10-17,1359.75,639.4600219726562,3264.199951171875,6067.14990234375,,,,,,,7611.7998046875,,5.664999961853027
2000-10-18,1353.75,633.5800170898438,3226.699951171875,5937.35009765625,,,,,,,7638.2998046875,,5.6570000648498535
2000-10-19,1401.75,649.2000122070312,3192.699951171875,6066.47998046875,,,,,,,7763.7998046875,,5.6519999504089355
2000-10-20,1411.0,656.1199951171875,3235.800048828125,6149.43994140625,,,,,,,7722.7001953125,,5.636000156402588
2000-10-23,1417.0,662.969970703125,3267.89990234375,6182.33984375,,,,,,,7768.7998046875,,5.581999778747559
2000-10-24,1404.25,674.77001953125,3260.699951171875,6323.740234375,,,,,,,7872.60009765625,,5.623000144958496
2000-10-25,1374.0,668.9299926757812,3264.300048828125,6277.89990234375,,,,,,,7833.0,,5.685999870300293
2000-10-26,1371.0,669.4600219726562,3239.699951171875,6208.419921875,,,,,,,7859.0,,5.672999858856201
2000-10-27,1401.0,673.469970703125,3244.699951171875,6268.93017578125,,,,,,,7884.5,,5.710999965667725
2000-10-30,1411.25,675.6199951171875,3264.39990234375,6296.83984375,,,,,,,7948.7998046875,,5.728000164031982
2000-10-31,1440.75,680.5599975585938,3254.60009765625,6397.66015625,,,,,,,7977.5,,5.756999969482422
2000-11-01,1432.5,684.6900024414062,3276.800048828125,6409.0498046875,,,,,,,7985.7001953125,,5.736000061035156
2000-11-02,1435.0,683.510009765625,3289.300048828125,6400.31005859375,,,,,,,8084.89990234375,,5.739999771118164
2000-11-03,1436.75,687.1400146484375,3321.89990234375,6398.919921875,,,,,,,8062.10009765625,,5.803999900817871
2000-11-06,1445.5,690.3300170898438,3334.800048828125,6352.240234375,,,,,,,8127.0,,5.855000019073486
2000-11-07,1444.0,687.219970703125,3372.89990234375,6386.06982421875,,,,,,,8125.7998046875,,5.859000205993652
2000-11-08,1412.0,688.2999877929688,3354.199951171875,6336.02978515625,,,,,,,8102.60009765625,,5.849999904632568
2000-11-09,1403.5,681.8499755859375,3333.5,6271.14990234375,,,,,,,8031.7998046875,,5.808000087738037
2000-11-10,1372.25,674.5,3300.89990234375,6147.490234375,,,,,,,8050.0,,5.795000076293945
2000-11-13,1358.75,664.3800048828125,3290.800048828125,6037.72998046875,,,,,,,8001.5,,5.761000156402588
2000-11-14,1394.0,678.969970703125,3291.5,6225.97998046875,,,,,,,8117.39990234375,,5.74399995803833
2000-11-15,1397.5,681.5900268554688,3320.39990234375,6301.77978515625,,,,,,,8106.60009765625,,5.697999954223633
2000-11-16,1379.25,677.280029296875,3302.5,6283.06005859375,,,,,,,8129.10009765625,,5.669000148773193
2000-11-17,1370.5,680.1599731445312,3329.10009765625,6161.919921875,,,,,,,8131.0,,5.693999767303467
2000-11-20,1347.75,665.9400024414062,3325.10009765625,6021.7900390625,,,,,,,8129.10009765625,,5.664000034332275
2000-11-21,1356.0,668.2999877929688,3301.10009765625,6081.02001953125,,,,,,,8155.10009765625,,5.659999847412109
2000-11-22,1323.0,652.22998046875,3284.699951171875,5944.7001953125,,,,,,,8018.7001953125,,5.5929999351501465
2000-11-23,,648.7100219726562,3281.199951171875,6053.0400390625,,,,,,,8056.5,,
2000-11-24,1346.5,660.3200073242188,3280.60009765625,6145.64990234375,,,,,,,8081.5,,5.622000217437744
2000-11-27,1359.0,667.2899780273438,3303.199951171875,6171.330078125,,,,,,,8142.0,,5.625999927520752
2000-11-28,1338.5,661.9400024414062,3306.199951171875,6069.22021484375,,,,,,,8075.7001953125,,5.589000225067139
2000-11-29,1335.25,662.3599853515625,3275.60009765625,6060.64990234375,,,,,,,8065.7001953125,,5.543000221252441
2000-11-30,1321.0,649.9199829101562,3274.60009765625,5928.080078125,,,,,,,7981.89990234375,,5.439000129699707
2000-12-01,1320.75,660.3300170898438,3284.10009765625,5928.5,,,,,,,8050.5,,5.513000011444092
2000-12-04,1329.5,649.0900268554688,3281.699951171875,5791.509765625,,,,,,,8021.7998046875,,5.521999835968018
2000-12-05,1374.25,661.6599731445312,3306.5,5994.89013671875,,,,,,,8164.7998046875,,5.429999828338623
2000-12-06,1354.5,658.9299926757812,3308.10009765625,5985.240234375,,,,,,,8097.0,,5.318999767303467
2000-12-07,1337.0,656.3499755859375,3309.0,5984.68994140625,,,,,,,8015.89990234375,,5.298999786376953
2000-12-08,1353.25,657.239990234375,3287.60009765625,5939.31982421875,,,,,,,7995.7998046875,,5.343999862670898
2000-12-11,1383.0,664.1599731445312,3312.39990234375,6077.8798828125,,,,,,,8037.7001953125,,5.360000133514404
2000-12-12,1378.25,659.3499755859375,3313.199951171875,6047.66015625,,,,,,,8011.89990234375,,5.3429999351501465
2000-12-13,1358.0,651.9600219726562,3297.5,5962.2900390625,,,,,,,8040.7001953125,,5.2779998779296875
2000-12-14,1337.0,638.97998046875,3277.0,5905.64990234375,,,,,,,7928.7998046875,,5.2129998207092285
2000-12-15,1332.0,624.489990234375,3229.199951171875,5839.5400390625,,,,,,,7867.0,,5.176000118255615
2000-12-18,1346.0,631.6500244140625,3236.60009765625,5887.490234375,,,,,,,7974.2998046875,,5.156000137329102
2000-12-19,1317.75,638.3800048828125,3258.10009765625,5958.85986328125,,,,,,,8068.2998046875,,5.184000015258789
2000-12-20,1280.25,623.7999877929688,3245.199951171875,5766.2998046875,,,,,,,7993.7001953125,,5.074999809265137
2000-12-21,1288.5,622.469970703125,3185.800048828125,5758.919921875,,,,,,,7944.2001953125,,5.0229997634887695
2000-12-22,1327.25,626.8699951171875,3196.0,5783.72998046875,,,,,,,7978.2998046875,,5.001999855041504
2000-12-26,1336.5,,,,,,,,,,,,5.021999835968018
2000-12-27,1350.5,635.1599731445312,3228.60009765625,5857.14990234375,,,,,,,8083.7998046875,,5.085999965667725
2000-12-28,1353.0,640.760009765625,3236.199951171875,5920.60009765625,,,,,,,8153.60009765625,,5.113999843597412
2000-12-29,1327.0,637.5999755859375,3206.199951171875,5926.419921875,,,,,,,8135.39990234375,,5.110000133514404
2001-01-02,1300.0,634.1599731445312,3261.10009765625,5798.89990234375,,,,,,,,,4.916999816894531
2001-01-03,1359.0,629.8599853515625,3235.699951171875,5684.0498046875,,,,,,,8118.89990234375,,5.0970001220703125
2001-01-04,1349.0,638.969970703125,3293.800048828125,5815.990234375,,,,,,,8116.7998046875,,5.013000011444092
2001-01-05,1304.0,635.7999877929688,3300.39990234375,5758.02001953125,,,,,,,7985.60009765625,,4.947999954223633
2001-01-08,1309.5,631.1500244140625,3264.300048828125,5732.7998046875,,,,,,,7986.60009765625,,4.896999835968018
2001-01-09,1308.75,633.0700073242188,3244.89990234375,5663.18994140625,,,,,,,7957.60009765625,,4.964000225067139
2001-01-10,1327.0,630.52001953125,3239.199951171875,5653.35009765625,,,,,,,7860.0,,5.084000110626221
2001-01-11,1335.0,637.25,3225.60009765625,5702.77978515625,,,,,,,7877.2998046875,,5.116000175476074
2001-01-12,1330.0,639.8599853515625,3243.199951171875,5834.33984375,,,,,,,7848.2001953125,,5.230000019073486
2001-01-15,,641.1300048828125,3250.89990234375,5833.3798828125,,,,,,,7862.39990234375,,
2001-01-16,1335.25,631.8300170898438,3239.39990234375,5761.669921875,,,,,,,7874.0,,5.234000205993652
2001-01-17,1341.5,642.2899780273438,3253.699951171875,5884.08984375,,,,,,,7972.7001953125,,5.156000137329102
2001-01-18,1356.0,634.0599975585938,3289.89990234375,5860.16015625,,,,,,,7936.2001953125,,5.09499979019165
2001-01-19,1348.5,628.8800048828125,3311.60009765625,5845.72998046875,,,,,,,7862.39990234375,,5.173999786376953
2001-01-22,1358.0,628.8400268554688,3319.699951171875,5882.759765625,,,,,,,7875.5,,5.2210001945495605
2001-01-23,1366.0,630.510009765625,3288.60009765625,5839.72998046875,,,,,,,7889.0,,5.27400016784668
2001-01-24,1370.25,635.9400024414062,3297.199951171875,5900.31982421875,,,,,,,7940.0,,5.302999973297119
2001-01-25,1365.0,636.1400146484375,3321.39990234375,5934.68017578125,,,,,,,7978.0,,5.269999980926514
2001-01-26,1363.25,632.5700073242188,,5925.6201171875,,,,,,,8041.39990234375,,5.252999782562256
2001-01-29,1370.0,637.1900024414062,3317.199951171875,5887.89990234375,,,,,,,8037.2001953125,,5.295000076293945
2001-01-30,1382.75,634.8900146484375,3334.89990234375,5917.14990234375,,,,,,,8047.10009765625,,5.211999893188477
2001-01-31,1373.5,639.97998046875,3341.699951171875,5998.490234375,,,,,,,8057.39990234375,,5.178999900817871
2001-02-01,1382.5,634.0399780273438,3364.300048828125,5899.72021484375,,,,,,,7974.0,,5.060999870300293
2001-02-02,1353.25,630.97998046875,3355.300048828125,5826.3701171875,,,,,,,8007.5,,5.138000011444092
2001-02-05,1362.0,630.1300048828125,3312.800048828125,5823.490234375,,,,,,,8048.39990234375,,5.145999908447266
2001-02-06,1356.25,632.0599975585938,3325.300048828125,5852.35009765625,,,,,,,8062.0,,5.195000171661377
2001-02-07,1349.5,624.9400024414062,3312.10009765625,5752.14013671875,,,,,,,8023.2001953125,,5.178999900817871
2001-02-08,1335.25,626.97998046875,3329.39990234375,5773.4599609375,,,,,,,7938.7998046875,,5.098999977111816
2001-02-09,1321.0,622.6500244140625,3312.39990234375,5712.35986328125,,,,,,,7920.10009765625,,5.015999794006348
2001-02-12,1333.75,623.8499755859375,3330.300048828125,5759.47998046875,,,,,,,7890.7001953125,,5.047999858856201
2001-02-13,1326.0,626.6400146484375,3341.10009765625,5739.02978515625,,,,,,,7901.60009765625,,5.067999839782715
2001-02-14,1319.75,621.27001953125,3350.10009765625,5644.22998046875,,,,,,,7813.2001953125,,5.105000019073486
2001-02-15,1333.0,624.780029296875,3325.699951171875,5704.52978515625,,,,,,,7865.7998046875,,5.177999973297119
2001-02-16,1305.0,617.8900146484375,3320.10009765625,5595.1298828125,,,,,,,7757.39990234375,,5.0929999351501465
2001-02-19,,612.4299926757812,3291.39990234375,5584.75,,,,,,,7768.89990234375,,
2001-02-20,1285.25,611.1900024414062,3302.60009765625,5548.740234375,,,,,,,7705.60009765625,,5.0970001220703125
2001-02-21,1256.5,603.4400024414062,3314.699951171875,5474.3701171875,,,,,,,7637.10009765625,,5.129000186920166
2001-02-22,1257.25,594.219970703125,3292.60009765625,5452.47998046875,,,,,,,7652.7001953125,,5.1539998054504395
2001-02-23,1247.5,585.2899780273438,3292.0,5322.83984375,,,,,,,7607.2001953125,,5.079999923706055
2001-02-26,1273.25,594.7999877929688,3301.60009765625,5415.10009765625,,,,,,,7660.2001953125,,5.035999774932861
2001-02-27,1264.0,597.2999877929688,3302.39990234375,5437.759765625,,,,,,,7678.2001953125,,4.955999851226807
2001-02-28,1242.0,597.3300170898438,3326.5,5367.47998046875,,,,,,,7701.7998046875,,4.9079999923706055
2001-03-01,1243.5,591.72998046875,3350.10009765625,5341.33984375,,,,,,,7560.2001953125,,4.855999946594238
2001-03-02,1234.0,590.27001953125,3333.39990234375,5291.919921875,,,,,,,7533.5,,4.942999839782715
2001-03-05,1243.75,592.239990234375,3342.89990234375,5368.830078125,,,,,,,7581.60009765625,,4.9629998207092285
2001-03-06,1256.75,600.9500122070312,3333.39990234375,5457.27978515625,,,,,,,7619.39990234375,,4.9710001945495605
2001-03-07,1265.75,598.3400268554688,3362.0,5483.68017578125,,,,,,,7605.2001953125,,4.919000148773193
2001-03-08,1265.5,595.3900146484375,3343.5,5438.66015625,,,,,,,7569.7998046875,,4.88700008392334
2001-03-09,1231.75,594.8900146484375,3331.300048828125,5368.89013671875,,,,,,,7535.39990234375,,4.931000232696533
2001-03-12,1178.0,582.989990234375,3320.699951171875,5242.39990234375,,,,,,,7399.7998046875,,4.919000148773193
2001-03-13,1196.5,577.3200073242188,3264.699951171875,5186.8701171875,,,,,,,7380.60009765625,,4.931000232696533
2001-03-14,1167.0,568.5,3263.89990234375,5115.5,,,,,,,7225.7001953125,,4.85099983215332
2001-03-15,1171.25,569.5499877929688,3242.89990234375,5177.66015625,,,,,,,7280.0,,4.803999900817871
2001-03-16,1169.75,553.5,3252.39990234375,5104.77001953125,,,,,,,7112.60009765625,,4.751999855041504
2001-03-19,1180.5,547.6199951171875,3216.0,5048.60009765625,,,,,,,7034.60009765625,,4.815000057220459
2001-03-20,1152.5,553.030029296875,3229.699951171875,5138.39990234375,,,,,,,7067.60009765625,,4.790999889373779
2001-03-21,1132.75,542.0800170898438,3225.300048828125,5023.759765625,,,,,,,6965.2001953125,,4.76800012588501
2001-03-22,1119.0,518.27001953125,3188.800048828125,4824.81982421875,,,,,,,6574.0,,4.708000183105469
2001-03-23,1153.25,529.4199829101562,3145.300048828125,4951.1298828125,,,,,,,6736.10009765625,,4.798999786376953
2001-03-26,1166.5,549.5499877929688,3165.10009765625,5124.7998046875,,,,,,,6987.7001953125,,4.8470001220703125
2001-03-27,1189.75,558.489990234375,3170.39990234375,5235.60009765625,,,,,,,7011.2001953125,,4.982999801635742
2001-03-28,1159.5,552.77001953125,3179.60009765625,5150.43017578125,,,,,,,6966.89990234375,,4.9710001945495605
2001-03-29,1161.5,552.77001953125,3177.89990234375,5157.919921875,,,,,,,7044.89990234375,,4.9629998207092285
2001-03-30,1174.0,558.3599853515625,3147.199951171875,5180.4501953125,,,,,,,7167.7998046875,,4.914999961853027
2001-04-02,1149.75,557.9000244140625,3194.60009765625,5210.47998046875,,,,,,,7035.2998046875,,4.9710001945495605
2001-04-03,1108.5,539.780029296875,3192.300048828125,5004.0,,,,,,,6870.7998046875,,4.934999942779541
2001-04-04,1112.5,537.52001953125,3194.300048828125,5071.81982421875,,,,,,,6825.39990234375,,4.922999858856201
2001-04-05,1155.0,552.9000244140625,3220.5,5158.56005859375,,,,,,,6987.5,,4.9629998207092285
2001-04-06,1140.5,551.9500122070312,3233.199951171875,5139.7099609375,,,,,,,6954.89990234375,,4.874000072479248
2001-04-09,1150.25,557.8400268554688,3215.699951171875,5183.22021484375,,,,,,,7070.60009765625,,4.906000137329102
2001-04-10,1172.0,570.4500122070312,3228.5,5331.22998046875,,,,,,,7173.5,,5.067999839782715
2001-04-11,1173.25,576.489990234375,3259.60009765625,5361.52978515625,,,,,,,7235.89990234375,,5.109000205993652
2001-04-12,1192.25,575.3200073242188,3276.800048828125,5372.7099609375,,,,,,,7247.0,,5.145999908447266
2001-04-16,1182.0,,,,,,,,,,,,5.275000095367432
2001-04-17,1195.5,569.3400268554688,3258.699951171875,5340.97998046875,,,,,,,7247.0,,5.188000202178955
2001-04-18,1246.25,584.72998046875,3278.199951171875,5505.080078125,,,,,,,7338.5,,5.118000030517578
2001-04-19,1258.75,579.4299926757812,3324.199951171875,5480.0498046875,,,,,,,7286.10009765625,,5.232999801635742
2001-04-20,1251.5,575.3400268554688,3303.5,5449.33984375,,,,,,,7239.2998046875,,5.263000011444092
2001-04-23,1226.0,568.3200073242188,3300.60009765625,5396.85009765625,,,,,,,7170.7001953125,,5.188000202178955
2001-04-24,1216.5,576.030029296875,3301.0,5424.43017578125,,,,,,,7269.60009765625,,5.188000202178955
2001-04-25,1232.0,576.0800170898438,,5407.83984375,,,,,,,7209.5,,5.254000186920166
2001-04-26,1240.5,583.9500122070312,3312.0,5481.72998046875,,,,,,,7201.89990234375,,5.191999912261963
2001-04-27,1258.0,593.0900268554688,3293.89990234375,5575.97021484375,,,,,,,7248.7001953125,,5.313000202178955
2001-04-30,1254.25,,3329.39990234375,5640.02978515625,,,,,,,7327.2001953125,,5.3379998207092285
2001-05-01,1272.25,596.0999755859375,3328.699951171875,,,,,,,,,,5.288000106811523
2001-05-02,1271.0,597.9400024414062,3330.60009765625,5572.91015625,,,,,,,7369.89990234375,,5.283999919891357
2001-05-03,1254.25,585.4400024414062,3350.0,5457.06982421875,,,,,,,7300.0,,5.201000213623047
2001-05-04,1272.75,579.6300048828125,3340.5,5455.5498046875,,,,,,,7365.60009765625,,5.184000015258789
2001-05-07,1263.5,583.27001953125,3354.800048828125,5498.52001953125,,,,,,,7463.89990234375,,5.204999923706055
2001-05-08,1263.5,582.1300048828125,3338.89990234375,5516.93017578125,,,,,,,7433.0,,5.2170000076293945
2001-05-09,1257.75,577.2899780273438,3346.10009765625,5492.080078125,,,,,,,7373.39990234375,,5.168000221252441
2001-05-10,1261.5,595.3699951171875,3386.5,5606.4599609375,,,,,,,7488.10009765625,,5.271999835968018
2001-05-11,1251.75,592.260009765625,3389.0,5567.25,,,,,,,7518.7998046875,,5.484000205993652
2001-05-14,1252.0,587.1400146484375,3382.199951171875,5487.72021484375,,,,,,,7474.89990234375,,5.415999889373779
2001-05-15,1257.5,590.2899780273438,3390.199951171875,5544.1298828125,,,,,,,7548.39990234375,,5.480000019073486
2001-05-16,1288.5,585.9099731445312,3380.10009765625,5522.68994140625,,,,,,,7568.2998046875,,5.4670000076293945
2001-05-17,1291.5,592.1900024414062,3410.0,5592.64990234375,,,,,,,7639.7998046875,,5.4670000076293945
2001-05-18,1295.75,600.0499877929688,3404.10009765625,5638.240234375,,,,,,,7658.2001953125,,5.390999794006348
2001-05-21,1314.75,597.719970703125,3435.300048828125,5652.0400390625,,,,,,,7672.0,,5.386000156402588
2001-05-22,1312.5,604.2100219726562,3436.5,5693.47021484375,,,,,,,7705.7998046875,,5.39900016784668
2001-05-23,1290.75,597.7999877929688,3426.699951171875,5630.740234375,,,,,,,7699.39990234375,,5.390999794006348
2001-05-24,1294.5,596.6799926757812,3416.0,5656.47021484375,,,,,,,,,5.488999843597412
2001-05-25,1279.5,589.6199951171875,3426.10009765625,5581.93994140625,,,,,,,7671.89990234375,,5.485000133514404
2001-05-28,,594.3900146484375,3420.10009765625,5606.31982421875,,,,,,,7661.39990234375,,
2001-05-29,1268.5,590.8900146484375,3411.10009765625,5542.27001953125,,,,,,,7615.5,,5.506999969482422
2001-05-30,1250.5,582.7000122070312,3399.800048828125,5444.27001953125,,,,,,,7559.0,,5.502999782562256
2001-05-31,1254.5,585.1500244140625,3379.10009765625,5454.18994140625,,,,,,,7487.60009765625,,5.413000106811523
2001-06-01,1265.0,579.9099731445312,3391.5,5432.7099609375,,,,,,,7526.5,,5.354000091552734
2001-06-04,1269.25,,3426.699951171875,,,,,,,,,,5.323999881744385
2001-06-05,1284.5,589.5399780273438,3422.199951171875,5516.27001953125,,,,,,,7593.2001953125,,5.261000156402588
2001-06-06,1273.5,590.0,3423.300048828125,5496.490234375,,,,,,,7581.39990234375,,5.264999866485596
2001-06-07,1277.0,588.6400146484375,3436.60009765625,5453.39013671875,,,,,,,7588.7001953125,,5.295000076293945
2001-06-08,1268.75,588.6400146484375,3434.39990234375,5439.93017578125,,,,,,,7547.60009765625,,5.333000183105469
2001-06-11,1255.25,581.8400268554688,,5418.47021484375,,,,,,,7498.89990234375,,5.2870001792907715
2001-06-12,1253.75,572.0599975585938,3401.800048828125,5311.93994140625,,,,,,,7405.2998046875,,5.239999771118164
2001-06-13,1242.0,576.739990234375,3389.60009765625,5353.6298828125,,,,,,,7475.7998046875,,5.256999969482422
2001-06-14,1215.0,567.760009765625,3411.89990234375,5297.06982421875,,,,,,,7373.2998046875,,5.215000152587891
2001-06-15,1207.5,557.719970703125,3415.699951171875,5243.83984375,,,,,,,7328.2001953125,,5.228000164031982
2001-06-18,1220.25,558.9600219726562,3385.0,5160.27978515625,,,,,,,7318.5,,5.241000175476074
2001-06-19,1224.5,556.1300048828125,3385.39990234375,5199.41015625,,,,,,,7269.5,,5.228000164031982
2001-06-20,1229.5,551.97998046875,3412.89990234375,5170.490234375,,,,,,,7218.2998046875,,5.198999881744385
2001-06-21,1243.0,556.2899780273438,3410.800048828125,5134.97021484375,,,,,,,7221.39990234375,,5.177999973297119
2001-06-22,1235.0,563.5399780273438,3428.300048828125,5183.669921875,,,,,,,7161.2001953125,,5.124000072479248
2001-06-25,1223.5,565.9199829101562,3418.699951171875,5213.4599609375,,,,,,,7164.2001953125,,5.131999969482422
2001-06-26,1220.75,560.2000122070312,3434.199951171875,5090.72998046875,,,,,,,7067.2001953125,,5.223999977111816
2001-06-27,1219.0,558.5499877929688,3409.800048828125,5057.72021484375,,,,,,,6997.39990234375,,5.232999801635742
2001-06-28,1227.25,562.9500122070312,3420.5,5133.56005859375,,,,,,,7150.7001953125,,5.326000213623047
2001-06-29,1237.75,573.5,3490.300048828125,5225.330078125,,,,,,,7240.2001953125,,5.389999866485596
2001-07-02,1246.0,581.1400146484375,3438.39990234375,5296.509765625,,,,,,,7316.0,,5.330999851226807
2001-07-03,1245.25,576.2999877929688,3450.0,5205.77978515625,,,,,,,7242.7998046875,,5.377999782562256
2001-07-04,,575.6500244140625,3429.699951171875,5175.1298828125,,,,,,,7177.89990234375,,
2001-07-05,1222.25,573.9099731445312,3377.800048828125,5123.830078125,,,,,,,7112.0,,5.4120001792907715
2001-07-06,1193.5,562.9199829101562,3353.89990234375,4999.35986328125,,,,,,,6971.89990234375,,5.374000072479248
2001-07-09,1200.75,561.0399780273438,3342.0,5027.3701171875,,,,,,,6985.2001953125,,5.340000152587891
2001-07-10,1186.5,559.47998046875,3356.699951171875,4973.39990234375,,,,,,,6893.89990234375,,5.271999835968018
2001-07-11,1185.25,551.2899780273438,3378.0,4914.68017578125,,,,,,,6808.7998046875,,5.284999847412109
2001-07-12,1214.25,554.5700073242188,3392.60009765625,4961.43017578125,,,,,,,6929.0,,5.230000019073486
2001-07-13,1225.0,552.530029296875,3396.5,5025.240234375,,,,,,,6941.2998046875,,5.234000205993652
2001-07-16,1210.5,546.8900146484375,3421.199951171875,5022.759765625,,,,,,,6934.5,,5.175000190734863
2001-07-17,1220.5,546.8400268554688,3402.699951171875,4978.5400390625,,,,,,,6902.0,,5.178999900817871
2001-07-18,1212.0,539.4299926757812,3393.89990234375,4867.5,,,,,,,6857.60009765625,,5.086999893188477
2001-07-19,1223.0,542.3800048828125,3394.39990234375,4930.39013671875,,,,,,,6992.2998046875,,5.104000091552734
2001-07-20,1214.75,537.4199829101562,3380.699951171875,4880.7001953125,,,,,,,6930.0,,5.111999988555908
2001-07-23,1192.0,539.8800048828125,3373.0,4911.919921875,,,,,,,6927.5,,5.107999801635742
2001-07-24,1178.5,536.4199829101562,3352.60009765625,4855.60009765625,,,,,,,6772.7001953125,,5.086999893188477
2001-07-25,1191.5,526.5499877929688,3319.199951171875,4773.169921875,,,,,,,6667.2998046875,,5.107999801635742
2001-07-26,1205.25,527.7899780273438,3283.39990234375,4842.1201171875,,,,,,,6683.89990234375,,5.150000095367432
2001-07-27,1210.0,535.4299926757812,3292.0,4967.14990234375,,,,,,,6760.7998046875,,5.0960001945495605
2001-07-30,1209.75,543.760009765625,3316.60009765625,5033.7099609375,,,,,,,6817.89990234375,,5.0960001945495605
2001-07-31,1215.25,548.719970703125,3324.5,5085.509765625,,,,,,,6847.2998046875,,5.0370001792907715
2001-08-01,1221.5,551.8300170898438,3374.5,5111.580078125,,,,,,,6916.39990234375,,5.065999984741211
2001-08-02,1226.0,549.9199829101562,3404.10009765625,5088.7001953125,,,,,,,6940.60009765625,,5.125
2001-08-03,1219.75,542.75,3405.39990234375,5031.2900390625,,,,,,,6877.7998046875,,5.158999919891357
2001-08-06,1203.0,544.02001953125,3406.699951171875,5066.25,,,,,,,6898.5,,5.176000118255615
2001-08-07,1207.75,545.5999755859375,3407.0,5051.6201171875,,,,,,,6893.2998046875,,5.171999931335449
2001-08-08,1185.5,540.5800170898438,3402.60009765625,4986.22998046875,,,,,,,6875.7001953125,,5.053999900817871
2001-08-09,1187.75,533.489990234375,3416.800048828125,4888.2998046875,,,,,,,6722.7001953125,,5.0279998779296875
2001-08-10,1191.25,530.0900268554688,3401.300048828125,4846.02001953125,,,,,,,6623.39990234375,,5.015999794006348
2001-08-13,1192.5,532.4099731445312,3383.89990234375,4920.35009765625,,,,,,,6707.7998046875,,4.960000038146973
2001-08-14,1192.25,538.0599975585938,3371.89990234375,4962.64013671875,,,,,,,6818.60009765625,,4.9679999351501465
2001-08-15,1181.0,532.7000122070312,3364.300048828125,4933.97021484375,,,,,,,6774.2001953125,,4.992000102996826
2001-08-16,1184.75,530.0999755859375,3328.60009765625,4882.6201171875,,,,,,,6712.0,,4.935999870300293
2001-08-17,1166.0,522.6199951171875,3330.39990234375,4777.3701171875,,,,,,,6660.0,,4.841000080108643
2001-08-20,1175.75,522.8699951171875,3290.5,4791.43017578125,,,,,,,6625.39990234375,,4.895999908447266
2001-08-21,1156.75,529.2999877929688,3319.0,4834.8701171875,,,,,,,6735.39990234375,,4.875999927520752
2001-08-22,1167.75,526.3499755859375,3311.0,4812.14013671875,,,,,,,6662.89990234375,,4.895999908447266
2001-08-23,1163.0,533.3400268554688,3320.699951171875,4809.5,,,,,,,6621.2001953125,,4.875999927520752
2001-08-24,1187.5,538.77001953125,3348.0,4916.56005859375,,,,,,,6718.0,,4.9120001792907715
2001-08-27,1180.25,542.47998046875,3369.300048828125,4905.7900390625,,,,,,,6763.89990234375,,4.932000160217285
2001-08-28,1163.25,533.8099975585938,3372.10009765625,4815.72021484375,,,,,,,6666.10009765625,,4.8480000495910645
2001-08-29,1152.0,535.5399780273438,3349.199951171875,4834.89013671875,,,,,,,6580.60009765625,,4.7769999504089355
2001-08-30,1129.5,527.0399780273438,3323.89990234375,4703.8701171875,,,,,,,6522.10009765625,,4.781000137329102
2001-08-31,1138.5,523.6300048828125,3275.60009765625,4689.33984375,,,,,,,6582.39990234375,,4.815999984741211
2001-09-03,,516.6300048828125,3272.300048828125,4629.7998046875,,,,,,,6458.2998046875,,
2001-09-04,1131.0,522.0499877929688,3286.39990234375,4673.97998046875,,,,,,,6562.89990234375,,4.979000091552734
2001-09-05,1133.0,513.0700073242188,3288.300048828125,4571.56005859375,,,,,,,6508.10009765625,,4.9670000076293945
2001-09-06,1103.5,500.3299865722656,3264.300048828125,4480.75,,,,,,,6395.5,,4.855999946594238
2001-09-07,1083.25,486.0400085449219,3234.300048828125,4413.509765625,,,,,,,6255.5,,4.796000003814697
2001-09-10,1095.75,483.5299987792969,3242.60009765625,4383.740234375,,,,,,,6128.2998046875,,4.835000038146973
2001-09-11,1095.75,,3242.0,4059.75,,,,,,,,,
2001-09-12,,452.9200134277344,3108.5,4114.259765625,,,,,,,5838.39990234375,,
2001-09-13,,459.8599853515625,3126.39990234375,4113.8701171875,,,,,,,5907.5,,
2001-09-14,,426.5,3100.800048828125,3909.489990234375,,,,,,,5628.2998046875,,
2001-09-17,1039.0,440.05999755859375,2955.300048828125,4015.4599609375,,,,,,,5803.60009765625,,4.611000061035156
2001-09-18,1035.0,441.20001220703125,3010.10009765625,3970.179931640625,,,,,,,5734.5,,4.704999923706055
2001-09-19,1013.0,432.3900146484375,3034.89990234375,3888.929931640625,,,,,,,5652.10009765625,,4.681000232696533
2001-09-20,980.25,410.1499938964844,2983.0,3738.179931640625,,,,,,,5399.10009765625,,4.728000164031982
2001-09-21,940.0,396.2300109863281,2941.89990234375,3652.8701171875,,,,,,,5110.2001953125,,4.689000129699707
2001-09-24,1007.75,419.0400085449219,2924.60009765625,3861.18994140625,,,,,,,5452.7001953125,,4.699999809265137
2001-09-25,1018.25,429.2300109863281,2962.699951171875,3902.85009765625,,,,,,,5619.89990234375,,4.699999809265137
2001-09-26,1014.5,434.5400085449219,2991.0,3975.530029296875,,,,,,,5725.39990234375,,4.63700008392334
2001-09-27,1022.5,434.1199951171875,3000.699951171875,4013.22998046875,,,,,,,5829.7998046875,,4.559000015258789
2001-09-28,1043.75,453.8699951171875,3049.5,4079.02001953125,,,,,,,6014.2001953125,,4.574999809265137
2001-10-01,1043.25,437.44000244140625,3098.89990234375,4004.570068359375,,,,,,,5919.5,,4.543000221252441
2001-10-02,1055.5,442.8299865722656,3140.800048828125,4044.659912109375,,,,,,,5905.39990234375,,4.51200008392334
2001-10-03,1074.5,438.3699951171875,3126.199951171875,4024.25,,,,,,,5858.89990234375,,4.458000183105469
2001-10-04,1075.5,458.8299865722656,3130.89990234375,4195.7998046875,,,,,,,6012.39990234375,,4.507999897003174
2001-10-05,1071.75,457.0899963378906,3179.10009765625,4164.759765625,,,,,,,5954.89990234375,,4.504000186920166
2001-10-08,1065.25,457.7699890136719,3139.89990234375,4172.2099609375,,,,,,,5952.89990234375,,4.504000186920166
2001-10-09,1060.0,458.82000732421875,3153.0,4176.97021484375,,,,,,,5935.7998046875,,4.573999881744385
2001-10-10,1083.25,471.42999267578125,3137.0,4319.3798828125,,,,,,,5976.89990234375,,4.589000225067139
2001-10-11,1099.75,477.67999267578125,3199.199951171875,4330.68017578125,,,,,,,6105.2001953125,,4.664000034332275
2001-10-12,1094.0,473.1199951171875,3225.10009765625,4336.8798828125,,,,,,,6039.39990234375,,4.658999919891357
2001-10-15,1092.5,450.92999267578125,3199.0,4213.91015625,,,,,,,5994.39990234375,,4.607999801635742
2001-10-16,1098.75,452.42999267578125,3210.699951171875,4308.490234375,,,,,,,5993.0,,4.568999767303467
2001-10-17,1076.0,463.80999755859375,3237.89990234375,4411.509765625,,,,,,,6025.60009765625,,4.560999870300293
2001-10-18,1073.75,452.3399963378906,3199.60009765625,4338.08984375,,,,,,,6092.39990234375,,4.560999870300293
2001-10-19,1072.5,445.55999755859375,3175.39990234375,4264.89013671875,,,,,,,6070.2998046875,,4.599999904632568
2001-10-22,1093.5,454.30999755859375,,4341.2900390625,,,,,,,6176.89990234375,,4.604000091552734
2001-10-23,1088.25,469.8500061035156,3213.300048828125,4455.759765625,,,,,,,6276.7998046875,,4.635000228881836
2001-10-24,1085.0,468.0,3246.0,4486.35009765625,,,,,,,6279.39990234375,,4.584000110626221
2001-10-25,1103.0,459.0299987792969,3254.699951171875,4378.4501953125,,,,,,,6193.2998046875,,4.5370001792907715
2001-10-26,1102.0,472.80999755859375,3276.199951171875,4478.6298828125,,,,,,,6256.7001953125,,4.520999908447266
2001-10-29,1073.0,464.6499938964844,3256.199951171875,4383.240234375,,,,,,,6140.2998046875,,4.4670000076293945
2001-10-30,1059.25,452.6300048828125,3252.800048828125,4251.93017578125,,,,,,,6008.0,,4.4120001792907715
2001-10-31,1056.25,460.3299865722656,3249.60009765625,4341.2900390625,,,,,,,6081.0,,4.263000011444092
2001-11-01,1082.0,464.989990234375,3248.800048828125,4366.93994140625,,,,,,,6102.7998046875,,4.2170000076293945
2001-11-02,1089.5,468.1499938964844,3239.89990234375,4369.39990234375,,,,,,,6125.2001953125,,4.3460001945495605
2001-11-05,1103.75,482.9700012207031,3225.800048828125,4485.33984375,,,,,,,6223.7001953125,,4.296000003814697
2001-11-06,1121.0,482.1700134277344,3285.10009765625,4461.68994140625,,,,,,,6234.7998046875,,4.269000053405762
2001-11-07,1119.0,490.19000244140625,3252.60009765625,4493.27001953125,,,,,,,6251.2998046875,,4.201000213623047
2001-11-08,1123.5,500.1400146484375,3269.39990234375,4573.0400390625,,,,,,,6396.7998046875,,4.302999973297119
2001-11-09,1123.5,488.8599853515625,3286.0,4514.27978515625,,,,,,,6341.0,,4.307000160217285
2001-11-12,1117.25,476.2900085449219,3305.39990234375,4376.580078125,,,,,,,6229.10009765625,,4.314000129699707
2001-11-13,1141.75,496.3500061035156,3291.699951171875,4565.68017578125,,,,,,,6384.60009765625,,4.368000030517578
2001-11-14,1143.5,494.239990234375,3336.800048828125,4575.08984375,,,,,,,6416.7001953125,,4.514999866485596
2001-11-15,1145.25,497.44000244140625,3344.699951171875,4577.27978515625,,,,,,,6544.7998046875,,4.728000164031982
2001-11-16,1140.0,504.6499938964844,3322.5,4587.2998046875,,,,,,,6565.0,,4.885000228881836
2001-11-19,1154.0,509.1000061035156,3331.89990234375,4660.490234375,,,,,,,6605.60009765625,,4.75600004196167
2001-11-20,1144.25,501.7300109863281,3353.0,4593.52001953125,,,,,,,6481.60009765625,,4.86899995803833
2001-11-21,1137.0,498.5,3336.300048828125,4557.02978515625,,,,,,,6496.10009765625,,4.966000080108643
2001-11-22,,505.32000732421875,3324.199951171875,4599.7998046875,,,,,,,6539.89990234375,,
2001-11-23,1152.75,506.6099853515625,3332.89990234375,4573.81982421875,,,,,,,6458.7998046875,,4.991000175476074
2001-11-26,1155.0,506.9100036621094,3348.5,4564.3798828125,,,,,,,6471.2998046875,,5.002999782562256
2001-11-27,1150.5,497.760009765625,3355.800048828125,4485.81982421875,,,,,,,6407.7998046875,,4.949999809265137
2001-11-28,1129.25,489.510009765625,3353.199951171875,4445.5,,,,,,,6286.2998046875,,4.946000099182129
2001-11-29,1144.5,490.29998779296875,3329.5,4445.8701171875,,,,,,,6299.0,,4.75600004196167
2001-11-30,1135.25,492.6700134277344,3337.5,4476.06005859375,,,,,,,6237.0,,4.74399995803833
2001-12-03,1129.5,489.5400085449219,3328.800048828125,4463.83984375,,,,,,,6238.89990234375,,4.703000068664551
2001-12-04,1147.75,492.3599853515625,3324.39990234375,4529.240234375,,,,,,,6377.0,,4.6479997634887695
2001-12-05,1169.0,506.2099914550781,3347.800048828125,4677.5498046875,,,,,,,6474.2998046875,,4.901000022888184
2001-12-06,1168.5,506.5899963378906,3352.800048828125,4679.3798828125,,,,,,,6463.89990234375,,5.002999782562256
2001-12-07,1160.5,504.7799987792969,3371.800048828125,4642.93994140625,,,,,,,6443.7001953125,,5.1479997634887695
2001-12-10,1138.75,494.2200012207031,3360.699951171875,4556.2900390625,,,,,,,6351.89990234375,,5.136000156402588
2001-12-11,1136.25,494.45001220703125,3359.60009765625,4551.93994140625,,,,,,,6328.5,,5.077000141143799
2001-12-12,1137.75,487.6199951171875,3322.10009765625,4510.68017578125,,,,,,,6314.7001953125,,4.973999977111816
2001-12-13,1115.75,477.70001220703125,3312.5,4410.66015625,,,,,,,6254.7001953125,,5.090000152587891
2001-12-14,1126.0,475.57000732421875,3290.800048828125,4340.02001953125,,,,,,,6184.2998046875,,5.160999774932861
2001-12-17,1136.0,488.9700012207031,3289.60009765625,4485.169921875,,,,,,,6301.7001953125,,5.27400016784668
2001-12-18,1143.5,489.0,3320.5,4480.10009765625,,,,,,,6267.7001953125,,5.131999969482422
2001-12-19,1151.75,489.510009765625,3324.10009765625,4467.919921875,,,,,,,6190.7998046875,,5.035999774932861
2001-12-20,1139.0,483.75,3343.89990234375,4426.72021484375,,,,,,,6296.39990234375,,5.048999786376953
2001-12-21,1149.75,495.8399963378906,3374.5,4499.33984375,,,,,,,6364.60009765625,,5.078000068664551
2001-12-24,1146.75,494.9800109863281,3390.10009765625,4502.10009765625,,,,,,,,,5.131999969482422
2001-12-26,1153.0,,,,,,,,,,,,5.177999973297119
2001-12-27,1159.5,504.6600036621094,3417.60009765625,4591.16015625,,,,,,,6410.60009765625,,5.09499979019165
2001-12-28,1159.25,506.7799987792969,3427.10009765625,4624.580078125,,,,,,,6417.7998046875,,5.10699987411499
2001-12-31,1149.25,,3422.300048828125,,,,,,,,,,5.0320000648498535
2002-01-02,1154.0,497.5299987792969,3443.800048828125,4580.43994140625,,,,,,,6372.2998046875,,5.1570000648498535
2002-01-03,1166.75,503.8500061035156,3419.60009765625,4681.2001953125,,,,,,,6380.89990234375,,5.119999885559082
2002-01-04,1175.25,499.55999755859375,3435.699951171875,4682.7900390625,,,,,,,6392.89990234375,,5.140999794006348
2002-01-07,1166.75,498.0299987792969,3446.89990234375,4615.5400390625,,,,,,,6384.39990234375,,5.057000160217285
2002-01-08,1163.5,494.29998779296875,3423.0,4568.08984375,,,,,,,6313.89990234375,,5.057000160217285
2002-01-09,1154.5,498.8399963378906,3412.5,4587.009765625,,,,,,,6360.2998046875,,5.061999797821045
2002-01-10,1159.5,492.260009765625,3409.10009765625,4515.52001953125,,,,,,,6363.7001953125,,4.961999893188477
2002-01-11,1147.75,498.5199890136719,3417.60009765625,4554.68994140625,,,,,,,6416.39990234375,,4.859000205993652
2002-01-14,1140.5,487.9599914550781,3407.300048828125,4453.97021484375,,,,,,,6301.10009765625,,4.868000030517578
2002-01-15,1148.5,494.1499938964844,3406.199951171875,4518.419921875,,,,,,,6292.2998046875,,4.830999851226807
2002-01-16,1125.75,489.2799987792969,3425.800048828125,4425.5,,,,,,,6238.89990234375,,4.839000225067139
2002-01-17,1134.5,496.82000732421875,3393.10009765625,4475.64013671875,,,,,,,6320.0,,4.933000087738037
2002-01-18,1129.0,493.5,3387.0,4448.85009765625,,,,,,,6294.2001953125,,4.888000011444092
2002-01-21,,492.010009765625,3400.300048828125,4423.7998046875,,,,,,,6231.10009765625,,
2002-01-22,1121.25,494.2200012207031,3421.5,4446.72021484375,,,,,,,6266.2998046875,,4.900000095367432
2002-01-23,1129.0,492.57000732421875,3422.0,4450.81005859375,,,,,,,6310.0,,5.0
2002-01-24,1133.25,503.75,3430.800048828125,4508.06982421875,,,,,,,6390.89990234375,,5.0289998054504395
2002-01-25,1133.25,503.3599853515625,3442.300048828125,4484.31005859375,,,,,,,6372.10009765625,,5.071000099182129
2002-01-28,1135.5,506.70001220703125,,4533.1298828125,,,,,,,6414.39990234375,,5.078999996185303
2002-01-29,1100.5,503.0400085449219,3452.89990234375,4476.10009765625,,,,,,,6324.10009765625,,4.974999904632568
2002-01-30,1115.25,495.239990234375,3433.5,4407.27001953125,,,,,,,6212.39990234375,,4.9710001945495605
2002-01-31,1130.5,500.9200134277344,3464.199951171875,4461.8701171875,,,,,,,6237.2998046875,,5.025000095367432
2002-02-01,1123.25,501.3699951171875,3445.5,4455.56005859375,,,,,,,6234.60009765625,,4.979000091552734
2002-02-04,1095.5,497.1600036621094,3466.10009765625,4397.5400390625,,,,,,,6196.60009765625,,4.895999908447266
2002-02-05,1089.0,487.17999267578125,3451.5,4307.75,,,,,,,6132.5,,4.925000190734863
2002-02-06,1083.25,481.5799865722656,3424.5,4273.81005859375,,,,,,,6105.2001953125,,4.928999900817871
2002-02-07,1077.0,484.67999267578125,3414.5,4295.64990234375,,,,,,,6227.2001953125,,4.931000232696533
2002-02-08,1095.25,481.95001220703125,3450.39990234375,4299.0400390625,,,,,,,6245.5,,4.879000186920166
2002-02-11,1110.0,488.8599853515625,3476.5,4353.2099609375,,,,,,,6278.89990234375,,4.89900016784668
2002-02-12,1107.5,489.8599853515625,3481.10009765625,4337.9501953125,,,,,,,6253.2998046875,,4.9670000076293945
2002-02-13,1118.75,493.510009765625,3474.60009765625,4364.4501953125,,,,,,,6337.0,,5.002999782562256
2002-02-14,1116.75,500.5299987792969,3487.0,4429.31005859375,,,,,,,6421.60009765625,,4.959000110626221
2002-02-15,1104.75,498.1000061035156,3480.39990234375,4377.0,,,,,,,6414.39990234375,,4.86299991607666
2002-02-18,1104.75,493.5,3469.300048828125,4347.0498046875,,,,,,,6378.5,,
2002-02-19,1083.75,482.6600036621094,3470.39990234375,4256.35986328125,,,,,,,6235.89990234375,,4.882999897003174
2002-02-20,1101.0,480.0400085449219,3437.699951171875,4238.990234375,,,,,,,6199.39990234375,,4.879000186920166
2002-02-21,1079.0,485.0899963378906,3434.300048828125,4287.22021484375,,,,,,,6226.89990234375,,4.870999813079834
2002-02-22,1091.75,478.3399963378906,3422.10009765625,4245.2001953125,,,,,,,6186.5,,4.827000141143799
2002-02-25,1109.75,484.8900146484375,3422.5,4305.43994140625,,,,,,,6236.2998046875,,4.85099983215332
2002-02-26,1108.0,487.1700134277344,3434.800048828125,4340.85986328125,,,,,,,6210.2998046875,,4.914999961853027
2002-02-27,1111.75,492.6700134277344,3413.10009765625,4424.7099609375,,,,,,,6319.89990234375,,4.8470001220703125
2002-02-28,1107.0,494.9100036621094,3414.300048828125,4462.990234375,,,,,,,6352.7998046875,,4.859000205993652
2002-03-01,1132.75,499.0,3417.300048828125,4486.419921875,,,,,,,6349.0,,4.9710001945495605
2002-03-04,1152.25,511.57000732421875,3424.300048828125,4607.43994140625,,,,,,,6440.7001953125,,4.999000072479248
2002-03-05,1149.0,512.8400268554688,3435.60009765625,4580.75,,,,,,,6412.5,,5.007999897003174
2002-03-06,1162.75,513.1199951171875,3451.199951171875,4588.14013671875,,,,,,,6416.2998046875,,5.0320000648498535
2002-03-07,1159.75,518.0,3497.60009765625,4616.5,,,,,,,6440.60009765625,,5.211999893188477
2002-03-08,1164.0,519.0700073242188,3485.300048828125,4629.10986328125,,,,,,,6531.2001953125,,5.315999984741211
2002-03-11,1166.5,518.5900268554688,3476.89990234375,4586.75,,,,,,,6496.60009765625,,5.320000171661377
2002-03-12,1167.25,515.8400268554688,3462.300048828125,4550.64990234375,,,,,,,6453.0,,5.303999900817871
2002-03-13,1154.5,511.3500061035156,3450.0,4523.77001953125,,,,,,,6497.10009765625,,5.26200008392334
2002-03-14,1155.75,511.3900146484375,3451.89990234375,4546.83984375,,,,,,,6543.5,,5.395999908447266
2002-03-15,1158.5999755859375,517.5700073242188,3407.699951171875,4588.330078125,,,,,,,6571.2998046875,,5.36299991607666
2002-03-18,1167.25,522.5,3453.10009765625,4625.81005859375,,,,,,,6622.60009765625,,5.303999900817871
2002-03-19,1174.25,526.760009765625,3460.300048828125,4644.93017578125,,,,,,,6630.0,,5.324999809265137
2002-03-20,1152.25,521.8800048828125,3467.300048828125,4603.7998046875,,,,,,,6612.10009765625,,5.396999835968018
2002-03-21,1152.75,521.1900024414062,3436.10009765625,4579.89990234375,,,,,,,6600.39990234375,,5.383999824523926
2002-03-22,1149.75,523.3499755859375,3433.800048828125,4601.56982421875,,,,,,,6615.7998046875,,5.388999938964844
2002-03-25,1135.5,521.739990234375,3424.699951171875,4588.35986328125,,,,,,,6610.10009765625,,5.406000137329102
2002-03-26,1142.5,523.1199951171875,3384.39990234375,4628.06982421875,,,,,,,6624.2998046875,,5.334000110626221
2002-03-27,1145.0,523.27001953125,3411.5,4623.2001953125,,,,,,,6631.7998046875,,5.329999923706055
2002-03-28,1144.75,531.2100219726562,3414.800048828125,4688.02001953125,,,,,,,6655.2001953125,,5.406000137329102
2002-04-01,1144.5,,,,,,,,,,,,5.427999973297119
2002-04-02,1138.5,528.5999755859375,3387.300048828125,4627.330078125,,,,,,,6671.5,,5.3480000495910645
2002-04-03,1130.25,528.2899780273438,3377.800048828125,4632.259765625,,,,,,,6694.10009765625,,5.284999847412109
2002-04-04,1126.0,521.72998046875,3372.60009765625,4538.31005859375,,,,,,,6670.7001953125,,5.271999835968018
2002-04-05,1125.5,517.1500244140625,3390.0,4515.7001953125,,,,,,,6662.10009765625,,5.210000038146973
2002-04-08,1128.0,509.05999755859375,3389.0,4431.8798828125,,,,,,,6585.10009765625,,5.235000133514404
2002-04-09,1120.5,511.2799987792969,3363.39990234375,4463.91015625,,,,,,,6641.10009765625,,5.210000038146973
2002-04-10,1132.25,515.6599731445312,3377.39990234375,4521.830078125,,,,,,,6680.7001953125,,5.2230000495910645
2002-04-11,1104.0,509.6000061035156,3367.39990234375,4441.5400390625,,,,,,,6595.89990234375,,5.202000141143799
2002-04-12,1112.0,511.6499938964844,3354.5,4468.2900390625,,,,,,,6593.0,,5.156000137329102
2002-04-15,1104.25,513.5999755859375,3368.10009765625,4502.490234375,,,,,,,6615.5,,5.126999855041504
2002-04-16,1129.75,526.0800170898438,3386.60009765625,4598.740234375,,,,,,,6679.39990234375,,5.177000045776367
2002-04-17,1128.0,528.8300170898438,3401.300048828125,4597.2998046875,,,,,,,6691.2998046875,,5.218999862670898
2002-04-18,1123.0,526.5399780273438,3406.699951171875,4588.830078125,,,,,,,6687.39990234375,,5.215000152587891
2002-04-19,1126.5,528.22998046875,3407.300048828125,4606.419921875,,,,,,,6676.7001953125,,5.190000057220459
2002-04-22,1108.5,525.3800048828125,3414.10009765625,4559.4599609375,,,,,,,6685.2998046875,,5.169000148773193
2002-04-23,1102.75,526.1300048828125,3403.89990234375,4562.5498046875,,,,,,,6675.0,,5.164999961853027
2002-04-24,1091.75,520.5700073242188,3373.60009765625,4528.0,,,,,,,6679.7998046875,,5.09499979019165
2002-04-25,1092.5,512.27001953125,,4455.990234375,,,,,,,6591.7998046875,,5.091000080108643
2002-04-26,1071.25,509.260009765625,3379.10009765625,4453.080078125,,,,,,,6530.10009765625,,5.058000087738037
2002-04-29,1065.0,505.4100036621094,3352.800048828125,4430.3798828125,,,,,,,6566.7998046875,,5.098999977111816
2002-04-30,1076.0,511.2799987792969,3350.0,4462.740234375,,,,,,,6557.60009765625,,5.091000080108643
2002-05-01,1088.25,,3360.39990234375,,,,,,,,,,5.058000087738037
2002-05-02,1084.75,503.2300109863281,3362.300048828125,4421.56005859375,,,,,,,6552.2998046875,,5.098999977111816
2002-05-03,1073.0,495.739990234375,3366.0,4354.919921875,,,,,,,6598.7001953125,,5.061999797821045
2002-05-06,1051.75,493.7099914550781,3345.39990234375,4367.259765625,,,,,,,6571.5,,5.078999996185303
2002-05-07,1047.5,489.19000244140625,3325.0,4296.39990234375,,,,,,,6478.10009765625,,5.072999954223633
2002-05-08,1086.0,498.05999755859375,3339.89990234375,4404.02001953125,,,,,,,6591.89990234375,,5.210000038146973
2002-05-09,1074.25,498.2300109863281,3338.5,4386.85986328125,,,,,,,6595.10009765625,,5.186999797821045
2002-05-10,1054.0,490.5199890136719,3330.89990234375,4329.83984375,,,,,,,6533.10009765625,,5.126999855041504
2002-05-13,1075.5,493.6700134277344,3302.5,4375.39013671875,,,,,,,6568.2998046875,,5.21999979019165
2002-05-14,1098.25,501.8399963378906,3314.300048828125,4447.1201171875,,,,,,,6622.2998046875,,5.294000148773193
2002-05-15,1094.25,503.8299865722656,3376.10009765625,4471.27001953125,,,,,,,6670.10009765625,,5.251999855041504
2002-05-16,1099.0,502.010009765625,3395.300048828125,4466.35986328125,,,,,,,6692.0,,5.186999797821045
2002-05-17,1105.25,498.1600036621094,3412.60009765625,4442.93994140625,,,,,,,6642.60009765625,,5.241000175476074
2002-05-20,1093.5,495.4100036621094,3393.300048828125,4400.75,,,,,,,6606.0,,5.189000129699707
2002-05-21,1082.75,492.3999938964844,3376.89990234375,4399.2001953125,,,,,,,6623.2998046875,,5.1479997634887695
2002-05-22,1085.0,486.7300109863281,3389.800048828125,4326.2900390625,,,,,,,6585.89990234375,,5.099999904632568
2002-05-23,1096.5,492.0400085449219,3373.5,4341.58984375,,,,,,,6564.10009765625,,5.1479997634887695
2002-05-24,1082.5,492.1600036621094,3387.10009765625,4337.43017578125,,,,,,,6576.0,,5.138000011444092
2002-05-27,1085.5,492.94000244140625,3381.60009765625,4360.7099609375,,,,,,,6607.7001953125,,
2002-05-28,1076.5,490.1000061035156,3385.89990234375,4339.56982421875,,,,,,,6584.10009765625,,5.133999824523926
2002-05-29,1068.25,489.5400085449219,3381.199951171875,4334.85009765625,,,,,,,6598.0,,5.077000141143799
2002-05-30,1065.5,480.3399963378906,3387.10009765625,4260.14013671875,,,,,,,6544.10009765625,,5.0320000648498535
2002-05-31,1064.0,484.54998779296875,3373.60009765625,4274.64013671875,,,,,,,6574.7998046875,,5.043000221252441
2002-06-03,1038.5,478.04998779296875,3375.60009765625,4227.14990234375,,,,,,,6551.10009765625,,5.039999961853027
2002-06-04,1042.0,462.57000732421875,3347.10009765625,4065.8798828125,,,,,,,6415.7001953125,,5.01200008392334
2002-06-05,1050.5,463.0199890136719,3350.199951171875,4079.510009765625,,,,,,,6400.10009765625,,5.040999889373779
2002-06-06,1029.5,466.0,3344.300048828125,4098.18017578125,,,,,,,6366.0,,5.010000228881836
2002-06-07,1028.25,454.1400146484375,3342.800048828125,4020.27001953125,,,,,,,6250.89990234375,,5.061999797821045
2002-06-10,1032.25,454.0299987792969,,4024.93994140625,,,,,,,6267.5,,5.043000221252441
2002-06-11,1014.0,462.32000732421875,3328.5,4109.3701171875,,,,,,,6330.2998046875,,4.991000175476074
2002-06-12,1020.5,446.9700012207031,3327.89990234375,4004.760009765625,,,,,,,6142.0,,4.949999809265137
2002-06-13,1010.5,441.9800109863281,3313.60009765625,3957.330078125,,,,,,,6050.7998046875,,4.9070000648498535
2002-06-14,1009.0,429.95001220703125,3294.10009765625,3843.070068359375,,,,,,,5980.7001953125,,4.806000232696533
2002-06-17,1035.25,446.1099853515625,3299.699951171875,4010.360107421875,,,,,,,6160.89990234375,,4.855999946594238
2002-06-18,1044.75,447.04998779296875,3311.89990234375,4004.929931640625,,,,,,,6072.2001953125,,4.8480000495910645
2002-06-19,1019.5,439.1499938964844,3279.89990234375,3935.580078125,,,,,,,5971.60009765625,,4.72599983215332
2002-06-20,1006.5,427.42999267578125,3279.60009765625,3832.070068359375,,,,,,,5777.89990234375,,4.826000213623047
2002-06-21,998.0,423.1600036621094,3252.199951171875,3799.530029296875,,,,,,,5791.60009765625,,4.755000114440918
2002-06-24,996.75,410.7300109863281,3235.300048828125,3669.239990234375,,,,,,,5594.2001953125,,4.843999862670898
2002-06-25,974.5,423.44000244140625,3227.60009765625,3766.39990234375,,,,,,,5781.39990234375,,4.841000080108643
2002-06-26,974.75,413.1700134277344,3179.39990234375,3701.1298828125,,,,,,,5629.0,,4.706999778747559
2002-06-27,991.75,419.05999755859375,3212.89990234375,3742.780029296875,,,,,,,5717.89990234375,,4.809999942779541
2002-06-28,988.0,439.6600036621094,3216.0,3897.989990234375,,,,,,,5979.7001953125,,4.823999881744385
2002-07-01,969.0,438.92999267578125,3227.89990234375,3897.3701171875,,,,,,,5985.10009765625,,4.815000057220459
2002-07-02,947.75,420.79998779296875,3212.10009765625,3735.659912109375,,,,,,,5863.7998046875,,4.739999771118164
2002-07-03,953.0,406.0799865722656,3185.89990234375,3623.330078125,,,,,,,5711.39990234375,,4.74399995803833
2002-07-04,952.5,419.94000244140625,3208.699951171875,3697.1298828125,,,,,,,5847.7998046875,,
2002-07-05,991.0,437.3599853515625,3214.800048828125,3863.280029296875,,,,,,,6024.2001953125,,4.863999843597412
2002-07-08,978.25,433.8900146484375,3233.699951171875,3858.35009765625,,,,,,,6002.2998046875,,4.811999797821045
2002-07-09,954.75,429.29998779296875,3258.39990234375,3819.010009765625,,,,,,,5967.0,,4.741000175476074
2002-07-10,918.75,409.7799987792969,3226.199951171875,3656.3798828125,,,,,,,5775.5,,4.645999908447266
2002-07-11,927.0,391.7799987792969,3192.39990234375,3512.10009765625,,,,,,,5538.5,,4.617000102996826
2002-07-12,916.75,391.010009765625,3197.39990234375,3513.340087890625,,,,,,,5604.7001953125,,4.59499979019165
2002-07-15,920.5,368.010009765625,3187.300048828125,3323.739990234375,,,,,,,5358.0,,4.620999813079834
2002-07-16,903.25,363.8500061035156,3157.699951171875,3317.81005859375,,,,,,,5225.2998046875,,4.709000110626221
2002-07-17,904.5,379.510009765625,3122.199951171875,3440.8798828125,,,,,,,5299.7001953125,,4.664999961853027
2002-07-18,875.5,386.7099914550781,3152.300048828125,3513.7099609375,,,,,,,5271.5,,4.610000133514404
2002-07-19,844.5,368.30999755859375,3109.199951171875,3324.0400390625,,,,,,,4976.2998046875,,4.565000057220459
2002-07-22,819.0,342.8299865722656,3089.39990234375,3149.68994140625,,,,,,,4699.7001953125,,4.4670000076293945
2002-07-23,796.25,330.7300109863281,3088.60009765625,3070.159912109375,,,,,,,4628.60009765625,,4.426000118255615
2002-07-24,844.75,318.4599914550781,3017.199951171875,3023.68994140625,,,,,,,4607.7998046875,,4.4029998779296875
2002-07-25,836.5,336.1300048828125,3042.39990234375,3149.719970703125,,,,,,,4906.2998046875,,4.388000011444092
2002-07-26,852.75,336.07000732421875,2989.5,3172.56005859375,,,,,,,5023.60009765625,,4.367000102996826
2002-07-29,893.5,361.8699951171875,3035.199951171875,3395.830078125,,,,,,,5272.2998046875,,4.5329999923706055
2002-07-30,905.5,355.9200134277344,3083.800048828125,3379.85009765625,,,,,,,5215.39990234375,,4.580999851226807
2002-07-31,908.0,363.5899963378906,3086.199951171875,3415.3798828125,,,,,,,5196.7001953125,,4.465000152587891
2002-08-01,883.75,342.0400085449219,3077.300048828125,3240.7099609375,,,,,,,5095.7001953125,,4.401000022888184
2002-08-02,864.0,336.2099914550781,3053.89990234375,3245.3701171875,,,,,,,5036.7998046875,,4.261000156402588
2002-08-05,833.75,323.1600036621094,3009.199951171875,3115.3798828125,,,,,,,4849.0,,4.23799991607666
2002-08-06,861.75,338.32000732421875,2985.60009765625,3284.7900390625,,,,,,,5127.2001953125,,4.36899995803833
2002-08-07,876.25,337.1600036621094,3051.0,3270.510009765625,,,,,,,5054.2001953125,,4.291999816894531
2002-08-08,905.5,353.8999938964844,3077.10009765625,3388.449951171875,,,,,,,5254.0,,4.414999961853027
2002-08-09,907.75,361.6300048828125,3106.800048828125,3447.93994140625,,,,,,,5324.0,,4.267000198364258
2002-08-12,902.25,352.2900085449219,3103.800048828125,3364.43994140625,,,,,,,5244.7998046875,,4.2170000076293945
2002-08-13,885.5,357.44000244140625,3110.300048828125,3390.22998046875,,,,,,,5324.7998046875,,4.116000175476074
2002-08-14,918.0,347.2200012207031,3096.199951171875,3240.81005859375,,,,,,,5266.7998046875,,4.063000202178955
2002-08-15,930.0,364.2200012207031,3128.0,3375.010009765625,,,,,,,5424.10009765625,,4.163000106811523
2002-08-16,927.5,369.1099853515625,3133.300048828125,3374.090087890625,,,,,,,5401.60009765625,,4.316999912261963
2002-08-19,948.75,386.1099853515625,3148.199951171875,3493.010009765625,,,,,,,5534.7998046875,,4.297999858856201
2002-08-20,939.75,379.4200134277344,3176.699951171875,3440.6201171875,,,,,,,5379.5,,4.158999919891357
2002-08-21,952.0,380.6600036621094,3164.300048828125,3485.2099609375,,,,,,,5486.39990234375,,4.190000057220459
2002-08-22,961.0,395.6499938964844,3195.699951171875,3592.60009765625,,,,,,,5511.39990234375,,4.289999961853027
2002-08-23,940.75,390.32000732421875,3184.5,3526.090087890625,,,,,,,5493.2998046875,,4.228000164031982
2002-08-26,947.75,379.8699951171875,3176.89990234375,3471.280029296875,,,,,,,5424.2001953125,,4.205999851226807
2002-08-27,936.25,394.95001220703125,3160.300048828125,3570.5,,,,,,,5491.0,,4.2820000648498535
2002-08-28,916.5,377.3599853515625,3137.699951171875,3419.739990234375,,,,,,,5265.89990234375,,4.2179999351501465
2002-08-29,916.5,365.82000732421875,3130.800048828125,3331.77001953125,,,,,,,5129.2998046875,,4.160999774932861
2002-08-30,912.25,371.5899963378906,3120.10009765625,3366.2099609375,,,,,,,5230.5,,4.13700008392334
2002-09-02,908.5,363.8999938964844,3131.0,3272.760009765625,,,,,,,5096.0,,
2002-09-03,877.75,349.739990234375,3143.199951171875,3126.60009765625,,,,,,,4913.89990234375,,3.9800000190734863
2002-09-04,890.5,349.7099914550781,3093.199951171875,3168.699951171875,,,,,,,4960.0,,3.953000068664551
2002-09-05,883.25,344.8900146484375,3113.5,3139.389892578125,,,,,,,4958.60009765625,,3.9100000858306885
2002-09-06,894.75,356.1099853515625,3089.5,3246.669921875,,,,,,,5104.5,,4.035999774932861
2002-09-09,900.75,346.3699951171875,3119.60009765625,3199.820068359375,,,,,,,5030.5,,4.046999931335449
2002-09-10,911.25,357.19000244140625,3110.699951171875,3299.639892578125,,,,,,,5123.2998046875,,3.98799991607666
2002-09-11,905.75,367.3599853515625,3148.0,3397.02001953125,,,,,,,5250.89990234375,,4.058000087738037
2002-09-12,889.5,349.45001220703125,3142.10009765625,3241.840087890625,,,,,,,5079.5,,3.9670000076293945
2002-09-13,891.5,339.45001220703125,3130.60009765625,3156.169921875,,,,,,,4959.2998046875,,3.9000000953674316
2002-09-16,892.5,336.6300048828125,3125.699951171875,3141.949951171875,,,,,,,4956.7001953125,,3.874000072479248
2002-09-17,872.25,332.19000244140625,3156.699951171875,3112.830078125,,,,,,,4909.7998046875,,3.86299991607666
2002-09-18,863.75,316.04998779296875,3120.300048828125,3000.97998046875,,,,,,,4814.5,,3.8489999771118164
2002-09-19,841.75,310.4100036621094,3090.699951171875,2927.179931640625,,,,,,,4730.60009765625,,3.7799999713897705
2002-09-20,847.0,308.0199890136719,3073.60009765625,2890.820068359375,,,,,,,4737.5,,3.7760000228881836
2002-09-23,833.75,294.7200012207031,3046.699951171875,2794.31005859375,,,,,,,4561.39990234375,,3.680999994277954
2002-09-24,820.75,293.760009765625,3033.300048828125,2742.81005859375,,,,,,,4566.39990234375,,3.6459999084472656
2002-09-25,841.25,299.95001220703125,2991.10009765625,2785.3798828125,,,,,,,4644.60009765625,,3.759000062942505
2002-09-26,854.5,319.7799987792969,2988.699951171875,2961.4599609375,,,,,,,4899.10009765625,,3.7660000324249268
2002-09-27,825.25,315.739990234375,3008.89990234375,2950.52001953125,,,,,,,4909.2998046875,,3.688999891281128
2002-09-30,815.0,296.3599853515625,2970.89990234375,2777.449951171875,,,,,,,4783.0,,3.6070001125335693
2002-10-01,854.5,305.04998779296875,2987.199951171875,2828.56005859375,,,,,,,4718.60009765625,,3.6989998817443848
2002-10-02,830.75,317.4100036621094,2998.199951171875,2940.840087890625,,,,,,,4848.7001953125,,3.700000047683716
2002-10-03,820.0,313.8999938964844,2999.300048828125,2861.0400390625,,,,,,,4788.7001953125,,3.684000015258789
2002-10-04,806.0,305.8800048828125,2991.60009765625,2765.89990234375,,,,,,,4677.0,,3.684999942779541
2002-10-07,788.5,300.489990234375,2940.0,2733.56005859375,,,,,,,4566.39990234375,,3.630000114440918
2002-10-08,800.5,292.510009765625,2946.0,2694.22998046875,,,,,,,4497.39990234375,,3.635999917984009
2002-10-09,778.25,291.44000244140625,2912.699951171875,2656.449951171875,,,,,,,4435.0,,3.5799999237060547
2002-10-10,803.0,301.4800109863281,2896.60009765625,2758.530029296875,,,,,,,4533.2001953125,,3.6549999713897705
2002-10-11,838.25,317.75,2924.60009765625,2902.27001953125,,,,,,,4769.5,,3.812999963760376
2002-10-14,842.25,316.1300048828125,2959.800048828125,2885.27001953125,,,,,,,4723.89990234375,,3.811000108718872
2002-10-15,883.75,340.5899963378906,2994.89990234375,3086.030029296875,,,,,,,4996.2998046875,,3.996000051498413
2002-10-16,862.75,331.94000244140625,2993.800048828125,3067.699951171875,,,,,,,4925.10009765625,,4.033999919891357
2002-10-17,878.75,343.45001220703125,2989.800048828125,3183.080078125,,,,,,,4993.2998046875,,4.136000156402588
2002-10-18,883.25,345.3399963378906,3010.60009765625,3156.989990234375,,,,,,,4967.2001953125,,4.133999824523926
2002-10-21,898.75,344.739990234375,2990.199951171875,3156.929931640625,,,,,,,4918.0,,4.2210001945495605
2002-10-22,891.5,342.6000061035156,3003.0,3121.010009765625,,,,,,,4882.39990234375,,4.251999855041504
2002-10-23,898.25,329.32000732421875,3031.89990234375,2992.22998046875,,,,,,,4761.2998046875,,4.236000061035156
2002-10-24,880.5,336.2699890136719,3023.60009765625,3075.1298828125,,,,,,,4896.7001953125,,4.142000198364258
2002-10-25,898.75,330.5299987792969,3009.199951171875,3056.8798828125,,,,,,,4939.2001953125,,4.09499979019165
2002-10-28,891.75,339.3699951171875,3035.60009765625,3120.85009765625,,,,,,,4901.60009765625,,4.084000110626221
2002-10-29,881.5,323.0400085449219,3011.300048828125,2965.110107421875,,,,,,,4753.2001953125,,3.934000015258789
2002-10-30,889.75,335.07000732421875,3006.199951171875,3084.219970703125,,,,,,,4886.0,,3.9660000801086426
2002-10-31,885.5,342.8399963378906,3042.89990234375,3150.0400390625,,,,,,,4949.10009765625,,3.9110000133514404
2002-11-01,898.5,339.1099853515625,3010.300048828125,3109.510009765625,,,,,,,4894.0,,3.9769999980926514
2002-11-04,907.5,352.0299987792969,3054.800048828125,3218.669921875,,,,,,,5026.7998046875,,4.045000076293945
2002-11-05,914.0,354.4100036621094,3050.199951171875,3247.389892578125,,,,,,,5039.10009765625,,4.080999851226807
2002-11-06,925.75,349.32000732421875,3075.5,3212.860107421875,,,,,,,5011.60009765625,,4.034999847412109
2002-11-07,902.75,336.2200012207031,3038.89990234375,3111.719970703125,,,,,,,4899.2001953125,,3.881999969482422
2002-11-08,891.5,330.2300109863281,3008.800048828125,3058.179931640625,,,,,,,4845.39990234375,,3.8519999980926514
2002-11-11,877.75,328.1099853515625,2972.89990234375,3053.699951171875,,,,,,,4791.89990234375,,3.8519999980926514
2002-11-12,884.75,328.30999755859375,2982.5,3064.639892578125,,,,,,,4855.2998046875,,3.8510000705718994
2002-11-13,885.75,326.1700134277344,2971.0,3034.81005859375,,,,,,,4832.2998046875,,3.8380000591278076
2002-11-14,902.5,335.6600036621094,2962.199951171875,3148.60009765625,,,,,,,4949.39990234375,,4.020999908447266
2002-11-15,909.0,338.1700134277344,3004.89990234375,3162.389892578125,,,,,,,5027.60009765625,,4.051000118255615
2002-11-18,900.0,343.239990234375,2999.699951171875,3208.469970703125,,,,,,,5033.89990234375,,4.019000053405762
2002-11-19,898.0,340.82000732421875,2989.699951171875,3177.22998046875,,,,,,,5000.2001953125,,3.9800000190734863
2002-11-20,918.75,339.3500061035156,3007.800048828125,3153.5,,,,,,,5034.2998046875,,4.074999809265137
2002-11-21,935.5,356.3399963378906,3021.89990234375,3290.169921875,,,,,,,5134.2998046875,,4.14300012588501
2002-11-22,928.75,357.55999755859375,3035.800048828125,3305.780029296875,,,,,,,5160.7998046875,,4.175000190734863
2002-11-25,929.75,358.5899963378906,3041.300048828125,3295.679931640625,,,,,,,5151.60009765625,,4.184000015258789
2002-11-26,911.5,347.6400146484375,3015.39990234375,3215.18994140625,,,,,,,5092.0,,4.078999996185303
2002-11-27,937.75,357.3999938964844,3005.199951171875,3313.760009765625,,,,,,,5181.89990234375,,4.260000228881836
2002-11-28,939.5,360.1000061035156,3043.5,3329.989990234375,,,,,,,5149.89990234375,,
2002-11-29,936.0,361.989990234375,3061.39990234375,3326.64990234375,,,,,,,5117.5,,4.2129998207092285
2002-12-02,935.25,361.1600036621094,3083.800048828125,3298.760009765625,,,,,,,5150.5,,4.218999862670898
2002-12-03,923.75,349.2300109863281,3072.60009765625,3222.260009765625,,,,,,,5004.0,,4.232999801635742
2002-12-04,919.0,343.2799987792969,3027.199951171875,3199.840087890625,,,,,,,5010.39990234375,,4.171999931335449
2002-12-05,908.5,339.3299865722656,3040.5,3158.0400390625,,,,,,,4950.7001953125,,4.113999843597412
2002-12-06,913.75,338.4700012207031,3027.300048828125,3185.77001953125,,,,,,,4934.7998046875,,4.0929999351501465
2002-12-09,889.5,330.0899963378906,3023.5,3115.6298828125,,,,,,,4863.0,,4.050000190734863
2002-12-10,902.0,331.04998779296875,2990.800048828125,3142.75,,,,,,,4909.2998046875,,4.048999786376953
2002-12-11,902.25,335.7200012207031,2969.699951171875,3190.090087890625,,,,,,,4905.7998046875,,3.99399995803833
2002-12-12,902.0,330.0899963378906,2987.800048828125,3137.429931640625,,,,,,,4880.0,,4.00600004196167
2002-12-13,887.5,322.75,2971.300048828125,3076.85009765625,,,,,,,4847.7001953125,,4.061999797821045
2002-12-16,910.25,335.510009765625,2949.89990234375,3173.85009765625,,,,,,,4940.10009765625,,4.130000114440918
2002-12-17,902.75,330.3900146484375,2986.699951171875,3138.610107421875,,,,,,,4902.2998046875,,4.113999843597412
2002-12-18,892.25,323.54998779296875,2986.5,3077.389892578125,,,,,,,4804.60009765625,,4.053999900817871
2002-12-19,886.0,320.7200012207031,2989.10009765625,3054.2099609375,,,,,,,4781.60009765625,,3.9489998817443848
2002-12-20,891.1099853515625,325.239990234375,3011.39990234375,3082.85009765625,,,,,,,4774.60009765625,,3.953000068664551
2002-12-23,897.0,329.7200012207031,3033.5,3087.6201171875,,,,,,,4731.2998046875,,3.9670000076293945
2002-12-24,891.5,327.3599853515625,3032.800048828125,3081.280029296875,,,,,,,,,3.936000108718872
2002-12-26,890.75,,,,,,,,,,,,3.9140000343322754
2002-12-27,871.75,317.8599853515625,3027.199951171875,3011.830078125,,,,,,,4573.89990234375,,3.812999963760376
2002-12-30,877.5,320.2900085449219,2992.699951171875,3025.139892578125,,,,,,,4630.7998046875,,3.7839999198913574
2002-12-31,879.0,322.7300109863281,3007.10009765625,3063.909912109375,,,,,,,,,3.818000078201294
2003-01-02,907.5,337.260009765625,3027.60009765625,3195.02001953125,,,,,,,,,4.0320000648498535
2003-01-03,910.0,335.3399963378906,3055.5,3187.8798828125,,,,,,,4899.5,,4.038000106811523
2003-01-06,926.5,336.2300109863281,3075.39990234375,3210.27001953125,,,,,,,4916.2001953125,,4.065999984741211
2003-01-07,923.75,334.8900146484375,3074.5,3160.989990234375,,,,,,,4887.0,,4.025000095367432
2003-01-08,910.0,328.7300109863281,3074.699951171875,3094.090087890625,,,,,,,4882.2998046875,,3.9809999465942383
2003-01-09,924.75,333.1499938964844,3064.89990234375,3152.2900390625,,,,,,,4857.89990234375,,4.1479997634887695
2003-01-10,926.5,333.1300048828125,3063.5,3160.1298828125,,,,,,,4854.2001953125,,4.1519999504089355
2003-01-13,926.5,335.20001220703125,3069.39990234375,3169.820068359375,,,,,,,4887.7998046875,,4.127999782562256
2003-01-14,929.25,335.1499938964844,3075.800048828125,3174.030029296875,,,,,,,4965.2998046875,,4.085000038146973
2003-01-15,921.0,330.7300109863281,3077.0,3134.659912109375,,,,,,,4860.0,,4.072000026702881
2003-01-16,916.5,329.989990234375,3056.300048828125,3142.590087890625,,,,,,,4829.2001953125,,4.067999839782715
2003-01-17,903.0,318.5899963378906,3051.699951171875,3056.929931640625,,,,,,,4753.60009765625,,4.014999866485596
2003-01-20,903.75,313.0400085449219,3055.800048828125,3020.070068359375,,,,,,,4679.7001953125,,
2003-01-21,888.5,307.69000244140625,3051.5,2992.389892578125,,,,,,,4650.60009765625,,3.989000082015991
2003-01-22,877.5,300.7900085449219,3025.89990234375,2931.3798828125,,,,,,,4520.2001953125,,3.9230000972747803
2003-01-23,883.0,297.8900146484375,3024.0,2917.969970703125,,,,,,,4528.2998046875,,3.947000026702881
2003-01-24,860.25,295.8399963378906,3026.199951171875,2898.60009765625,,,,,,,4477.39990234375,,3.9030001163482666
2003-01-27,847.25,284.3299865722656,,2795.780029296875,,,,,,,4314.5,,3.9570000171661377
2003-01-28,854.5,284.8500061035156,2964.39990234375,2800.070068359375,,,,,,,4303.5,,3.9779999256134033
2003-01-29,860.75,282.7200012207031,2951.699951171875,2840.050048828125,,,,,,,4332.2001953125,,4.0329999923706055
2003-01-30,840.0,292.94000244140625,2964.199951171875,2914.1298828125,,,,,,,4409.0,,3.990000009536743
2003-01-31,854.75,294.94000244140625,2956.89990234375,2937.8798828125,,,,,,,4422.5,,3.9749999046325684
2003-02-03,858.5,298.989990234375,2942.60009765625,2957.7900390625,,,,,,,4471.89990234375,,3.992000102996826
2003-02-04,849.25,285.5400085449219,2946.60009765625,2863.5,,,,,,,4354.2998046875,,3.930999994277954
2003-02-05,844.5,290.8699951171875,2918.699951171875,2884.6201171875,,,,,,,4385.0,,4.000999927520752
2003-02-06,840.5,284.3500061035156,2886.199951171875,2836.179931640625,,,,,,,4257.2998046875,,3.944999933242798
2003-02-07,830.5,279.2200012207031,2906.0,2796.659912109375,,,,,,,4222.7998046875,,3.9240000247955322
2003-02-10,836.0,274.79998779296875,2890.199951171875,2772.260009765625,,,,,,,4155.0,,3.9769999980926514
2003-02-11,829.75,284.44000244140625,2879.0,2841.840087890625,,,,,,,4254.39990234375,,3.9570000171661377
2003-02-12,816.75,275.3999938964844,2884.5,2770.6201171875,,,,,,,4152.2001953125,,3.9119999408721924
2003-02-13,819.0,275.6600036621094,2835.39990234375,2758.64990234375,,,,,,,4159.2998046875,,3.871000051498413
2003-02-14,837.0,284.3299865722656,2817.199951171875,2827.75,,,,,,,4273.0,,3.9519999027252197
2003-02-17,841.25,291.1000061035156,2844.10009765625,2882.1201171875,,,,,,,4379.39990234375,,
2003-02-18,851.5,293.7200012207031,2844.699951171875,2938.6298828125,,,,,,,4325.39990234375,,3.947999954223633
2003-02-19,846.75,286.1000061035156,2864.699951171875,2859.18994140625,,,,,,,4210.89990234375,,3.88100004196167
2003-02-20,838.75,281.6099853515625,2819.10009765625,2804.489990234375,,,,,,,4214.0,,3.8459999561309814
2003-02-21,847.25,282.8999938964844,2820.199951171875,2829.830078125,,,,,,,4228.7001953125,,3.8929998874664307
2003-02-24,832.5,267.6700134277344,2855.89990234375,2785.610107421875,,,,,,,4181.2998046875,,3.8440001010894775
2003-02-25,839.75,257.30999755859375,2799.0,2683.3701171875,,,,,,,4095.800048828125,,3.808000087738037
2003-02-26,827.75,253.42999267578125,2826.89990234375,2658.570068359375,,,,,,,4052.0,,3.7730000019073486
2003-02-27,838.25,258.45001220703125,2796.199951171875,2715.800048828125,,,,,,,4083.699951171875,,3.752000093460083
2003-02-28,841.0,266.2099914550781,2800.89990234375,2754.070068359375,,,,,,,4148.2001953125,,3.696000099182129
2003-03-03,835.5,267.5400085449219,2816.800048828125,2762.25,,,,,,,4187.2001953125,,3.6760001182556152
2003-03-04,822.25,257.05999755859375,2813.10009765625,2676.340087890625,,,,,,,4046.0,,3.6449999809265137
2003-03-05,829.5,253.52999877929688,2776.0,2655.070068359375,,,,,,,3966.199951171875,,3.619999885559082
2003-03-06,821.75,246.88999938964844,2776.0,2634.530029296875,,,,,,,3962.60009765625,,3.6519999504089355
2003-03-07,828.5,236.1999969482422,2744.0,2574.909912109375,,,,,,,3880.300048828125,,3.619999885559082
2003-03-10,807.75,228.25999450683594,2741.39990234375,2513.610107421875,,,,,,,3732.10009765625,,3.5739998817443848
2003-03-11,800.25,227.6699981689453,2723.199951171875,2493.419921875,,,,,,,3718.89990234375,,3.5859999656677246
2003-03-12,805.75,218.44000244140625,2718.39990234375,2403.0400390625,,,,,,,3675.39990234375,,3.5889999866485596
2003-03-13,833.25,240.25,2700.39990234375,2554.7099609375,,,,,,,3793.300048828125,,3.7320001125335693
2003-03-14,834.25,257.3299865722656,2753.10009765625,2740.010009765625,,,,,,,4015.39990234375,,3.7070000171661377
2003-03-17,862.0,268.9599914550781,2739.10009765625,2831.72998046875,,,,,,,4130.5,,3.815999984741211
2003-03-18,867.25,264.1000061035156,2835.10009765625,2794.889892578125,,,,,,,4165.7998046875,,3.8980000019073486
2003-03-19,873.5,267.80999755859375,2846.699951171875,2837.679931640625,,,,,,,4261.7998046875,,3.9649999141693115
2003-03-20,875.75,264.9100036621094,2866.10009765625,2794.830078125,,,,,,,4285.2001953125,,4.00600004196167
2003-03-21,887.1599731445312,278.0899963378906,2866.699951171875,2890.679931640625,,,,,,,4453.2998046875,,4.09499979019165
2003-03-24,863.5,260.3399963378906,2858.5,2726.85009765625,,,,,,,4230.7001953125,,3.9730000495910645
2003-03-25,872.25,267.6499938964844,2854.39990234375,2795.7900390625,,,,,,,4263.60009765625,,3.9609999656677246
2003-03-26,868.0,266.5899963378906,2892.10009765625,2787.56005859375,,,,,,,4247.10009765625,,3.944000005722046
2003-03-27,867.5,261.3800048828125,2892.5,2722.840087890625,,,,,,,4194.5,,3.9260001182556152
2003-03-28,863.0,262.1199951171875,2897.699951171875,2733.0,,,,,,,4207.60009765625,,3.8959999084472656
2003-03-31,847.0,248.5399932861328,2885.199951171875,2618.4599609375,,,,,,,4085.60009765625,,3.822999954223633
2003-04-01,856.75,252.57000732421875,2882.199951171875,2635.0400390625,,,,,,,4135.5,,3.8269999027252197
2003-04-02,877.25,265.1700134277344,2882.300048828125,2743.8798828125,,,,,,,4272.10009765625,,3.931999921798706
2003-04-03,873.25,268.8900146484375,2908.60009765625,2788.68994140625,,,,,,,4327.2001953125,,3.9159998893737793
2003-04-04,878.5,270.5299987792969,2933.5,2837.9599609375,,,,,,,4386.2001953125,,3.944000005722046
2003-04-07,877.0,285.8900146484375,2979.39990234375,2935.679931640625,,,,,,,4490.7001953125,,4.013999938964844
2003-04-08,878.25,279.489990234375,2978.800048828125,2893.510009765625,,,,,,,4465.0,,3.936000108718872
2003-04-09,866.75,278.1099853515625,2950.5,2888.030029296875,,,,,,,4472.7998046875,,3.9010000228881836
2003-04-10,871.75,271.9700012207031,2945.10009765625,2808.580078125,,,,,,,4374.2001953125,,3.934000015258789
2003-04-11,868.25,276.2200012207031,2949.0,2838.139892578125,,,,,,,4448.10009765625,,3.9809999465942383
2003-04-14,886.0,278.8699951171875,2940.89990234375,2874.97998046875,,,,,,,4493.39990234375,,4.020999908447266
2003-04-15,893.75,288.2200012207031,2968.800048828125,2921.52001953125,,,,,,,4605.2998046875,,3.9709999561309814
2003-04-16,878.75,287.45001220703125,2979.800048828125,2895.159912109375,,,,,,,4556.7001953125,,3.937999963760376
2003-04-17,891.25,287.2099914550781,2953.199951171875,2898.610107421875,,,,,,,4523.7001953125,,3.9570000171661377
2003-04-21,893.0,,,,,,,,,,,,3.9790000915527344
2003-04-22,909.5,287.6600036621094,2980.39990234375,2914.60009765625,,,,,,,4531.2998046875,,3.9830000400543213
2003-04-23,917.5,291.69000244140625,3005.0,2962.669921875,,,,,,,4586.89990234375,,3.994999885559082
2003-04-24,909.75,282.5400085449219,3001.89990234375,2903.0400390625,,,,,,,4519.10009765625,,3.9049999713897705
2003-04-25,898.5,278.29998779296875,,2866.739990234375,,,,,,,4475.89990234375,,3.885999917984009
2003-04-28,913.5,287.3399963378906,2974.5,2949.570068359375,,,,,,,4556.5,,3.9000000953674316
2003-04-29,916.0,283.6099853515625,3011.199951171875,2940.800048828125,,,,,,,4510.2998046875,,3.928999900817871
2003-04-30,916.0,282.6300048828125,3007.5,2953.669921875,,,,,,,4542.7001953125,,3.8570001125335693
2003-05-01,915.0,,3003.60009765625,,,,,,,,,,3.8559999465942383
2003-05-02,927.5,279.3299865722656,2975.39990234375,2963.1201171875,,,,,,,4516.2998046875,,3.9130001068115234
2003-05-05,926.25,286.6300048828125,2977.39990234375,2996.219970703125,,,,,,,4579.60009765625,,3.88700008392334
2003-05-06,934.75,290.6499938964844,2968.0,3057.56005859375,,,,,,,4640.5,,3.808000087738037
2003-05-07,929.5,285.8399963378906,2975.699951171875,3023.9599609375,,,,,,,4630.5,,3.693000078201294
2003-05-08,920.5,278.69000244140625,2956.199951171875,2939.169921875,,,,,,,4521.10009765625,,3.6710000038146973
2003-05-09,932.25,282.0400085449219,2956.0,2967.889892578125,,,,,,,4510.5,,3.690999984741211
2003-05-12,944.25,282.94000244140625,2976.10009765625,2962.6298828125,,,,,,,4479.7001953125,,3.6389999389648438
2003-05-13,942.75,282.0,2981.39990234375,2963.6298828125,,,,,,,4538.60009765625,,3.622999906539917
2003-05-14,940.25,282.1499938964844,2970.800048828125,2961.830078125,,,,,,,4546.60009765625,,3.5369999408721924
2003-05-15,946.25,284.1499938964844,2958.39990234375,2995.97998046875,,,,,,,4560.60009765625,,3.5369999408721924
2003-05-16,944.25,287.8299865722656,2951.300048828125,2994.8701171875,,,,,,,4594.7998046875,,3.4619998931884766
2003-05-19,922.5,273.80999755859375,2948.60009765625,2867.2900390625,,,,,,,4489.39990234375,,3.4519999027252197
2003-05-20,919.25,274.8900146484375,2935.699951171875,2877.260009765625,,,,,,,4514.39990234375,,3.374000072479248
2003-05-21,922.0,268.5799865722656,2942.800048828125,2881.199951171875,,,,,,,4450.60009765625,,3.390000104904175
2003-05-22,930.75,274.95001220703125,2965.60009765625,2903.27001953125,,,,,,,4570.7001953125,,3.3389999866485596
2003-05-23,932.25,270.4200134277344,2997.699951171875,2897.159912109375,,,,,,,4574.0,,3.3329999446868896
2003-05-26,934.5,270.17999267578125,2997.60009765625,2885.52001953125,,,,,,,4537.7998046875,,
2003-05-27,949.5,272.1499938964844,2982.89990234375,2891.469970703125,,,,,,,4566.7998046875,,3.4010000228881836
2003-05-28,952.0,278.6400146484375,3008.699951171875,2949.610107421875,,,,,,,4664.7998046875,,3.430999994277954
2003-05-29,949.25,277.8299865722656,3016.0,2969.179931640625,,,,,,,,,3.3389999866485596
2003-05-30,963.25,280.57000732421875,3011.0,2991.75,,,,,,,4630.7998046875,,3.3499999046325684
2003-06-02,968.25,286.17999267578125,3038.39990234375,3048.320068359375,,,,,,,4754.7998046875,,3.428999900817871
2003-06-03,972.25,283.3599853515625,3026.800048828125,3039.409912109375,,,,,,,4713.10009765625,,3.3420000076293945
2003-06-04,986.25,289.7300109863281,3032.699951171875,3063.85009765625,,,,,,,4748.5,,3.2909998893737793
2003-06-05,990.75,289.3900146484375,3040.300048828125,3034.070068359375,,,,,,,4706.60009765625,,3.3310000896453857
2003-06-06,987.75,299.5899963378906,3048.89990234375,3093.2099609375,,,,,,,4786.7001953125,,3.3519999980926514
2003-06-09,977.0,293.0799865722656,,3055.22998046875,,,,,,,,,3.2790000438690186
2003-06-10,986.75,294.57000732421875,3055.199951171875,3083.85009765625,,,,,,,4788.89990234375,,3.194000005722046
2003-06-11,997.25,301.7300109863281,3070.300048828125,3121.89990234375,,,,,,,4840.2998046875,,3.187999963760376
2003-06-12,1000.5,305.6099853515625,3084.800048828125,3152.159912109375,,,,,,,4880.2001953125,,3.1679999828338623
2003-06-13,989.75,296.17999267578125,3087.60009765625,3108.93994140625,,,,,,,4795.10009765625,,3.1040000915527344
2003-06-16,1010.5,303.54998779296875,3090.10009765625,3174.489990234375,,,,,,,4900.39990234375,,3.1700000762939453
2003-06-17,1010.75,304.5199890136719,3112.300048828125,3200.75,,,,,,,4950.7998046875,,3.2660000324249268
2003-06-18,1009.5,306.6000061035156,3090.199951171875,3213.929931640625,,,,,,,4992.5,,3.359999895095825
2003-06-19,995.25,299.8599853515625,3104.0,3164.909912109375,,,,,,,4918.7001953125,,3.3410000801086426
2003-06-20,1001.5599975585938,303.3999938964844,3089.5,3190.110107421875,,,,,,,4936.7998046875,,3.3959999084472656
2003-06-23,981.0,292.8299865722656,3092.10009765625,3119.239990234375,,,,,,,4825.89990234375,,3.315000057220459
2003-06-24,981.5,290.2799987792969,3068.800048828125,3103.340087890625,,,,,,,4829.0,,3.265000104904175
2003-06-25,972.0,294.489990234375,3065.699951171875,3108.699951171875,,,,,,,4832.10009765625,,3.3610000610351562
2003-06-26,983.5,292.80999755859375,3028.300048828125,3103.4599609375,,,,,,,4847.7998046875,,3.5339999198913574
2003-06-27,973.25,298.0199890136719,3048.800048828125,3109.02001953125,,,,,,,4847.89990234375,,3.5810000896453857
2003-06-30,973.25,291.54998779296875,3026.89990234375,3084.10009765625,,,,,,,4813.7001953125,,3.5280001163482666
2003-07-01,981.25,285.1099853515625,3038.60009765625,3013.0,,,,,,,4700.7998046875,,3.5490000247955322
2003-07-02,993.0,294.1700134277344,3031.89990234375,3079.070068359375,,,,,,,4789.7998046875,,3.5360000133514404
2003-07-03,982.5,295.5,3044.800048828125,3092.090087890625,,,,,,,4826.0,,3.6549999713897705
2003-07-04,,292.6300048828125,3028.39990234375,3072.39990234375,,,,,,,4828.60009765625,,
2003-07-07,1002.5,306.17999267578125,3032.10009765625,3182.18994140625,,,,,,,4933.0,,3.7070000171661377
2003-07-08,1007.5,307.2300109863281,3035.800048828125,3177.969970703125,,,,,,,4912.0,,3.7330000400543213
2003-07-09,1001.0,302.54998779296875,3029.10009765625,3139.929931640625,,,,,,,4869.0,,3.7060000896453857
2003-07-10,988.75,298.760009765625,3042.800048828125,3098.280029296875,,,,,,,4859.2001953125,,3.677000045776367
2003-07-11,997.25,303.2099914550781,3043.800048828125,3138.27001953125,,,,,,,4914.0,,3.640000104904175
2003-07-14,1002.75,309.05999755859375,3074.0,3190.22998046875,,,,,,,4982.5,,3.7139999866485596
2003-07-15,1001.0,309.9800109863281,3081.89990234375,3179.330078125,,,,,,,4957.5,,3.9140000343322754
2003-07-16,995.0,308.2699890136719,3095.300048828125,3150.719970703125,,,,,,,4940.10009765625,,3.944999933242798
2003-07-17,980.75,302.30999755859375,3088.0,3129.3701171875,,,,,,,4906.2001953125,,3.9539999961853027
2003-07-18,990.5,309.4100036621094,3083.60009765625,3129.2099609375,,,,,,,4910.2001953125,,3.9690001010894775
2003-07-21,978.0,305.7699890136719,3089.0,3081.06005859375,,,,,,,4879.2001953125,,4.173999786376953
2003-07-22,986.75,308.54998779296875,3066.5,3092.6201171875,,,,,,,4871.2998046875,,4.150000095367432
2003-07-23,987.5,306.42999267578125,3085.5,3089.409912109375,,,,,,,4903.7001953125,,4.1020002365112305
2003-07-24,980.25,312.0,3090.699951171875,3156.860107421875,,,,,,,4970.60009765625,,4.166999816894531
2003-07-25,996.75,308.0400085449219,3098.60009765625,3109.320068359375,,,,,,,4946.0,,4.177999973297119
2003-07-28,994.0,311.9700012207031,3119.39990234375,3164.929931640625,,,,,,,5006.0,,4.283999919891357
2003-07-29,989.0,309.9800109863281,3107.800048828125,3142.389892578125,,,,,,,4992.60009765625,,4.3979997634887695
2003-07-30,986.5,311.7699890136719,3091.199951171875,3172.510009765625,,,,,,,5043.60009765625,,4.315000057220459
2003-07-31,989.25,317.489990234375,3122.300048828125,3210.27001953125,,,,,,,5079.10009765625,,4.473999977111816
2003-08-01,979.5,314.739990234375,3140.300048828125,3169.6298828125,,,,,,,5044.7998046875,,4.414999961853027
2003-08-04,980.25,311.6000061035156,3128.89990234375,3142.0,,,,,,,4990.0,,4.320000171661377
2003-08-05,959.5,314.25,3137.39990234375,3187.610107421875,,,,,,,5046.10009765625,,4.440999984741211
2003-08-06,965.0,308.5,3133.5,3126.14990234375,,,,,,,4997.7998046875,,4.288000106811523
2003-08-07,974.5,309.30999755859375,3138.60009765625,3130.56005859375,,,,,,,4985.5,,4.229000091552734
2003-08-08,978.0,312.3500061035156,3149.39990234375,3165.489990234375,,,,,,,5004.7001953125,,4.289000034332275
2003-08-11,981.25,313.239990234375,3145.800048828125,3188.320068359375,,,,,,,5003.0,,4.370999813079834
2003-08-12,990.0,315.3599853515625,3142.699951171875,3208.22998046875,,,,,,,5049.60009765625,,4.35699987411499
2003-08-13,984.75,315.260009765625,3158.10009765625,3208.06005859375,,,,,,,5030.39990234375,,4.559999942779541
2003-08-14,987.75,320.04998779296875,3150.39990234375,3261.699951171875,,,,,,,5071.39990234375,,4.585999965667725
2003-08-15,990.5,322.989990234375,3148.0,3279.2099609375,,,,,,,5137.0,,4.5279998779296875
2003-08-18,998.75,324.8399963378906,3164.5,3301.080078125,,,,,,,5167.39990234375,,4.4770002365112305
2003-08-19,1003.0,326.5199890136719,3169.300048828125,3310.699951171875,,,,,,,5186.2001953125,,4.38100004196167
2003-08-20,999.0,325.80999755859375,3171.5,3280.340087890625,,,,,,,5153.7001953125,,4.440999984741211
2003-08-21,1002.0,330.2699890136719,3174.89990234375,3306.419921875,,,,,,,5207.7998046875,,4.506999969482422
2003-08-22,992.5,334.1499938964844,3184.39990234375,3328.989990234375,,,,,,,5250.7001953125,,4.459000110626221
2003-08-25,993.75,330.6199951171875,3176.39990234375,3291.360107421875,,,,,,,5172.2998046875,,4.5269999504089355
2003-08-26,995.5,327.010009765625,3167.199951171875,3256.68994140625,,,,,,,5156.7001953125,,4.486000061035156
2003-08-27,995.75,331.0199890136719,3179.89990234375,3280.02001953125,,,,,,,5180.0,,4.535999774932861
2003-08-28,1001.25,331.1099853515625,3197.0,3322.949951171875,,,,,,,5201.0,,4.429999828338623
2003-08-29,1007.75,329.4100036621094,3199.699951171875,3311.419921875,,,,,,,5124.2001953125,,4.453999996185303
2003-09-01,1012.0,337.1099853515625,3205.10009765625,3358.52001953125,,,,,,,5217.60009765625,,
2003-09-02,1022.0,336.4100036621094,3218.0,3363.929931640625,,,,,,,5185.0,,4.60099983215332
2003-09-03,1027.0,341.42999267578125,3210.89990234375,3422.780029296875,,,,,,,5291.0,,4.598999977111816
2003-09-04,1028.25,339.7900085449219,3226.5,3410.68994140625,,,,,,,5298.7998046875,,4.513000011444092
2003-09-05,1022.25,339.2300109863281,3213.800048828125,3392.75,,,,,,,5310.60009765625,,4.354000091552734
2003-09-08,1030.5,342.20001220703125,3230.300048828125,3409.719970703125,,,,,,,5336.2998046875,,4.388999938964844
2003-09-09,1024.0,337.5799865722656,3235.300048828125,3375.260009765625,,,,,,,5297.7998046875,,4.370999813079834
2003-09-10,1013.5,331.04998779296875,3216.0,3328.7099609375,,,,,,,5306.2001953125,,4.269000053405762
2003-09-11,1016.75,330.5,3193.89990234375,3348.25,,,,,,,5313.7998046875,,4.334000110626221
2003-09-12,1018.0,328.2699890136719,3192.5,3322.56005859375,,,,,,,5307.7998046875,,4.269000053405762
2003-09-15,1014.5,331.5199890136719,3189.800048828125,3338.360107421875,,,,,,,5331.7001953125,,4.244999885559082
2003-09-16,1029.5,334.5,3194.300048828125,3386.409912109375,,,,,,,5371.39990234375,,4.290999889373779
2003-09-17,1027.25,337.3800048828125,3217.0,3393.929931640625,,,,,,,5398.89990234375,,4.190999984741211
2003-09-18,1039.25,338.3999938964844,3221.300048828125,3415.010009765625,,,,,,,5422.60009765625,,4.184000015258789
2003-09-19,1039.5999755859375,334.82000732421875,3218.10009765625,3373.639892578125,,,,,,,5387.10009765625,,4.1620001792907715
2003-09-22,1021.25,327.010009765625,3193.0,3282.949951171875,,,,,,,5257.2001953125,,4.241000175476074
2003-09-23,1025.5,322.739990234375,3180.60009765625,3266.0400390625,,,,,,,5212.39990234375,,4.214000225067139
2003-09-24,1007.25,322.2200012207031,3208.5,3263.780029296875,,,,,,,5230.7001953125,,4.135000228881836
2003-09-25,997.75,318.239990234375,3172.800048828125,3230.5400390625,,,,,,,5160.60009765625,,4.1020002365112305
2003-09-26,994.5,313.9800109863281,3171.5,3216.760009765625,,,,,,,5131.2998046875,,4.0229997634887695
2003-09-29,1004.25,312.5199890136719,3164.300048828125,3188.7099609375,,,,,,,5102.2998046875,,4.077000141143799
2003-09-30,994.0,306.7799987792969,3169.5,3134.989990234375,,,,,,,5043.5,,3.937000036239624
2003-10-01,1016.5,311.5799865722656,3159.199951171875,3191.010009765625,,,,,,,5061.0,,3.931999921798706
2003-10-02,1019.5,314.4700012207031,3199.39990234375,3192.93994140625,,,,,,,5077.89990234375,,4.008999824523926
2003-10-03,1028.5,323.510009765625,3203.300048828125,3296.360107421875,,,,,,,5203.10009765625,,4.195000171661377
2003-10-06,1033.5,320.4100036621094,3217.199951171875,3281.360107421875,,,,,,,5161.5,,4.151000022888184
2003-10-07,1037.25,318.25,3218.699951171875,3254.75,,,,,,,5123.7001953125,,4.24399995803833
2003-10-08,1035.0,317.1400146484375,3243.10009765625,3248.610107421875,,,,,,,5146.2001953125,,4.242000102996826
2003-10-09,1038.5,324.6000061035156,3251.300048828125,3324.989990234375,,,,,,,5217.7998046875,,4.302000045776367
2003-10-10,1040.5,323.1300048828125,3260.199951171875,3306.1201171875,,,,,,,5204.5,,4.248000144958496
2003-10-13,1044.5,328.6700134277344,3276.39990234375,3360.340087890625,,,,,,,5272.7998046875,,4.255000114440918
2003-10-14,1047.5,326.4200134277344,3282.89990234375,3344.89990234375,,,,,,,5254.0,,4.349999904632568
2003-10-15,1044.5,331.3800048828125,3283.699951171875,3374.97998046875,,,,,,,5262.5,,4.396999835968018
2003-10-16,1049.25,327.8399963378906,3295.10009765625,3357.489990234375,,,,,,,5262.89990234375,,4.454999923706055
2003-10-17,1037.75,330.05999755859375,3294.300048828125,3353.719970703125,,,,,,,5247.2998046875,,4.388000011444092
2003-10-20,1045.25,327.5299987792969,3287.699951171875,3358.800048828125,,,,,,,5266.60009765625,,4.380000114440918
2003-10-21,1043.5,328.8500061035156,3303.699951171875,3363.300048828125,,,,,,,5257.89990234375,,4.366000175476074
2003-10-22,1030.5,322.0299987792969,3299.5,3302.699951171875,,,,,,,5176.60009765625,,4.2729997634887695
2003-10-23,1028.5,317.3599853515625,3266.300048828125,3264.2900390625,,,,,,,5123.0,,4.315999984741211
2003-10-24,1030.0,316.42999267578125,3256.300048828125,3266.27001953125,,,,,,,5123.7001953125,,4.211999893188477
2003-10-27,1030.75,320.2300109863281,3244.39990234375,3306.590087890625,,,,,,,5157.60009765625,,4.264999866485596
2003-10-28,1044.75,322.8299865722656,3243.5,3352.14990234375,,,,,,,5185.2001953125,,4.189000129699707
2003-10-29,1046.25,325.45001220703125,3263.39990234375,3366.949951171875,,,,,,,5177.5,,4.275000095367432
2003-10-30,1048.5,328.54998779296875,3273.800048828125,3387.360107421875,,,,,,,5223.2001953125,,4.339000225067139
2003-10-31,1049.5,330.2200012207031,3272.0,3373.199951171875,,,,,,,5211.39990234375,,4.301000118255615
2003-11-03,1054.25,340.70001220703125,3256.5,3439.070068359375,,,,,,,5319.60009765625,,4.368000030517578
2003-11-04,1052.25,338.1499938964844,3264.699951171875,3424.81005859375,,,,,,,5252.10009765625,,4.304999828338623
2003-11-05,1053.5,336.0,3240.699951171875,3393.25,,,,,,,5203.2001953125,,4.349999904632568
2003-11-06,1058.5,338.8800048828125,3241.10009765625,3412.179931640625,,,,,,,5235.7001953125,,4.418000221252441
2003-11-07,1050.5,342.989990234375,3248.5,3453.1298828125,,,,,,,5299.60009765625,,4.449999809265137
2003-11-10,1046.25,339.1700134277344,3230.10009765625,3425.18994140625,,,,,,,5242.2001953125,,4.460000038146973
2003-11-11,1045.75,336.3500061035156,3200.60009765625,3406.050048828125,,,,,,,5260.2998046875,,
2003-11-12,1057.0,336.8500061035156,3203.0,3411.050048828125,,,,,,,5270.60009765625,,4.4120001792907715
2003-11-13,1058.0,338.8699951171875,3217.699951171875,3412.550048828125,,,,,,,5325.89990234375,,4.270999908447266
2003-11-14,1049.0,338.8399963378906,3201.800048828125,3448.60009765625,,,,,,,5369.7998046875,,4.232999801635742
2003-11-17,1043.5,328.95001220703125,3174.39990234375,3359.300048828125,,,,,,,5274.7001953125,,4.188000202178955
2003-11-18,1032.75,328.5,3175.39990234375,3352.919921875,,,,,,,5249.89990234375,,4.166999816894531
2003-11-19,1041.0,327.2300109863281,3181.39990234375,3343.3798828125,,,,,,,5197.60009765625,,4.235000133514404
2003-11-20,1032.0,325.57000732421875,3184.10009765625,3324.389892578125,,,,,,,5200.89990234375,,4.1539998054504395
2003-11-21,1036.25,325.1000061035156,3169.10009765625,3366.1201171875,,,,,,,5206.2998046875,,4.146999835968018
2003-11-24,1049.5,333.5799865722656,3171.5,3412.050048828125,,,,,,,5304.60009765625,,4.2270002365112305
2003-11-25,1053.25,334.1199951171875,3192.0,3418.14990234375,,,,,,,5309.10009765625,,4.185999870300293
2003-11-26,1056.75,332.32000732421875,3191.39990234375,3415.18994140625,,,,,,,5296.0,,4.242000102996826
2003-11-27,1059.0,334.3500061035156,3185.800048828125,3431.659912109375,,,,,,,5320.2001953125,,
2003-11-28,1057.75,332.19000244140625,3186.39990234375,3424.7900390625,,,,,,,5317.5,,4.320000171661377
2003-12-01,1069.0,337.0799865722656,3170.10009765625,3490.260009765625,,,,,,,5374.89990234375,,4.392000198364258
2003-12-02,1067.0,336.92999267578125,3187.699951171875,3471.860107421875,,,,,,,5378.2001953125,,4.380000114440918
2003-12-03,1065.0,339.1199951171875,3215.300048828125,3501.929931640625,,,,,,,5440.7001953125,,4.409999847412109
2003-12-04,1069.5,337.8900146484375,3229.800048828125,3496.550048828125,,,,,,,5427.0,,4.36899995803833
2003-12-05,1062.25,334.6400146484375,3229.800048828125,3457.139892578125,,,,,,,5365.10009765625,,4.215000152587891
2003-12-08,1069.0,331.8500061035156,3225.10009765625,3434.909912109375,,,,,,,5360.0,,4.2779998779296875
2003-12-09,1060.5,332.2099914550781,3218.800048828125,3456.1201171875,,,,,,,5392.39990234375,,4.3520002365112305
2003-12-10,1060.75,327.760009765625,3211.199951171875,3438.85009765625,,,,,,,5345.10009765625,,4.317999839782715
2003-12-11,1072.25,330.1300048828125,3189.39990234375,3467.89990234375,,,,,,,5403.10009765625,,4.23799991607666
2003-12-12,1074.25,329.9200134277344,3212.699951171875,3470.60009765625,,,,,,,5397.60009765625,,4.242000102996826
2003-12-15,1068.75,330.260009765625,3247.60009765625,3490.419921875,,,,,,,5427.10009765625,,4.275000095367432
2003-12-16,1075.0,328.25,3215.199951171875,3486.60009765625,,,,,,,5383.2998046875,,4.234000205993652
2003-12-17,1077.5,325.8800048828125,3231.39990234375,3479.8701171875,,,,,,,5356.5,,4.189000129699707
2003-12-18,1090.75,328.5899963378906,3224.10009765625,3503.2099609375,,,,,,,5415.7998046875,,4.140999794006348
2003-12-19,1091.6099853515625,331.6499938964844,3232.800048828125,3502.0400390625,,,,,,,5413.39990234375,,4.132999897003174
2003-12-22,1092.75,330.1300048828125,3255.39990234375,3496.06005859375,,,,,,,5387.7998046875,,4.164000034332275
2003-12-23,1093.5,331.0199890136719,3254.800048828125,3500.090087890625,,,,,,,5417.2001953125,,4.269000053405762
2003-12-24,1093.0,332.05999755859375,3265.60009765625,3510.300048828125,,,,,,,,,4.186999797821045
2003-12-26,1093.5,,,,,,,,,,,,4.1479997634887695
2003-12-29,1107.75,334.5299987792969,3281.800048828125,3520.7900390625,,,,,,,5445.2001953125,,4.230000019073486
2003-12-30,1107.75,337.0400085449219,3295.10009765625,3529.179931640625,,,,,,,5487.7998046875,,4.2789998054504395
2003-12-31,1110.5,337.6499938964844,3299.800048828125,3557.89990234375,,,,,,,,,4.256999969482422
2004-01-02,1109.0,342.760009765625,3300.699951171875,3596.800048828125,,,,,,,,,4.373000144958496
2004-01-05,1120.0,343.739990234375,3286.0,3608.2900390625,,,,,,,5582.7001953125,,4.38700008392334
2004-01-06,1122.0,342.1099853515625,3317.5,3595.820068359375,,,,,,,5596.60009765625,,4.2769999504089355
2004-01-07,1125.5,340.1700134277344,3303.60009765625,3563.510009765625,,,,,,,5583.39990234375,,4.245999813079834
2004-01-08,1129.5,345.2900085449219,3297.89990234375,3592.72998046875,,,,,,,5605.10009765625,,4.249000072479248
2004-01-09,1120.0,343.5199890136719,3301.60009765625,3574.800048828125,,,,,,,5574.7001953125,,4.085999965667725
2004-01-12,1128.25,341.5299987792969,3302.699951171875,3560.10009765625,,,,,,,5507.7001953125,,4.083000183105469
2004-01-13,1121.25,342.7699890136719,3295.300048828125,3576.179931640625,,,,,,,5559.10009765625,,4.0279998779296875
2004-01-14,1131.25,347.2300109863281,3310.89990234375,3612.550048828125,,,,,,,5624.2998046875,,3.9860000610351562
2004-01-15,1133.25,351.4700012207031,3306.5,3626.969970703125,,,,,,,5631.0,,3.9709999561309814
2004-01-16,1138.0,357.54998779296875,3288.800048828125,3671.800048828125,,,,,,,5694.5,,4.013999938964844
2004-01-19,1136.25,357.3399963378906,3302.39990234375,3689.969970703125,,,,,,,5698.39990234375,,
2004-01-20,1137.5,354.25,3308.5,3660.18994140625,,,,,,,5665.5,,4.057000160217285
2004-01-21,1146.0,357.45001220703125,3306.5,3676.3798828125,,,,,,,5685.2001953125,,4.0370001792907715
2004-01-22,1144.0,357.9700012207031,3326.60009765625,3695.60009765625,,,,,,,5721.39990234375,,3.9690001010894775
2004-01-23,1140.25,357.1300048828125,3334.699951171875,3693.360107421875,,,,,,,5762.7001953125,,4.065999984741211
2004-01-26,1154.25,355.5799865722656,,3675.719970703125,,,,,,,5748.5,,4.139999866485596
2004-01-27,1142.5,356.9599914550781,3312.10009765625,3697.419921875,,,,,,,5790.60009765625,,4.086999893188477
2004-01-28,1129.25,359.2300109863281,3279.60009765625,3706.7900390625,,,,,,,5803.2998046875,,4.195000171661377
2004-01-29,1130.25,354.2200012207031,3264.5,3662.300048828125,,,,,,,5768.2001953125,,4.197000026702881
2004-01-30,1130.0,353.30999755859375,3272.0,3638.43994140625,,,,,,,5736.39990234375,,4.138000011444092
2004-02-02,1134.5,355.4700012207031,3274.89990234375,3665.02001953125,,,,,,,5788.2998046875,,4.151000022888184
2004-02-03,1133.0,351.739990234375,3264.300048828125,3638.2099609375,,,,,,,5735.0,,4.099999904632568
2004-02-04,1124.0,348.989990234375,3265.60009765625,3607.570068359375,,,,,,,5775.60009765625,,4.124000072479248
2004-02-05,1126.5,349.8500061035156,3262.0,3610.31005859375,,,,,,,5758.2001953125,,4.173999786376953
2004-02-06,1139.0,351.3500061035156,3272.199951171875,3624.719970703125,,,,,,,5810.89990234375,,4.089000225067139
2004-02-09,1140.0,355.489990234375,3287.10009765625,3663.72998046875,,,,,,,5869.7998046875,,4.065000057220459
2004-02-10,1143.25,355.7699890136719,3286.300048828125,3668.449951171875,,,,,,,5880.0,,4.1020002365112305
2004-02-11,1155.25,357.6099853515625,3300.699951171875,3677.85009765625,,,,,,,5882.10009765625,,4.020999908447266
2004-02-12,1151.0,358.3500061035156,3326.0,3681.56005859375,,,,,,,5846.7001953125,,4.058000087738037
2004-02-13,1145.75,355.6400146484375,3333.699951171875,3649.340087890625,,,,,,,5849.10009765625,,4.047999858856201
2004-02-16,1148.0,357.6700134277344,3320.199951171875,3678.070068359375,,,,,,,5858.2001953125,,
2004-02-17,1156.5,361.0199890136719,3328.800048828125,3703.820068359375,,,,,,,5871.7001953125,,4.047999858856201
2004-02-18,1151.25,361.3399963378906,3348.10009765625,3709.02001953125,,,,,,,5828.7998046875,,4.048999786376953
2004-02-19,1147.25,364.79998779296875,3351.10009765625,3759.320068359375,,,,,,,5874.60009765625,,4.052000045776367
2004-02-20,1143.75,362.3699951171875,3344.10009765625,3733.280029296875,,,,,,,5856.5,,4.0980000495910645
2004-02-23,1140.25,359.92999267578125,3339.199951171875,3731.14990234375,,,,,,,5880.2001953125,,4.050000190734863
2004-02-24,1138.5,354.2099914550781,3328.89990234375,3683.43994140625,,,,,,,5801.7998046875,,4.0289998054504395
2004-02-25,1143.0,355.0400085449219,3332.699951171875,3702.6298828125,,,,,,,5811.5,,4.014999866485596
2004-02-26,1143.25,355.989990234375,3346.800048828125,3714.489990234375,,,,,,,5797.39990234375,,4.046000003814697
2004-02-27,1144.5,356.5899963378906,3360.60009765625,3725.43994140625,,,,,,,5798.39990234375,,3.9839999675750732
2004-03-01,1155.5,358.6300048828125,3381.39990234375,3748.8701171875,,,,,,,5830.7001953125,,3.992000102996826
2004-03-02,1149.0,362.2300109863281,3390.39990234375,3785.360107421875,,,,,,,5896.2998046875,,4.046000003814697
2004-03-03,1150.75,360.1000061035156,3388.5,3758.510009765625,,,,,,,5872.2001953125,,4.059999942779541
2004-03-04,1154.25,361.5199890136719,3389.0,3776.93994140625,,,,,,,5934.39990234375,,4.0289998054504395
2004-03-05,1157.75,359.92999267578125,3407.5,3761.110107421875,,,,,,,5895.7998046875,,3.8310000896453857
2004-03-08,1144.0,360.82000732421875,3420.0,3781.3798828125,,,,,,,5884.5,,3.7760000228881836
2004-03-09,1139.5,355.5,3424.89990234375,3737.030029296875,,,,,,,5858.7998046875,,3.7190001010894775
2004-03-10,1120.25,354.5199890136719,3414.0,3758.090087890625,,,,,,,5877.10009765625,,3.734999895095825
2004-03-11,1105.5,344.04998779296875,3413.60009765625,3646.429931640625,,,,,,,5706.7001953125,,3.746999979019165
2004-03-12,1119.25,345.989990234375,3402.300048828125,3661.780029296875,,,,,,,5700.5,,3.759999990463257
2004-03-15,1106.25,337.2200012207031,3411.5,3573.840087890625,,,,,,,5620.2998046875,,3.7679998874664307
2004-03-16,1111.5,338.4599914550781,3414.60009765625,3588.0400390625,,,,,,,5646.2001953125,,3.687999963760376
2004-03-17,1123.75,345.1099853515625,3438.39990234375,3656.0400390625,,,,,,,5692.2001953125,,3.683000087738037
2004-03-18,1124.25,336.92999267578125,3429.39990234375,3589.97998046875,,,,,,,5609.5,,3.749000072479248
2004-03-19,1120.1800537109375,336.239990234375,3435.300048828125,3613.280029296875,,,,,,,5621.5,,3.7880001068115234
2004-03-22,1093.25,328.3800048828125,3402.199951171875,3539.219970703125,,,,,,,5469.0,,3.7239999771118164
2004-03-23,1091.25,329.2099914550781,3390.10009765625,3539.909912109375,,,,,,,5509.7998046875,,3.7109999656677246
2004-03-24,1091.5,326.3299865722656,3386.800048828125,3518.449951171875,,,,,,,5504.0,,3.7139999866485596
2004-03-25,1106.0,334.5299987792969,3399.800048828125,3570.39990234375,,,,,,,5592.2998046875,,3.739000082015991
2004-03-26,1106.0,335.239990234375,3428.5,3592.389892578125,,,,,,,5587.0,,3.8429999351501465
2004-03-29,1121.75,340.510009765625,3411.0,3634.179931640625,,,,,,,5644.2001953125,,3.890000104904175
2004-03-30,1126.0,339.8299865722656,3418.0,3620.10009765625,,,,,,,5623.10009765625,,3.9019999504089355
2004-03-31,1125.0,338.8699951171875,3415.300048828125,3625.22998046875,,,,,,,5618.60009765625,,3.8369998931884766
2004-04-01,1133.5,342.4599914550781,3446.199951171875,3669.97998046875,,,,,,,5716.7998046875,,3.8980000019073486
2004-04-02,1142.0,350.5199890136719,3438.60009765625,3739.909912109375,,,,,,,5784.60009765625,,4.139999866485596
2004-04-05,1148.25,352.29998779296875,3452.199951171875,3781.199951171875,,,,,,,5815.2998046875,,4.21999979019165
2004-04-06,1144.75,349.6499938964844,3455.89990234375,3746.110107421875,,,,,,,5767.2998046875,,4.171000003814697
2004-04-07,1142.25,350.489990234375,3458.5,3734.56005859375,,,,,,,5771.10009765625,,4.166999816894531
2004-04-08,1139.5,350.9599914550781,3450.60009765625,3740.110107421875,,,,,,,5803.39990234375,,4.197000026702881
2004-04-12,1144.0,,3450.60009765625,,,,,,,,,,4.230000019073486
2004-04-13,1128.25,353.3399963378906,3437.89990234375,3774.68994140625,,,,,,,5804.5,,4.340000152587891
2004-04-14,1129.75,349.8599853515625,3434.39990234375,3731.429931640625,,,,,,,5761.2998046875,,4.381999969482422
2004-04-15,1125.0,349.9800109863281,3419.300048828125,3722.760009765625,,,,,,,5784.60009765625,,4.40500020980835
2004-04-16,1134.0,352.760009765625,3417.300048828125,3751.590087890625,,,,,,,5769.89990234375,,4.3520002365112305
2004-04-19,1133.75,352.8900146484375,3433.10009765625,3743.429931640625,,,,,,,5787.7998046875,,4.372000217437744
2004-04-20,1114.5,355.760009765625,3452.199951171875,3773.429931640625,,,,,,,5829.2001953125,,4.414999961853027
2004-04-21,1122.5,353.8800048828125,3438.800048828125,3743.14990234375,,,,,,,5795.10009765625,,4.422999858856201
2004-04-22,1136.75,355.3800048828125,3435.89990234375,3785.550048828125,,,,,,,5789.60009765625,,4.370999813079834
2004-04-23,1139.5,356.6199951171875,3457.0,3811.429931640625,,,,,,,5818.10009765625,,4.452000141143799
2004-04-26,1138.0,354.57000732421875,3450.5,3785.550048828125,,,,,,,5881.2001953125,,4.433000087738037
2004-04-27,1138.0,353.989990234375,3446.60009765625,3782.090087890625,,,,,,,5869.2998046875,,4.4039998054504395
2004-04-28,1123.5,347.9200134277344,3444.800048828125,3722.590087890625,,,,,,,5792.89990234375,,4.4670000076293945
2004-04-29,1114.0,343.510009765625,3401.300048828125,3689.389892578125,,,,,,,5783.7998046875,,4.539999961853027
2004-04-30,1106.0,341.4100036621094,3400.800048828125,3674.280029296875,,,,,,,5774.39990234375,,4.500999927520752
2004-05-03,1116.0,343.6199951171875,3382.300048828125,3705.47998046875,,,,,,,5816.89990234375,,4.500999927520752
2004-05-04,1115.5,343.0899963378906,3391.199951171875,3700.7900390625,,,,,,,5829.7001953125,,4.543000221252441
2004-05-05,1122.0,345.6300048828125,3407.60009765625,3729.3798828125,,,,,,,5891.2001953125,,4.571000099182129
2004-05-06,1113.0,338.57000732421875,3399.39990234375,3655.139892578125,,,,,,,5832.39990234375,,4.6020002365112305
2004-05-07,1095.5,337.9700012207031,3393.199951171875,3653.179931640625,,,,,,,5827.7001953125,,4.765999794006348
2004-05-10,1083.5,329.4599914550781,3353.300048828125,3553.35009765625,,,,,,,5641.7998046875,,4.781000137329102
2004-05-11,1092.25,332.9599914550781,3356.60009765625,3606.409912109375,,,,,,,5723.10009765625,,4.76800012588501
2004-05-12,1098.75,326.010009765625,3378.800048828125,3564.340087890625,,,,,,,5644.89990234375,,4.796999931335449
2004-05-13,1093.75,330.70001220703125,3370.800048828125,3614.239990234375,,,,,,,5714.60009765625,,4.85099983215332
2004-05-14,1094.75,327.3900146484375,3359.5,3603.260009765625,,,,,,,5685.0,,4.788000106811523
2004-05-17,1085.5,323.0,3345.5,3553.02001953125,,,,,,,5607.89990234375,,4.698999881744385
2004-05-18,1090.25,326.3399963378906,3371.89990234375,3569.139892578125,,,,,,,5638.39990234375,,4.736000061035156
2004-05-19,1086.75,332.70001220703125,3390.800048828125,3643.320068359375,,,,,,,5710.0,,4.794000148773193
2004-05-20,1090.5,330.5799865722656,3378.800048828125,3609.969970703125,,,,,,,,,4.7179999351501465
2004-05-21,1092.5,330.489990234375,3395.39990234375,3607.02001953125,,,,,,,5645.10009765625,,4.763999938964844
2004-05-24,1096.5,333.94000244140625,3401.5,3628.820068359375,,,,,,,5681.7998046875,,4.739999771118164
2004-05-25,1112.5,331.5400085449219,3395.5,3610.530029296875,,,,,,,5646.89990234375,,4.723999977111816
2004-05-26,1116.0,334.5199890136719,3425.199951171875,3659.919921875,,,,,,,5671.7001953125,,4.671000003814697
2004-05-27,1122.75,338.1700134277344,3444.5,3679.3701171875,,,,,,,5705.7998046875,,4.5879998207092285
2004-05-28,1120.25,336.95001220703125,3450.39990234375,3652.030029296875,,,,,,,5627.10009765625,,4.65500020980835
2004-05-31,1121.5,337.19000244140625,3460.199951171875,3669.6298828125,,,,,,,,,
2004-06-01,1121.25,331.8800048828125,3457.0,3624.469970703125,,,,,,,5589.5,,4.703999996185303
2004-06-02,1125.5,334.4800109863281,3476.800048828125,3646.22998046875,,,,,,,5631.7001953125,,4.730000019073486
2004-06-03,1115.0,336.57000732421875,3467.300048828125,3654.3701171875,,,,,,,5660.5,,4.711999893188477
2004-06-04,1123.25,339.0799865722656,3467.699951171875,3698.8701171875,,,,,,,5688.39990234375,,4.77400016784668
2004-06-07,1140.25,342.4200134277344,3484.0,3722.22998046875,,,,,,,5744.2001953125,,4.764999866485596
2004-06-08,1142.0,342.7300109863281,3483.60009765625,3723.4599609375,,,,,,,5733.5,,4.770999908447266
2004-06-09,1131.5,341.739990234375,3466.199951171875,3699.2900390625,,,,,,,5715.2001953125,,4.811999797821045
2004-06-10,1136.5,342.1099853515625,3468.0,3711.3798828125,,,,,,,5680.5,,4.790999889373779
2004-06-11,1136.5,341.3599853515625,3478.199951171875,3699.3798828125,,,,,,,5690.0,,
2004-06-14,1125.5,337.2900085449219,3478.199951171875,3647.10009765625,,,,,,,5633.60009765625,,4.869999885559082
2004-06-15,1134.0,339.80999755859375,3468.39990234375,3683.429931640625,,,,,,,5671.7001953125,,4.685999870300293
2004-06-16,1133.0,342.1199951171875,3486.800048828125,3714.5,,,,,,,5710.0,,4.73199987411499
2004-06-17,1131.75,342.54998779296875,3510.199951171875,3718.080078125,,,,,,,5706.2001953125,,4.691999912261963
2004-06-18,1129.5999755859375,343.3800048828125,3527.699951171875,3740.89990234375,,,,,,,5693.89990234375,,4.710000038146973
2004-06-21,1129.25,343.8699951171875,3554.5,3740.280029296875,,,,,,,5716.5,,4.690000057220459
2004-06-22,1135.0,339.6199951171875,3540.699951171875,3700.320068359375,,,,,,,5658.39990234375,,4.703999996185303
2004-06-23,1144.0,340.3699951171875,3552.699951171875,3720.139892578125,,,,,,,5653.89990234375,,4.697999954223633
2004-06-24,1141.25,343.1400146484375,3533.5,3755.75,,,,,,,5674.5,,4.645999908447266
2004-06-25,1135.25,343.42999267578125,3529.199951171875,3742.3798828125,,,,,,,5681.5,,4.644999980926514
2004-06-28,1131.75,347.1499938964844,3522.39990234375,3771.580078125,,,,,,,5706.2998046875,,4.738999843597412
2004-06-29,1135.75,346.3500061035156,3521.5,3756.47998046875,,,,,,,5688.2998046875,,4.695000171661377
2004-06-30,1140.5,345.1300048828125,3532.89990234375,3732.989990234375,,,,,,,5619.10009765625,,4.617000102996826
2004-07-01,1126.25,345.8699951171875,3536.89990234375,3716.199951171875,,,,,,,5625.7001953125,,4.564000129699707
2004-07-02,1125.75,341.8299865722656,3534.39990234375,3685.06005859375,,,,,,,5606.7998046875,,4.458000183105469
2004-07-05,1124.25,339.8399963378906,3537.0,3688.179931640625,,,,,,,5588.2001953125,,
2004-07-06,1115.0,335.9200134277344,3555.800048828125,3660.679931640625,,,,,,,5549.89990234375,,4.480000019073486
2004-07-07,1118.0,334.7900085449219,3565.0,3660.39990234375,,,,,,,5541.39990234375,,4.4720001220703125
2004-07-08,1110.75,335.55999755859375,3568.699951171875,3670.409912109375,,,,,,,5578.7001953125,,4.46999979019165
2004-07-09,1112.75,335.94000244140625,3564.0,3668.47998046875,,,,,,,5548.10009765625,,4.466000080108643
2004-07-12,1113.5,333.5299987792969,3558.0,3651.6298828125,,,,,,,5532.7001953125,,4.442999839782715
2004-07-13,1114.25,333.79998779296875,3558.60009765625,3656.179931640625,,,,,,,5531.2998046875,,4.479000091552734
2004-07-14,1111.25,332.7200012207031,3522.800048828125,3648.75,,,,,,,5548.2998046875,,4.484000205993652
2004-07-15,1103.5,328.6300048828125,3526.10009765625,3610.550048828125,,,,,,,5477.89990234375,,4.485000133514404
2004-07-16,1102.75,328.7699890136719,3531.0,3610.39990234375,,,,,,,5461.2001953125,,4.361000061035156
2004-07-19,1098.75,326.67999267578125,3533.10009765625,3592.6298828125,,,,,,,5429.7001953125,,4.361000061035156
2004-07-20,1112.0,328.05999755859375,3503.300048828125,3607.389892578125,,,,,,,5498.2001953125,,4.447999954223633
2004-07-21,1090.5,331.3699951171875,3524.0,3637.469970703125,,,,,,,5561.7001953125,,4.486999988555908
2004-07-22,1093.75,324.9700012207031,3498.300048828125,3572.840087890625,,,,,,,5476.89990234375,,4.461999893188477
2004-07-23,1085.5,324.67999267578125,3485.199951171875,3567.2900390625,,,,,,,5482.0,,4.432000160217285
2004-07-26,1083.0,320.7200012207031,3485.699951171875,3532.610107421875,,,,,,,5444.0,,4.474999904632568
2004-07-27,1092.5,324.7200012207031,3489.699951171875,3565.10009765625,,,,,,,5501.89990234375,,4.59499979019165
2004-07-28,1095.5,324.32000732421875,3499.10009765625,3575.919921875,,,,,,,5514.7001953125,,4.585000038146973
2004-07-29,1100.25,330.7099914550781,3501.300048828125,3643.7900390625,,,,,,,5553.39990234375,,4.572999954223633
2004-07-30,1101.0,329.9100036621094,3536.10009765625,3647.10009765625,,,,,,,5547.2001953125,,4.474999904632568
2004-08-02,1105.5,325.8699951171875,3544.89990234375,3623.7900390625,,,,,,,5537.7998046875,,4.454999923706055
2004-08-03,1097.25,326.92999267578125,3554.39990234375,3650.800048828125,,,,,,,5588.60009765625,,4.421999931335449
2004-08-04,1097.0,323.3900146484375,3546.0,3607.580078125,,,,,,,5518.89990234375,,4.428999900817871
2004-08-05,1078.5,325.8500061035156,3538.89990234375,3622.97998046875,,,,,,,5515.2001953125,,4.400000095367432
2004-08-06,1063.5,315.739990234375,3530.60009765625,3528.639892578125,,,,,,,5403.10009765625,,4.218999862670898
2004-08-09,1064.25,313.0799865722656,3509.199951171875,3497.300048828125,,,,,,,5358.60009765625,,4.24399995803833
2004-08-10,1076.25,316.239990234375,3499.60009765625,3533.06005859375,,,,,,,5383.0,,4.2870001792907715
2004-08-11,1075.75,312.8599853515625,3511.10009765625,3502.949951171875,,,,,,,5369.2998046875,,4.275000095367432
2004-08-12,1063.75,311.57000732421875,3487.800048828125,3494.22998046875,,,,,,,5356.0,,4.25
2004-08-13,1066.25,310.67999267578125,3477.800048828125,3484.840087890625,,,,,,,5309.7998046875,,4.2129998207092285
2004-08-16,1077.5,314.3699951171875,3468.300048828125,3516.679931640625,,,,,,,5354.2001953125,,4.257999897003174
2004-08-17,1083.0,315.7200012207031,3483.199951171875,3533.1298828125,,,,,,,5378.39990234375,,4.205999851226807
2004-08-18,1094.5,316.69000244140625,3476.10009765625,3541.47998046875,,,,,,,5325.2001953125,,4.2270002365112305
2004-08-19,1091.25,317.2900085449219,3486.300048828125,3544.419921875,,,,,,,5351.89990234375,,4.210999965667725
2004-08-20,1098.75,316.5,3497.699951171875,3538.02001953125,,,,,,,5344.2001953125,,4.230999946594238
2004-08-23,1096.25,321.7200012207031,3524.0,3589.68994140625,,,,,,,5394.2998046875,,4.2789998054504395
2004-08-24,1097.5,321.54998779296875,3526.300048828125,3594.3798828125,,,,,,,5380.2001953125,,4.2829999923706055
2004-08-25,1103.75,322.0799865722656,3517.39990234375,3595.260009765625,,,,,,,5374.7998046875,,4.261000156402588
2004-08-26,1104.5,324.5,3526.0,3629.840087890625,,,,,,,5432.39990234375,,4.2270002365112305
2004-08-27,1108.25,326.30999755859375,3558.89990234375,3649.239990234375,,,,,,,5463.89990234375,,4.2270002365112305
2004-08-30,1099.0,325.7300109863281,3554.10009765625,3636.7099609375,,,,,,,5448.7998046875,,4.188000202178955
2004-08-31,1104.0,323.1199951171875,3552.699951171875,3594.280029296875,,,,,,,5421.7001953125,,4.131999969482422
2004-09-01,1106.75,325.2699890136719,3575.60009765625,3613.22998046875,,,,,,,5468.0,,4.123000144958496
2004-09-02,1119.5,326.8500061035156,3590.39990234375,3633.3798828125,,,,,,,5449.7998046875,,4.193999767303467
2004-09-03,1114.5,328.75,3577.300048828125,3665.93994140625,,,,,,,5502.5,,4.293000221252441
2004-09-06,1118.25,330.67999267578125,3576.89990234375,3673.030029296875,,,,,,,5542.39990234375,,
2004-09-07,1122.25,331.739990234375,3589.39990234375,3682.139892578125,,,,,,,5559.7998046875,,4.245999813079834
2004-09-08,1118.75,331.2799987792969,3589.0,3677.550048828125,,,,,,,5556.5,,4.163000106811523
2004-09-09,1117.5,327.8699951171875,3591.699951171875,3652.02001953125,,,,,,,5522.2998046875,,4.198999881744385
2004-09-10,1123.25,329.7200012207031,3596.0,3677.610107421875,,,,,,,5536.7998046875,,4.179999828338623
2004-09-13,1127.75,334.19000244140625,3609.699951171875,3725.39990234375,,,,,,,5573.2998046875,,4.151000022888184
2004-09-14,1129.5,333.1499938964844,3623.199951171875,3708.030029296875,,,,,,,5538.5,,4.132999897003174
2004-09-15,1120.25,332.07000732421875,3625.10009765625,3691.85009765625,,,,,,,5536.60009765625,,4.170000076293945
2004-09-16,1124.0,332.1099853515625,3624.89990234375,3691.679931640625,,,,,,,5525.7001953125,,4.068999767303467
2004-09-17,1127.02001953125,334.8999938964844,3631.60009765625,3726.219970703125,,,,,,,5543.10009765625,,4.126999855041504
2004-09-20,1122.25,331.9200134277344,3628.699951171875,3703.68994140625,,,,,,,5548.5,,4.058000087738037
2004-09-21,1127.25,334.07000732421875,3629.89990234375,3731.139892578125,,,,,,,5602.7001953125,,4.0370001792907715
2004-09-22,1113.0,329.45001220703125,3640.800048828125,3692.110107421875,,,,,,,5572.60009765625,,3.989000082015991
2004-09-23,1107.25,326.3699951171875,3635.199951171875,3653.10009765625,,,,,,,5511.2998046875,,4.0279998779296875
2004-09-24,1111.5,325.9100036621094,3623.89990234375,3673.510009765625,,,,,,,5491.2998046875,,4.031000137329102
2004-09-27,1105.25,323.4700012207031,3620.60009765625,3656.929931640625,,,,,,,5446.0,,3.996999979019165
2004-09-28,1109.75,324.260009765625,3627.10009765625,3667.469970703125,,,,,,,5499.7001953125,,4.01200008392334
2004-09-29,1115.25,325.29998779296875,3656.60009765625,3682.669921875,,,,,,,5531.39990234375,,4.090000152587891
2004-09-30,1115.0,323.94000244140625,3665.0,3640.610107421875,,,,,,,5465.2998046875,,4.11899995803833
2004-10-01,1133.25,330.8699951171875,3659.60009765625,3730.159912109375,,,,,,,5528.89990234375,,4.190999984741211
2004-10-04,1135.5,335.19000244140625,3693.60009765625,3767.06005859375,,,,,,,5600.89990234375,,4.172999858856201
2004-10-05,1136.5,336.1000061035156,3697.60009765625,3770.239990234375,,,,,,,5596.89990234375,,4.172999858856201
2004-10-06,1142.75,336.95001220703125,3699.800048828125,3764.590087890625,,,,,,,5593.89990234375,,4.223999977111816
2004-10-07,1131.5,337.67999267578125,3700.800048828125,3758.699951171875,,,,,,,5534.7001953125,,4.24399995803833
2004-10-08,1122.0,334.9100036621094,3686.800048828125,3737.8701171875,,,,,,,5503.7001953125,,4.132999897003174
2004-10-11,1126.0,334.42999267578125,3705.800048828125,3727.639892578125,,,,,,,5474.7001953125,,4.132999897003174
2004-10-12,1122.5,329.82000732421875,3717.39990234375,3689.85009765625,,,,,,,5443.60009765625,,4.1020002365112305
2004-10-13,1112.25,331.5299987792969,3725.199951171875,3694.320068359375,,,,,,,5462.7998046875,,4.078000068664551
2004-10-14,1103.0,328.7300109863281,3708.89990234375,3664.949951171875,,,,,,,5402.60009765625,,4.014999866485596
2004-10-15,1108.25,327.94000244140625,3720.5,3670.760009765625,,,,,,,5362.39990234375,,4.052999973297119
2004-10-18,1113.0,326.6499938964844,3709.89990234375,3659.81005859375,,,,,,,5365.39990234375,,4.052999973297119
2004-10-19,1103.5,330.1499938964844,3715.0,3700.56005859375,,,,,,,5417.5,,4.038000106811523
2004-10-20,1101.75,325.510009765625,3700.10009765625,3665.679931640625,,,,,,,5376.2998046875,,3.990999937057495
2004-10-21,1107.75,326.6499938964844,3705.89990234375,3687.530029296875,,,,,,,5400.89990234375,,3.996999979019165
2004-10-22,1096.0,327.0299987792969,3709.89990234375,3687.169921875,,,,,,,5391.10009765625,,3.9839999675750732
2004-10-25,1095.25,322.0299987792969,3681.60009765625,3609.06005859375,,,,,,,5309.7001953125,,3.9709999561309814
2004-10-26,1111.5,323.1199951171875,3704.89990234375,3619.47998046875,,,,,,,5330.0,,3.989000082015991
2004-10-27,1124.75,327.7200012207031,3741.199951171875,3678.389892578125,,,,,,,5374.89990234375,,4.0879998207092285
2004-10-28,1127.5,330.6199951171875,3776.10009765625,3721.820068359375,,,,,,,5414.2001953125,,4.079999923706055
2004-10-29,1130.25,330.4800109863281,3778.60009765625,3706.820068359375,,,,,,,5363.39990234375,,4.0289998054504395
2004-11-01,1130.75,331.1600036621094,3791.199951171875,3734.070068359375,,,,,,,5422.2998046875,,4.090000152587891
2004-11-02,1130.5,334.2799987792969,3798.60009765625,3765.840087890625,,,,,,,5486.10009765625,,4.074999809265137
2004-11-03,1145.0,335.57000732421875,3832.89990234375,3769.929931640625,,,,,,,5538.89990234375,,4.070000171661377
2004-11-04,1160.5,333.55999755859375,3838.5,3762.449951171875,,,,,,,5549.89990234375,,4.067999839782715
2004-11-05,1167.75,336.3599853515625,3843.5,3780.989990234375,,,,,,,5618.2998046875,,4.185999870300293
2004-11-08,1166.5,337.0,3822.300048828125,3776.989990234375,,,,,,,5602.5,,4.215000152587891
2004-11-09,1164.25,336.5799865722656,3835.5,3769.93994140625,,,,,,,5573.2001953125,,4.2179999351501465
2004-11-10,1164.75,338.42999267578125,3846.39990234375,3784.909912109375,,,,,,,5609.60009765625,,4.252999782562256
2004-11-11,1173.75,342.3699951171875,3863.300048828125,3833.7900390625,,,,,,,5649.7001953125,,4.252999782562256
2004-11-12,1182.75,343.6099853515625,3862.5,3835.110107421875,,,,,,,5689.2001953125,,4.197999954223633
2004-11-15,1186.0,342.4800109863281,3880.60009765625,3820.969970703125,,,,,,,5674.2998046875,,4.190000057220459
2004-11-16,1177.5,339.5400085449219,3869.39990234375,3794.27001953125,,,,,,,5653.60009765625,,4.208000183105469
2004-11-17,1184.25,342.2200012207031,3876.0,3844.139892578125,,,,,,,5681.5,,4.144000053405762
2004-11-18,1185.0,341.67999267578125,3879.5,3830.389892578125,,,,,,,5673.7998046875,,4.117000102996826
2004-11-19,1172.25,339.44000244140625,3872.699951171875,3798.780029296875,,,,,,,5605.0,,4.196000099182129
2004-11-22,1178.0,337.45001220703125,3830.699951171875,3774.25,,,,,,,5562.2001953125,,4.164999961853027
2004-11-23,1179.25,337.1499938964844,3866.10009765625,3780.090087890625,,,,,,,5525.7998046875,,4.184000015258789
2004-11-24,1182.0,337.2699890136719,3882.5,3760.699951171875,,,,,,,5501.2001953125,,4.195000171661377
2004-11-25,1186.25,340.2099914550781,3904.199951171875,3797.590087890625,,,,,,,5545.7001953125,,
2004-11-26,1180.75,340.20001220703125,3912.10009765625,3782.199951171875,,,,,,,5548.5,,4.23799991607666
2004-11-29,1176.0,339.6000061035156,3926.800048828125,3780.610107421875,,,,,,,5519.5,,4.329999923706055
2004-11-30,1174.0,337.1499938964844,3931.300048828125,3753.75,,,,,,,5444.2001953125,,4.357999801635742
2004-12-01,1189.75,342.75,3899.300048828125,3796.7099609375,,,,,,,5509.2998046875,,4.375
2004-12-02,1190.5,344.45001220703125,3941.89990234375,3811.449951171875,,,,,,,5569.2998046875,,4.396999835968018
2004-12-03,1189.25,343.4800109863281,3939.5,3783.510009765625,,,,,,,5555.2001953125,,4.269999980926514
2004-12-06,1189.25,342.2300109863281,3950.5,3767.389892578125,,,,,,,5520.7001953125,,4.239999771118164
2004-12-07,1177.75,343.3699951171875,3927.5,3787.449951171875,,,,,,,5561.10009765625,,4.2270002365112305
2004-12-08,1184.0,343.30999755859375,3897.699951171875,3775.0400390625,,,,,,,5566.7001953125,,4.133999824523926
2004-12-09,1188.5,340.1300048828125,3886.89990234375,3747.4599609375,,,,,,,5557.7998046875,,4.160999774932861
2004-12-10,1189.75,341.79998779296875,3898.5,3768.419921875,,,,,,,5581.7998046875,,4.156000137329102
2004-12-13,1200.25,345.30999755859375,3907.300048828125,3805.93994140625,,,,,,,5624.89990234375,,4.151000022888184
2004-12-14,1204.0,346.1700134277344,3929.0,3814.389892578125,,,,,,,5653.0,,4.131999969482422
2004-12-15,1204.75,344.510009765625,3944.199951171875,3802.989990234375,,,,,,,5640.2998046875,,4.076000213623047
2004-12-16,1204.25,346.42999267578125,3975.10009765625,3810.669921875,,,,,,,5650.5,,4.184999942779541
2004-12-17,1190.449951171875,343.489990234375,3988.0,3744.919921875,,,,,,,5603.39990234375,,4.206999778747559
2004-12-20,1198.75,343.4200134277344,3993.39990234375,3764.0400390625,,,,,,,5650.7001953125,,4.198999881744385
2004-12-21,1208.0,344.0,4013.60009765625,3770.030029296875,,,,,,,5640.7998046875,,4.168000221252441
2004-12-22,1211.0,346.80999755859375,4032.300048828125,3806.14990234375,,,,,,,5687.7001953125,,4.201000213623047
2004-12-23,1211.75,348.3299865722656,4025.89990234375,3819.679931640625,,,,,,,5695.2001953125,,4.2179999351501465
2004-12-24,,348.07000732421875,4048.60009765625,3822.760009765625,,,,,,,,,
2004-12-27,1208.5,347.80999755859375,4048.60009765625,3817.68994140625,,,,,,,5685.5,,4.290999889373779
2004-12-28,1215.5,348.4100036621094,4048.60009765625,3824.830078125,,,,,,,5686.5,,4.290999889373779
2004-12-29,1217.0,347.32000732421875,4042.10009765625,3827.159912109375,,,,,,,5692.39990234375,,4.322000026702881
2004-12-30,1214.75,347.2699890136719,4054.89990234375,3827.949951171875,,,,,,,5693.2001953125,,4.263000011444092
2004-12-31,1213.75,348.0799865722656,4050.60009765625,3821.159912109375,,,,,,,,,4.216000080108643
2005-01-03,1206.25,351.9100036621094,,3855.679931640625,,,,,,,5768.7001953125,,4.21999979019165
2005-01-04,1191.0,352.67999267578125,4058.60009765625,3863.300048828125,,,,,,,5775.5,,4.2829999923706055
2005-01-05,1183.25,350.1600036621094,4039.39990234375,3829.360107421875,,,,,,,5725.5,,4.2769999504089355
2005-01-06,1188.25,353.6000061035156,4029.89990234375,3856.47998046875,,,,,,,5742.39990234375,,4.271999835968018
2005-01-07,1186.25,354.4599914550781,4063.199951171875,3877.9599609375,,,,,,,5735.2001953125,,4.284999847412109
2005-01-10,1191.75,355.1300048828125,4074.89990234375,3877.820068359375,,,,,,,5731.7998046875,,4.2779998779296875
2005-01-11,1184.0,352.3800048828125,4072.699951171875,3848.989990234375,,,,,,,5713.10009765625,,4.24399995803833
2005-01-12,1187.5,350.1000061035156,4070.39990234375,3816.139892578125,,,,,,,5669.60009765625,,4.236000061035156
2005-01-13,1178.0,351.0899963378906,4069.5,3834.110107421875,,,,,,,5687.7998046875,,4.186999797821045
2005-01-14,1183.75,352.7300109863281,4061.60009765625,3854.60009765625,,,,,,,5730.10009765625,,4.216000080108643
2005-01-17,,354.239990234375,4076.89990234375,3881.43994140625,,,,,,,5761.2998046875,,
2005-01-18,1195.75,354.2200012207031,4062.0,3875.02001953125,,,,,,,5739.39990234375,,4.195000171661377
2005-01-19,1183.5,353.94000244140625,4052.60009765625,3869.010009765625,,,,,,,5749.5,,4.186999797821045
2005-01-20,1176.5,352.75,4036.0,3842.43994140625,,,,,,,5728.10009765625,,4.164999961853027
2005-01-21,1168.5,353.54998779296875,4043.89990234375,3854.18994140625,,,,,,,5738.10009765625,,4.142000198364258
2005-01-24,1166.25,353.55999755859375,4044.800048828125,3848.7099609375,,,,,,,5750.5,,4.122000217437744
2005-01-25,1169.75,356.3599853515625,4055.89990234375,3882.0400390625,,,,,,,5766.10009765625,,4.189000129699707
2005-01-26,1173.25,356.510009765625,,3879.820068359375,,,,,,,5768.39990234375,,4.191999912261963
2005-01-27,1174.75,358.57000732421875,4105.7001953125,3891.39990234375,,,,,,,5773.7001953125,,4.206999778747559
2005-01-28,1174.75,357.0199890136719,4098.89990234375,3870.35009765625,,,,,,,5750.7001953125,,4.138000011444092
2005-01-31,1181.75,360.4200134277344,4107.2998046875,3913.68994140625,,,,,,,5771.39990234375,,4.132999897003174
2005-02-01,1189.25,364.4100036621094,4127.7001953125,3939.179931640625,,,,,,,5797.89990234375,,4.136000156402588
2005-02-02,1193.25,365.4599914550781,4145.2998046875,3951.719970703125,,,,,,,5795.10009765625,,4.139999866485596
2005-02-03,1189.5,364.8299865722656,4151.2998046875,3928.93994140625,,,,,,,5816.89990234375,,4.163000106811523
2005-02-04,1202.0,367.32000732421875,4161.7998046875,3958.010009765625,,,,,,,5843.10009765625,,4.072999954223633
2005-02-07,1200.75,369.1300048828125,4189.60009765625,3981.89990234375,,,,,,,5870.7001953125,,4.052000045776367
2005-02-08,1202.25,369.1000061035156,4179.10009765625,3980.77001953125,,,,,,,5881.2001953125,,4.0370001792907715
2005-02-09,1193.0,368.3599853515625,4172.10009765625,3969.6201171875,,,,,,,5866.5,,3.9769999980926514
2005-02-10,1196.5,367.4800109863281,4174.89990234375,3970.3701171875,,,,,,,5871.2001953125,,4.072999954223633
2005-02-11,1207.0,371.04998779296875,4174.2998046875,4016.75,,,,,,,5915.2998046875,,4.09499979019165
2005-02-14,1206.25,371.79998779296875,4150.2001953125,4012.110107421875,,,,,,,5913.0,,4.072999954223633
2005-02-15,1210.75,373.80999755859375,4144.7998046875,4030.449951171875,,,,,,,5916.89990234375,,4.0980000495910645
2005-02-16,1210.5,372.5199890136719,4151.7001953125,4009.02001953125,,,,,,,5870.7998046875,,4.1579999923706055
2005-02-17,1201.0,373.9800109863281,4166.89990234375,4005.5,,,,,,,5882.89990234375,,4.184999942779541
2005-02-18,1202.25,375.4700012207031,4163.60009765625,4029.02001953125,,,,,,,5901.7001953125,,4.260000228881836
2005-02-21,,374.989990234375,4168.2001953125,4022.6201171875,,,,,,,5928.0,,
2005-02-22,1184.75,373.1300048828125,4153.2998046875,4002.330078125,,,,,,,5911.5,,4.284999847412109
2005-02-23,1192.75,370.67999267578125,4119.2001953125,3977.18994140625,,,,,,,5867.2001953125,,4.26800012588501
2005-02-24,1200.75,370.2900085449219,4096.89990234375,3977.669921875,,,,,,,5886.2001953125,,4.281000137329102
2005-02-25,1212.0,374.55999755859375,4130.5,4034.570068359375,,,,,,,5936.2001953125,,4.271999835968018
2005-02-28,1204.0,374.3699951171875,4172.7998046875,4027.159912109375,,,,,,,5931.2998046875,,4.359000205993652
2005-03-01,1210.0,375.7099914550781,4184.89990234375,4054.97998046875,,,,,,,5975.5,,4.372000217437744
2005-03-02,1209.5,376.2699890136719,4191.5,4062.719970703125,,,,,,,6013.39990234375,,4.379000186920166
2005-03-03,1210.0,376.1600036621094,4205.2001953125,4061.35009765625,,,,,,,5998.7998046875,,4.382999897003174
2005-03-04,1224.25,378.6499938964844,4220.39990234375,4091.580078125,,,,,,,6009.2998046875,,4.309999942779541
2005-03-07,1225.25,379.760009765625,4238.39990234375,4108.0,,,,,,,6014.60009765625,,4.303999900817871
2005-03-08,1220.5,377.67999267578125,4242.89990234375,4085.3798828125,,,,,,,5980.2001953125,,4.375
2005-03-09,1207.0,376.32000732421875,4241.7998046875,4066.68994140625,,,,,,,5965.5,,4.513999938964844
2005-03-10,1209.5,372.6000061035156,4215.5,4038.2099609375,,,,,,,5945.7001953125,,4.459000110626221
2005-03-11,1201.0,372.1499938964844,4203.7998046875,4049.179931640625,,,,,,,5971.89990234375,,4.534999847412109
2005-03-14,1207.75,372.1600036621094,4233.5,4048.550048828125,,,,,,,5963.0,,4.515999794006348
2005-03-15,1198.5,373.8800048828125,4225.39990234375,4077.739990234375,,,,,,,6011.5,,4.541999816894531
2005-03-16,1187.75,368.3699951171875,4244.39990234375,4019.39990234375,,,,,,,5944.7998046875,,4.51800012588501
2005-03-17,1190.0,368.3599853515625,4232.39990234375,4032.070068359375,,,,,,,5929.0,,4.46999979019165
2005-03-18,1190.699951171875,369.8399963378906,4249.10009765625,4050.77001953125,,,,,,,5897.0,,4.511000156402588
2005-03-21,1186.25,369.05999755859375,4266.39990234375,4033.0,,,,,,,5907.7001953125,,4.525000095367432
2005-03-22,1174.25,369.6700134277344,4233.7998046875,4047.179931640625,,,,,,,5915.60009765625,,4.610000133514404
2005-03-23,1174.5,369.05999755859375,4170.7998046875,4032.409912109375,,,,,,,5926.0,,4.60699987411499
2005-03-24,1175.5,371.6199951171875,4136.39990234375,4078.31005859375,,,,,,,5935.5,,4.591000080108643
2005-03-28,1177.5,,,,,,,,,,,,4.624000072479248
2005-03-29,1170.0,371.4700012207031,4095.60009765625,4081.64990234375,,,,,,,5959.7998046875,,4.591000080108643
2005-03-30,1185.5,368.9800109863281,4095.199951171875,4064.610107421875,,,,,,,5932.89990234375,,4.558000087738037
2005-03-31,1184.0,369.55999755859375,4109.7998046875,4067.780029296875,,,,,,,5929.7001953125,,4.495999813079834
2005-04-01,1177.75,368.20001220703125,4138.2998046875,4080.080078125,,,,,,,5950.89990234375,,4.451000213623047
2005-04-04,1179.75,366.9100036621094,4120.7998046875,4052.320068359375,,,,,,,5903.2001953125,,4.455999851226807
2005-04-05,1185.25,369.07000732421875,4132.39990234375,4087.93994140625,,,,,,,5947.39990234375,,4.46999979019165
2005-04-06,1189.25,371.1700134277344,4118.89990234375,4106.990234375,,,,,,,6002.39990234375,,4.435999870300293
2005-04-07,1195.25,372.7900085449219,4127.7998046875,4124.3701171875,,,,,,,6023.7001953125,,4.4720001220703125
2005-04-08,1183.5,373.6099853515625,4165.5,4124.2900390625,,,,,,,6016.60009765625,,4.491000175476074
2005-04-11,1183.75,372.3299865722656,4132.60009765625,4117.6201171875,,,,,,,6014.7001953125,,4.445000171661377
2005-04-12,1190.0,370.30999755859375,4142.0,4096.81005859375,,,,,,,5988.10009765625,,4.360000133514404
2005-04-13,1176.0,370.67999267578125,4135.0,4116.85009765625,,,,,,,6012.2998046875,,4.374000072479248
2005-04-14,1160.5,368.8999938964844,4082.300048828125,4111.10986328125,,,,,,,6030.5,,4.357999801635742
2005-04-15,1143.5,364.260009765625,4014.300048828125,4032.280029296875,,,,,,,6019.0,,4.270999908447266
2005-04-18,1146.75,355.8800048828125,3959.39990234375,3949.590087890625,,,,,,,5925.39990234375,,4.249000072479248
2005-04-19,1155.75,356.6499938964844,4021.199951171875,3962.389892578125,,,,,,,5977.89990234375,,4.203000068664551
2005-04-20,1139.75,353.8900146484375,4022.60009765625,3950.02001953125,,,,,,,5914.7001953125,,4.210999965667725
2005-04-21,1161.5,353.260009765625,4013.89990234375,3951.02001953125,,,,,,,5903.0,,4.300000190734863
2005-04-22,1157.25,356.17999267578125,4034.10009765625,3980.179931640625,,,,,,,5912.89990234375,,4.255000114440918
2005-04-25,1164.0,357.1000061035156,,3993.070068359375,,,,,,,5899.89990234375,,4.250999927520752
2005-04-26,1153.75,356.19000244140625,4027.800048828125,3993.0400390625,,,,,,,5914.0,,4.267000198364258
2005-04-27,1157.25,350.5299987792969,4019.0,3927.679931640625,,,,,,,5840.5,,4.236999988555908
2005-04-28,1143.0,346.95001220703125,4011.60009765625,3911.449951171875,,,,,,,5850.10009765625,,4.172999858856201
2005-04-29,1158.5,348.20001220703125,3983.199951171875,3911.7099609375,,,,,,,5870.7998046875,,4.201000213623047
2005-05-02,1163.5,348.3699951171875,4011.300048828125,3938.77001953125,,,,,,,5924.60009765625,,4.193999767303467
2005-05-03,1166.0,349.0799865722656,3986.300048828125,3955.929931640625,,,,,,,5933.7001953125,,4.185999870300293
2005-05-04,1175.25,351.17999267578125,3947.10009765625,3987.6298828125,,,,,,,6001.89990234375,,4.185999870300293
2005-05-05,1175.0,354.7799987792969,3956.10009765625,4019.35009765625,,,,,,,,,4.1620001792907715
2005-05-06,1171.25,356.6499938964844,3983.300048828125,4033.4599609375,,,,,,,6027.10009765625,,4.265999794006348
2005-05-09,1178.25,355.92999267578125,3999.199951171875,4020.18994140625,,,,,,,6002.89990234375,,4.2779998779296875
2005-05-10,1166.25,354.0400085449219,3992.199951171875,4000.25,,,,,,,5917.5,,4.2220001220703125
2005-05-11,1172.5,352.7799987792969,4005.699951171875,3979.530029296875,,,,,,,5919.89990234375,,4.202000141143799
2005-05-12,1159.25,354.9200134277344,4028.89990234375,4015.64990234375,,,,,,,5948.7001953125,,4.184000015258789
2005-05-13,1156.75,355.510009765625,4012.10009765625,4017.889892578125,,,,,,,5943.0,,4.120999813079834
2005-05-16,1167.0,354.8399963378906,3965.39990234375,4010.97998046875,,,,,,,,,4.125
2005-05-17,1175.25,355.3500061035156,3954.5,4006.18994140625,,,,,,,5945.10009765625,,4.117000102996826
2005-05-18,1186.75,360.989990234375,3987.5,4073.14990234375,,,,,,,5996.89990234375,,4.067999839782715
2005-05-19,1191.25,363.2099914550781,4044.5,4085.97998046875,,,,,,,6017.7998046875,,4.107999801635742
2005-05-20,1190.25,363.8800048828125,4041.300048828125,4096.18017578125,,,,,,,6023.10009765625,,4.125
2005-05-23,1196.25,366.07000732421875,4077.199951171875,4118.3701171875,,,,,,,6038.60009765625,,4.072000026702881
2005-05-24,1193.75,365.1000061035156,4102.0,4102.06005859375,,,,,,,6080.0,,4.0370001792907715
2005-05-25,1192.5,366.0400085449219,4091.10009765625,4100.27001953125,,,,,,,6095.10009765625,,4.072000026702881
2005-05-26,1198.0,368.260009765625,4093.199951171875,4137.27978515625,,,,,,,6138.2001953125,,4.080999851226807
2005-05-27,1200.25,366.94000244140625,4116.39990234375,4131.830078125,,,,,,,6160.7998046875,,4.072999954223633
2005-05-30,,368.4200134277344,4132.7001953125,4134.8701171875,,,,,,,6158.7001953125,,
2005-05-31,1192.25,364.67999267578125,4106.39990234375,4120.72998046875,,,,,,,6127.2001953125,,4.00600004196167
2005-06-01,1201.25,371.5199890136719,4147.7998046875,4178.25,,,,,,,6210.2998046875,,3.9070000648498535
2005-06-02,1205.25,372.3999938964844,4180.7001953125,4183.72021484375,,,,,,,6228.7001953125,,3.890000104904175
2005-06-03,1198.5,371.5199890136719,4194.0,4162.47021484375,,,,,,,6210.2998046875,,3.9790000915527344
2005-06-06,1198.0,368.7699890136719,4198.0,4146.47021484375,,,,,,,6186.0,,3.9619998931884766
2005-06-07,1199.0,372.4599914550781,4205.60009765625,4180.740234375,,,,,,,6237.39990234375,,3.9110000133514404
2005-06-08,1196.0,372.79998779296875,4219.89990234375,4171.35009765625,,,,,,,6236.7001953125,,3.940000057220459
2005-06-09,1201.0,373.3500061035156,4214.0,4153.7099609375,,,,,,,6244.7001953125,,3.9649999141693115
2005-06-10,1199.0,376.0899963378906,4221.7001953125,4184.10009765625,,,,,,,6239.39990234375,,4.046999931335449
2005-06-13,1202.5,377.45001220703125,,4203.490234375,,,,,,,6266.2001953125,,4.085999965667725
2005-06-14,1205.0,377.69000244140625,4228.7998046875,4197.740234375,,,,,,,6268.39990234375,,4.126999855041504
2005-06-15,1206.5,375.82000732421875,4246.5,4184.35986328125,,,,,,,6257.10009765625,,4.114999771118164
2005-06-16,1210.5,378.95001220703125,4262.7998046875,4185.14990234375,,,,,,,6257.7998046875,,4.076000213623047
2005-06-17,1222.6800537109375,380.2699890136719,4312.2001953125,4220.91015625,,,,,,,6263.5,,4.078000068664551
2005-06-20,1220.0,379.04998779296875,4305.60009765625,4193.39990234375,,,,,,,6236.7998046875,,4.103000164031982
2005-06-21,1221.0,381.3900146484375,4300.10009765625,4222.02001953125,,,,,,,6294.10009765625,,4.048999786376953
2005-06-22,1221.0,382.3599853515625,4277.89990234375,4229.5498046875,,,,,,,6286.89990234375,,3.944999933242798
2005-06-23,1204.0,383.20001220703125,4269.89990234375,4240.18017578125,,,,,,,6273.7001953125,,3.9590001106262207
2005-06-24,1195.75,379.9700012207031,4245.60009765625,4199.8701171875,,,,,,,6223.2001953125,,3.9140000343322754
2005-06-27,1196.25,377.2699890136719,4231.2001953125,4157.68017578125,,,,,,,6191.10009765625,,3.9019999504089355
2005-06-28,1206.75,381.8399963378906,4270.7998046875,4194.330078125,,,,,,,6208.60009765625,,3.9760000705718994
2005-06-29,1203.0,383.3399963378906,4263.0,4231.8798828125,,,,,,,6261.2001953125,,3.990000009536743
2005-06-30,1195.5,383.8299865722656,4277.5,4229.35009765625,,,,,,,6253.10009765625,,3.944999933242798
2005-07-01,1200.0,388.260009765625,4272.60009765625,4269.6201171875,,,,,,,6279.7998046875,,4.048999786376953
2005-07-04,,389.8399963378906,4281.89990234375,4264.60009765625,,,,,,,6283.60009765625,,
2005-07-05,1209.0,389.1099853515625,4301.7998046875,4252.75,,,,,,,6282.7998046875,,4.098999977111816
2005-07-06,1198.5,390.3299865722656,4275.10009765625,4279.9501953125,,,,,,,6309.0,,4.074999809265137
2005-07-07,1202.75,383.79998779296875,4234.0,4220.6201171875,,,,,,,6250.60009765625,,4.031000137329102
2005-07-08,1216.5,388.6000061035156,4229.2001953125,4300.31005859375,,,,,,,6312.2001953125,,4.109000205993652
2005-07-11,1223.5,390.92999267578125,4264.10009765625,4321.56005859375,,,,,,,6357.2001953125,,4.1020002365112305
2005-07-12,1225.5,389.3500061035156,4262.10009765625,4313.77978515625,,,,,,,6328.7001953125,,4.140999794006348
2005-07-13,1228.0,391.9100036621094,4280.2998046875,4343.6201171875,,,,,,,6393.7998046875,,4.163000106811523
2005-07-14,1231.75,393.7200012207031,4295.10009765625,4370.8798828125,,,,,,,6449.2001953125,,4.179999828338623
2005-07-15,1231.25,393.67999267578125,4292.39990234375,4373.77001953125,,,,,,,6459.89990234375,,4.175000190734863
2005-07-18,1226.5,392.8800048828125,4298.39990234375,4363.47021484375,,,,,,,6464.5,,4.2230000495910645
2005-07-19,1233.25,396.9599914550781,4276.2998046875,4424.25,,,,,,,6482.10009765625,,4.189000129699707
2005-07-20,1236.5,395.5799865722656,4301.2001953125,4418.39013671875,,,,,,,6510.7001953125,,4.177000045776367
2005-07-21,1230.0,395.92999267578125,4343.2001953125,4425.66015625,,,,,,,6492.0,,4.2820000648498535
2005-07-22,1237.0,394.29998779296875,4371.10009765625,4415.52001953125,,,,,,,6492.5,,4.2230000495910645
2005-07-25,1234.0,394.5400085449219,4378.7998046875,4422.1201171875,,,,,,,6503.89990234375,,4.247000217437744
2005-07-26,1235.0,395.54998779296875,4380.5,4420.77978515625,,,,,,,6521.0,,4.238999843597412
2005-07-27,1239.75,395.1000061035156,4386.7998046875,4433.1298828125,,,,,,,6560.10009765625,,4.261000156402588
2005-07-28,1247.0,394.9700012207031,4367.7998046875,4462.259765625,,,,,,,6612.39990234375,,4.196000099182129
2005-07-29,1236.75,395.7699890136719,4388.7998046875,4451.740234375,,,,,,,6600.89990234375,,4.285999774932861
2005-08-01,1237.5,396.9599914550781,4378.0,4456.8701171875,,,,,,,6609.39990234375,,4.318999767303467
2005-08-02,1245.0,397.9800109863281,4385.39990234375,4503.330078125,,,,,,,6672.2001953125,,4.335999965667725
2005-08-03,1247.75,396.9200134277344,4369.10009765625,4495.47998046875,,,,,,,6658.10009765625,,4.300000190734863
2005-08-04,1238.0,394.67999267578125,4374.7998046875,4458.97021484375,,,,,,,6617.2998046875,,4.318999767303467
2005-08-05,1229.75,391.30999755859375,4377.2998046875,4421.7001953125,,,,,,,6607.7001953125,,4.392000198364258
2005-08-08,1227.25,391.42999267578125,4407.89990234375,4441.009765625,,,,,,,6634.2998046875,,4.419000148773193
2005-08-09,1234.25,395.8800048828125,4417.7998046875,4491.68994140625,,,,,,,6638.89990234375,,4.394000053405762
2005-08-10,1233.75,401.57000732421875,4425.60009765625,4527.10986328125,,,,,,,6689.2001953125,,4.4039998054504395
2005-08-11,1238.5,400.1499938964844,4460.2001953125,4509.10009765625,,,,,,,6680.5,,4.334000110626221
2005-08-12,1231.0,396.05999755859375,4469.2001953125,4476.47998046875,,,,,,,6647.5,,4.23799991607666
2005-08-15,1237.5,395.6600036621094,4459.5,4466.580078125,,,,,,,6636.39990234375,,4.269999980926514
2005-08-16,1221.5,394.6400146484375,4481.2001953125,4444.56982421875,,,,,,,6634.60009765625,,4.2270002365112305
2005-08-17,1221.5,393.5299987792969,4467.7998046875,4439.6298828125,,,,,,,6631.39990234375,,4.2729997634887695
2005-08-18,1221.0,391.3800048828125,4442.89990234375,4430.06982421875,,,,,,,6596.39990234375,,4.216000080108643
2005-08-19,1223.75,393.9700012207031,4461.60009765625,4487.89990234375,,,,,,,6636.60009765625,,4.210999965667725
2005-08-22,1224.0,394.6700134277344,4499.2998046875,4485.93994140625,,,,,,,6623.2998046875,,4.218999862670898
2005-08-23,1221.5,391.7300109863281,4484.89990234375,4436.56005859375,,,,,,,6565.2998046875,,4.186999797821045
2005-08-24,1210.0,389.8599853515625,4446.39990234375,4424.43017578125,,,,,,,6537.0,,4.178999900817871
2005-08-25,1213.5,386.92999267578125,4424.5,4378.509765625,,,,,,,6485.0,,4.159999847412109
2005-08-26,1206.0,385.1499938964844,4452.5,4342.7001953125,,,,,,,6445.39990234375,,4.189000129699707
2005-08-29,1214.5,385.6499938964844,4396.7998046875,4361.27001953125,,,,,,,6463.7001953125,,4.172999858856201
2005-08-30,1208.5,386.0799865722656,4438.60009765625,4356.66015625,,,,,,,6473.2001953125,,4.090000152587891
2005-08-31,1221.5,389.6000061035156,4446.7998046875,4399.35986328125,,,,,,,6517.2001953125,,4.019999980926514
2005-09-01,1221.75,389.8800048828125,4497.7001953125,4424.14990234375,,,,,,,6553.60009765625,,4.019000053405762
2005-09-02,1219.75,389.30999755859375,4473.7001953125,4404.9501953125,,,,,,,6532.10009765625,,4.0289998054504395
2005-09-05,,391.4599914550781,4455.39990234375,4430.08984375,,,,,,,6543.39990234375,,
2005-09-06,1234.25,394.1499938964844,4462.0,4472.5498046875,,,,,,,6609.7998046875,,4.085000038146973
2005-09-07,1235.5,394.29998779296875,4492.0,4486.18994140625,,,,,,,6684.7001953125,,4.138000011444092
2005-09-08,1232.0,393.9200134277344,4474.89990234375,4465.93994140625,,,,,,,6681.7001953125,,4.138999938964844
2005-09-09,1242.0,394.9100036621094,4468.10009765625,4491.68017578125,,,,,,,6703.60009765625,,4.123000144958496
2005-09-12,1240.25,395.70001220703125,4471.7998046875,4491.81982421875,,,,,,,6727.2001953125,,4.169000148773193
2005-09-13,1232.5,393.29998779296875,4495.10009765625,4453.41015625,,,,,,,6696.39990234375,,4.133999824523926
2005-09-14,1228.5,393.8999938964844,4518.2998046875,4470.43017578125,,,,,,,6731.60009765625,,4.168000221252441
2005-09-15,1227.25,394.9200134277344,4513.89990234375,4479.39013671875,,,,,,,6752.7998046875,,4.214000225067139
2005-09-16,1232.7900390625,398.1000061035156,4553.60009765625,4509.490234375,,,,,,,6810.2998046875,,4.26200008392334
2005-09-19,1238.0,399.1600036621094,4551.2998046875,4505.68017578125,,,,,,,6804.10009765625,,4.247000217437744
2005-09-20,1227.5,401.4100036621094,4580.89990234375,4531.7998046875,,,,,,,6835.7001953125,,4.243000030517578
2005-09-21,1216.0,396.4800109863281,4552.39990234375,4468.06005859375,,,,,,,6761.0,,4.188000202178955
2005-09-22,1219.75,393.6099853515625,4561.7001953125,4448.14990234375,,,,,,,6735.7998046875,,4.176000118255615
2005-09-23,1220.5,394.3299865722656,4562.39990234375,4477.2001953125,,,,,,,6785.5,,4.248000144958496
2005-09-26,1221.5,399.3699951171875,4618.89990234375,4566.919921875,,,,,,,6852.2001953125,,4.294000148773193
2005-09-27,1221.75,398.1300048828125,4629.2001953125,4546.7998046875,,,,,,,6852.0,,4.301000118255615
2005-09-28,1222.75,401.989990234375,4627.60009765625,4599.6298828125,,,,,,,6904.7998046875,,4.26200008392334
2005-09-29,1231.75,400.4100036621094,4671.7001953125,4578.85986328125,,,,,,,6860.39990234375,,4.289000034332275
2005-09-30,1234.25,402.989990234375,4641.2001953125,4600.02001953125,,,,,,,6898.89990234375,,4.328000068664551
2005-10-03,1231.75,407.8399963378906,4642.39990234375,4622.5400390625,,,,,,,7005.60009765625,,4.386000156402588
2005-10-04,1216.75,408.6600036621094,4643.60009765625,4650.240234375,,,,,,,7042.2998046875,,4.375999927520752
2005-10-05,1200.75,404.9599914550781,4543.5,4594.10986328125,,,,,,,7026.39990234375,,4.361000061035156
2005-10-06,1197.0,399.8900146484375,4447.2998046875,4536.89990234375,,,,,,,6939.2001953125,,4.366000175476074
2005-10-07,1200.0,398.6600036621094,4440.60009765625,4528.7900390625,,,,,,,6947.0,,4.361000061035156
2005-10-10,1190.0,398.2699890136719,4469.10009765625,4536.22021484375,,,,,,,6950.89990234375,,
2005-10-11,1188.5,397.8999938964844,4428.7998046875,4549.68017578125,,,,,,,6965.7001953125,,4.383999824523926
2005-10-12,1178.5,393.70001220703125,4468.2001953125,4515.0498046875,,,,,,,6919.0,,4.440999984741211
2005-10-13,1178.0,391.3699951171875,4431.0,4470.1298828125,,,,,,,6868.10009765625,,4.474999904632568
2005-10-14,1190.0,394.30999755859375,4406.10009765625,4482.1298828125,,,,,,,6871.2001953125,,4.491000175476074
2005-10-17,1194.25,394.30999755859375,4425.2998046875,4489.2099609375,,,,,,,6883.39990234375,,4.488999843597412
2005-10-18,1181.5,393.9200134277344,4459.2998046875,4461.14013671875,,,,,,,6946.0,,4.480999946594238
2005-10-19,1200.5,387.05999755859375,4377.2001953125,4375.08984375,,,,,,,6820.39990234375,,4.4629998207092285
2005-10-20,1179.5,389.05999755859375,4380.10009765625,4390.66015625,,,,,,,6885.39990234375,,4.459000110626221
2005-10-21,1183.75,386.0799865722656,4364.2998046875,4366.52001953125,,,,,,,6851.60009765625,,4.389999866485596
2005-10-24,1202.5,389.7300109863281,4357.2001953125,4421.97021484375,,,,,,,6911.7998046875,,4.446000099182129
2005-10-25,1199.0,388.67999267578125,4390.7998046875,4396.990234375,,,,,,,6939.7001953125,,4.507999897003174
2005-10-26,1196.0,390.7099914550781,4443.39990234375,4412.7001953125,,,,,,,6972.39990234375,,4.591000080108643
2005-10-27,1182.5,386.0899963378906,4433.0,4336.41015625,,,,,,,6919.60009765625,,4.558000087738037
2005-10-28,1199.75,385.95001220703125,4383.0,4326.7099609375,,,,,,,6874.89990234375,,4.566999912261963
2005-10-31,1209.75,394.1600036621094,4459.7001953125,4436.4501953125,,,,,,,7036.60009765625,,4.559000015258789
2005-11-01,1206.25,394.6199951171875,4474.7001953125,4434.75,,,,,,,7100.60009765625,,4.577000141143799
2005-11-02,1218.0,397.1199951171875,4456.2998046875,4429.64990234375,,,,,,,7117.39990234375,,4.610000133514404
2005-11-03,1223.75,399.9100036621094,4513.7001953125,4502.02001953125,,,,,,,7211.0,,4.644000053405762
2005-11-04,1222.0,399.5299987792969,4519.5,4498.7001953125,,,,,,,7205.0,,4.6570000648498535
2005-11-07,1222.75,401.1400146484375,4512.5,4503.64990234375,,,,,,,7253.7001953125,,4.638999938964844
2005-11-08,1222.75,402.79998779296875,4554.5,4503.6201171875,,,,,,,7257.5,,4.565000057220459
2005-11-09,1223.75,403.8900146484375,4526.10009765625,4480.22998046875,,,,,,,7238.5,,4.635000228881836
2005-11-10,1233.75,406.29998779296875,4543.7001953125,4479.5,,,,,,,7243.10009765625,,4.564000129699707
2005-11-11,1238.0,410.82000732421875,4574.2998046875,4536.490234375,,,,,,,7351.2998046875,,
2005-11-14,1237.25,412.0299987792969,4608.39990234375,4548.4501953125,,,,,,,7313.0,,4.604000091552734
2005-11-15,1232.5,412.6099853515625,4603.2001953125,4543.14990234375,,,,,,,7322.7001953125,,4.557000160217285
2005-11-16,1234.75,410.7699890136719,4621.10009765625,4512.1298828125,,,,,,,7268.5,,4.484000205993652
2005-11-17,1245.25,413.239990234375,4629.10009765625,4523.18017578125,,,,,,,7329.89990234375,,4.459000110626221
2005-11-18,1250.25,416.239990234375,4671.10009765625,4556.22998046875,,,,,,,7431.39990234375,,4.501999855041504
2005-11-21,1257.0,417.54998779296875,4654.2001953125,4586.3798828125,,,,,,,7452.2998046875,,4.460999965667725
2005-11-22,1262.0,418.5199890136719,4622.89990234375,4580.81005859375,,,,,,,7467.7001953125,,4.427999973297119
2005-11-23,1268.5,419.7900085449219,4616.60009765625,4608.64990234375,,,,,,,7495.10009765625,,4.473999977111816
2005-11-24,1267.5,417.8399963378906,4652.2998046875,4586.83984375,,,,,,,7473.89990234375,,
2005-11-25,1270.0,418.29998779296875,4648.7998046875,4600.47998046875,,,,,,,7498.7001953125,,4.431000232696533
2005-11-28,1261.0,417.6300048828125,4665.2998046875,4575.31005859375,,,,,,,7427.5,,4.406000137329102
2005-11-29,1259.25,420.3299865722656,4639.0,4588.72998046875,,,,,,,7440.7001953125,,4.48199987411499
2005-11-30,1251.0,418.7900085449219,4634.7998046875,4567.41015625,,,,,,,7407.5,,4.5
2005-12-01,1264.5,426.1700134277344,4580.10009765625,4636.4599609375,,,,,,,7536.89990234375,,4.520999908447266
2005-12-02,1266.0,429.4800109863281,4623.5,4662.5,,,,,,,7589.2998046875,,4.519000053405762
2005-12-05,1263.5,428.8500061035156,4624.60009765625,4650.5400390625,,,,,,,7584.7998046875,,4.566999912261963
2005-12-06,1265.5,432.6700134277344,4616.0,4677.2001953125,,,,,,,7612.0,,4.49399995803833
2005-12-07,1258.0,431.5199890136719,4623.89990234375,4660.580078125,,,,,,,7588.7998046875,,4.517000198364258
2005-12-08,1256.75,432.2300109863281,4578.0,4669.93017578125,,,,,,,7560.0,,4.464000225067139
2005-12-09,1259.25,431.1300048828125,4580.10009765625,4661.009765625,,,,,,,7567.39990234375,,4.5370001792907715
2005-12-12,1261.0,432.79998779296875,4611.89990234375,4673.1298828125,,,,,,,7567.5,,4.546999931335449
2005-12-13,1269.0,433.1700134277344,4587.10009765625,4693.39990234375,,,,,,,7577.39990234375,,4.534999847412109
2005-12-14,1273.75,430.95001220703125,4617.89990234375,4674.85009765625,,,,,,,7516.2998046875,,4.449999809265137
2005-12-15,1269.5,432.0799865722656,4627.89990234375,4673.14013671875,,,,,,,7458.0,,4.4679999351501465
2005-12-16,1274.8399658203125,436.1700134277344,4644.0,4704.41015625,,,,,,,7491.0,,4.447999954223633
2005-12-19,1267.5,435.30999755859375,4655.39990234375,4694.85986328125,,,,,,,7532.89990234375,,4.441999912261963
2005-12-20,1268.0,435.4599914550781,4672.2998046875,4703.47998046875,,,,,,,7516.7001953125,,4.466000080108643
2005-12-21,1270.0,438.989990234375,4718.2001953125,4752.41015625,,,,,,,7547.5,,4.486000061035156
2005-12-22,1275.5,438.45001220703125,4707.7998046875,4751.9599609375,,,,,,,7515.2001953125,,4.433000087738037
2005-12-23,1276.5,439.1600036621094,4727.7001953125,4757.740234375,,,,,,,7497.7998046875,,4.380000114440918
2005-12-27,1264.0,440.32000732421875,,4769.3798828125,,,,,,,7548.7998046875,,4.341000080108643
2005-12-28,1265.25,439.1000061035156,4755.60009765625,4756.93017578125,,,,,,,7559.10009765625,,4.377999782562256
2005-12-29,1260.0,440.8699951171875,4772.5,4772.93017578125,,,,,,,7620.0,,4.375999927520752
2005-12-30,1254.75,436.7799987792969,4763.39990234375,4715.22998046875,,,,,,,7583.89990234375,,4.394999980926514
2006-01-02,,440.5199890136719,,4754.919921875,,,,,,,,,
2006-01-03,1274.75,441.92999267578125,4776.0,4776.97998046875,,,,,,,7628.60009765625,,4.369999885559082
2006-01-04,1280.5,445.0,4820.2998046875,4838.52001953125,,,,,,,7723.7001953125,,4.355999946594238
2006-01-05,1281.25,443.1300048828125,4813.7001953125,4835.08984375,,,,,,,7703.2998046875,,4.355999946594238
2006-01-06,1291.75,446.1099853515625,4791.10009765625,4867.14990234375,,,,,,,7718.5,,4.379000186920166
2006-01-09,1295.0,447.8800048828125,4831.5,4875.08984375,,,,,,,7715.60009765625,,4.379000186920166
2006-01-10,1296.0,443.8999938964844,4816.7001953125,4861.93017578125,,,,,,,7663.7001953125,,4.427999973297119
2006-01-11,1299.75,446.30999755859375,4838.10009765625,4890.490234375,,,,,,,7752.10009765625,,4.458000183105469
2006-01-12,1293.5,447.3999938964844,4836.89990234375,4890.240234375,,,,,,,7798.10009765625,,4.409999847412109
2006-01-13,1292.75,441.3699951171875,4836.7001953125,4850.52978515625,,,,,,,7802.5,,4.349999904632568
2006-01-16,1294.75,441.989990234375,4836.39990234375,4856.08984375,,,,,,,7835.7001953125,,
2006-01-17,1289.5,438.510009765625,4866.10009765625,4807.14013671875,,,,,,,7785.60009765625,,4.331999778747559
2006-01-18,1283.75,434.2099914550781,4786.89990234375,4772.08984375,,,,,,,7726.5,,4.340000152587891
2006-01-19,1288.25,436.6199951171875,4840.89990234375,4814.08984375,,,,,,,7771.60009765625,,4.379000186920166
2006-01-20,1264.75,432.20001220703125,4854.39990234375,4773.47998046875,,,,,,,7697.5,,4.361000061035156
2006-01-23,1269.25,431.8800048828125,4812.10009765625,4751.990234375,,,,,,,7702.7001953125,,4.35699987411499
2006-01-24,1270.5,431.510009765625,4824.7998046875,4748.31982421875,,,,,,,7692.60009765625,,4.389999866485596
2006-01-25,1271.0,436.4599914550781,4861.39990234375,4791.0,,,,,,,7682.7001953125,,4.479000091552734
2006-01-26,1277.75,443.6300048828125,,4876.52001953125,,,,,,,7749.39990234375,,4.5229997634887695
2006-01-27,1289.25,449.6700134277344,4919.2998046875,4956.60009765625,,,,,,,7779.39990234375,,4.502999782562256
2006-01-30,1288.5,450.70001220703125,4943.39990234375,4936.7900390625,,,,,,,7789.2998046875,,4.534999847412109
2006-01-31,1283.5,450.5,4929.60009765625,4947.990234375,,,,,,,7810.89990234375,,4.5269999504089355
2006-02-01,1287.25,455.70001220703125,4956.7001953125,4999.39013671875,,,,,,,7836.2001953125,,4.560999870300293
2006-02-02,1272.0,450.4100036621094,4905.10009765625,4927.89013671875,,,,,,,7785.89990234375,,4.560999870300293
2006-02-03,1265.5,451.2699890136719,4883.7998046875,4937.56005859375,,,,,,,7840.7998046875,,4.5329999923706055
2006-02-06,1268.75,452.5199890136719,4915.60009765625,4934.58984375,,,,,,,7839.60009765625,,4.545000076293945
2006-02-07,1257.5,453.0299987792969,4905.39990234375,4935.39990234375,,,,,,,7837.2998046875,,4.566999912261963
2006-02-08,1268.25,452.6199951171875,4831.39990234375,4895.080078125,,,,,,,7831.89990234375,,4.59499979019165
2006-02-09,1265.75,457.8699951171875,4877.60009765625,4955.740234375,,,,,,,7873.60009765625,,4.540999889373779
2006-02-10,1268.25,456.260009765625,4871.5,4910.81982421875,,,,,,,7861.60009765625,,4.580999851226807
2006-02-13,1265.75,459.4800109863281,4817.10009765625,4957.35986328125,,,,,,,7889.2998046875,,4.583000183105469
2006-02-14,1278.25,460.0400085449219,4864.2001953125,4961.33984375,,,,,,,7882.39990234375,,4.613999843597412
2006-02-15,1282.25,460.55999755859375,4835.0,4934.08984375,,,,,,,7797.2001953125,,4.605999946594238
2006-02-16,1291.75,461.6600036621094,4820.60009765625,4973.08984375,,,,,,,7906.60009765625,,4.5960001945495605
2006-02-17,1289.0,463.6000061035156,4799.89990234375,5000.0,,,,,,,7917.10009765625,,4.540999889373779
2006-02-20,1288.75,464.6400146484375,4835.5,4979.93994140625,,,,,,,7950.2001953125,,
2006-02-21,1285.25,464.32000732421875,4879.10009765625,4991.93017578125,,,,,,,8002.60009765625,,4.563000202178955
2006-02-22,1292.25,466.0199890136719,4886.7001953125,5041.60009765625,,,,,,,8040.5,,4.531000137329102
2006-02-23,1290.25,464.5899963378906,4913.2001953125,5040.39013671875,,,,,,,7983.7998046875,,4.566999912261963
2006-02-24,1293.0,464.57000732421875,4893.39990234375,5073.9501953125,,,,,,,7954.2998046875,,4.566999912261963
2006-02-27,1294.0,467.5299987792969,4924.10009765625,5080.52001953125,,,,,,,7995.0,,4.590000152587891
2006-02-28,1282.5,458.7200012207031,4921.2998046875,5000.4501953125,,,,,,,7892.60009765625,,4.546999931335449
2006-03-01,1292.0,461.70001220703125,4850.60009765625,5057.60986328125,,,,,,,7980.39990234375,,4.589000225067139
2006-03-02,1291.5,457.260009765625,4903.7998046875,5009.08984375,,,,,,,7926.2001953125,,4.638000011444092
2006-03-03,1286.5,455.25,4898.5,4989.14990234375,,,,,,,7916.0,,4.684000015258789
2006-03-06,1279.5,457.8599853515625,4903.89990234375,5010.72021484375,,,,,,,7917.2001953125,,4.73799991607666
2006-03-07,1277.5,455.1700134277344,4879.7001953125,4992.2099609375,,,,,,,7864.2998046875,,4.736000061035156
2006-03-08,1279.5,451.3800048828125,4873.0,4969.509765625,,,,,,,7831.5,,4.734000205993652
2006-03-09,1272.0,454.4200134277344,4894.39990234375,5007.83984375,,,,,,,7860.7001953125,,4.730000019073486
2006-03-10,1283.0,458.5899963378906,4888.10009765625,5069.27001953125,,,,,,,7970.60009765625,,4.755000114440918
2006-03-13,1285.5,461.6700134277344,4951.2998046875,5107.47021484375,,,,,,,8035.39990234375,,4.775000095367432
2006-03-14,1298.5,462.5799865722656,4932.2001953125,5117.16015625,,,,,,,8034.2001953125,,4.696000099182129
2006-03-15,1303.75,464.5,4946.2998046875,5127.93017578125,,,,,,,8012.60009765625,,4.730999946594238
2006-03-16,1306.25,464.1700134277344,4977.89990234375,5126.009765625,,,,,,,8018.0,,4.645999908447266
2006-03-17,1310.1600341796875,464.04998779296875,4971.7001953125,5141.080078125,,,,,,,8047.10009765625,,4.673999786376953
2006-03-20,1315.5,466.5299987792969,5000.39990234375,5138.509765625,,,,,,,8059.39990234375,,4.656000137329102
2006-03-21,1307.5,467.0799865722656,4991.2998046875,5148.56005859375,,,,,,,8056.60009765625,,4.7170000076293945
2006-03-22,1314.5,469.0299987792969,5013.39990234375,5194.77978515625,,,,,,,8064.0,,4.703000068664551
2006-03-23,1311.75,470.75,5035.2998046875,5194.77978515625,,,,,,,8024.10009765625,,4.738999843597412
2006-03-24,1312.75,472.07000732421875,5040.10009765625,5218.7099609375,,,,,,,8045.10009765625,,4.675000190734863
2006-03-27,1311.0,469.760009765625,5088.10009765625,5162.43994140625,,,,,,,7980.89990234375,,4.701000213623047
2006-03-28,1302.5,467.75,5085.7998046875,5149.990234375,,,,,,,7972.89990234375,,4.7779998779296875
2006-03-29,1310.0,468.989990234375,5090.5,5180.25,,,,,,,7983.39990234375,,4.809999942779541
2006-03-30,1307.5,472.5799865722656,5115.0,5240.10009765625,,,,,,,8035.2998046875,,4.855000019073486
2006-03-31,1307.5,468.69000244140625,5129.7001953125,5220.85009765625,,,,,,,8023.2998046875,,4.853000164031982
2006-04-03,1305.75,471.3299865722656,5180.5,5255.259765625,,,,,,,8078.5,,4.874000072479248
2006-04-04,1314.75,467.95001220703125,5162.5,5205.81005859375,,,,,,,8051.60009765625,,4.872000217437744
2006-04-05,1319.0,468.5299987792969,5207.0,5221.02978515625,,,,,,,8090.5,,4.839000225067139
2006-04-06,1317.5,469.6000061035156,5238.89990234375,5222.35986328125,,,,,,,8102.2998046875,,4.89300012588501
2006-04-07,1304.0,468.67999267578125,5232.89990234375,5174.9599609375,,,,,,,8105.2001953125,,4.9629998207092285
2006-04-10,1305.5,470.6600036621094,5192.2998046875,5190.27001953125,,,,,,,8109.2998046875,,4.9629998207092285
2006-04-11,1294.0,464.1400146484375,5233.5,5112.60009765625,,,,,,,8029.10009765625,,4.932000160217285
2006-04-12,1295.5,463.6199951171875,5183.7001953125,5085.10986328125,,,,,,,7976.60009765625,,4.97599983215332
2006-04-13,1294.25,462.760009765625,5175.7001953125,5102.6201171875,,,,,,,8007.2998046875,,5.035999774932861
2006-04-17,1293.0,,,,,,,,,,,,5.006999969482422
2006-04-18,1313.5,462.7300109863281,5248.60009765625,5095.97021484375,,,,,,,7961.39990234375,,4.973999977111816
2006-04-19,1315.25,468.8599853515625,5283.89990234375,5158.14013671875,,,,,,,8050.89990234375,,5.0279998779296875
2006-04-20,1317.0,472.6400146484375,5276.89990234375,5206.7900390625,,,,,,,8057.0,,5.039000034332275
2006-04-21,1317.0,478.0,5250.10009765625,5252.3798828125,,,,,,,8093.5,,5.01200008392334
2006-04-24,1314.5,475.6400146484375,5269.7998046875,5221.43994140625,,,,,,,8076.2998046875,,4.985000133514404
2006-04-25,1309.5,476.0400085449219,,5235.33984375,,,,,,,8041.0,,5.071000099182129
2006-04-26,1309.0,477.4700012207031,5327.2001953125,5252.31982421875,,,,,,,8071.10009765625,,5.105000019073486
2006-04-27,1315.0,474.44000244140625,5300.2001953125,5213.5498046875,,,,,,,8080.10009765625,,5.084000110626221
2006-04-28,1316.0,469.3999938964844,5258.7998046875,5188.39990234375,,,,,,,8047.2998046875,,5.068999767303467
2006-05-01,1308.25,,5310.39990234375,,,,,,,,,,5.13100004196167
2006-05-02,1318.0,470.1300048828125,5273.10009765625,5241.18994140625,,,,,,,8074.7001953125,,5.110000133514404
2006-05-03,1312.25,464.6400146484375,5273.5,5193.93994140625,,,,,,,7964.60009765625,,5.144000053405762
2006-05-04,1317.0,466.5899963378906,5189.10009765625,5233.7001953125,,,,,,,7965.39990234375,,5.150000095367432
2006-05-05,1329.0,471.7200012207031,5255.39990234375,5286.39990234375,,,,,,,8058.10009765625,,5.107999801635742
2006-05-08,1327.25,472.6700134277344,5324.0,5282.39990234375,,,,,,,8103.60009765625,,5.11899995803833
2006-05-09,1329.25,473.5199890136719,5325.7998046875,5312.18017578125,,,,,,,8122.10009765625,,5.125
2006-05-10,1327.75,469.07000732421875,5352.2001953125,5278.27001953125,,,,,,,8112.89990234375,,5.125
2006-05-11,1311.75,466.8800048828125,5364.5,5262.93994140625,,,,,,,8097.2998046875,,5.15500020980835
2006-05-12,1294.25,455.0899963378906,5329.5,5150.4501953125,,,,,,,7954.10009765625,,5.185999870300293
2006-05-15,1297.25,450.0899963378906,5234.10009765625,5064.85009765625,,,,,,,7853.89990234375,,5.1529998779296875
2006-05-16,1295.0,451.0799865722656,5217.39990234375,5081.68994140625,,,,,,,7887.10009765625,,5.105000019073486
2006-05-17,1269.0,436.4700012207031,5217.5,4920.31005859375,,,,,,,7658.5,,5.1529998779296875
2006-05-18,1263.0,437.1000061035156,5119.2998046875,4908.68994140625,,,,,,,7602.2998046875,,5.072999954223633
2006-05-19,1270.75,438.9800109863281,5100.89990234375,4944.56982421875,,,,,,,7614.2998046875,,5.053999900817871
2006-05-22,1262.0,428.7799987792969,5030.7998046875,4813.5,,,,,,,7430.2001953125,,5.035999774932861
2006-05-23,1252.5,439.5799865722656,5013.7998046875,4931.52978515625,,,,,,,7572.5,,5.065999984741211
2006-05-24,1261.0,435.8399963378906,5037.7001953125,4870.02001953125,,,,,,,7481.2998046875,,5.033999919891357
2006-05-25,1276.0,440.2799987792969,4976.7998046875,4949.52978515625,,,,,,,,,5.073999881744385
2006-05-26,1282.75,446.2799987792969,5053.7001953125,5045.08984375,,,,,,,7679.5,,5.052000045776367
2006-05-29,1280.0,445.7900085449219,5109.5,5015.31982421875,,,,,,,7688.10009765625,,
2006-05-30,1260.0,434.70001220703125,5105.39990234375,4893.8701171875,,,,,,,7533.2998046875,,5.085999965667725
2006-05-31,1272.0,440.4100036621094,5001.7001953125,4930.18017578125,,,,,,,7604.39990234375,,5.11299991607666
2006-06-01,1285.75,441.5799865722656,5060.60009765625,4947.2900390625,,,,,,,7617.2998046875,,5.107999801635742
2006-06-02,1288.25,438.8999938964844,5077.2001953125,4959.7001953125,,,,,,,7665.10009765625,,4.99399995803833
2006-06-05,1269.5,436.2099914550781,5120.0,4916.0400390625,,,,,,,,,5.026000022888184
2006-06-06,1265.75,427.8800048828125,5036.10009765625,4797.919921875,,,,,,,7497.0,,5.00600004196167
2006-06-07,1256.0,432.05999755859375,5025.5,4824.77001953125,,,,,,,7549.7998046875,,5.026000022888184
2006-06-08,1255.5,419.6400146484375,4907.2001953125,4684.33984375,,,,,,,7344.2998046875,,4.992000102996826
2006-06-09,1251.0,426.4700012207031,4966.0,4768.18017578125,,,,,,,7434.60009765625,,4.980999946594238
2006-06-12,1236.5,421.7200012207031,,4723.18017578125,,,,,,,7332.7001953125,,4.986999988555908
2006-06-13,1222.0,412.8699951171875,4838.89990234375,4617.58984375,,,,,,,7154.89990234375,,4.960999965667725
2006-06-14,1230.75,412.9800109863281,4850.7998046875,4615.43994140625,,,,,,,7171.0,,5.050000190734863
2006-06-15,1257.0,423.7300109863281,4869.7001953125,4724.580078125,,,,,,,7324.39990234375,,5.0980000495910645
2006-06-16,1252.0899658203125,420.5199890136719,4969.0,4694.89013671875,,,,,,,7294.5,,5.127999782562256
2006-06-19,1248.5,423.55999755859375,4901.2001953125,4729.02001953125,,,,,,,7364.0,,5.144999980926514
2006-06-20,1252.5,425.17999267578125,4861.39990234375,4770.419921875,,,,,,,7397.89990234375,,5.1570000648498535
2006-06-21,1261.75,426.6400146484375,4918.89990234375,4774.72998046875,,,,,,,7427.10009765625,,5.15500020980835
2006-06-22,1256.0,429.260009765625,5010.7998046875,4803.2900390625,,,,,,,7483.2998046875,,5.197999954223633
2006-06-23,1255.5,429.1400146484375,4964.89990234375,4817.6298828125,,,,,,,7485.7998046875,,5.228000164031982
2006-06-26,1260.25,427.2300109863281,4965.0,4801.490234375,,,,,,,7463.60009765625,,5.238999843597412
2006-06-27,1249.75,422.79998779296875,4999.2001953125,4771.240234375,,,,,,,7406.7998046875,,5.210000038146973
2006-06-28,1257.75,423.80999755859375,4946.7998046875,4774.0,,,,,,,7431.89990234375,,5.244999885559082
2006-06-29,1282.5,432.20001220703125,4997.2001953125,4880.3798828125,,,,,,,7541.10009765625,,5.199999809265137
2006-06-30,1279.5,440.25,5073.89990234375,4965.9599609375,,,,,,,7652.10009765625,,5.138000011444092
2006-07-03,1288.25,443.4700012207031,5092.2001953125,4980.6201171875,,,,,,,7720.7001953125,,5.151000022888184
2006-07-04,1287.75,444.3800048828125,5104.7001953125,4983.8798828125,,,,,,,7727.7998046875,,
2006-07-05,1279.75,439.1499938964844,5096.89990234375,4921.2998046875,,,,,,,7659.2001953125,,5.2270002365112305
2006-07-06,1282.75,442.9100036621094,5120.2998046875,4966.4501953125,,,,,,,7704.60009765625,,5.184999942779541
2006-07-07,1275.0,440.70001220703125,5135.2998046875,4953.7099609375,,,,,,,7655.2001953125,,5.131999969482422
2006-07-10,1277.0,442.5799865722656,5142.7998046875,4982.47998046875,,,,,,,7704.39990234375,,5.130000114440918
2006-07-11,1282.25,438.57000732421875,5107.2001953125,4914.39013671875,,,,,,,7669.39990234375,,5.099999904632568
2006-07-12,1268.25,440.42999267578125,5128.2998046875,4941.72998046875,,,,,,,7707.0,,5.099999904632568
2006-07-13,1247.5,434.4100036621094,5084.60009765625,4852.52001953125,,,,,,,7588.0,,5.071000099182129
2006-07-14,1242.25,428.3299865722656,4966.10009765625,4780.7900390625,,,,,,,7506.7998046875,,5.059000015258789
2006-07-17,1240.5,427.2300109863281,4956.2001953125,4750.080078125,,,,,,,7501.2998046875,,5.068999767303467
2006-07-18,1245.75,426.79998779296875,4923.2998046875,4734.5400390625,,,,,,,7461.2998046875,,5.130000114440918
2006-07-19,1262.5,437.44000244140625,4900.10009765625,4846.5400390625,,,,,,,7603.60009765625,,5.059000015258789
2006-07-20,1254.25,438.7200012207031,4996.5,4865.0400390625,,,,,,,7659.60009765625,,5.0279998779296875
2006-07-21,1244.75,436.29998779296875,4960.60009765625,4818.5498046875,,,,,,,7618.10009765625,,5.045000076293945
2006-07-24,1267.5,445.9200134277344,4934.39990234375,4914.93017578125,,,,,,,7780.2998046875,,5.044000148773193
2006-07-25,1271.5,444.04998779296875,4992.39990234375,4933.1201171875,,,,,,,7784.7998046875,,5.065000057220459
2006-07-26,1273.25,446.3800048828125,4935.7001953125,4943.0,,,,,,,7815.10009765625,,5.035999774932861
2006-07-27,1272.25,452.489990234375,5007.7998046875,5001.2099609375,,,,,,,7856.5,,5.039999961853027
2006-07-28,1284.25,456.2200012207031,4958.2998046875,5028.509765625,,,,,,,7946.5,,4.989999771118164
2006-07-31,1281.75,454.05999755859375,4986.0,5009.419921875,,,,,,,7941.7998046875,,4.98799991607666
2006-08-01,1276.75,449.9599914550781,4981.2998046875,4948.22998046875,,,,,,,,,4.982999801635742
2006-08-02,1284.25,455.29998779296875,4931.5,5026.25,,,,,,,7905.2001953125,,4.960999965667725
2006-08-03,1287.25,450.6499938964844,4997.5,4983.68017578125,,,,,,,7810.0,,4.951000213623047
2006-08-04,1286.0,455.79998779296875,4956.10009765625,5040.9501953125,,,,,,,7891.0,,4.901000022888184
2006-08-07,1282.25,451.0899963378906,4961.7998046875,4956.33984375,,,,,,,7790.7998046875,,4.921000003814697
2006-08-08,1276.75,450.20001220703125,5024.7998046875,4967.9501953125,,,,,,,7793.2998046875,,4.922999858856201
2006-08-09,1271.5,453.2900085449219,4962.0,5025.14990234375,,,,,,,7882.89990234375,,4.936999797821045
2006-08-10,1275.5,451.54998779296875,4953.2001953125,4976.64013671875,,,,,,,7844.2001953125,,4.927000045776367
2006-08-11,1272.25,451.760009765625,4949.2001953125,4985.52001953125,,,,,,,7858.60009765625,,4.9670000076293945
2006-08-14,1273.25,456.04998779296875,4971.2998046875,5046.93017578125,,,,,,,7925.10009765625,,5.000999927520752
2006-08-15,1287.75,461.25,4936.0,5115.02001953125,,,,,,,8055.2998046875,,4.931000232696533
2006-08-16,1299.0,462.8500061035156,4961.89990234375,5137.31005859375,,,,,,,8089.7001953125,,4.870999813079834
2006-08-17,1301.0,463.239990234375,5055.89990234375,5144.83984375,,,,,,,8112.7998046875,,4.867000102996826
2006-08-18,1307.0,463.9200134277344,5052.5,5135.68994140625,,,,,,,8084.2001953125,,4.835000038146973
2006-08-21,1302.25,462.9599914550781,5063.60009765625,5104.64990234375,,,,,,,8057.60009765625,,4.818999767303467
2006-08-22,1302.0,463.82000732421875,5076.2001953125,5128.330078125,,,,,,,8080.60009765625,,4.810999870300293
2006-08-23,1297.75,461.04998779296875,5082.2998046875,5082.72998046875,,,,,,,8078.7001953125,,4.818999767303467
2006-08-24,1296.0,463.739990234375,4987.7998046875,5112.85009765625,,,,,,,8099.0,,4.802999973297119
2006-08-25,1297.5,465.1400146484375,5023.60009765625,5111.1298828125,,,,,,,8102.5,,4.790999889373779
2006-08-28,1303.75,467.7799987792969,5024.2001953125,5148.52001953125,,,,,,,8118.60009765625,,4.796999931335449
2006-08-29,1305.0,467.7699890136719,5067.60009765625,5160.31982421875,,,,,,,8165.60009765625,,4.7829999923706055
2006-08-30,1305.0,470.1400146484375,5067.2998046875,5182.7900390625,,,,,,,8183.39990234375,,4.763000011444092
2006-08-31,1305.5,469.010009765625,5115.39990234375,5165.0400390625,,,,,,,8168.0,,4.73199987411499
2006-09-01,1312.5,470.92999267578125,5097.10009765625,5183.4501953125,,,,,,,8189.10009765625,,4.72599983215332
2006-09-04,1316.25,473.5799865722656,5129.2001953125,5203.240234375,,,,,,,8230.2001953125,,
2006-09-05,1314.5,471.739990234375,5150.60009765625,5172.85009765625,,,,,,,8226.2001953125,,4.781000137329102
2006-09-06,1302.75,466.739990234375,5113.7998046875,5115.52001953125,,,,,,,8172.7998046875,,4.801000118255615
2006-09-07,1296.25,463.4599914550781,5108.7001953125,5060.08984375,,,,,,,8126.10009765625,,4.795000076293945
2006-09-08,1299.25,464.4700012207031,5098.2998046875,5073.56982421875,,,,,,,8167.0,,4.770999908447266
2006-09-11,1300.5,462.54998779296875,5026.0,5058.31005859375,,,,,,,8094.10009765625,,4.798999786376953
2006-09-12,1313.75,468.9800109863281,4974.39990234375,5125.97021484375,,,,,,,8195.099609375,,4.7729997634887695
2006-09-13,1317.5,471.1400146484375,5017.2001953125,5137.93017578125,,,,,,,8215.7001953125,,4.764999866485596
2006-09-14,1318.0,471.4800109863281,5070.39990234375,5123.85009765625,,,,,,,8181.7998046875,,4.793000221252441
2006-09-15,1323.1199951171875,474.8500061035156,5036.39990234375,5144.8798828125,,,,,,,8229.2998046875,,4.797999858856201
2006-09-18,1334.25,474.7200012207031,5072.7998046875,5146.9599609375,,,,,,,8257.7998046875,,4.809999942779541
2006-09-19,1330.5,470.32000732421875,5056.7998046875,5115.990234375,,,,,,,8232.099609375,,4.736999988555908
2006-09-20,1336.5,476.4599914550781,4998.5,5192.740234375,,,,,,,8342.400390625,,4.729000091552734
2006-09-21,1330.25,478.04998779296875,4995.89990234375,5208.31982421875,,,,,,,8373.599609375,,4.6479997634887695
2006-09-22,1326.0,472.989990234375,4983.2001953125,5141.9501953125,,,,,,,8294.5,,4.5970001220703125
2006-09-25,1335.75,473.82000732421875,4986.2998046875,5146.490234375,,,,,,,8270.5,,4.554999828338623
2006-09-26,1346.75,480.5199890136719,4989.60009765625,5219.58984375,,,,,,,8382.7998046875,,4.585000038146973
2006-09-27,1347.75,481.8999938964844,5093.2001953125,5243.10009765625,,,,,,,8413.099609375,,4.593999862670898
2006-09-28,1347.25,482.5400085449219,5113.89990234375,5250.009765625,,,,,,,8416.7001953125,,4.625999927520752
2006-09-29,1345.5,483.6199951171875,5154.10009765625,5250.009765625,,,,,,,8425.900390625,,4.632999897003174
2006-10-02,1340.5,482.8999938964844,5178.7998046875,5243.1298828125,,,,,,,8381.2001953125,,4.618000030517578
2006-10-03,1343.25,481.6499938964844,5184.2998046875,5219.7900390625,,,,,,,8390.2001953125,,4.616000175476074
2006-10-04,1358.25,484.3999938964844,5142.7001953125,5256.5498046875,,,,,,,8448.900390625,,4.565000057220459
2006-10-05,1360.75,486.1600036621094,5219.2998046875,5288.52978515625,,,,,,,8511.0,,4.607999801635742
2006-10-06,1358.75,486.2099914550781,5220.7001953125,5282.06005859375,,,,,,,8521.2001953125,,4.696000099182129
2006-10-09,1359.25,487.2200012207031,5199.10009765625,5284.740234375,,,,,,,8548.900390625,,
2006-10-10,1360.75,489.79998779296875,5248.60009765625,5309.7900390625,,,,,,,8627.2001953125,,4.748000144958496
2006-10-11,1359.0,490.010009765625,5282.7998046875,5313.18994140625,,,,,,,8638.0,,4.783999919891357
2006-10-12,1370.75,492.8399963378906,5259.39990234375,5361.509765625,,,,,,,8673.7001953125,,4.7779998779296875
2006-10-13,1373.5,492.67999267578125,5290.0,5353.22998046875,,,,,,,8651.099609375,,4.806000232696533
2006-10-16,1376.0,493.3900146484375,5311.0,5361.97021484375,,,,,,,8632.099609375,,4.788000106811523
2006-10-17,1371.75,487.010009765625,5281.2998046875,5302.990234375,,,,,,,8535.2998046875,,4.7779998779296875
2006-10-18,1372.5,490.1099853515625,5313.2001953125,5361.2900390625,,,,,,,8620.2001953125,,4.763999938964844
2006-10-19,1374.25,490.3599853515625,5285.2998046875,5359.740234375,,,,,,,8620.7001953125,,4.785999774932861
2006-10-20,1375.0,489.29998779296875,5335.39990234375,5375.35009765625,,,,,,,8643.0,,4.783999919891357
2006-10-23,1380.75,492.29998779296875,5333.5,5411.81005859375,,,,,,,8697.599609375,,4.826000213623047
2006-10-24,1384.75,492.8900146484375,5317.10009765625,5404.5400390625,,,,,,,8662.7001953125,,4.823999881744385
2006-10-25,1389.25,492.7099914550781,5352.2998046875,5422.27978515625,,,,,,,8682.5,,4.7729997634887695
2006-10-26,1393.0,492.94000244140625,5389.7001953125,5433.7900390625,,,,,,,8673.7998046875,,4.7210001945495605
2006-10-27,1384.75,489.989990234375,5358.5,5396.02978515625,,,,,,,8695.400390625,,4.675000190734863
2006-10-30,1383.25,487.95001220703125,5399.39990234375,5362.22998046875,,,,,,,8652.400390625,,4.672999858856201
2006-10-31,1383.25,486.57000732421875,5384.39990234375,5348.72998046875,,,,,,,8569.7001953125,,4.605999946594238
2006-11-01,1373.0,486.04998779296875,5416.39990234375,5370.85986328125,,,,,,,8613.0,,4.560999870300293
2006-11-02,1371.25,484.0400085449219,,5310.06982421875,,,,,,,8645.7001953125,,4.5960001945495605
2006-11-03,1368.5,487.94000244140625,5432.0,5336.2998046875,,,,,,,8698.5,,4.715000152587891
2006-11-06,1383.75,494.05999755859375,5444.10009765625,5402.35986328125,,,,,,,8798.5,,4.709000110626221
2006-11-07,1389.0,496.67999267578125,5491.60009765625,5437.77978515625,,,,,,,8835.599609375,,4.658999919891357
2006-11-08,1391.5,497.510009765625,5459.2001953125,5437.16015625,,,,,,,8776.7001953125,,4.632999897003174
2006-11-09,1384.0,493.82000732421875,5429.0,5448.60009765625,,,,,,,8764.2001953125,,4.632999897003174
2006-11-10,1384.75,492.9599914550781,5436.7001953125,5447.5,,,,,,,8735.7998046875,,4.585999965667725
2006-11-13,1388.0,494.2099914550781,5418.39990234375,5490.56005859375,,,,,,,8752.099609375,,4.605000019073486
2006-11-14,1397.75,493.69000244140625,5435.60009765625,5476.27978515625,,,,,,,8733.7998046875,,4.567999839782715
2006-11-15,1401.5,496.9800109863281,5429.89990234375,5511.52978515625,,,,,,,8791.2001953125,,4.614999771118164
2006-11-16,1405.0,495.989990234375,5392.60009765625,5505.72021484375,,,,,,,8789.400390625,,4.65500020980835
2006-11-17,1404.75,492.6199951171875,5419.7001953125,5439.7099609375,,,,,,,8745.7998046875,,4.60699987411499
2006-11-20,1405.25,491.70001220703125,5322.39990234375,5454.740234375,,,,,,,8760.0,,4.59499979019165
2006-11-21,1406.25,491.7300109863281,5358.0,5459.35009765625,,,,,,,8774.599609375,,4.578000068664551
2006-11-22,1408.5,490.30999755859375,5445.7001953125,5452.490234375,,,,,,,8778.5,,4.567999839782715
2006-11-23,1407.25,488.2699890136719,5466.89990234375,5424.85986328125,,,,,,,8751.2998046875,,
2006-11-24,1403.0,484.9100036621094,5453.60009765625,5389.4599609375,,,,,,,8641.5,,4.547999858856201
2006-11-27,1383.5,478.3299865722656,5452.2001953125,5308.64990234375,,,,,,,8517.2998046875,,4.538000106811523
2006-11-28,1388.5,478.489990234375,5384.2998046875,5306.240234375,,,,,,,8462.2001953125,,4.508999824523926
2006-11-29,1402.25,481.989990234375,5452.60009765625,5381.25,,,,,,,8569.900390625,,4.520999908447266
2006-11-30,1403.0,477.6700134277344,5482.10009765625,5327.64013671875,,,,,,,8484.599609375,,4.458000183105469
2006-12-01,1400.5,473.32000732421875,5427.89990234375,5254.0498046875,,,,,,,8420.2998046875,,4.425000190734863
2006-12-04,1410.75,473.75,5424.89990234375,5296.080078125,,,,,,,8479.400390625,,4.433000087738037
2006-12-05,1416.75,477.6400146484375,5426.5,5359.68994140625,,,,,,,8452.099609375,,4.441999912261963
2006-12-06,1414.75,476.44000244140625,5466.7001953125,5350.6201171875,,,,,,,8509.900390625,,4.480999946594238
2006-12-07,1408.75,476.8999938964844,5465.2001953125,5379.2099609375,,,,,,,8570.900390625,,4.482999801635742
2006-12-08,1410.0,476.5299987792969,5425.7998046875,5384.16015625,,,,,,,8540.900390625,,4.552000045776367
2006-12-11,1414.5,479.69000244140625,5469.7001953125,5427.56005859375,,,,,,,8594.0,,4.519999980926514
2006-12-12,1412.75,482.6600036621094,5473.60009765625,5426.81982421875,,,,,,,8670.099609375,,4.491000175476074
2006-12-13,1414.25,488.7900085449219,5488.2001953125,5475.85009765625,,,,,,,8678.5,,4.577000141143799
2006-12-14,1426.0,493.94000244140625,5573.10009765625,5509.580078125,,,,,,,8776.599609375,,4.59499979019165
2006-12-15,1428.739990234375,495.1099853515625,5575.39990234375,5541.6201171875,,,,,,,8786.900390625,,4.5970001220703125
2006-12-18,1434.75,494.3800048828125,5591.5,5530.31982421875,,,,,,,8824.2998046875,,4.586999893188477
2006-12-19,1436.25,493.42999267578125,5559.7001953125,5484.759765625,,,,,,,8763.099609375,,4.598999977111816
2006-12-20,1435.25,495.5899963378906,5607.7998046875,5514.419921875,,,,,,,8770.7998046875,,4.59499979019165
2006-12-21,1429.75,494.6199951171875,5583.5,5510.39013671875,,,,,,,8775.400390625,,4.548999786376953
2006-12-22,1420.25,490.7699890136719,5603.7001953125,5453.93994140625,,,,,,,8726.7001953125,,4.624000072479248
2006-12-26,1428.75,,,,,,,,,,,,4.603000164031982
2006-12-27,1437.0,497.7799987792969,5643.2001953125,5540.009765625,,,,,,,8822.2001953125,,4.6539998054504395
2006-12-28,1433.75,497.17999267578125,5660.5,5533.35986328125,,,,,,,8803.2998046875,,4.690000057220459
2006-12-29,1428.5,495.3399963378906,5669.89990234375,5541.759765625,,,,,,,8785.7001953125,,4.710000038146973
2007-01-02,,501.0,5670.2001953125,5617.7099609375,,,,,,,,,
2007-01-03,1424.75,501.3500061035156,5649.39990234375,5610.919921875,,,,,,,8920.2001953125,,4.664000034332275
2007-01-04,1427.5,500.3299865722656,5584.7998046875,5574.56005859375,,,,,,,8925.2001953125,,4.618000030517578
2007-01-05,1416.5,494.04998779296875,5572.0,5517.35009765625,,,,,,,8900.2001953125,,4.645999908447266
2007-01-08,1422.5,492.80999755859375,5502.0,5518.58984375,,,,,,,8850.2998046875,,4.659999847412109
2007-01-09,1420.5,495.8699951171875,5589.7001953125,5533.02978515625,,,,,,,8874.0,,4.656000137329102
2007-01-10,1424.5,492.489990234375,5520.89990234375,5501.9501953125,,,,,,,8861.599609375,,4.682000160217285
2007-01-11,1431.0,500.1600036621094,5564.89990234375,5609.7998046875,,,,,,,8987.900390625,,4.736999988555908
2007-01-12,1440.75,502.8399963378906,5638.7998046875,5617.6201171875,,,,,,,9032.7998046875,,4.770999908447266
2007-01-15,,505.3800048828125,5673.7998046875,5631.080078125,,,,,,,9101.7001953125,,
2007-01-16,1438.75,504.80999755859375,5673.39990234375,5591.5400390625,,,,,,,9073.0,,4.750999927520752
2007-01-17,1438.75,505.260009765625,5646.10009765625,5561.77978515625,,,,,,,9104.599609375,,4.7870001792907715
2007-01-18,1433.25,505.5299987792969,5672.39990234375,5555.0400390625,,,,,,,9099.2998046875,,4.750999927520752
2007-01-19,1436.75,507.1199951171875,5673.10009765625,5614.7001953125,,,,,,,9155.099609375,,4.7729997634887695
2007-01-22,1431.0,503.510009765625,5726.60009765625,5579.77978515625,,,,,,,9102.2001953125,,4.758999824523926
2007-01-23,1435.5,502.82000732421875,5735.0,5575.06982421875,,,,,,,9105.5,,4.803999900817871
2007-01-24,1446.25,506.54998779296875,5768.7998046875,5638.080078125,,,,,,,9153.099609375,,4.809999942779541
2007-01-25,1429.25,503.0299987792969,5769.89990234375,5609.2001953125,,,,,,,9134.099609375,,4.867000102996826
2007-01-26,1427.5,499.79998779296875,,5582.2998046875,,,,,,,9041.099609375,,4.879000186920166
2007-01-29,1426.25,500.30999755859375,5760.39990234375,5619.7001953125,,,,,,,9110.7998046875,,4.892000198364258
2007-01-30,1434.0,502.8299865722656,5812.5,5645.58984375,,,,,,,9147.0,,4.875
2007-01-31,1443.0,499.80999755859375,5773.39990234375,5608.31005859375,,,,,,,9135.099609375,,4.826000213623047
2007-02-01,1450.75,505.5899963378906,5814.10009765625,5662.25,,,,,,,9217.900390625,,4.836999893188477
2007-02-02,1453.0,506.7799987792969,5831.5,5677.2998046875,,,,,,,9260.5,,4.827000141143799
2007-02-05,1453.75,506.19000244140625,5822.10009765625,5681.10986328125,,,,,,,9257.900390625,,4.808000087738037
2007-02-06,1453.25,507.3999938964844,5870.5,5676.77978515625,,,,,,,9266.2001953125,,4.764999866485596
2007-02-07,1455.75,509.0799865722656,5899.7998046875,5703.0,,,,,,,9288.2001953125,,4.744999885559082
2007-02-08,1454.0,504.7799987792969,5899.5,5665.10009765625,,,,,,,9229.2998046875,,4.730000019073486
2007-02-09,1443.0,507.29998779296875,5927.2001953125,5692.4501953125,,,,,,,9292.099609375,,4.783999919891357
2007-02-12,1438.0,503.7699890136719,5924.10009765625,5643.9501953125,,,,,,,9261.599609375,,4.803999900817871
2007-02-13,1449.5,506.6600036621094,5936.60009765625,5682.68994140625,,,,,,,9240.0,,4.814000129699707
2007-02-14,1458.5,508.07000732421875,5960.5,5725.83984375,,,,,,,9299.2001953125,,4.730000019073486
2007-02-15,1459.5,507.7699890136719,5992.7998046875,5720.8798828125,,,,,,,9305.400390625,,4.705999851226807
2007-02-16,1459.0,506.1000061035156,5953.7001953125,5713.58984375,,,,,,,9336.2998046875,,4.690000057220459
2007-02-19,,509.2200012207031,5990.10009765625,5739.89990234375,,,,,,,9345.599609375,,
2007-02-20,1461.75,508.0199890136719,5989.7001953125,5713.4501953125,,,,,,,9315.2998046875,,4.679999828338623
2007-02-21,1460.5,508.7799987792969,5951.7998046875,5694.56005859375,,,,,,,9207.099609375,,4.691999912261963
2007-02-22,1459.25,509.3299865722656,6017.10009765625,5707.85986328125,,,,,,,9251.7998046875,,4.730000019073486
2007-02-23,1453.75,510.6099853515625,6036.10009765625,5716.3798828125,,,,,,,9258.0,,4.677999973297119
2007-02-26,1452.5,511.1700134277344,6044.0,5762.5400390625,,,,,,,9223.0,,4.63100004196167
2007-02-27,1395.25,500.3299865722656,5993.7998046875,5588.39013671875,,,,,,,8909.7998046875,,4.513000011444092
2007-02-28,1409.0,490.2099914550781,5832.5,5516.31982421875,,,,,,,8789.7001953125,,4.550000190734863
2007-03-01,1405.0,481.9599914550781,5810.2001953125,5458.39990234375,,,,,,,8781.900390625,,4.556000232696533
2007-03-02,1385.75,480.20001220703125,5786.0,5424.7001953125,,,,,,,8798.7001953125,,4.514999866485596
2007-03-05,1372.25,475.5899963378906,5653.60009765625,5385.02978515625,,,,,,,8676.900390625,,4.51800012588501
2007-03-06,1395.5,478.1600036621094,5771.7998046875,5437.1298828125,,,,,,,8775.599609375,,4.5279998779296875
2007-03-07,1393.25,481.8999938964844,5825.2998046875,5455.06982421875,,,,,,,8878.400390625,,4.497000217437744
2007-03-08,1404.75,489.0299987792969,5822.2998046875,5524.259765625,,,,,,,8955.7001953125,,4.508999824523926
2007-03-09,1405.0,490.3500061035156,5830.2001953125,5537.83984375,,,,,,,8933.900390625,,4.589000225067139
2007-03-12,1407.0,489.5400085449219,5891.0,5496.06982421875,,,,,,,8899.400390625,,4.552999973297119
2007-03-13,1379.75,484.3800048828125,5865.0,5432.93994140625,,,,,,,8829.099609375,,4.494999885559082
2007-03-14,1389.5,473.3800048828125,5741.89990234375,5296.22021484375,,,,,,,8577.7001953125,,4.521999835968018
2007-03-15,1391.5,483.3900146484375,5853.0,5389.85009765625,,,,,,,8706.7998046875,,4.535999774932861
2007-03-16,1396.1199951171875,482.1400146484375,5836.2998046875,5382.16015625,,,,,,,8717.599609375,,4.545000076293945
2007-03-19,1415.75,492.44000244140625,5859.7001953125,5458.9501953125,,,,,,,8841.7001953125,,4.571000099182129
2007-03-20,1423.5,498.2900085449219,5876.60009765625,5503.27001953125,,,,,,,8882.400390625,,4.546999931335449
2007-03-21,1445.0,500.8900146484375,5861.89990234375,5502.18017578125,,,,,,,8942.2001953125,,4.51800012588501
2007-03-22,1445.0,509.010009765625,5955.7001953125,5598.3701171875,,,,,,,9074.2998046875,,4.589000225067139
2007-03-23,1447.0,513.8400268554688,5952.2998046875,5634.75,,,,,,,9089.7998046875,,4.61299991607666
2007-03-26,1445.25,508.79998779296875,5990.7001953125,5576.2998046875,,,,,,,9006.0,,4.586999893188477
2007-03-27,1440.5,508.2099914550781,5964.2001953125,5587.06005859375,,,,,,,8966.2998046875,,4.611999988555908
2007-03-28,1429.5,505.1099853515625,5923.2001953125,5552.68994140625,,,,,,,8870.599609375,,4.619999885559082
2007-03-29,1431.5,511.8500061035156,5960.89990234375,5631.52978515625,,,,,,,8977.5,,4.631999969482422
2007-03-30,1431.25,510.5,5995.0,5634.16015625,,,,,,,8977.0,4181.02978515625,4.6479997634887695
2007-04-02,1433.25,512.02001953125,5915.7998046875,5645.56005859375,,,,,,,8956.2998046875,4189.5498046875,4.642000198364258
2007-04-03,1447.25,516.0399780273438,6013.39990234375,5711.91015625,,,,,,,9054.0,4246.2998046875,4.664000034332275
2007-04-04,1448.5,517.5999755859375,6097.2001953125,5739.009765625,,,,,,,9057.599609375,4261.830078125,4.6519999504089355
2007-04-05,1452.75,519.2899780273438,6077.10009765625,5741.3798828125,,,,,,,9099.099609375,4271.5400390625,4.673999786376953
2007-04-09,1454.5,,,,,,,,,,,,4.744999885559082
2007-04-10,1456.0,524.0900268554688,6153.0,5766.27001953125,,,,,,,9150.7001953125,4301.47021484375,4.723999977111816
2007-04-11,1448.5,522.0999755859375,6151.39990234375,5751.919921875,,,,,,,9136.099609375,4293.2001953125,4.738999843597412
2007-04-12,1455.5,518.9099731445312,6158.2001953125,5748.93994140625,,,,,,,9110.099609375,4280.02001953125,4.736999988555908
2007-04-13,1461.25,523.6799926757812,6135.7998046875,5789.33984375,,,,,,,9177.5,4317.35009765625,4.761000156402588
2007-04-16,1475.5,532.0900268554688,6197.7001953125,5861.97021484375,,,,,,,9269.900390625,4379.25,4.735000133514404
2007-04-17,1479.0,532.6799926757812,6186.5,5858.14013671875,,,,,,,9228.0,4384.3798828125,4.688000202178955
2007-04-18,1480.25,531.239990234375,6236.89990234375,5835.9501953125,,,,,,,9278.5,4358.9501953125,4.6539998054504395
2007-04-19,1480.25,528.6599731445312,6165.10009765625,5829.0400390625,,,,,,,9256.7998046875,4339.93017578125,4.670000076293945
2007-04-20,1493.0,536.3599853515625,6207.5,5938.89990234375,,,,,,,9399.7998046875,4416.7900390625,4.671999931335449
2007-04-23,1488.25,535.469970703125,6209.10009765625,5917.31982421875,,,,,,,9438.099609375,4400.1201171875,4.650000095367432
2007-04-24,1488.5,532.5599975585938,6188.2001953125,5886.02978515625,,,,,,,9392.400390625,4367.830078125,4.622000217437744
2007-04-25,1500.75,535.3300170898438,,5947.330078125,,,,,,,9429.2998046875,4404.43994140625,4.645999908447266
2007-04-26,1502.75,534.0399780273438,6212.2001953125,5944.43994140625,,,,,,,9481.2998046875,4414.2099609375,4.684000015258789
2007-04-27,1502.0,530.489990234375,6151.60009765625,5930.77001953125,,,,,,,9419.900390625,4383.1298828125,4.697999954223633
2007-04-30,1488.5,530.8099975585938,6166.0,5960.0400390625,,,,,,,9428.2998046875,4392.33984375,4.630000114440918
2007-05-01,1492.75,,6145.7998046875,,,,,,,,,,4.642000198364258
2007-05-02,1501.0,532.22998046875,6237.7001953125,5990.1298828125,,,,,,,9445.0,4415.47998046875,4.645999908447266
2007-05-03,1508.25,536.1199951171875,6245.60009765625,6004.27978515625,,,,,,,9393.0,4427.31982421875,4.673999786376953
2007-05-04,1514.25,539.6400146484375,6304.89990234375,6068.830078125,,,,,,,9455.5,4445.58984375,4.639999866485596
2007-05-07,1514.25,540.030029296875,6335.7001953125,6071.47998046875,,,,,,,9455.5,4441.31005859375,4.636000156402588
2007-05-08,1512.25,535.7000122070312,6304.39990234375,6034.25,,,,,,,9377.099609375,4411.31982421875,4.633999824523926
2007-05-09,1515.5,534.2999877929688,6341.0,6051.6298828125,,,,,,,9427.7001953125,,4.668000221252441
2007-05-10,1499.25,529.22998046875,6355.5,6012.759765625,,,,,,,9367.2998046875,4391.8701171875,4.6479997634887695
2007-05-11,1512.25,531.2000122070312,6297.39990234375,6050.6298828125,,,,,,,9408.2998046875,4423.06982421875,4.670000076293945
2007-05-14,1508.75,529.8900146484375,6345.10009765625,6026.419921875,,,,,,,9387.2998046875,4413.72021484375,4.690000057220459
2007-05-15,1508.5,531.3900146484375,6291.2001953125,6049.759765625,,,,,,,9391.0,4441.02978515625,4.711999893188477
2007-05-16,1518.0,527.5499877929688,6294.60009765625,6017.91015625,,,,,,,9357.5,4422.6201171875,4.708000183105469
2007-05-17,1515.25,531.530029296875,6365.89990234375,6027.0,,,,,,,,,4.75600004196167
2007-05-18,1528.0,536.6900024414062,6312.5,6101.14013671875,,,,,,,9424.7001953125,4480.81005859375,4.803999900817871
2007-05-21,1528.0,538.3800048828125,6369.0,6089.91015625,,,,,,,9405.2998046875,4465.5400390625,4.788000106811523
2007-05-22,1525.25,540.5700073242188,6338.7998046875,6089.72021484375,,,,,,,9361.099609375,4469.8798828125,4.830999851226807
2007-05-23,1525.5,541.6099853515625,6355.10009765625,6120.2001953125,,,,,,,9438.7998046875,4499.68994140625,4.859000205993652
2007-05-24,1511.5,535.989990234375,6279.10009765625,6048.31005859375,,,,,,,9357.0,4452.7001953125,4.85699987411499
2007-05-25,1517.25,535.47998046875,6252.7998046875,6057.490234375,,,,,,,9381.2998046875,4463.52001953125,4.861000061035156
2007-05-28,,537.5599975585938,6251.39990234375,6071.47021484375,,,,,,,,,
2007-05-29,1522.5,537.1900024414062,6317.60009765625,6056.39013671875,,,,,,,9396.0,4474.81005859375,4.881999969482422
2007-05-30,1534.0,535.010009765625,6243.39990234375,6042.14990234375,,,,,,,9382.7998046875,4468.72021484375,4.877999782562256
2007-05-31,1533.0,540.3900146484375,6313.5,6104.0,,,,,,,9450.7998046875,4512.64990234375,4.889999866485596
2007-06-01,1539.5,543.9299926757812,6333.5,6168.14990234375,,,,,,,9531.5,4556.97021484375,4.955999851226807
2007-06-04,1540.25,545.6900024414062,6392.89990234375,6125.81005859375,,,,,,,9487.5,4537.81005859375,4.928999900817871
2007-06-05,1533.75,544.75,6370.7998046875,6078.5400390625,,,,,,,9408.2001953125,4513.18017578125,4.97599983215332
2007-06-06,1516.5,537.510009765625,6337.10009765625,5977.8701171875,,,,,,,9277.5,4437.2900390625,4.96999979019165
2007-06-07,1489.25,535.0499877929688,6311.10009765625,5890.490234375,,,,,,,9152.099609375,4381.4501953125,5.098999977111816
2007-06-08,1508.0,534.6900024414062,6231.7001953125,5883.2900390625,,,,,,,9150.7001953125,4376.419921875,5.118000030517578
2007-06-11,1510.5,537.7999877929688,,5940.08984375,,,,,,,9223.0,4415.5,5.13700008392334
2007-06-12,1493.0,534.1099853515625,6240.10009765625,5898.16015625,,,,,,,9181.0,4383.02001953125,5.248000144958496
2007-06-13,1515.5,536.4000244140625,6180.7001953125,5934.27001953125,,,,,,,9146.099609375,4401.68017578125,5.199999809265137
2007-06-14,1524.75,545.3400268554688,6261.2001953125,6047.22998046875,,,,,,,9292.2998046875,4485.0400390625,5.2170000076293945
2007-06-15,1534.0899658203125,551.9099731445312,6293.7998046875,6105.27978515625,,,,,,,9395.7998046875,4551.0,5.171000003814697
2007-06-18,1546.0,551.27001953125,6343.39990234375,6087.14990234375,,,,,,,9365.7001953125,4530.22021484375,5.142000198364258
2007-06-19,1549.0,550.3599853515625,6372.0,6071.669921875,,,,,,,9333.400390625,4527.22021484375,5.085999965667725
2007-06-20,1527.0,552.1400146484375,6396.89990234375,6093.2900390625,,,,,,,9347.2998046875,4545.60986328125,5.123000144958496
2007-06-21,1535.75,550.5399780273438,6387.0,6029.7900390625,,,,,,,9230.2998046875,4488.66015625,5.163000106811523
2007-06-22,1520.5,548.75,6382.60009765625,6023.25,,,,,,,9166.5,4479.35986328125,5.138000011444092
2007-06-25,1513.5,548.219970703125,6329.7998046875,6002.85009765625,,,,,,,9141.2001953125,4471.1298828125,5.078000068664551
2007-06-26,1497.75,543.260009765625,6308.60009765625,5953.35986328125,,,,,,,9073.2998046875,4433.0400390625,5.10099983215332
2007-06-27,1519.0,539.6199951171875,6184.2001953125,5941.669921875,,,,,,,9025.7998046875,4412.1201171875,5.070000171661377
2007-06-28,1517.25,546.02001953125,6265.60009765625,6006.31005859375,,,,,,,9138.900390625,4457.990234375,5.118000030517578
2007-06-29,1515.5,548.2100219726562,6274.89990234375,6054.93017578125,,,,,,,9209.400390625,4489.77001953125,5.0329999923706055
2007-07-02,1531.0,549.8400268554688,6263.2998046875,6026.9501953125,,,,,,,9192.599609375,4470.259765625,4.998000144958496
2007-07-03,1536.25,553.0399780273438,6299.0,6069.83984375,,,,,,,9240.2998046875,4513.009765625,5.050000190734863
2007-07-04,,554.25,6298.60009765625,6098.080078125,,,,,,,9294.5,4524.240234375,
2007-07-05,1534.5,550.7999877929688,6362.2998046875,6059.52978515625,,,,,,,9219.400390625,4491.8701171875,5.144000053405762
2007-07-06,1542.5,555.0,6351.10009765625,6102.68994140625,,,,,,,9264.0,4524.4501953125,5.195000171661377
2007-07-09,1542.5,557.4299926757812,6400.60009765625,6104.66015625,,,,,,,9296.400390625,4528.759765625,5.158999919891357
2007-07-10,1520.0,554.9500122070312,6361.5,6019.22021484375,,,,,,,9248.400390625,4474.14990234375,5.038000106811523
2007-07-11,1531.0,553.5599975585938,6325.10009765625,6001.08984375,,,,,,,9214.400390625,4447.52001953125,5.079999923706055
2007-07-12,1555.75,560.1400146484375,6363.39990234375,6103.0498046875,,,,,,,9248.5,4517.7001953125,5.116000175476074
2007-07-13,1560.0,560.9299926757812,6389.39990234375,6117.9599609375,,,,,,,9261.7001953125,4542.56982421875,5.10699987411499
2007-07-16,1559.75,561.9000244140625,6380.7998046875,6125.60009765625,,,,,,,9299.7998046875,4557.56982421875,5.040999889373779
2007-07-17,1558.75,560.7899780273438,6381.60009765625,6099.2099609375,,,,,,,9219.2998046875,4538.31005859375,5.078000068664551
2007-07-18,1554.75,555.6300048828125,6329.10009765625,5995.97021484375,,,,,,,9074.099609375,4472.22021484375,5.010000228881836
2007-07-19,1559.75,560.25,6384.2001953125,6065.5,,,,,,,9189.2998046875,4522.64013671875,5.0279998779296875
2007-07-20,1545.0,555.02001953125,6421.7998046875,5957.16015625,,,,,,,9105.5,4445.22998046875,4.955999851226807
2007-07-23,1549.0,558.9500122070312,6390.39990234375,6009.16015625,,,,,,,9117.5,4482.75,4.964000225067139
2007-07-24,1522.5,551.5900268554688,6422.2998046875,5907.47021484375,,,,,,,9047.7001953125,4412.06005859375,4.943999767303467
2007-07-25,1524.75,546.8800048828125,6340.5,5837.10986328125,,,,,,,8922.7001953125,4360.89990234375,4.9039998054504395
2007-07-26,1488.0,533.0399780273438,6258.5,5675.0498046875,,,,,,,8706.400390625,4252.919921875,4.7769999504089355
2007-07-27,1458.0,526.6900024414062,6082.89990234375,5643.9599609375,,,,,,,8705.599609375,4244.580078125,4.788000106811523
2007-07-30,1480.75,525.760009765625,6108.7998046875,5646.35986328125,,,,,,,8705.099609375,4239.18017578125,4.803999900817871
2007-07-31,1462.0,533.989990234375,6144.2001953125,5751.080078125,,,,,,,8885.0,4315.68994140625,4.770999908447266
2007-08-01,1470.0,524.4500122070312,5941.2001953125,5654.2998046875,,,,,,,,,4.758999824523926
2007-08-02,1481.75,527.760009765625,6011.7998046875,5682.06982421875,,,,,,,8775.7001953125,4288.66015625,4.752999782562256
2007-08-03,1443.0,521.52001953125,6021.0,5597.89013671875,,,,,,,8671.400390625,4229.18994140625,4.699999809265137
2007-08-06,1467.75,516.0399780273438,5920.2001953125,5532.990234375,,,,,,,8639.900390625,4202.77978515625,4.730999946594238
2007-08-07,1482.5,521.4299926757812,5985.0,5620.39990234375,,,,,,,8747.0,4276.7998046875,4.743000030517578
2007-08-08,1504.0,530.97998046875,6100.7998046875,5749.2900390625,,,,,,,8964.2001953125,4364.22021484375,4.860000133514404
2007-08-09,1458.0,517.8499755859375,6165.60009765625,5624.77978515625,,,,,,,8805.2998046875,4275.18017578125,4.789999961853027
2007-08-10,1451.0,502.0400085449219,5936.0,5448.6298828125,,,,,,,8565.5,4161.2900390625,4.776000022888184
2007-08-13,1455.0,513.25,6011.60009765625,5569.27978515625,,,,,,,8687.5,4255.7900390625,4.7779998779296875
2007-08-14,1434.25,508.42999267578125,5964.7998046875,5478.66015625,,,,,,,8549.2998046875,4195.60009765625,4.73199987411499
2007-08-15,1414.5,506.0400085449219,5788.0,5442.72021484375,,,,,,,8661.599609375,4183.06005859375,4.705999851226807
2007-08-16,1424.5,487.05999755859375,5711.5,5265.47021484375,,,,,,,8422.2998046875,4062.330078125,4.599999904632568
2007-08-17,1450.0,499.0,5671.0,5363.6298828125,,,,,,,8543.0,4157.2001953125,4.672999858856201
2007-08-20,1449.0,504.57000732421875,5932.60009765625,5399.3798828125,,,,,,,8594.2998046875,4173.2900390625,4.633999824523926
2007-08-21,1450.25,505.6099853515625,5989.39990234375,5418.77978515625,,,,,,,8603.2001953125,4175.06982421875,4.590000152587891
2007-08-22,1468.75,514.2999877929688,6005.0,5518.169921875,,,,,,,8714.599609375,4226.52001953125,4.619999885559082
2007-08-23,1466.5,514.75,6159.7001953125,5523.330078125,,,,,,,8738.5,4225.89013671875,4.618000030517578
2007-08-24,1483.5,518.0999755859375,6088.5,5569.3798828125,,,,,,,8775.900390625,4238.6298828125,4.632999897003174
2007-08-27,1469.75,518.1199951171875,6185.2001953125,5590.5400390625,,,,,,,8846.2001953125,4240.9501953125,4.5960001945495605
2007-08-28,1438.25,508.010009765625,6176.2998046875,5474.169921875,,,,,,,8714.7001953125,4170.68017578125,4.53000020980835
2007-08-29,1465.5,510.7900085449219,6100.2998046875,5520.02001953125,,,,,,,8727.7998046875,4193.580078125,4.552999973297119
2007-08-30,1461.5,517.6699829101562,6135.0,5592.52978515625,,,,,,,8776.7001953125,4246.1201171875,4.501999855041504
2007-08-31,1476.75,522.72998046875,6247.2001953125,5662.7001953125,,,,,,,8881.5,4294.56005859375,4.5370001792907715
2007-09-03,,525.3599853515625,6267.2998046875,5651.27001953125,,,,,,,8877.7998046875,4295.990234375,
2007-09-04,1489.5,531.0,6293.2998046875,5672.72021484375,,,,,,,8966.2998046875,4324.35009765625,4.558000087738037
2007-09-05,1476.5,523.02001953125,6262.7001953125,5551.5498046875,,,,,,,8843.099609375,4235.41015625,4.4730000495910645
2007-09-06,1479.5,527.2100219726562,6251.0,5576.6201171875,,,,,,,8830.099609375,4256.1201171875,4.5
2007-09-07,1459.75,517.4299926757812,6278.39990234375,5430.10009765625,,,,,,,8676.099609375,4162.419921875,4.368000030517578
2007-09-10,1455.25,512.9000244140625,6191.2001953125,5386.43017578125,,,,,,,8612.5,4136.4501953125,4.323999881744385
2007-09-11,1472.75,521.530029296875,6235.5,5478.93994140625,,,,,,,8717.2001953125,4197.35009765625,4.363999843597412
2007-09-12,1476.25,523.3800048828125,6220.2998046875,5508.009765625,,,,,,,8784.0,4210.68994140625,4.4079999923706055
2007-09-13,1485.0,530.9600219726562,6230.60009765625,5565.97021484375,,,,,,,8878.0,4249.009765625,4.48199987411499
2007-09-14,1485.0,528.3599853515625,6306.7998046875,5538.919921875,,,,,,,8772.599609375,4221.33984375,4.461999893188477
2007-09-17,1477.0,522.989990234375,6271.39990234375,5439.3701171875,,,,,,,8685.7998046875,4184.60986328125,4.46999979019165
2007-09-18,1520.0,531.0,6192.5,5549.35009765625,,,,,,,8775.900390625,4264.419921875,4.480000019073486
2007-09-19,1528.75,543.5399780273438,6356.10009765625,5730.81982421875,,,,,,,9006.7998046875,4389.330078125,4.52400016784668
2007-09-20,1519.75,542.4500122070312,6393.7001953125,5688.759765625,,,,,,,8896.7001953125,4366.16015625,4.671999931335449
2007-09-21,1533.3800048828125,544.6500244140625,6357.89990234375,5700.64990234375,,,,,,,8897.2998046875,4370.35009765625,4.631999969482422
2007-09-24,1531.75,541.6300048828125,6451.5,5692.490234375,,,,,,,8906.099609375,4360.6298828125,4.624000072479248
2007-09-25,1529.0,534.989990234375,6483.0,5641.58984375,,,,,,,8829.2001953125,4328.89013671875,4.613999843597412
2007-09-26,1536.25,539.3699951171875,6481.39990234375,5690.77001953125,,,,,,,8859.7001953125,4364.39990234375,4.619999885559082
2007-09-27,1544.5,542.239990234375,6538.10009765625,5733.3701171875,,,,,,,8886.0,4388.97998046875,4.572999954223633
2007-09-28,1538.0,540.97998046875,6567.7998046875,5715.68994140625,,,,,,,8933.5,4381.7099609375,4.578999996185303
2007-10-01,1556.5,545.5700073242188,6563.7001953125,5773.259765625,,,,,,,9022.5,4409.64990234375,4.557000160217285
2007-10-02,1554.5,542.9299926757812,6659.89990234375,5799.27001953125,,,,,,,9074.0,4427.009765625,4.5289998054504395
2007-10-03,1550.75,540.530029296875,6660.0,5806.18017578125,,,,,,,9088.7001953125,4421.580078125,4.543000221252441
2007-10-04,1552.25,541.75,6566.89990234375,5804.39013671875,,,,,,,9053.400390625,4420.39013671875,4.5229997634887695
2007-10-05,1570.75,546.5999755859375,6605.39990234375,5843.240234375,,,,,,,9075.2998046875,4455.31005859375,4.639999866485596
2007-10-08,1562.75,545.7899780273438,6654.2998046875,5829.39990234375,,,,,,,9097.0,4435.8701171875,4.638000011444092
2007-10-09,1576.25,550.719970703125,6677.7998046875,5861.93017578125,,,,,,,9137.7998046875,4447.580078125,4.651000022888184
2007-10-10,1573.25,554.5700073242188,6738.2998046875,5838.490234375,,,,,,,9182.2998046875,4442.60986328125,4.646999835968018
2007-10-11,1565.25,558.010009765625,6771.89990234375,5862.830078125,,,,,,,9218.2998046875,4473.56982421875,4.658999919891357
2007-10-12,1574.5,559.1400146484375,6748.89990234375,5843.9501953125,,,,,,,9197.5,4476.02001953125,4.686999797821045
2007-10-15,1560.25,553.0700073242188,6739.0,5807.43994140625,,,,,,,9179.5,4434.97998046875,4.672999858856201
2007-10-16,1547.5,550.2999877929688,6692.0,5774.35986328125,,,,,,,9062.7001953125,4420.91015625,4.65500020980835
2007-10-17,1552.5,554.5499877929688,6680.10009765625,5818.7998046875,,,,,,,9071.7998046875,4441.7998046875,4.546000003814697
2007-10-18,1546.75,551.530029296875,6767.7001953125,5767.240234375,,,,,,,9027.5,4420.3798828125,4.502999782562256
2007-10-19,1505.75,551.0499877929688,6706.2998046875,5740.47998046875,,,,,,,8937.2001953125,4411.259765625,4.401000022888184
2007-10-22,1513.5,541.4299926757812,6577.2998046875,5661.27001953125,,,,,,,8845.400390625,4356.240234375,4.39300012588501
2007-10-23,1525.5,546.3699951171875,6660.89990234375,5705.0498046875,,,,,,,8903.2001953125,4378.419921875,4.40500020980835
2007-10-24,1522.0,543.3400268554688,6634.39990234375,5674.669921875,,,,,,,8851.0,4357.14013671875,4.330999851226807
2007-10-25,1525.0,545.9400024414062,6624.2998046875,5760.2998046875,,,,,,,8917.5,4412.1201171875,4.3520002365112305
2007-10-26,1542.5,547.1599731445312,6700.60009765625,5794.8701171875,,,,,,,8962.900390625,4440.22998046875,4.388999938964844
2007-10-29,1547.0,550.8499755859375,6792.10009765625,5836.18994140625,,,,,,,9007.2998046875,4471.4599609375,4.382999897003174
2007-10-30,1536.0,545.25,6750.2001953125,5803.93017578125,,,,,,,8939.2001953125,4462.9501953125,4.382999897003174
2007-10-31,1555.0,547.8499755859375,6754.10009765625,5847.9501953125,,,,,,,9019.599609375,4489.7900390625,4.474999904632568
2007-11-01,1515.75,540.9199829101562,6828.7001953125,5730.919921875,,,,,,,8891.5,4415.27001953125,4.361000061035156
2007-11-02,1517.5,537.25,6696.60009765625,5720.419921875,,,,,,,8770.400390625,4410.080078125,4.290999889373779
2007-11-05,1505.5,534.02001953125,6582.2998046875,5684.6201171875,,,,,,,8707.7998046875,4392.7998046875,4.317999839782715
2007-11-06,1525.0,533.7000122070312,6628.0,5709.419921875,,,,,,,8770.2998046875,4407.33984375,4.35699987411499
2007-11-07,1482.75,530.27001953125,6692.39990234375,5683.22021484375,,,,,,,8703.2001953125,4400.33984375,4.334000110626221
2007-11-08,1475.5,523.1699829101562,6521.60009765625,5631.6298828125,,,,,,,8605.2001953125,4363.60009765625,4.2729997634887695
2007-11-09,1455.0,510.6499938964844,6545.7001953125,5524.18017578125,,,,,,,8417.2001953125,4297.830078125,4.224999904632568
2007-11-12,1440.25,508.32000732421875,6455.2998046875,5535.56005859375,,,,,,,8442.0,4302.8798828125,4.210999965667725
2007-11-13,1483.25,507.8900146484375,6515.2001953125,5538.91015625,,,,,,,8500.599609375,4311.97998046875,4.25600004196167
2007-11-14,1478.0,512.3200073242188,6598.60009765625,5613.60009765625,,,,,,,8631.0,4338.27978515625,4.269000053405762
2007-11-15,1458.0,506.7799987792969,6528.60009765625,5561.1298828125,,,,,,,8593.7001953125,4301.43994140625,4.158999919891357
2007-11-16,1460.25,500.0799865722656,6461.89990234375,5523.6298828125,,,,,,,8478.7998046875,4282.39990234375,4.150000095367432
2007-11-19,1437.5,491.0899963378906,6535.2001953125,5432.56982421875,,,,,,,8270.900390625,4226.7001953125,4.078999996185303
2007-11-20,1446.0,493.8399963378906,6425.39990234375,5506.68017578125,,,,,,,8339.0,4277.240234375,4.053999900817871
2007-11-21,1417.75,483.5299987792969,6384.2998046875,5381.2998046875,,,,,,,8125.39990234375,4195.580078125,4.02400016784668
2007-11-22,,484.92999267578125,6334.2998046875,5416.10009765625,,,,,,,8227.099609375,4208.919921875,
2007-11-23,1442.0,492.4700012207031,6330.2001953125,5521.169921875,,,,,,,8371.7998046875,4268.52978515625,4.01200008392334
2007-11-26,1409.25,491.82000732421875,6471.39990234375,5458.39013671875,,,,,,,8361.2001953125,4238.0,3.8469998836517334
2007-11-27,1426.5,492.239990234375,6432.7001953125,5434.169921875,,,,,,,8431.099609375,4224.43994140625,3.944000005722046
2007-11-28,1470.5,500.2099914550781,6370.10009765625,5561.2099609375,,,,,,,8650.7998046875,4321.740234375,4.025000095367432
2007-11-29,1471.5,501.9100036621094,6444.5,5598.10986328125,,,,,,,8734.5,4347.0,3.940000057220459
2007-11-30,1483.75,507.5799865722656,6533.10009765625,5670.56982421875,,,,,,,8828.400390625,4394.9501953125,3.9719998836517334
2007-12-03,1475.5,502.8800048828125,6533.5,5629.4599609375,,,,,,,8706.2001953125,4371.669921875,3.8949999809265137
2007-12-04,1463.25,497.5199890136719,6530.7998046875,5547.2099609375,,,,,,,8645.0,4339.10009765625,3.8889999389648438
2007-12-05,1487.0,507.79998779296875,6508.10009765625,5659.06982421875,,,,,,,8758.2001953125,4410.0,3.9110000133514404
2007-12-06,1507.5,510.42999267578125,6600.89990234375,5673.759765625,,,,,,,8741.7001953125,4414.66015625,3.997999906539917
2007-12-07,1507.25,513.5900268554688,6654.7001953125,5718.75,,,,,,,8799.7001953125,4446.33984375,4.119999885559082
2007-12-10,1518.75,516.8400268554688,6625.10009765625,5750.919921875,,,,,,,8885.2998046875,4465.52001953125,4.14900016784668
2007-12-11,1478.0,515.489990234375,6680.39990234375,5724.759765625,,,,,,,8855.900390625,4449.9501953125,3.990000009536743
2007-12-12,1490.25,516.2000122070312,6615.2001953125,5743.31982421875,,,,,,,8852.2998046875,4469.47021484375,4.076000213623047
2007-12-13,1488.0,507.8999938964844,6597.60009765625,5590.91015625,,,,,,,8658.400390625,4370.759765625,4.170000076293945
2007-12-14,1468.0,511.2799987792969,6491.7001953125,5605.35986328125,,,,,,,8675.900390625,4384.64990234375,4.23199987411499
2007-12-17,1446.5,503.4599914550781,6263.5,5514.8798828125,,,,,,,8544.599609375,4312.47021484375,4.192999839782715
2007-12-18,1455.75,502.7200012207031,6236.89990234375,5509.3701171875,,,,,,,8467.099609375,4309.14013671875,4.119999885559082
2007-12-19,1454.0,502.6300048828125,6216.39990234375,5497.419921875,,,,,,,8395.0,4301.33984375,4.070000171661377
2007-12-20,1464.0,506.7900085449219,6176.89990234375,5511.4501953125,,,,,,,8402.7998046875,4314.7001953125,4.026000022888184
2007-12-21,1474.949951171875,513.7100219726562,6247.0,5602.77001953125,,,,,,,8468.400390625,4384.5498046875,4.168000221252441
2007-12-24,1506.5,516.1900024414062,6323.60009765625,5614.27978515625,,,,,,,,4384.5498046875,4.211999893188477
2007-12-26,1509.75,,,,,,,,,,,,4.281000137329102
2007-12-27,1489.75,516.4299926757812,6350.89990234375,5627.47998046875,,,,,,,8518.2001953125,4404.60986328125,4.198999881744385
2007-12-28,1485.5,515.6900024414062,6339.89990234375,5627.25,,,,,,,8484.5,4404.64013671875,4.0960001945495605
2007-12-31,1477.25,515.77001953125,6339.7998046875,5614.080078125,,,,,,,,4399.72021484375,4.034999847412109
2008-01-02,1458.5,509.7699890136719,6353.2001953125,5550.35986328125,,,,,,,,,3.9010000228881836
2008-01-03,1458.75,508.6700134277344,6290.7001953125,5546.080078125,,,,,,,8318.7998046875,4333.419921875,3.9010000228881836
2008-01-04,1423.0,500.6000061035156,6306.7998046875,5446.7900390625,,,,,,,8130.0,4270.52978515625,3.8540000915527344
2008-01-07,1421.5,500.6300048828125,6161.60009765625,5452.830078125,,,,,,,8110.60009765625,4283.3701171875,3.8389999866485596
2008-01-08,1397.0,497.2300109863281,6128.10009765625,5495.669921875,,,,,,,8316.400390625,4295.22998046875,3.8399999141693115
2008-01-09,1411.5,491.739990234375,6087.7001953125,5435.419921875,,,,,,,8339.7998046875,4258.31982421875,3.7909998893737793
2008-01-10,1421.0,484.1000061035156,6078.7001953125,5400.43017578125,,,,,,,8290.7998046875,4237.6201171875,3.88700008392334
2008-01-11,1407.75,481.8299865722656,5981.60009765625,5371.41015625,,,,,,,8159.7001953125,4225.31005859375,3.809999942779541
2008-01-14,1420.25,484.7200012207031,5980.0,5403.509765625,,,,,,,8193.400390625,4236.68017578125,3.7929999828338623
2008-01-15,1388.0,470.5400085449219,5960.0,5250.81982421875,,,,,,,7973.89990234375,4140.93994140625,3.7009999752044678
2008-01-16,1376.0,462.6099853515625,5809.7001953125,5225.39013671875,,,,,,,7847.5,4108.33984375,3.7119998931884766
2008-01-17,1339.75,460.25,5796.10009765625,5157.08984375,,,,,,,7788.10009765625,4065.760009765625,3.640000104904175
2008-01-18,1325.25,450.0799865722656,5747.2998046875,5092.39990234375,,,,,,,7692.0,3995.169921875,3.6480000019073486
2008-01-21,,422.45001220703125,5580.39990234375,4744.4501953125,,,,,,,7287.10009765625,3703.050048828125,
2008-01-22,1309.25,433.2699890136719,5186.7998046875,4842.5400390625,,,,,,,7487.89990234375,3753.679931640625,3.4839999675750732
2008-01-23,1341.5,417.1300048828125,5412.2998046875,4636.759765625,,,,,,,7356.10009765625,3577.989990234375,3.4260001182556152
2008-01-24,1352.25,444.2300109863281,5580.39990234375,4915.2900390625,,,,,,,7691.0,3809.070068359375,3.640000104904175
2008-01-25,1334.0,438.69000244140625,5860.2998046875,4878.1201171875,,,,,,,7686.89990234375,3777.06005859375,3.5840001106262207
2008-01-28,1354.5,439.32000732421875,,4848.2998046875,,,,,,,7581.7001953125,3765.409912109375,3.5859999656677246
2008-01-29,1362.0,446.0799865722656,5716.5,4941.4501953125,,,,,,,7704.39990234375,3810.010009765625,3.6579999923706055
2008-01-30,1350.5,443.0400085449219,5618.7001953125,4873.56982421875,,,,,,,7671.7998046875,3789.31005859375,3.7330000400543213
2008-01-31,1379.5,441.3299865722656,5650.2998046875,4869.7900390625,,,,,,,7670.39990234375,3792.800048828125,3.6389999389648438
2008-02-01,1397.0,451.6099853515625,5842.89990234375,4978.06005859375,,,,,,,7816.0,3867.469970703125,3.5999999046325684
2008-02-04,1378.75,451.9100036621094,5867.39990234375,4973.64013671875,,,,,,,7751.7001953125,3867.159912109375,3.6429998874664307
2008-02-05,1343.25,436.80999755859375,5792.89990234375,4776.85986328125,,,,,,,7517.39990234375,3717.080078125,3.5869998931884766
2008-02-06,1330.0,442.3299865722656,5609.39990234375,4816.43017578125,,,,,,,7565.5,3760.1201171875,3.614000082015991
2008-02-07,1340.25,432.1499938964844,5596.7001953125,4723.7998046875,,,,,,,7420.0,3699.2900390625,3.7360000610351562
2008-02-08,1330.25,432.1000061035156,5658.0,4709.64990234375,,,,,,,7447.0,3701.169921875,3.6540000438690186
2008-02-11,1338.25,427.739990234375,5537.60009765625,4682.7001953125,,,,,,,7347.5,3678.159912109375,3.618000030517578
2008-02-12,1349.75,443.8900146484375,5608.10009765625,4840.7099609375,,,,,,,7546.89990234375,3803.760009765625,3.678999900817871
2008-02-13,1363.75,444.17999267578125,5542.10009765625,4855.39990234375,,,,,,,7536.5,3803.2099609375,3.694000005722046
2008-02-14,1351.0,442.5299987792969,5684.7998046875,4858.64990234375,,,,,,,7502.0,3797.889892578125,3.818000078201294
2008-02-15,1351.25,434.80999755859375,5606.60009765625,4771.7900390625,,,,,,,7353.0,3719.280029296875,3.7799999713897705
2008-02-18,,444.6199951171875,5558.39990234375,4861.7998046875,,,,,,,7486.7001953125,3759.1201171875,
2008-02-19,1355.5,448.7699890136719,5619.10009765625,4885.830078125,,,,,,,7462.7001953125,3805.27001953125,3.875
2008-02-20,1359.0,446.69000244140625,5496.5,4812.81005859375,,,,,,,7381.60009765625,3758.469970703125,3.9170000553131104
2008-02-21,1347.0,453.1400146484375,5583.39990234375,4858.85009765625,,,,,,,7486.10009765625,3778.2099609375,3.7839999198913574
2008-02-22,1355.5,451.6300048828125,5559.89990234375,4824.5498046875,,,,,,,7454.7998046875,3737.110107421875,3.7899999618530273
2008-02-25,1371.5999755859375,459.010009765625,5621.60009765625,4919.259765625,,,,,,,7615.7998046875,3798.989990234375,3.9019999504089355
2008-02-26,1382.75,464.3399963378906,5666.10009765625,4973.06982421875,,,,,,,7743.2001953125,3855.030029296875,3.859999895095825
2008-02-27,1380.5,462.5799865722656,5767.2001953125,4968.81982421875,,,,,,,7782.5,3856.68994140625,3.8499999046325684
2008-02-28,1365.75,452.9100036621094,5651.2001953125,4865.22998046875,,,,,,,7663.0,3784.27001953125,3.7149999141693115
2008-02-29,1331.25,446.5299987792969,5572.10009765625,4790.66015625,,,,,,,7533.89990234375,3724.5,3.5339999198913574
2008-03-03,1332.0,441.4800109863281,5405.7998046875,4742.66015625,,,,,,,7403.89990234375,3675.510009765625,3.5339999198913574
2008-03-04,1327.0,436.29998779296875,5380.2998046875,4675.91015625,,,,,,,7276.0,3610.199951171875,3.5789999961853027
2008-03-05,1335.5,444.3999938964844,5376.60009765625,4756.419921875,,,,,,,7338.7998046875,3684.5400390625,3.693000078201294
2008-03-06,1308.0,437.2699890136719,5435.5,4678.0498046875,,,,,,,7269.89990234375,3617.679931640625,3.621999979019165
2008-03-07,1292.75,435.0899963378906,5264.0,4618.9599609375,,,,,,,7174.10009765625,3576.679931640625,3.5409998893737793
2008-03-10,1275.5,427.9599914550781,5180.39990234375,4566.990234375,,,,,,,7055.0,3546.10009765625,3.437999963760376
2008-03-11,1324.0,433.6400146484375,5134.2001953125,4627.68994140625,,,,,,,7143.0,3606.590087890625,3.5959999561309814
2008-03-12,1309.5,439.80999755859375,5257.89990234375,4697.10009765625,,,,,,,7245.0,3647.639892578125,3.4830000400543213
2008-03-13,1313.25,434.54998779296875,5135.89990234375,4630.18994140625,,,,,,,7251.7001953125,3599.580078125,3.5339999198913574
2008-03-14,1291.5,432.29998779296875,5206.89990234375,4592.14990234375,,,,,,,7132.0,3566.590087890625,3.4210000038146973
2008-03-17,1278.5,415.9200134277344,5087.0,4431.0400390625,,,,,,,6774.2998046875,3431.820068359375,3.313999891281128
2008-03-18,1332.5,427.4800109863281,5086.10009765625,4582.58984375,,,,,,,7013.89990234375,3558.659912109375,3.4509999752044678
2008-03-19,1298.5,426.94000244140625,5289.10009765625,4555.9501953125,,,,,,,7073.0,3529.5400390625,3.361999988555908
2008-03-20,1302.6400146484375,425.7900085449219,5127.5,4533.72021484375,,,,,,,7009.89990234375,,3.328000068664551
2008-03-24,1351.5,,,,,,,,,,,,3.5220000743865967
2008-03-25,1351.5,437.0,5318.39990234375,4692.0,,,,,,,7234.39990234375,3632.590087890625,3.492000102996826
2008-03-26,1335.5,438.1099853515625,5381.39990234375,4676.68017578125,,,,,,,7184.5,3611.449951171875,3.49399995803833
2008-03-27,1329.75,441.9800109863281,5371.60009765625,4719.52978515625,,,,,,,7265.0,3652.110107421875,3.5339999198913574
2008-03-28,1319.0,440.989990234375,5351.10009765625,4695.919921875,,,,,,,7239.39990234375,3641.050048828125,3.4660000801086426
2008-03-31,1324.0,442.42999267578125,5355.7001953125,4707.06982421875,,,,,,,7224.2998046875,3628.06005859375,3.431999921798706
2008-04-01,1370.5,453.6199951171875,5361.2001953125,4866.0,,,,,,,7494.2998046875,3753.550048828125,3.5450000762939453
2008-04-02,1371.0,456.95001220703125,5502.89990234375,4911.97021484375,,,,,,,7596.60009765625,3797.89990234375,3.5829999446868896
2008-04-03,1373.5,455.29998779296875,5608.89990234375,4887.8701171875,,,,,,,7516.2001953125,3774.93994140625,3.5910000801086426
2008-04-04,1372.0,460.80999755859375,5619.60009765625,4900.8798828125,,,,,,,7573.5,3795.199951171875,3.4809999465942383
2008-04-07,1372.25,465.3800048828125,5625.0,4944.60009765625,,,,,,,7639.2998046875,3828.4599609375,3.555999994277954
2008-04-08,1371.0,464.44000244140625,5571.5,4912.68994140625,,,,,,,7568.10009765625,3810.510009765625,3.558000087738037
2008-04-09,1360.25,461.2699890136719,5520.2001953125,4874.97021484375,,,,,,,7403.10009765625,3775.929931640625,3.4660000801086426
2008-04-10,1362.75,459.4800109863281,5446.39990234375,4859.419921875,,,,,,,7312.60009765625,3758.050048828125,3.5320000648498535
2008-04-11,1335.5,453.42999267578125,5439.2998046875,4797.93017578125,,,,,,,7259.0,3699.989990234375,3.4709999561309814
2008-04-14,1331.25,450.760009765625,5342.39990234375,4766.490234375,,,,,,,7139.5,3671.280029296875,3.503000020980835
2008-04-15,1336.0,453.2799987792969,5400.39990234375,4780.68017578125,,,,,,,7187.39990234375,3690.75,3.569999933242798
2008-04-16,1371.0,463.2200012207031,5470.2998046875,4855.10009765625,,,,,,,7250.7001953125,3748.56005859375,3.696000099182129
2008-04-17,1372.25,462.5400085449219,5519.0,4862.14013671875,,,,,,,7173.60009765625,3725.22998046875,3.7290000915527344
2008-04-18,1388.0,474.75,5429.7001953125,4961.68994140625,,,,,,,7418.0,3808.590087890625,3.743000030517578
2008-04-21,1388.25,470.6700134277344,5600.2998046875,4910.35009765625,,,,,,,7394.89990234375,3769.889892578125,3.7119998931884766
2008-04-22,1380.75,466.0799865722656,5564.60009765625,4872.64013671875,,,,,,,7328.89990234375,3736.1201171875,3.7200000286102295
2008-04-23,1378.5,471.239990234375,5652.89990234375,4944.64990234375,,,,,,,7324.5,3763.550048828125,3.7300000190734863
2008-04-24,1386.0,466.1400146484375,5587.2998046875,4929.5498046875,,,,,,,7460.5,3761.9599609375,3.8269999027252197
2008-04-25,1397.0,467.8399963378906,,4978.2099609375,,,,,,,7509.5,3794.389892578125,3.865999937057495
2008-04-28,1397.5,472.20001220703125,5602.7001953125,5012.75,,,,,,,7550.10009765625,3814.760009765625,3.8350000381469727
2008-04-29,1391.25,471.2200012207031,5606.89990234375,4977.10009765625,,,,,,,7462.0,3793.6298828125,3.825000047683716
2008-04-30,1386.0,475.55999755859375,5595.39990234375,4996.5400390625,,,,,,,7529.0,3825.02001953125,3.759000062942505
2008-05-01,1411.5,,5585.7998046875,,,,,,,,,,3.749000072479248
2008-05-02,1415.75,481.2099914550781,5700.39990234375,5069.7099609375,,,,,,,7665.7998046875,3877.5,3.8450000286102295
2008-05-05,1408.25,481.3800048828125,5730.2998046875,5063.35986328125,,,,,,,7658.2998046875,3872.14990234375,3.8450000286102295
2008-05-06,1420.75,480.6600036621094,5701.39990234375,5040.919921875,,,,,,,7543.7001953125,3845.080078125,3.8929998874664307
2008-05-07,1395.25,485.29998779296875,5668.39990234375,5075.31005859375,,,,,,,7639.2001953125,3871.780029296875,3.867000102996826
2008-05-08,1392.0,484.6099853515625,5723.2001953125,5055.580078125,,,,,,,7586.10009765625,3855.860107421875,3.805000066757202
2008-05-09,1389.0,480.3999938964844,5771.7998046875,4960.56005859375,,,,,,,7484.0,3801.590087890625,3.7669999599456787
2008-05-12,1404.75,482.07000732421875,5828.5,4976.2099609375,,,,,,,,,3.7750000953674316
2008-05-13,1404.75,480.4800109863281,5812.7001953125,4998.669921875,,,,,,,7578.2998046875,3817.070068359375,3.9089999198913574
2008-05-14,1407.75,488.3900146484375,5872.7001953125,5055.240234375,,,,,,,7594.60009765625,3857.4599609375,3.937999963760376
2008-05-15,1424.5,489.8999938964844,5890.7001953125,5057.509765625,,,,,,,7683.39990234375,3854.860107421875,3.8429999351501465
2008-05-16,1425.75,490.7799987792969,5931.0,5078.0400390625,,,,,,,7653.7001953125,3862.909912109375,3.8499999046325684
2008-05-19,1429.75,496.1199951171875,5949.39990234375,5142.10009765625,,,,,,,7778.89990234375,3882.280029296875,3.8389999866485596
2008-05-20,1417.5,487.2699890136719,5908.10009765625,5054.8798828125,,,,,,,7626.60009765625,3822.31005859375,3.7760000228881836
2008-05-21,1393.0,487.6199951171875,5823.39990234375,5027.5498046875,,,,,,,7574.2998046875,3794.1298828125,3.822000026702881
2008-05-22,1393.25,485.6099853515625,5826.89990234375,5028.740234375,,,,,,,7578.0,3793.030029296875,3.9210000038146973
2008-05-23,1373.5,478.3900146484375,5768.0,4933.77001953125,,,,,,,7459.89990234375,3725.820068359375,3.8310000896453857
2008-05-26,,478.2900085449219,5707.0,4937.83984375,,,,,,,7363.89990234375,3724.89990234375,
2008-05-27,1384.75,473.8399963378906,5714.39990234375,4906.56005859375,,,,,,,7418.0,3711.030029296875,3.9210000038146973
2008-05-28,1391.5,481.6600036621094,5648.10009765625,4971.10986328125,,,,,,,7474.5,3743.179931640625,4.008999824523926
2008-05-29,1397.75,483.80999755859375,5709.39990234375,4975.89990234375,,,,,,,7541.7998046875,3752.239990234375,4.078999996185303
2008-05-30,1400.5,485.5199890136719,5654.7001953125,5014.27978515625,,,,,,,7511.2998046875,3777.85009765625,4.046000003814697
2008-06-02,1385.5,479.1499938964844,5662.2998046875,4935.2099609375,,,,,,,7555.7001953125,3720.5,3.9709999561309814
2008-06-03,1378.5,483.8999938964844,5574.2001953125,4983.7099609375,,,,,,,7590.39990234375,3737.340087890625,3.8980000019073486
2008-06-04,1377.5,478.57000732421875,5584.5,4915.06982421875,,,,,,,7514.47998046875,3699.050048828125,3.940000057220459
2008-06-05,1405.25,482.260009765625,5530.10009765625,4907.06005859375,,,,,,,7567.22998046875,3682.830078125,4.025000095367432
2008-06-06,1359.5,471.2300109863281,5592.10009765625,4795.31982421875,,,,,,,7386.419921875,3596.699951171875,3.937999963760376
2008-06-09,1363.5,469.82000732421875,,4799.3798828125,,,,,,,7325.89990234375,3597.340087890625,3.992000102996826
2008-06-10,1356.25,464.19000244140625,5437.5,4761.080078125,,,,,,,7284.2099609375,3574.699951171875,4.098999977111816
2008-06-11,1335.75,456.3399963378906,5467.2998046875,4660.91015625,,,,,,,7167.2998046875,3509.389892578125,4.072999954223633
2008-06-12,1341.0,459.1099853515625,5329.2001953125,4672.2998046875,,,,,,,7222.7900390625,3542.590087890625,4.204999923706055
2008-06-13,1357.5,459.9599914550781,5378.10009765625,4682.2998046875,,,,,,,7261.3701171875,3562.669921875,4.261000156402588
2008-06-16,1357.75,458.70001220703125,5371.7001953125,4657.740234375,,,,,,,7238.27001953125,3532.830078125,4.244999885559082
2008-06-17,1351.0,459.8299865722656,5422.7001953125,4686.330078125,,,,,,,7251.419921875,3555.580078125,4.224999904632568
2008-06-18,1337.0,450.57000732421875,5443.2001953125,4618.75,,,,,,,7182.56005859375,3507.969970703125,4.1539998054504395
2008-06-19,1340.0,446.67999267578125,5366.60009765625,4591.39013671875,,,,,,,7158.93994140625,3486.7099609375,4.198999881744385
2008-06-20,1339.280029296875,437.3299865722656,5288.2998046875,4509.27001953125,,,,,,,7069.43994140625,3426.580078125,4.13700008392334
2008-06-23,1318.25,437.44000244140625,5283.7001953125,4511.3701171875,,,,,,,7026.919921875,3427.330078125,4.168000221252441
2008-06-24,1315.5,437.3800048828125,5290.0,4473.759765625,,,,,,,7026.080078125,3404.52001953125,4.105000019073486
2008-06-25,1322.5,439.55999755859375,5237.7998046875,4536.2900390625,,,,,,,7081.3701171875,3460.39990234375,4.114999771118164
2008-06-26,1284.5,426.0299987792969,5307.0,4426.18994140625,,,,,,,6949.72998046875,3366.35009765625,4.0329999923706055
2008-06-27,1280.0,425.9200134277344,5237.0,4397.31982421875,,,,,,,6861.5400390625,3340.27001953125,3.990000009536743
2008-06-30,1281.0,425.92999267578125,5215.2998046875,4434.85009765625,,,,,,,6958.509765625,3352.81005859375,3.9790000915527344
2008-07-01,1286.25,414.5199890136719,5138.89990234375,4341.2099609375,,,,,,,6849.669921875,3292.860107421875,3.992000102996826
2008-07-02,1262.75,408.3999938964844,5094.7998046875,4296.47998046875,,,,,,,6843.75,3288.52001953125,3.9590001106262207
2008-07-03,1265.0,408.54998779296875,4998.2998046875,4343.990234375,,,,,,,6844.06005859375,3330.89990234375,3.9730000495910645
2008-07-04,,403.3599853515625,5082.10009765625,4266.0,,,,,,,6772.740234375,,
2008-07-07,1251.75,411.1199951171875,5002.5,4342.58984375,,,,,,,6815.72998046875,3332.659912109375,3.930000066757202
2008-07-08,1273.75,402.7900085449219,4932.89990234375,4275.60986328125,,,,,,,6788.1298828125,3287.60009765625,3.880000114440918
2008-07-09,1248.0,410.8299865722656,5011.89990234375,4339.66015625,,,,,,,6921.43994140625,3342.47998046875,3.8340001106262207
2008-07-10,1254.5,401.92999267578125,4937.39990234375,4231.56005859375,,,,,,,6803.06982421875,3283.010009765625,3.811000108718872
2008-07-11,1239.75,391.9800109863281,4979.89990234375,4100.64013671875,,,,,,,6638.89013671875,3197.780029296875,3.940000057220459
2008-07-14,1228.25,395.3500061035156,4921.0,4142.52978515625,,,,,,,6675.259765625,3216.239990234375,3.880000114440918
2008-07-15,1211.5,383.6600036621094,4815.7001953125,4061.14990234375,,,,,,,6561.97998046875,3142.72998046875,3.8440001010894775
2008-07-16,1241.0,383.989990234375,4870.60009765625,4112.4501953125,,,,,,,6583.490234375,3174.760009765625,3.934000015258789
2008-07-17,1253.5,392.6600036621094,4901.0,4225.990234375,,,,,,,6739.16015625,3256.090087890625,4.038000106811523
2008-07-18,1260.5,395.94000244140625,4840.39990234375,4299.35986328125,,,,,,,6827.31005859375,3321.530029296875,4.080999851226807
2008-07-21,1261.5,400.3599853515625,5011.7998046875,4327.14013671875,,,,,,,6858.22021484375,3333.919921875,4.066999912261963
2008-07-22,1274.25,400.20001220703125,5005.60009765625,4327.259765625,,,,,,,6922.25,3326.239990234375,4.0970001220703125
2008-07-23,1282.5,405.3800048828125,5105.2998046875,4408.740234375,,,,,,,7058.240234375,3387.5,4.1479997634887695
2008-07-24,1253.75,396.6499938964844,5144.10009765625,4347.990234375,,,,,,,7056.93017578125,3354.580078125,4.015999794006348
2008-07-25,1253.75,395.7699890136719,4970.5,4377.18017578125,,,,,,,7015.02978515625,3351.1298828125,4.111000061035156
2008-07-28,1235.0,392.9800109863281,4922.10009765625,4324.4501953125,,,,,,,6968.93017578125,3313.409912109375,4.01800012588501
2008-07-29,1261.75,395.1000061035156,4847.39990234375,4320.490234375,,,,,,,6993.2998046875,3324.860107421875,4.044000148773193
2008-07-30,1284.75,404.3900146484375,4936.7001953125,4400.5498046875,,,,,,,7108.91015625,3367.330078125,4.047999858856201
2008-07-31,1267.0,399.95001220703125,4977.39990234375,4392.35986328125,,,,,,,7141.2099609375,3367.820068359375,3.9790000915527344
2008-08-01,1260.25,394.5299987792969,4904.0,4314.33984375,,,,,,,,,3.947999954223633
2008-08-04,1248.75,392.4800109863281,4887.7001953125,4280.6298828125,,,,,,,7078.22021484375,3289.260009765625,3.9719998836517334
2008-08-05,1283.0,403.4599914550781,4820.39990234375,4386.35009765625,,,,,,,7190.77978515625,3380.090087890625,4.006999969482422
2008-08-06,1287.75,410.510009765625,4969.10009765625,4448.330078125,,,,,,,7209.33984375,3409.02001953125,4.047999858856201
2008-08-07,1268.0,405.69000244140625,4983.2998046875,4457.43017578125,,,,,,,7182.06982421875,3397.25,3.934999942779541
2008-08-08,1292.25,408.5199890136719,4986.2001953125,4491.85009765625,,,,,,,7262.10009765625,3408.47998046875,3.950000047683716
2008-08-11,1305.0,412.1300048828125,5026.10009765625,4538.490234375,,,,,,,7337.72998046875,3445.659912109375,4.001999855041504
2008-08-12,1291.5,415.55999755859375,5053.60009765625,4518.47998046875,,,,,,,7301.83984375,3436.85009765625,3.9179999828338623
2008-08-13,1284.5,410.3299865722656,4951.60009765625,4402.97021484375,,,,,,,7193.5,3354.75,3.947000026702881
2008-08-14,1293.75,409.4100036621094,4981.10009765625,4420.91015625,,,,,,,7206.4599609375,3356.840087890625,3.8919999599456787
2008-08-15,1299.75,409.8599853515625,4981.7001953125,4453.6201171875,,,,,,,7235.93017578125,3367.6201171875,3.8519999980926514
2008-08-18,1282.0,410.510009765625,4985.0,4448.83984375,,,,,,,7231.39990234375,3366.090087890625,3.815999984741211
2008-08-19,1268.5,398.75,4866.39990234375,4332.7900390625,,,,,,,7115.18017578125,3279.75,3.8420000076293945
2008-08-20,1273.75,402.5899963378906,4929.5,4365.8701171875,,,,,,,7100.009765625,3295.280029296875,3.7990000247955322
2008-08-21,1275.5,400.2300109863281,4875.2001953125,4304.60986328125,,,,,,,7000.52978515625,3248.919921875,3.8380000591278076
2008-08-22,1292.25,408.19000244140625,4931.39990234375,4400.4501953125,,,,,,,7094.1201171875,3312.409912109375,3.867000102996826
2008-08-25,1266.5,402.70001220703125,5014.89990234375,4355.8701171875,,,,,,,7062.580078125,3280.409912109375,3.7909998893737793
2008-08-26,1271.75,403.239990234375,5007.5,4368.5498046875,,,,,,,7093.72021484375,3297.419921875,3.7839999198913574
2008-08-27,1282.0,406.1199951171875,5011.2001953125,4373.080078125,,,,,,,7086.64013671875,3299.14990234375,3.7720000743865967
2008-08-28,1298.0,411.1300048828125,5066.5,4461.490234375,,,,,,,7190.39990234375,3359.419921875,3.7950000762939453
2008-08-29,1282.5,412.8399963378906,5135.60009765625,4482.60009765625,,,,,,,7238.740234375,3365.6298828125,3.812999963760376
2008-09-01,,412.0899963378906,5118.2998046875,4472.1298828125,,,,,,,7227.75,3364.39990234375,
2008-09-02,1276.5,414.70001220703125,5116.0,4539.06982421875,,,,,,,7298.58984375,3416.4599609375,3.746000051498413
2008-09-03,1275.25,406.32000732421875,5060.0,4447.1298828125,,,,,,,7256.6298828125,3368.969970703125,3.697000026702881
2008-09-04,1236.5,397.1700134277344,4979.5,4304.009765625,,,,,,,7084.64990234375,3274.820068359375,3.6429998874664307
2008-09-05,1241.0,389.2200012207031,4877.10009765625,4196.66015625,,,,,,,6976.58984375,3185.830078125,3.6600000858306885
2008-09-08,1267.0,398.7900085449219,5067.5,4340.18017578125,,,,,,,7177.419921875,3284.1201171875,3.6649999618530273
2008-09-09,1226.5,395.7300109863281,4980.10009765625,4293.33984375,,,,,,,7189.4501953125,3261.070068359375,3.5959999561309814
2008-09-10,1233.25,393.8999938964844,4905.5,4283.66015625,,,,,,,7121.43017578125,3242.02001953125,3.6410000324249268
2008-09-11,1251.0,392.55999755859375,4814.2998046875,4249.06982421875,,,,,,,7071.25,3222.10009765625,3.621999979019165
2008-09-12,1257.25,399.57000732421875,4903.7998046875,4332.66015625,,,,,,,7215.5,3278.02001953125,3.7300000190734863
2008-09-15,1195.0,385.0400085449219,4817.7001953125,4168.97021484375,,,,,,,6939.10986328125,3151.169921875,3.4830000400543213
2008-09-16,1214.25,371.20001220703125,4750.7998046875,4087.39990234375,,,,,,,6732.93017578125,3088.429931640625,3.490999937057495
2008-09-17,1160.75,356.9800109863281,4722.2001953125,4000.110107421875,,,,,,,6654.330078125,3018.77001953125,3.4100000858306885
2008-09-18,1198.25,351.6600036621094,4607.2998046875,3957.860107421875,,,,,,,6623.25,3000.830078125,3.437000036239624
2008-09-19,1279.31005859375,381.8299865722656,4804.10009765625,4324.8701171875,,,,,,,7025.169921875,3253.52001953125,3.7690000534057617
2008-09-22,1213.75,375.19000244140625,5020.5,4223.509765625,,,,,,,6887.39013671875,3181.77001953125,3.8259999752044678
2008-09-23,1187.0,367.6400146484375,4923.5,4139.81982421875,,,,,,,6805.52978515625,3139.830078125,3.8410000801086426
2008-09-24,1193.0,360.6199951171875,4981.89990234375,4114.5400390625,,,,,,,6780.33984375,3119.830078125,3.7709999084472656
2008-09-25,1213.5,369.3500061035156,4927.39990234375,4226.81005859375,,,,,,,6945.490234375,3207.110107421875,3.861999988555908
2008-09-26,1214.5,354.5799865722656,4904.7998046875,4163.3798828125,,,,,,,6815.52001953125,3156.4599609375,3.8269999027252197
2008-09-29,1118.75,323.54998779296875,4807.39990234375,3953.47998046875,,,,,,,6500.1298828125,3008.18994140625,3.631999969482422
2008-09-30,1169.0,331.45001220703125,4600.5,4032.10009765625,,,,,,,6654.89013671875,3038.199951171875,3.8269999027252197
2008-10-01,1168.5,334.239990234375,4794.60009765625,4054.5400390625,,,,,,,6727.6298828125,3067.35009765625,3.7679998874664307
2008-10-02,1124.5,330.8299865722656,4761.10009765625,3963.280029296875,,,,,,,6730.93994140625,3007.510009765625,3.6459999084472656
2008-10-03,1108.25,344.0199890136719,4695.39990234375,4080.75,,,,,,,6879.81982421875,3113.820068359375,3.6440000534057617
2008-10-06,1053.25,312.55999755859375,4540.39990234375,3711.97998046875,,,,,,,6458.72021484375,2868.969970703125,3.4260001182556152
2008-10-07,1005.75,309.44000244140625,4618.7001953125,3732.219970703125,,,,,,,6427.759765625,2879.449951171875,3.50600004196167
2008-10-08,981.0,285.6600036621094,4388.10009765625,3496.889892578125,,,,,,,6073.4501953125,2694.550048828125,3.7149999141693115
2008-10-09,912.5,281.9700012207031,4320.89990234375,3442.699951171875,,,,,,,5798.83984375,2629.0400390625,3.8340001106262207
2008-10-10,891.0,258.04998779296875,3960.699951171875,3176.489990234375,,,,,,,5347.22021484375,2421.8701171875,3.8610000610351562
2008-10-13,1016.75,285.2699890136719,4180.7001953125,3531.5,,,,,,,5956.31982421875,2688.320068359375,3.8610000610351562
2008-10-14,1002.25,284.510009765625,4335.2001953125,3628.52001953125,,,,,,,6260.22021484375,2756.739990234375,4.0229997634887695
2008-10-15,903.25,263.0,4300.0,3381.070068359375,,,,,,,5911.169921875,2578.06005859375,4.011000156402588
2008-10-16,941.0,248.0399932861328,4013.39990234375,3181.0,,,,,,,5718.52978515625,2423.800048828125,3.936000108718872
2008-10-17,933.5,252.25999450683594,3970.800048828125,3329.919921875,,,,,,,6099.6201171875,2532.169921875,3.937999963760376
2008-10-20,990.5,269.4100036621094,4142.2998046875,3448.510009765625,,,,,,,6216.4599609375,2613.679931640625,3.885999917984009
2008-10-21,959.25,269.3599853515625,4302.5,3475.39990234375,,,,,,,6185.47998046875,2598.969970703125,3.703000068664551
2008-10-22,902.75,255.0800018310547,4156.10009765625,3298.179931640625,,,,,,,5925.4599609375,2457.969970703125,3.618000030517578
2008-10-23,915.25,257.8500061035156,3974.39990234375,3310.8701171875,,,,,,,5893.72998046875,2452.030029296875,3.5339999198913574
2008-10-24,866.0,245.9199981689453,3869.39990234375,3193.7900390625,,,,,,,5675.08984375,2333.280029296875,3.697000026702881
2008-10-27,834.75,237.10000610351562,3809.199951171875,3067.35009765625,,,,,,,5500.93994140625,,3.7290000915527344
2008-10-28,938.75,237.9600067138672,3794.60009765625,3114.919921875,,,,,,,5538.5400390625,2381.679931640625,3.819999933242798
2008-10-29,927.0,259.5799865722656,3845.60009765625,3402.570068359375,,,,,,,5880.56982421875,2515.239990234375,3.874000072479248
2008-10-30,961.5,257.6499938964844,4001.10009765625,3407.820068359375,,,,,,,5842.33984375,2528.0400390625,3.938999891281128
2008-10-31,967.25,267.69000244140625,4018.0,3487.070068359375,,,,,,,6153.2099609375,2591.760009765625,3.9700000286102295
2008-11-03,969.5,273.010009765625,4221.5,3527.969970703125,,,,,,,6233.8798828125,2610.0400390625,3.9040000438690186
2008-11-04,1003.25,291.1300048828125,4215.10009765625,3691.090087890625,,,,,,,6399.97998046875,2755.1201171875,3.765000104904175
2008-11-05,958.0,279.44000244140625,4336.60009765625,3618.110107421875,,,,,,,6177.14990234375,2710.64990234375,3.694000005722046
2008-11-06,904.5,260.6099853515625,4149.7001953125,3387.25,,,,,,,5924.89990234375,2542.0400390625,3.7070000171661377
2008-11-07,936.25,265.7200012207031,4051.300048828125,3469.1201171875,,,,,,,6008.16015625,2602.5400390625,3.7799999713897705
2008-11-10,921.5,267.1300048828125,4107.7998046875,3505.75,,,,,,,6090.6201171875,2625.840087890625,3.759999990463257
2008-11-11,893.0,257.1300048828125,3960.89990234375,3336.409912109375,,,,,,,5880.7900390625,2483.610107421875,3.755000114440918
2008-11-12,853.5,249.25,3927.300048828125,3233.9599609375,,,,,,,5702.85986328125,2400.739990234375,3.6649999618530273
2008-11-13,907.75,249.9600067138672,3697.300048828125,3269.4599609375,,,,,,,5740.0400390625,2429.93994140625,3.818000078201294
2008-11-14,861.5,252.47000122070312,3748.10009765625,3291.469970703125,,,,,,,5834.75,2458.31005859375,3.75
2008-11-17,851.0,246.3300018310547,3653.0,3182.030029296875,,,,,,,5646.43017578125,2364.830078125,3.684000015258789
2008-11-18,866.5,250.6199951171875,3523.199951171875,3217.39990234375,,,,,,,5675.580078125,2390.10009765625,3.5350000858306885
2008-11-19,812.5,238.1199951171875,3499.60009765625,3087.889892578125,,,,,,,5524.06005859375,2295.360107421875,3.3910000324249268
2008-11-20,748.25,227.82000732421875,3352.89990234375,2980.419921875,,,,,,,5306.10009765625,2225.989990234375,3.1440000534057617
2008-11-21,792.0,222.92999267578125,3416.5,2881.260009765625,,,,,,,5144.02001953125,2165.909912109375,3.1670000553131104
2008-11-24,848.0,245.86000061035156,3425.10009765625,3172.110107421875,,,,,,,5466.39990234375,2380.300048828125,3.3399999141693115
2008-11-25,853.25,245.83999633789062,3623.39990234375,3209.56005859375,,,,,,,5478.39013671875,2385.89990234375,3.0920000076293945
2008-11-26,886.25,245.16000366210938,3540.0,3169.85009765625,,,,,,,5498.56005859375,2373.820068359375,3.000999927520752
2008-11-27,,253.25999450683594,3588.0,3250.389892578125,,,,,,,5640.7998046875,2427.969970703125,
2008-11-28,895.25,252.5500030517578,3742.5,3262.679931640625,,,,,,,5816.60009765625,2430.31005859375,2.9570000171661377
2008-12-01,815.75,235.5,3681.199951171875,3080.429931640625,,,,,,,5527.580078125,2288.389892578125,2.7190001010894775
2008-12-02,849.0,241.33999633789062,3528.199951171875,3152.89990234375,,,,,,,5537.58984375,2354.1298828125,2.693000078201294
2008-12-03,868.5,242.0399932861328,3533.800048828125,3166.64990234375,,,,,,,5604.22998046875,2369.52001953125,2.6760001182556152
2008-12-04,847.5,240.8000030517578,3532.39990234375,3161.159912109375,,,,,,,5649.14013671875,2368.719970703125,2.569999933242798
2008-12-05,872.5,229.44000244140625,3489.89990234375,2988.010009765625,,,,,,,5530.83984375,2252.090087890625,2.6570000648498535
2008-12-08,904.75,248.1199951171875,3631.60009765625,3247.47998046875,,,,,,,5818.81982421875,2449.280029296875,2.7339999675750732
2008-12-09,889.5,253.38999938964844,3604.300048828125,3297.800048828125,,,,,,,5845.56005859375,2480.7900390625,2.6689999103546143
2008-12-10,895.75,256.1499938964844,3640.699951171875,3320.31005859375,,,,,,,5751.91015625,2495.580078125,2.684000015258789
2008-12-11,875.0,254.77000427246094,3598.0,3306.1298828125,,,,,,,5729.85009765625,2485.389892578125,2.6480000019073486
2008-12-12,886.0,247.75,3510.39990234375,3213.60009765625,,,,,,,5636.169921875,2418.909912109375,2.5889999866485596
2008-12-15,873.25,247.11000061035156,3591.39990234375,3185.659912109375,,,,,,,5526.5400390625,2407.469970703125,2.5329999923706055
2008-12-16,913.5,248.25999450683594,3556.199951171875,3251.659912109375,,,,,,,5567.14013671875,2450.360107421875,2.36299991607666
2008-12-17,904.25,247.75999450683594,3570.60009765625,3241.919921875,,,,,,,5548.2001953125,2444.4599609375,2.190000057220459
2008-12-18,895.5,249.8800048828125,3581.199951171875,3234.14990234375,,,,,,,5515.0498046875,2452.419921875,2.0739998817443848
2008-12-19,889.739990234375,249.5399932861328,3615.699951171875,3225.89990234375,,,,,,,5459.85986328125,2444.139892578125,2.13100004196167
2008-12-22,871.25,243.44000244140625,3557.39990234375,3151.360107421875,,,,,,,5419.52001953125,2397.64990234375,2.1410000324249268
2008-12-23,858.5,244.5,3531.39990234375,3128.409912109375,,,,,,,5399.580078125,2382.139892578125,2.1630001068115234
2008-12-24,865.0,241.89999389648438,3582.199951171875,3116.2099609375,,,,,,,5399.580078125,2382.139892578125,2.178999900817871
2008-12-26,869.0,,,,,,,,,,,,2.13700008392334
2008-12-29,870.5,240.80999755859375,3621.10009765625,3130.719970703125,,,,,,,5464.9599609375,2388.300048828125,2.0959999561309814
2008-12-30,888.25,246.5800018310547,3654.199951171875,3217.1298828125,,,,,,,5534.52978515625,2451.47998046875,2.0869998931884766
2008-12-31,900.0,245.94000244140625,3722.300048828125,3217.969970703125,,,,,,,5534.52978515625,2451.47998046875,2.24399995803833
2009-01-02,925.5,258.2300109863281,3713.800048828125,3349.68994140625,,,,,,,,,2.4159998893737793
2009-01-05,927.5,261.7799987792969,3687.0,3359.919921875,,,,,,,5756.08984375,2553.409912109375,2.48799991607666
2009-01-06,930.5,269.2699890136719,3742.699951171875,3396.219970703125,,,,,,,5799.31005859375,2578.429931640625,2.505000114440918
2009-01-07,905.25,265.0400085449219,3779.699951171875,3346.090087890625,,,,,,,5761.68994140625,2538.550048828125,2.49399995803833
2009-01-08,906.75,264.5899963378906,3694.300048828125,3324.330078125,,,,,,,5751.06982421875,2516.56005859375,2.444999933242798
2009-01-09,885.5,266.17999267578125,3735.699951171875,3299.5,,,,,,,5697.240234375,2486.590087890625,2.4070000648498535
2009-01-12,868.0,261.79998779296875,3683.300048828125,3246.1201171875,,,,,,,5591.7900390625,2451.8701171875,2.309000015258789
2009-01-13,868.5,260.739990234375,3654.60009765625,3197.889892578125,,,,,,,5534.330078125,2411.280029296875,2.296999931335449
2009-01-14,839.75,247.32000732421875,3687.0,3052.0,,,,,,,5378.81005859375,2298.4599609375,2.2130000591278076
2009-01-15,839.25,243.60000610351562,3529.5,2995.8798828125,,,,,,,5382.43994140625,2257.669921875,2.2009999752044678
2009-01-16,848.5,248.5500030517578,3550.89990234375,3016.75,,,,,,,5435.5400390625,2281.449951171875,2.303999900817871
2009-01-19,,245.22000122070312,3589.300048828125,2989.68994140625,,,,,,,5381.3701171875,2252.389892578125,
2009-01-20,806.0,240.11000061035156,3476.60009765625,2925.280029296875,,,,,,,5321.0,2200.800048828125,2.3450000286102295
2009-01-21,836.75,237.7100067138672,3442.800048828125,2905.570068359375,,,,,,,5304.169921875,2188.429931640625,2.5260000228881836
2009-01-22,825.5,235.4600067138672,3486.800048828125,2869.6201171875,,,,,,,5329.43994140625,2160.070068359375,2.5940001010894775
2009-01-23,823.5,234.13999938964844,3342.699951171875,2849.139892578125,,,,,,,5306.91015625,2147.8701171875,2.621999979019165
2009-01-26,830.75,247.8800048828125,,2955.3701171875,,,,,,,5417.06982421875,2226.77001953125,2.6429998874664307
2009-01-27,839.25,248.58999633789062,3444.0,2954.530029296875,,,,,,,5348.91015625,2224.6201171875,2.5190000534057617
2009-01-28,871.5,257.1600036621094,3495.5,3076.010009765625,,,,,,,5417.93017578125,2322.780029296875,2.6559998989105225
2009-01-29,842.75,252.35000610351562,3526.199951171875,3009.75,,,,,,,5272.89990234375,2269.39990234375,2.815000057220459
2009-01-30,822.5,248.60000610351562,3540.699951171875,2973.919921875,,,,,,,5290.0498046875,2236.97998046875,2.8440001010894775
2009-02-02,821.25,245.9600067138672,3497.39990234375,2930.050048828125,,,,,,,5166.9599609375,2198.739990234375,2.7190001010894775
2009-02-03,831.5,250.8300018310547,3508.699951171875,2982.389892578125,,,,,,,5217.60986328125,2244.889892578125,2.8420000076293945
2009-02-04,829.75,254.7899932861328,3437.89990234375,3068.989990234375,,,,,,,5225.4599609375,2297.72998046875,2.9140000343322754
2009-02-05,840.5,252.50999450683594,3428.60009765625,3066.2900390625,,,,,,,5106.85009765625,2293.22998046875,2.9000000953674316
2009-02-06,867.75,261.3500061035156,3469.89990234375,3122.7900390625,,,,,,,5123.08984375,2343.659912109375,2.9790000915527344
2009-02-09,865.0,262.7200012207031,3508.60009765625,3134.8701171875,,,,,,,5158.5,2348.949951171875,3.0269999504089355
2009-02-10,827.0,251.3699951171875,3488.699951171875,3020.75,,,,,,,5144.68994140625,2268.14990234375,2.8469998836517334
2009-02-11,831.5,253.27999877929688,3474.39990234375,3027.719970703125,,,,,,,5123.77001953125,2267.89990234375,2.76200008392334
2009-02-12,835.5,248.27000427246094,3514.300048828125,2964.340087890625,,,,,,,5106.669921875,2214.949951171875,2.7269999980926514
2009-02-13,820.0,251.1199951171875,3559.10009765625,2997.860107421875,,,,,,,5126.83984375,2228.2900390625,2.881999969482422
2009-02-16,,247.14999389648438,3516.89990234375,2962.219970703125,,,,,,,5077.6201171875,,
2009-02-17,785.5,238.1699981689453,3464.300048828125,2875.22998046875,,,,,,,4941.31005859375,2119.97998046875,2.6619999408721924
2009-02-18,779.5,238.3000030517578,3413.199951171875,2874.070068359375,,,,,,,4955.47021484375,2118.469970703125,2.7279999256134033
2009-02-19,779.5,237.6699981689453,3448.89990234375,2872.60009765625,,,,,,,4990.52001953125,2114.840087890625,2.8570001125335693
2009-02-20,769.5,229.1300048828125,3402.39990234375,2750.550048828125,,,,,,,4851.2099609375,2011.6800537109375,2.7720000743865967
2009-02-23,745.0,223.97999572753906,3351.199951171875,2727.8701171875,,,,,,,4797.1201171875,1991.6300048828125,2.7769999504089355
2009-02-24,768.75,222.5500030517578,3331.60009765625,2708.050048828125,,,,,,,4723.02001953125,1977.5,2.7990000247955322
2009-02-25,761.5,220.69000244140625,3327.5,2696.919921875,,,,,,,4702.5,1965.260009765625,2.944999933242798
2009-02-26,752.0,223.6699981689453,3345.5,2744.840087890625,,,,,,,4770.77978515625,2021.1400146484375,2.9779999256134033
2009-02-27,734.25,219.80999755859375,3344.5,2702.47998046875,,,,,,,4690.669921875,1976.22998046875,3.0409998893737793
2009-03-02,705.5,208.83999633789062,3250.10009765625,2581.4599609375,,,,,,,4438.27001953125,1882.7900390625,2.9189999103546143
2009-03-03,689.5,202.57000732421875,3219.199951171875,2554.550048828125,,,,,,,4358.0,1864.72998046875,2.937999963760376
2009-03-04,708.5,211.5800018310547,3166.39990234375,2675.679931640625,,,,,,,4463.669921875,1943.4599609375,3.010999917984009
2009-03-05,686.0,200.5800018310547,3188.5,2569.6298828125,,,,,,,4390.18017578125,1852.25,2.819000005722046
2009-03-06,687.75,199.5,3145.5,2534.449951171875,,,,,,,4311.60986328125,1817.239990234375,2.828000068664551
2009-03-09,676.0,199.25,3154.5,2519.2900390625,,,,,,,4307.669921875,1809.97998046875,2.885999917984009
2009-03-10,716.0,210.44000244140625,3184.5,2663.679931640625,,,,,,,4512.5498046875,1919.530029296875,2.9820001125335693
2009-03-11,720.5,210.3300018310547,3244.39990234375,2674.199951171875,,,,,,,4576.97021484375,1932.7900390625,2.9159998893737793
2009-03-12,751.5,211.30999755859375,3235.5,2694.25,,,,,,,4645.77978515625,1962.6400146484375,2.8919999599456787
2009-03-13,757.75,211.74000549316406,3345.199951171875,2705.6298828125,,,,,,,4726.740234375,1969.52001953125,2.884999990463257
2009-03-16,757.25,215.7899932861328,3348.39990234375,2791.659912109375,,,,,,,4816.43017578125,2033.719970703125,2.9509999752044678
2009-03-17,778.75,210.8699951171875,3451.89990234375,2767.280029296875,,,,,,,4813.77978515625,2012.25,3.003000020980835
2009-03-18,795.5,209.33999633789062,3446.300048828125,2760.340087890625,,,,,,,4783.31982421875,2019.18994140625,2.5329999923706055
2009-03-19,784.25,210.3800048828125,3480.199951171875,2776.989990234375,,,,,,,4794.6298828125,2039.5799560546875,2.5969998836517334
2009-03-20,789.4000244140625,212.7100067138672,3465.800048828125,2791.139892578125,,,,,,,4787.169921875,2050.9599609375,2.625
2009-03-23,817.25,220.89999389648438,3550.300048828125,2869.570068359375,,,,,,,4931.06982421875,2121.719970703125,2.6600000858306885
2009-03-24,803.5,221.47000122070312,3580.0,2874.389892578125,,,,,,,4923.66015625,2127.3701171875,2.6540000438690186
2009-03-25,808.25,225.5500030517578,3609.300048828125,2893.449951171875,,,,,,,4970.3798828125,2149.179931640625,2.7720000743865967
2009-03-26,827.25,224.8000030517578,3646.60009765625,2892.070068359375,,,,,,,4966.740234375,2156.969970703125,2.7330000400543213
2009-03-27,816.0,221.72999572753906,3672.300048828125,2840.6201171875,,,,,,,4872.330078125,2118.760009765625,2.760999917984009
2009-03-30,784.25,211.11000061035156,3604.39990234375,2719.340087890625,,,,,,,4745.759765625,2010.6099853515625,2.7139999866485596
2009-03-31,794.75,216.97999572753906,3582.10009765625,2807.340087890625,,,,,,,4927.43017578125,2071.1298828125,2.684999942779541
2009-04-01,809.25,220.6999969482422,3579.699951171875,2839.610107421875,,,,,,,5014.89990234375,2097.570068359375,2.6579999923706055
2009-04-02,835.5,232.0500030517578,3680.199951171875,2992.06005859375,,,,,,,5178.52978515625,2216.489990234375,2.752000093460083
2009-04-03,840.5,230.75999450683594,3735.60009765625,2958.739990234375,,,,,,,5042.990234375,2198.75,2.9070000648498535
2009-04-06,830.5,228.85000610351562,3756.60009765625,2929.75,,,,,,,5002.080078125,2179.72998046875,2.938999891281128
2009-04-07,814.0,227.38999938964844,3706.300048828125,2902.31005859375,,,,,,,4974.2001953125,2165.56005859375,2.9089999198913574
2009-04-08,822.5,228.24000549316406,3619.5,2921.06005859375,,,,,,,4999.7998046875,2186.7900390625,2.8469998836517334
2009-04-09,852.5,232.83999633789062,3671.60009765625,2974.179931640625,,,,,,,5070.60009765625,2247.889892578125,2.9260001182556152
2009-04-13,854.0,,,,,,,,,,,,2.8450000286102295
2009-04-14,840.25,235.4499969482422,3752.89990234375,3000.219970703125,,,,,,,5099.31982421875,2278.64990234375,2.7860000133514404
2009-04-15,848.5,235.89999389648438,3747.5,2985.739990234375,,,,,,,5065.43017578125,2262.9599609375,2.759000062942505
2009-04-16,861.5,238.49000549316406,3775.699951171875,3038.179931640625,,,,,,,5163.9501953125,2300.510009765625,2.8299999237060547
2009-04-17,866.75,243.80999755859375,3776.699951171875,3091.9599609375,,,,,,,5192.6298828125,2341.14990234375,2.930000066757202
2009-04-20,833.0,233.77000427246094,3769.0,2969.39990234375,,,,,,,5065.18017578125,2249.43994140625,2.8429999351501465
2009-04-21,847.75,234.72000122070312,3677.39990234375,2973.93994140625,,,,,,,5076.72021484375,2243.6298828125,2.9019999504089355
2009-04-22,837.0,236.8800048828125,3668.199951171875,3025.239990234375,,,,,,,5063.7001953125,2285.68994140625,2.9639999866485596
2009-04-23,848.75,235.3000030517578,3743.0,3008.6201171875,,,,,,,5023.89990234375,2259.5400390625,2.927000045776367
2009-04-24,866.5,239.33999633789062,3712.300048828125,3102.85009765625,,,,,,,5113.0498046875,2319.889892578125,2.996000051498413
2009-04-27,856.75,238.13999938964844,3731.60009765625,3102.429931640625,,,,,,,5175.97021484375,2317.360107421875,2.9210000038146973
2009-04-28,851.75,234.8300018310547,3708.39990234375,3051.02001953125,,,,,,,5109.08984375,2280.52001953125,3.002000093460083
2009-04-29,869.0,238.07000732421875,3695.300048828125,3116.93994140625,,,,,,,5152.72021484375,2334.590087890625,3.0959999561309814
2009-04-30,870.0,240.75999450683594,3780.5,3159.85009765625,,,,,,,5225.919921875,2375.340087890625,3.124000072479248
2009-05-01,876.0,,3769.60009765625,,,,,,,,,,3.1740000247955322
2009-05-04,902.75,251.47000122070312,3883.0,3237.969970703125,,,,,,,5318.33984375,2419.530029296875,3.1570000648498535
2009-05-05,903.5,252.16000366210938,3890.39990234375,3225.0,,,,,,,5280.93017578125,2407.550048828125,3.1570000648498535
2009-05-06,917.25,255.27999877929688,3867.10009765625,3283.510009765625,,,,,,,5319.259765625,2437.27001953125,3.1519999504089355
2009-05-07,907.0,256.69000244140625,3938.699951171875,3251.52001953125,,,,,,,5325.6298828125,2406.080078125,3.2950000762939453
2009-05-08,924.75,261.3500061035156,3941.699951171875,3312.590087890625,,,,,,,5391.009765625,2462.389892578125,3.2929999828338623
2009-05-11,909.0,256.4700012207031,3926.0,3248.669921875,,,,,,,5358.93994140625,2433.590087890625,3.180000066757202
2009-05-12,906.75,255.3300018310547,3877.199951171875,3231.10009765625,,,,,,,5346.02978515625,2424.340087890625,3.174999952316284
2009-05-13,885.25,250.19000244140625,3856.10009765625,3152.89990234375,,,,,,,5277.3701171875,2357.300048828125,3.1050000190734863
2009-05-14,889.5,249.02000427246094,3723.39990234375,3156.2900390625,,,,,,,5360.0,2353.530029296875,3.1070001125335693
2009-05-15,883.0,252.9199981689453,3773.199951171875,3169.050048828125,,,,,,,5350.669921875,2364.10009765625,3.122999906539917
2009-05-18,907.0,259.1700134277344,3735.60009765625,3245.389892578125,,,,,,,5435.1201171875,2422.739990234375,3.2109999656677246
2009-05-19,906.5,262.2300109863281,3817.300048828125,3274.9599609375,,,,,,,5498.7998046875,2459.590087890625,3.243000030517578
2009-05-20,900.0,266.29998779296875,3824.60009765625,3303.3701171875,,,,,,,5509.27001953125,2487.169921875,3.2019999027252197
2009-05-21,888.75,259.0199890136719,3813.89990234375,3217.409912109375,,,,,,,,,3.3529999256134033
2009-05-22,885.0,260.1400146484375,3761.60009765625,3227.969970703125,,,,,,,5409.259765625,2433.52001953125,3.447999954223633
2009-05-25,,260.6600036621094,3737.89990234375,3236.159912109375,,,,,,,5446.240234375,2440.22998046875,
2009-05-26,908.75,263.42999267578125,3788.39990234375,3270.090087890625,,,,,,,5431.27001953125,2468.449951171875,3.493000030517578
2009-05-27,892.5,264.20001220703125,3801.10009765625,3294.860107421875,,,,,,,5419.419921875,2479.47998046875,3.694999933242798
2009-05-28,905.0,260.8999938964844,3755.699951171875,3263.699951171875,,,,,,,5350.58984375,2453.14990234375,3.671999931335449
2009-05-29,918.0,259.45001220703125,3818.0,3277.64990234375,,,,,,,5349.740234375,2451.239990234375,3.4649999141693115
2009-06-01,939.0,268.4200134277344,3894.39990234375,3379.489990234375,,,,,,,,,3.7149999141693115
2009-06-02,942.5,268.989990234375,3955.300048828125,3378.0400390625,,,,,,,5432.22021484375,2534.169921875,3.6440000534057617
2009-06-03,931.75,264.3699951171875,4017.199951171875,3309.64990234375,,,,,,,5384.7099609375,2483.389892578125,3.5510001182556152
2009-06-04,940.5,263.79998779296875,3934.60009765625,3312.030029296875,,,,,,,5422.2099609375,2487.080078125,3.7160000801086426
2009-06-05,940.5,266.92999267578125,3971.199951171875,3339.050048828125,,,,,,,5398.89990234375,2503.169921875,3.861999988555908
2009-06-08,938.75,262.3900146484375,,3289.659912109375,,,,,,,5391.72021484375,2468.3701171875,3.8889999389648438
2009-06-09,939.5,263.0299987792969,3934.89990234375,3296.72998046875,,,,,,,5388.669921875,2479.3798828125,3.8580000400543213
2009-06-10,940.5,266.9599914550781,4024.39990234375,3315.27001953125,,,,,,,5436.39013671875,2500.93994140625,3.936000108718872
2009-06-11,942.0,268.1099853515625,4047.199951171875,3334.93994140625,,,,,,,5483.85009765625,2522.330078125,3.861999988555908
2009-06-12,944.75,265.4800109863281,4062.199951171875,3326.139892578125,,,,,,,5521.83984375,2509.219970703125,3.7880001068115234
2009-06-15,923.5,258.260009765625,4031.699951171875,3219.580078125,,,,,,,5400.14990234375,2431.39990234375,3.7130000591278076
2009-06-16,912.0,257.010009765625,3962.5,3213.949951171875,,,,,,,5377.10009765625,2425.969970703125,3.6740000247955322
2009-06-17,909.75,251.22999572753906,3904.10009765625,3161.139892578125,,,,,,,5302.2900390625,2383.7099609375,3.6470000743865967
2009-06-18,917.75,253.52000427246094,3892.10009765625,3194.06005859375,,,,,,,5376.83984375,2414.43994140625,3.8340001106262207
2009-06-19,926.1500244140625,257.1600036621094,3899.60009765625,3221.27001953125,,,,,,,5421.58984375,2434.77001953125,3.7890000343322754
2009-06-22,888.5,249.08999633789062,3918.199951171875,3123.25,,,,,,,5310.3701171875,2359.280029296875,3.693000078201294
2009-06-23,890.25,248.69000244140625,3796.89990234375,3116.820068359375,,,,,,,5321.31005859375,2353.47998046875,3.640000104904175
2009-06-24,898.0,254.6300048828125,3807.0,3184.760009765625,,,,,,,5443.419921875,2418.4599609375,3.684999942779541
2009-06-25,916.5,254.1199951171875,3856.0,3163.10009765625,,,,,,,5361.2998046875,2402.320068359375,3.5460000038146973
2009-06-26,914.0,254.42999267578125,3903.800048828125,3129.72998046875,,,,,,,5375.990234375,2389.909912109375,3.50600004196167
2009-06-29,921.25,258.239990234375,3886.89990234375,3193.679931640625,,,,,,,5443.4501953125,2437.719970703125,3.492000102996826
2009-06-30,915.5,254.7100067138672,3954.89990234375,3140.43994140625,,,,,,,5403.97021484375,2401.68994140625,3.5230000019073486
2009-07-01,919.25,260.2900085449219,3874.0,3217.0,,,,,,,5472.93994140625,2449.72998046875,3.5439999103546143
2009-07-02,893.25,252.69000244140625,3877.300048828125,3116.409912109375,,,,,,,5355.22998046875,2369.64990234375,3.494999885559082
2009-07-03,,253.6999969482422,3828.199951171875,3119.510009765625,,,,,,,5338.509765625,2376.47998046875,
2009-07-06,895.5,249.63999938964844,3783.699951171875,3082.159912109375,,,,,,,5354.14990234375,2343.8798828125,3.50600004196167
2009-07-07,879.25,249.0399932861328,3766.89990234375,3048.570068359375,,,,,,,5329.2001953125,2320.89990234375,3.4600000381469727
2009-07-08,873.75,244.6300048828125,3767.89990234375,3009.7099609375,,,,,,,5289.39013671875,2291.330078125,3.2890000343322754
2009-07-09,879.0,247.11000061035156,3763.300048828125,3025.93994140625,,,,,,,5305.39013671875,2313.8701171875,3.4130001068115234
2009-07-10,874.25,243.1999969482422,3794.10009765625,2983.10009765625,,,,,,,5237.81005859375,2281.469970703125,3.2950000762939453
2009-07-13,895.5,249.7899932861328,3737.5,3052.080078125,,,,,,,5315.2900390625,2345.219970703125,3.3459999561309814
2009-07-14,901.5,251.91000366210938,3867.10009765625,3081.8701171875,,,,,,,5365.0498046875,2370.7099609375,3.447000026702881
2009-07-15,927.25,260.82000732421875,3924.5,3171.27001953125,,,,,,,5473.330078125,2451.02001953125,3.5959999561309814
2009-07-16,935.75,263.4800109863281,3995.60009765625,3199.679931640625,,,,,,,5538.56982421875,2458.969970703125,3.556999921798706
2009-07-17,937.0,266.3999938964844,4000.800048828125,3218.4599609375,,,,,,,5594.14013671875,2469.199951171875,3.6510000228881836
2009-07-20,949.0,269.4800109863281,4050.300048828125,3270.93994140625,,,,,,,5627.93017578125,2500.68994140625,3.5850000381469727
2009-07-21,953.5,270.67999267578125,4050.699951171875,3302.889892578125,,,,,,,5636.18994140625,2519.989990234375,3.4769999980926514
2009-07-22,949.5,271.19000244140625,4068.5,3305.070068359375,,,,,,,5637.02001953125,2528.85009765625,3.553999900817871
2009-07-23,969.0,276.1499938964844,4064.10009765625,3373.719970703125,,,,,,,5765.509765625,2585.7900390625,3.7090001106262207
2009-07-24,977.75,276.1499938964844,4089.800048828125,3366.449951171875,,,,,,,5760.89990234375,2582.760009765625,3.6700000762939453
2009-07-27,980.0,278.1400146484375,4139.60009765625,3372.360107421875,,,,,,,5774.89013671875,2601.409912109375,3.7130000591278076
2009-07-28,976.0,274.239990234375,4169.5,3330.969970703125,,,,,,,5762.7998046875,2573.080078125,3.687999963760376
2009-07-29,975.0,277.32000732421875,4142.7998046875,3365.6201171875,,,,,,,5787.18994140625,2600.31005859375,3.6640000343322754
2009-07-30,982.25,283.82000732421875,4190.5,3435.489990234375,,,,,,,5932.6201171875,2654.739990234375,3.6410000324249268
2009-07-31,984.5,283.1700134277344,4244.0,3426.27001953125,,,,,,,5950.68994140625,2638.1298828125,3.500999927520752
2009-08-03,1000.75,287.489990234375,4263.39990234375,3477.800048828125,,,,,,,5967.43017578125,2674.070068359375,3.6389999389648438
2009-08-04,1004.75,286.9100036621094,4309.2998046875,3476.3701171875,,,,,,,5939.77978515625,2670.9599609375,3.678999900817871
2009-08-05,1000.75,285.239990234375,4264.5,3458.530029296875,,,,,,,5911.91015625,2643.1298828125,3.7639999389648438
2009-08-06,995.0,288.1099853515625,4326.2998046875,3477.830078125,,,,,,,5968.080078125,2662.010009765625,3.746000051498413
2009-08-07,1006.5,290.5,4299.39990234375,3521.139892578125,,,,,,,6026.39990234375,2706.219970703125,3.8540000915527344
2009-08-10,1007.5,288.6099853515625,4304.10009765625,3504.5400390625,,,,,,,6007.5498046875,2693.610107421875,3.7709999084472656
2009-08-11,993.0,284.1700134277344,4332.0,3456.179931640625,,,,,,,5949.97998046875,2650.93994140625,3.693000078201294
2009-08-12,1002.25,288.95001220703125,4343.10009765625,3507.239990234375,,,,,,,5962.490234375,2688.2099609375,3.7009999752044678
2009-08-13,1013.5,290.0199890136719,4435.89990234375,3524.389892578125,,,,,,,5986.72021484375,2705.739990234375,3.5910000801086426
2009-08-14,1005.75,288.0199890136719,4461.0,3495.27001953125,,,,,,,5985.2998046875,2669.409912109375,3.558000087738037
2009-08-17,978.25,282.010009765625,4388.39990234375,3419.68994140625,,,,,,,5883.7001953125,2603.7900390625,3.490999937057495
2009-08-18,989.5,284.4599914550781,4381.60009765625,3450.68994140625,,,,,,,5953.75,2630.60009765625,3.5260000228881836
2009-08-19,997.0,284.04998779296875,4373.7998046875,3450.340087890625,,,,,,,5980.7900390625,2622.8798828125,3.4630000591278076
2009-08-20,1004.75,288.1199951171875,4377.5,3505.320068359375,,,,,,,6032.0498046875,2663.669921875,3.434999942779541
2009-08-21,1025.25,294.489990234375,4290.60009765625,3615.81005859375,,,,,,,6139.7998046875,2745.6201171875,3.555999994277954
2009-08-24,1024.5,297.8800048828125,4426.10009765625,3652.169921875,,,,,,,6194.39013671875,2778.340087890625,3.49399995803833
2009-08-25,1026.0,300.0299987792969,4405.7998046875,3680.610107421875,,,,,,,6200.85009765625,2801.139892578125,3.450000047683716
2009-08-26,1026.75,298.6400146484375,4454.5,3668.340087890625,,,,,,,6176.97021484375,2788.89990234375,3.437999963760376
2009-08-27,1029.25,296.8999938964844,4450.7998046875,3648.530029296875,,,,,,,6169.18994140625,2777.6201171875,3.4619998931884766
2009-08-28,1027.5,300.20001220703125,4489.60009765625,3693.139892578125,,,,,,,6211.580078125,2803.64990234375,3.4509999752044678
2009-08-31,1019.75,296.2699890136719,4479.10009765625,3653.5400390625,,,,,,,6217.1201171875,2770.110107421875,3.4010000228881836
2009-09-01,996.5,291.0,4514.60009765625,3583.43994140625,,,,,,,6128.169921875,2715.739990234375,3.375
2009-09-02,994.25,289.04998779296875,4438.2001953125,3573.1298828125,,,,,,,6089.240234375,2703.760009765625,3.2950000762939453
2009-09-03,1001.75,289.010009765625,4429.60009765625,3553.510009765625,,,,,,,6073.72021484375,2699.219970703125,3.328000068664551
2009-09-04,1014.0,293.1600036621094,4435.5,3598.760009765625,,,,,,,6119.06982421875,2743.340087890625,3.441999912261963
2009-09-07,,298.4100036621094,4454.39990234375,3652.830078125,,,,,,,6181.97021484375,,
2009-09-08,1025.0,300.80999755859375,4523.7998046875,3660.9599609375,,,,,,,6194.72021484375,2786.25,3.4690001010894775
2009-09-09,1032.5,304.25,4522.2001953125,3707.68994140625,,,,,,,6202.0400390625,2820.580078125,3.4790000915527344
2009-09-10,1041.75,305.9700012207031,4570.7998046875,3705.8701171875,,,,,,,6208.43017578125,2817.5,3.3420000076293945
2009-09-11,1041.5,308.0,4596.10009765625,3734.889892578125,,,,,,,6232.990234375,2831.3701171875,3.3429999351501465
2009-09-14,1048.0,306.8999938964844,4531.10009765625,3730.610107421875,,,,,,,6225.64013671875,2829.25,3.4059998989105225
2009-09-15,1050.25,308.3699951171875,4540.2998046875,3752.2099609375,,,,,,,6213.18994140625,2843.0,3.4519999027252197
2009-09-16,1068.0,312.760009765625,4650.39990234375,3813.7900390625,,,,,,,6299.91015625,2882.280029296875,3.4709999561309814
2009-09-17,1067.5,313.8800048828125,4714.89990234375,3835.27001953125,,,,,,,6317.72021484375,2895.449951171875,3.3980000019073486
2009-09-18,1071.5699462890625,313.6300048828125,4693.2001953125,3827.840087890625,,,,,,,6325.14990234375,2887.239990234375,3.4739999771118164
2009-09-21,1060.5,311.3399963378906,4677.39990234375,3812.159912109375,,,,,,,6306.22998046875,2872.510009765625,3.486999988555908
2009-09-22,1067.25,312.7200012207031,4663.7001953125,3823.52001953125,,,,,,,6340.72021484375,2881.60009765625,3.4560000896453857
2009-09-23,1059.0,313.3599853515625,4734.10009765625,3821.7900390625,,,,,,,6349.830078125,2887.239990234375,3.4179999828338623
2009-09-24,1044.25,308.5199890136719,4701.2001953125,3758.360107421875,,,,,,,6275.43994140625,2838.219970703125,3.38100004196167
2009-09-25,1041.0,305.6300048828125,4713.2998046875,3739.139892578125,,,,,,,6236.91015625,2831.949951171875,3.3289999961853027
2009-09-28,1059.0,311.8999938964844,4677.39990234375,3825.0,,,,,,,6289.27001953125,2899.1201171875,3.302000045776367
2009-09-29,1054.75,312.1199951171875,4753.10009765625,3814.10009765625,,,,,,,6316.72021484375,2892.43994140625,3.2920000553131104
2009-09-30,1053.0,311.3500061035156,4743.60009765625,3795.409912109375,,,,,,,6323.18017578125,2872.6298828125,3.306999921798706
2009-10-01,1027.5,305.739990234375,4701.10009765625,3720.77001953125,,,,,,,6255.169921875,2810.4599609375,3.194000005722046
2009-10-02,1021.75,299.29998779296875,4601.7001953125,3649.89990234375,,,,,,,6150.169921875,2760.60009765625,3.2209999561309814
2009-10-05,1036.5,301.2200012207031,4573.2998046875,3675.010009765625,,,,,,,6162.89990234375,2790.780029296875,3.2239999771118164
2009-10-06,1048.5,309.2799987792969,4591.60009765625,3770.2099609375,,,,,,,6277.16015625,2865.699951171875,3.247999906539917
2009-10-07,1053.5,309.2099914550781,4695.7001953125,3756.409912109375,,,,,,,6260.14990234375,2852.169921875,3.174999952316284
2009-10-08,1063.75,314.760009765625,4768.60009765625,3806.81005859375,,,,,,,6305.7998046875,2887.610107421875,3.255000114440918
2009-10-09,1068.0,315.54998779296875,4752.89990234375,3799.610107421875,,,,,,,6291.64013671875,2882.179931640625,3.384000062942505
2009-10-12,1071.5,320.7099914550781,4739.7998046875,3845.800048828125,,,,,,,6377.77978515625,2914.35009765625,3.380000114440918
2009-10-13,1068.75,319.5299987792969,4785.7001953125,3801.389892578125,,,,,,,6321.259765625,2879.06005859375,3.312000036239624
2009-10-14,1087.75,325.4700012207031,4831.10009765625,3882.669921875,,,,,,,6405.919921875,2950.820068359375,3.4230000972747803
2009-10-15,1089.75,325.19000244140625,4859.89990234375,3883.830078125,,,,,,,6383.18994140625,2939.090087890625,3.4700000286102295
2009-10-16,1082.0,322.30999755859375,4836.39990234375,3827.60009765625,,,,,,,6345.259765625,2893.530029296875,3.4170000553131104
2009-10-19,1091.0,327.0299987792969,4792.7998046875,3892.360107421875,,,,,,,6436.3701171875,2947.409912109375,3.3949999809265137
2009-10-20,1089.5,324.9200134277344,4846.2001953125,3871.449951171875,,,,,,,6427.2900390625,2925.080078125,3.3369998931884766
2009-10-21,1078.0,325.5,4838.60009765625,3873.219970703125,,,,,,,6434.66015625,2936.830078125,3.4110000133514404
2009-10-22,1090.75,320.69000244140625,4812.7998046875,3820.85009765625,,,,,,,6405.91015625,2902.18994140625,3.4210000038146973
2009-10-23,1077.0,320.1400146484375,4859.39990234375,3808.239990234375,,,,,,,6378.06005859375,2886.080078125,3.4749999046325684
2009-10-26,1066.5,312.6499938964844,4830.2998046875,3744.449951171875,,,,,,,6303.35009765625,2834.820068359375,3.553999900817871
2009-10-27,1060.5,311.1300048828125,4753.5,3743.949951171875,,,,,,,6367.97021484375,2835.169921875,3.4619998931884766
2009-10-28,1038.5,303.2900085449219,4685.10009765625,3663.780029296875,,,,,,,6279.93994140625,2778.4599609375,3.4110000133514404
2009-10-29,1061.5,309.6499938964844,4574.7001953125,3714.02001953125,,,,,,,6351.27001953125,2824.780029296875,3.500999927520752
2009-10-30,1033.0,302.3599853515625,4643.2001953125,3607.68994140625,,,,,,,6285.759765625,2743.5,3.3919999599456787
2009-11-02,1039.0,302.82000732421875,4540.39990234375,3639.4599609375,,,,,,,6291.22021484375,2762.949951171875,3.421999931335449
2009-11-03,1041.75,300.1099853515625,4531.5,3584.25,,,,,,,6213.35009765625,2712.300048828125,3.4730000495910645
2009-11-04,1047.0,305.8800048828125,4540.10009765625,3670.330078125,,,,,,,6267.10986328125,2763.2900390625,3.5460000038146973
2009-11-05,1063.25,307.8299865722656,4508.0,3708.72998046875,,,,,,,6285.2001953125,2793.43994140625,3.5329999923706055
2009-11-06,1066.25,307.1400146484375,4594.0,3707.2900390625,,,,,,,6293.60986328125,2794.25,3.503000020980835
2009-11-09,1091.75,314.4599914550781,4674.89990234375,3785.489990234375,,,,,,,6385.14013671875,2860.110107421875,3.4860000610351562
2009-11-10,1092.0,313.260009765625,4733.60009765625,3785.590087890625,,,,,,,6369.10009765625,2856.43994140625,3.4820001125335693
2009-11-11,1096.25,317.9700012207031,4757.0,3814.389892578125,,,,,,,6374.7001953125,2881.010009765625,3.4739999771118164
2009-11-12,1087.25,317.05999755859375,4747.89990234375,3808.070068359375,,,,,,,6355.759765625,2876.919921875,3.446000099182129
2009-11-13,1091.5,317.3699951171875,4706.39990234375,3806.010009765625,,,,,,,6351.080078125,2883.0400390625,3.428999900817871
2009-11-16,1106.25,322.1600036621094,4755.2001953125,3863.159912109375,,,,,,,6422.81005859375,2926.14990234375,3.3310000896453857
2009-11-17,1107.5,321.0799865722656,4729.39990234375,3829.06005859375,,,,,,,6376.39990234375,2906.919921875,3.319000005722046
2009-11-18,1108.5,319.4200134277344,4739.0,3828.159912109375,,,,,,,6368.97021484375,2908.530029296875,3.365999937057495
2009-11-19,1094.25,313.30999755859375,4749.2001953125,3760.219970703125,,,,,,,6286.81005859375,2860.2900390625,3.3489999771118164
2009-11-20,1090.0,310.0299987792969,4685.7998046875,3729.360107421875,,,,,,,6277.4599609375,2833.06005859375,3.3559999465942383
2009-11-23,1103.75,317.0400085449219,4717.0,3813.169921875,,,,,,,6410.240234375,2898.18994140625,3.364000082015991
2009-11-24,1103.0,315.8599853515625,4685.0,3784.6201171875,,,,,,,6397.52978515625,2877.580078125,3.316999912261963
2009-11-25,1109.0,318.239990234375,4722.2001953125,3809.159912109375,,,,,,,6422.2001953125,2896.89990234375,3.2790000438690186
2009-11-26,,306.7200012207031,4708.60009765625,3679.22998046875,,,,,,,6283.3798828125,2799.43994140625,
2009-11-27,1089.5,309.5199890136719,4572.10009765625,3721.449951171875,,,,,,,6336.66015625,2831.139892578125,3.2309999465942383
2009-11-30,1094.75,305.8999938964844,4701.39990234375,3680.14990234375,,,,,,,6260.9501953125,2797.25,3.2009999752044678
2009-12-01,1108.5,315.44000244140625,4719.0,3775.739990234375,,,,,,,6372.080078125,2871.75,3.2750000953674316
2009-12-02,1108.0,316.44000244140625,4762.39990234375,3795.919921875,,,,,,,6386.5400390625,2877.93994140625,3.322999954223633
2009-12-03,1098.0,317.6099853515625,4774.60009765625,3799.110107421875,,,,,,,6444.080078125,2876.139892578125,3.380000114440918
2009-12-04,1108.0,321.1300048828125,4702.2001953125,3846.6201171875,,,,,,,6501.16015625,2910.330078125,3.4830000400543213
2009-12-07,1103.75,320.25,4676.5,3840.050048828125,,,,,,,6470.60986328125,2896.22998046875,3.447999954223633
2009-12-08,1090.0,315.42999267578125,4670.60009765625,3785.300048828125,,,,,,,6399.740234375,2849.169921875,3.3919999599456787
2009-12-09,1095.5,312.8800048828125,4637.89990234375,3757.389892578125,,,,,,,6351.7099609375,2818.10009765625,3.4230000972747803
2009-12-10,1102.0,317.69000244140625,4606.7001953125,3798.3798828125,,,,,,,6410.64013671875,2851.2900390625,3.4820001125335693
2009-12-11,1108.0,320.1400146484375,4635.2001953125,3803.719970703125,,,,,,,6411.580078125,2862.320068359375,3.5399999618530273
2009-12-14,1113.5,322.510009765625,4654.0,3830.43994140625,,,,,,,6433.08984375,2885.0,3.5460000038146973
2009-12-15,1108.75,325.19000244140625,4673.5,3834.090087890625,,,,,,,6439.39990234375,2888.580078125,3.6029999256134033
2009-12-16,1110.5,328.6099853515625,4661.89990234375,3875.820068359375,,,,,,,6532.31982421875,2926.52001953125,3.5959999561309814
2009-12-17,1099.0,326.67999267578125,4670.2998046875,3830.820068359375,,,,,,,6489.22998046875,2891.659912109375,3.486999988555908
2009-12-18,1102.3800048828125,324.6300048828125,4650.5,3794.43994140625,,,,,,,6464.31982421875,2871.219970703125,3.5460000038146973
2009-12-21,1108.25,330.510009765625,4635.10009765625,3872.06005859375,,,,,,,6504.43994140625,2926.050048828125,3.681999921798706
2009-12-22,1113.5,332.4800109863281,4704.2001953125,3898.3798828125,,,,,,,6582.89990234375,2945.7099609375,3.74399995803833
2009-12-23,1115.5,332.8299865722656,4739.2998046875,3910.75,,,,,,,6579.97998046875,2957.47998046875,3.747999906539917
2009-12-24,1122.0,333.6000061035156,4790.89990234375,3912.72998046875,,,,,,,6579.97998046875,2957.47998046875,3.806999921798706
2009-12-28,1123.0,336.1099853515625,,3947.14990234375,,,,,,,6591.009765625,2982.419921875,3.8420000076293945
2009-12-29,1121.75,337.2799987792969,4845.10009765625,3959.97998046875,,,,,,,6608.52001953125,2992.080078125,3.809000015258789
2009-12-30,1122.0,335.1400146484375,4833.2998046875,3935.5,,,,,,,6545.91015625,2966.239990234375,3.7839999198913574
2009-12-31,1110.75,335.3299865722656,4870.60009765625,3936.330078125,,,,,,,6545.91015625,2966.239990234375,3.8429999351501465
2010-01-04,1128.75,343.0299987792969,4876.2998046875,4013.969970703125,,,,,,,6631.43994140625,3017.800048828125,3.8410000801086426
2010-01-05,1132.25,342.0199890136719,4924.2998046875,4012.909912109375,,,,,,,6579.259765625,3012.360107421875,3.755000114440918
2010-01-06,1133.0,341.4800109863281,4921.39990234375,4017.669921875,,,,,,,6559.41015625,3009.659912109375,3.808000087738037
2010-01-07,1137.5,340.54998779296875,4899.39990234375,4024.800048828125,,,,,,,6555.35986328125,3007.340087890625,3.822000026702881
2010-01-08,1141.5,341.94000244140625,4912.10009765625,4045.139892578125,,,,,,,6617.8798828125,3017.85009765625,3.808000087738037
2010-01-11,1142.5,340.5199890136719,4950.7001953125,4043.090087890625,,,,,,,6592.259765625,3010.239990234375,3.818000078201294
2010-01-12,1134.0,336.7699890136719,4899.5,4000.050048828125,,,,,,,6541.89990234375,2976.889892578125,3.7190001010894775
2010-01-13,1141.5,338.17999267578125,4868.10009765625,4000.860107421875,,,,,,,6554.5498046875,2978.409912109375,3.7829999923706055
2010-01-14,1145.25,340.6099853515625,4898.0,4015.77001953125,,,,,,,6627.419921875,2989.7099609375,3.7339999675750732
2010-01-15,1132.25,337.989990234375,4899.60009765625,3954.3798828125,,,,,,,6576.02001953125,2940.25,3.6760001182556152
2010-01-18,,339.0299987792969,4911.10009765625,3977.4599609375,,,,,,,6603.77978515625,2957.8701171875,
2010-01-19,1145.75,341.6099853515625,4861.2001953125,4009.669921875,,,,,,,6633.85986328125,2984.820068359375,3.7070000171661377
2010-01-20,1134.0,336.29998779296875,4868.2001953125,3928.949951171875,,,,,,,6586.52978515625,2914.60009765625,3.6589999198913574
2010-01-21,1111.0,332.1700134277344,4827.2001953125,3862.159912109375,,,,,,,6578.9501953125,2863.25,3.6110000610351562
2010-01-22,1091.0,329.4800109863281,4750.60009765625,3820.780029296875,,,,,,,6493.9599609375,2836.800048828125,3.5980000495910645
2010-01-25,1092.5,328.510009765625,4717.89990234375,3781.85009765625,,,,,,,6451.2998046875,2807.300048828125,3.630000114440918
2010-01-26,1087.25,329.6499938964844,,3807.0400390625,,,,,,,6484.22998046875,2827.739990234375,3.630000114440918
2010-01-27,1094.5,327.260009765625,4644.60009765625,3759.800048828125,,,,,,,6473.02978515625,2787.39990234375,3.6440000534057617
2010-01-28,1079.25,323.95001220703125,4673.2998046875,3688.7900390625,,,,,,,6442.41015625,2737.330078125,3.6579999923706055
2010-01-29,1070.5,327.8999938964844,4569.60009765625,3739.4599609375,,,,,,,6440.72021484375,2776.830078125,3.6089999675750732
2010-02-01,1086.25,331.30999755859375,4524.10009765625,3762.010009765625,,,,,,,6496.330078125,2793.2900390625,3.6540000438690186
2010-02-02,1097.25,334.0400085449219,4605.2998046875,3812.1298828125,,,,,,,6550.1201171875,2830.010009765625,3.634999990463257
2010-02-03,1096.5,333.0299987792969,4647.89990234375,3793.469970703125,,,,,,,6553.7998046875,2804.610107421875,3.703000068664551
2010-02-04,1061.75,323.2300109863281,4621.60009765625,3689.25,,,,,,,6396.509765625,2707.449951171875,3.609999895095825
2010-02-05,1059.75,315.0400085449219,4514.10009765625,3563.760009765625,,,,,,,6264.330078125,2631.639892578125,3.5460000038146973
2010-02-08,1056.0,316.5,4521.39990234375,3607.27001953125,,,,,,,6347.14013671875,2664.2900390625,3.5920000076293945
2010-02-09,1066.25,317.05999755859375,4505.10009765625,3612.760009765625,,,,,,,6314.75,2668.429931640625,3.632999897003174
2010-02-10,1063.25,316.1000061035156,4513.39990234375,3635.610107421875,,,,,,,6333.990234375,2700.169921875,3.694000005722046
2010-02-11,1076.5,316.79998779296875,4554.2998046875,3616.75,,,,,,,6403.419921875,2680.25,3.7330000400543213
2010-02-12,1079.0,315.739990234375,4562.10009765625,3599.070068359375,,,,,,,6416.2001953125,2674.4599609375,3.693000078201294
2010-02-15,,315.8599853515625,4545.5,3609.219970703125,,,,,,,6440.759765625,2683.830078125,
2010-02-16,1093.25,318.8399963378906,4567.7998046875,3669.0400390625,,,,,,,6497.66015625,2720.77001953125,3.6640000343322754
2010-02-17,1099.5,323.1300048828125,4667.89990234375,3725.2099609375,,,,,,,6567.60009765625,2762.25,3.742000102996826
2010-02-18,1105.5,324.29998779296875,4654.89990234375,3747.830078125,,,,,,,6637.2900390625,2778.300048828125,3.802999973297119
2010-02-19,1106.25,325.6000061035156,4635.10009765625,3769.5400390625,,,,,,,6709.68017578125,2793.3701171875,3.7820000648498535
2010-02-22,1107.5,325.1199951171875,4717.5,3756.699951171875,,,,,,,6687.41015625,2778.1201171875,3.7990000247955322
2010-02-23,1097.25,320.989990234375,4718.2998046875,3707.06005859375,,,,,,,6649.08984375,2730.570068359375,3.690999984741211
2010-02-24,1103.5,320.9200134277344,4648.5,3715.679931640625,,,,,,,6687.9501953125,2734.949951171875,3.694999933242798
2010-02-25,1102.25,314.8500061035156,4594.10009765625,3640.77001953125,,,,,,,6643.9599609375,2684.419921875,3.6419999599456787
2010-02-26,1103.5,317.739990234375,4637.7001953125,3708.800048828125,,,,,,,6710.990234375,2728.469970703125,3.5950000286102295
2010-03-01,1114.5,324.3699951171875,4686.5,3769.5400390625,,,,,,,6791.47998046875,2772.699951171875,3.6059999465942383
2010-03-02,1117.5,328.239990234375,4701.89990234375,3811.919921875,,,,,,,6820.0400390625,2796.330078125,3.614000082015991
2010-03-03,1118.5,331.8599853515625,4735.7001953125,3842.52001953125,,,,,,,6813.16015625,2822.590087890625,3.625
2010-03-04,1122.25,332.45001220703125,4750.5,3828.409912109375,,,,,,,6804.8701171875,2816.10009765625,3.6059999465942383
2010-03-05,1136.5,338.67999267578125,4767.2001953125,3910.419921875,,,,,,,6847.77978515625,2877.43994140625,3.681999921798706
2010-03-08,1137.0,338.1700134277344,4807.89990234375,3903.5400390625,,,,,,,6851.2001953125,2879.2900390625,3.7079999446868896
2010-03-09,1140.5,339.0899963378906,4820.10009765625,3910.010009765625,,,,,,,6868.31982421875,2880.7099609375,3.7009999752044678
2010-03-10,1145.75,340.9700012207031,4820.0,3943.550048828125,,,,,,,6873.58984375,2909.39990234375,3.7200000286102295
2010-03-11,1150.5,339.0199890136719,4814.2001953125,3928.949951171875,,,,,,,6851.72998046875,2895.739990234375,3.7200000286102295
2010-03-12,1151.25,339.57000732421875,4818.10009765625,3927.39990234375,,,,,,,6836.60009765625,2898.360107421875,3.7100000381469727
2010-03-15,1150.25,335.1099853515625,4784.10009765625,3890.909912109375,,,,,,,6825.10009765625,2870.550048828125,3.7039999961853027
2010-03-16,1159.5,339.260009765625,4797.2001953125,3938.949951171875,,,,,,,6874.43017578125,2905.929931640625,3.6530001163482666
2010-03-17,1165.75,343.05999755859375,4853.2001953125,3957.889892578125,,,,,,,6892.009765625,2931.31005859375,3.6419999599456787
2010-03-18,1166.0,341.95001220703125,4863.10009765625,3938.179931640625,,,,,,,6897.740234375,2913.739990234375,3.671999931335449
2010-03-19,1172.949951171875,338.6499938964844,4872.2001953125,3925.43994140625,,,,,,,6880.759765625,2897.949951171875,3.687000036239624
2010-03-22,1162.0,338.1300048828125,4830.2001953125,3928.0,,,,,,,6866.43017578125,2890.75,3.6630001068115234
2010-03-23,1169.5,341.510009765625,4874.7998046875,3952.550048828125,,,,,,,6877.16015625,2910.52001953125,3.680000066757202
2010-03-24,1164.5,341.739990234375,4891.5,3949.81005859375,,,,,,,6879.9501953125,2903.93994140625,3.8289999961853027
2010-03-25,1162.75,345.6099853515625,4885.39990234375,4000.47998046875,,,,,,,6894.169921875,2948.090087890625,3.9010000228881836
2010-03-26,1163.5,343.80999755859375,4896.89990234375,3988.929931640625,,,,,,,6838.9501953125,2940.93994140625,3.8550000190734863
2010-03-29,1168.75,343.9599914550781,4897.2998046875,4000.659912109375,,,,,,,6850.580078125,2947.489990234375,3.864000082015991
2010-03-30,1169.5,343.6000061035156,4916.7998046875,3987.409912109375,,,,,,,6871.419921875,2939.679931640625,3.868000030517578
2010-03-31,1165.25,344.2200012207031,4875.5,3974.010009765625,,,,,,,6873.3701171875,2931.159912109375,3.8329999446868896
2010-04-01,1173.75,351.44000244140625,4907.7001953125,4034.22998046875,,,,,,,6888.919921875,2978.5,3.8589999675750732
2010-04-05,1183.0,,,,,,,,,,,,3.99399995803833
2010-04-06,1185.75,355.6099853515625,4953.7001953125,4053.93994140625,,,,,,,6886.2099609375,2989.489990234375,3.9679999351501465
2010-04-07,1179.0,353.8900146484375,4960.89990234375,4026.969970703125,,,,,,,6843.490234375,2974.6201171875,3.86299991607666
2010-04-08,1183.75,350.8900146484375,4937.89990234375,3978.4599609375,,,,,,,6791.009765625,2942.31005859375,3.8959999084472656
2010-04-09,1192.5,355.8900146484375,4948.10009765625,4050.5400390625,,,,,,,6888.97021484375,2993.5400390625,3.888000011444092
2010-04-12,1192.5,355.3399963378906,4984.2998046875,4050.5,,,,,,,6910.9599609375,3002.22998046875,3.8459999561309814
2010-04-13,1193.0,354.42999267578125,4951.60009765625,4031.989990234375,,,,,,,6885.85986328125,2988.239990234375,3.811000108718872
2010-04-14,1206.5,356.6700134277344,4994.7001953125,4057.699951171875,,,,,,,6916.58984375,3008.030029296875,3.8550000190734863
2010-04-15,1208.5,355.57000732421875,5001.89990234375,4065.64990234375,,,,,,,6967.56005859375,3012.64990234375,3.8480000495910645
2010-04-16,1190.25,349.75,4984.7001953125,3986.6298828125,,,,,,,6893.68994140625,2949.64990234375,3.7699999809265137
2010-04-19,1195.5,348.57000732421875,4915.10009765625,3970.469970703125,,,,,,,6803.68017578125,2940.18994140625,3.806999921798706
2010-04-20,1205.5,354.8599853515625,4925.7998046875,4026.64990234375,,,,,,,6841.91015625,2983.909912109375,3.805000066757202
2010-04-21,1200.5,353.6600036621094,4954.2998046875,3977.669921875,,,,,,,6814.7099609375,2947.639892578125,3.73799991607666
2010-04-22,1201.75,351.30999755859375,4907.39990234375,3924.64990234375,,,,,,,6720.08984375,2897.590087890625,3.7720000743865967
2010-04-23,1212.25,353.3800048828125,4881.5,3951.300048828125,,,,,,,6767.97021484375,2918.110107421875,3.816999912261963
2010-04-26,1208.25,357.42999267578125,,3997.389892578125,,,,,,,6803.740234375,2947.0400390625,3.815000057220459
2010-04-27,1181.0,349.1199951171875,4880.0,3844.60009765625,,,,,,,6667.47021484375,2838.780029296875,3.690000057220459
2010-04-28,1190.0,344.54998779296875,4822.7998046875,3787.0,,,,,,,6576.39013671875,2788.5400390625,3.7730000019073486
2010-04-29,1205.25,348.4599914550781,4785.60009765625,3840.6201171875,,,,,,,6665.83984375,2828.1201171875,3.7279999256134033
2010-04-30,1183.5,345.9100036621094,4807.39990234375,3816.989990234375,,,,,,,6616.81982421875,2816.860107421875,3.6630001068115234
2010-05-03,1198.5,346.94000244140625,4785.5,3828.4599609375,,,,,,,6607.7099609375,2816.5,3.7049999237060547
2010-05-04,1172.5,335.8599853515625,4737.10009765625,3689.2900390625,,,,,,,6488.419921875,2708.1201171875,3.61299991607666
2010-05-05,1164.0,330.7799987792969,4674.0,3636.030029296875,,,,,,,6448.490234375,2679.300048828125,3.549999952316284
2010-05-06,1122.5,326.19000244140625,4573.2001953125,3556.110107421875,,,,,,,6387.52001953125,2611.409912109375,3.3980000019073486
2010-05-07,1107.0,312.3500061035156,4480.7001953125,3392.590087890625,,,,,,,6205.6298828125,2500.179931640625,3.428999900817871
2010-05-10,1156.5,335.239990234375,4599.7998046875,3720.2900390625,,,,,,,6481.9501953125,2758.889892578125,3.5390000343322754
2010-05-11,1152.25,333.4800109863281,4548.0,3693.199951171875,,,,,,,6509.0,2730.47998046875,3.5350000858306885
2010-05-12,1169.75,336.8999938964844,4573.0,3733.8701171875,,,,,,,6575.0498046875,2764.31005859375,3.566999912261963
2010-05-13,1156.75,337.79998779296875,4652.7998046875,3731.5400390625,,,,,,,,,3.563999891281128
2010-05-14,1135.25,327.239990234375,4611.10009765625,3560.360107421875,,,,,,,6428.68017578125,2633.919921875,3.441999912261963
2010-05-17,1134.5,326.57000732421875,4467.2001953125,3543.550048828125,,,,,,,6428.85986328125,2635.340087890625,3.4719998836517334
2010-05-18,1118.75,331.0,4470.7001953125,3617.320068359375,,,,,,,6470.83984375,2698.2099609375,3.375999927520752
2010-05-19,1110.0,321.45001220703125,4387.10009765625,3511.669921875,,,,,,,6374.43017578125,2619.47998046875,3.3589999675750732
2010-05-20,1070.0,314.8599853515625,4316.5,3432.52001953125,,,,,,,6262.419921875,2569.580078125,3.2639999389648438
2010-05-21,1084.5,313.4100036621094,4305.39990234375,3430.739990234375,,,,,,,6206.58984375,2574.179931640625,3.200000047683716
2010-05-24,1071.0,313.57000732421875,4395.39990234375,3430.929931640625,,,,,,,,,3.2269999980926514
2010-05-25,1073.0,305.0299987792969,4265.2998046875,3331.2900390625,,,,,,,6091.5498046875,2488.5,3.1579999923706055
2010-05-26,1061.25,312.0,4307.2001953125,3408.590087890625,,,,,,,6167.52978515625,2530.340087890625,3.2179999351501465
2010-05-27,1101.0,321.1600036621094,4379.2001953125,3525.31005859375,,,,,,,6305.18017578125,2619.360107421875,3.3380000591278076
2010-05-28,1088.5,320.6400146484375,4457.5,3515.06005859375,,,,,,,6321.919921875,2614.06005859375,3.3010001182556152
2010-05-31,,320.70001220703125,4429.7001953125,3507.56005859375,,,,,,,6312.60009765625,2610.260009765625,
2010-06-01,1069.5,321.2099914550781,4413.10009765625,3503.080078125,,,,,,,6316.60009765625,2606.580078125,3.2960000038146973
2010-06-02,1096.75,322.55999755859375,4381.0,3501.5,,,,,,,6368.81005859375,2601.97998046875,3.3340001106262207
2010-06-03,1103.5,327.0299987792969,4486.0,3557.340087890625,,,,,,,6418.81982421875,2634.159912109375,3.378999948501587
2010-06-04,1066.0,321.2200012207031,4449.39990234375,3455.610107421875,,,,,,,6298.97021484375,2553.590087890625,3.194999933242798
2010-06-07,1048.0,317.5400085449219,4325.89990234375,3413.719970703125,,,,,,,6291.0400390625,2529.969970703125,3.184000015258789
2010-06-08,1059.25,314.8299865722656,4381.2001953125,3380.360107421875,,,,,,,6246.22021484375,2510.840087890625,3.1679999828338623
2010-06-09,1055.5,320.6300048828125,4385.2998046875,3446.77001953125,,,,,,,6319.18017578125,2556.679931640625,3.187000036239624
2010-06-10,1083.75,325.4200134277344,4435.2998046875,3516.639892578125,,,,,,,6376.66015625,2608.739990234375,3.319000005722046
2010-06-11,1089.25,325.55999755859375,4505.5,3555.52001953125,,,,,,,6426.740234375,2638.31005859375,3.2160000801086426
2010-06-14,1090.5,331.45001220703125,,3626.0400390625,,,,,,,6472.1201171875,2683.4599609375,3.2750000953674316
2010-06-15,1113.5,333.82000732421875,4505.0,3661.510009765625,,,,,,,6484.72998046875,2716.300048828125,3.309999942779541
2010-06-16,1114.0,334.760009765625,,3675.929931640625,,,,,,,6490.06982421875,2718.72998046875,3.2820000648498535
2010-06-17,1116.25,335.260009765625,4527.2998046875,3683.080078125,,,,,,,6475.25,2728.1201171875,3.190000057220459
2010-06-18,1118.8299560546875,336.05999755859375,4551.89990234375,3687.2099609375,,,,,,,6447.06005859375,2737.02001953125,3.2230000495910645
2010-06-21,1110.5,341.0400085449219,4612.60009765625,3736.14990234375,,,,,,,6519.56982421875,2768.27001953125,3.243000030517578
2010-06-22,1090.5,339.79998779296875,4558.2998046875,3705.320068359375,,,,,,,6463.4599609375,2745.969970703125,3.1659998893737793
2010-06-23,1087.5,335.1099853515625,4486.10009765625,3641.7900390625,,,,,,,6381.85009765625,2704.800048828125,3.115000009536743
2010-06-24,1070.5,329.2200012207031,4479.7001953125,3555.360107421875,,,,,,,6320.6201171875,2645.320068359375,3.122999906539917
2010-06-25,1074.75,325.989990234375,4413.0,3519.72998046875,,,,,,,6275.35009765625,2629.25,3.11299991607666
2010-06-28,1071.0,330.4599914550781,4384.5,3576.449951171875,,,,,,,6311.14990234375,2668.669921875,3.0320000648498535
2010-06-29,1035.25,319.0299987792969,4345.7001953125,3432.989990234375,,,,,,,6144.4501953125,2556.340087890625,2.9670000076293945
2010-06-30,1026.5,316.80999755859375,4301.5,3442.889892578125,,,,,,,6128.06005859375,2573.320068359375,2.9509999752044678
2010-07-01,1021.75,307.8699951171875,4237.5,3339.89990234375,,,,,,,5981.66015625,2518.64990234375,2.927000045776367
2010-07-02,1014.25,308.20001220703125,4238.7001953125,3348.3701171875,,,,,,,5974.2998046875,2522.360107421875,2.9790000915527344
2010-07-05,,306.2699890136719,4222.10009765625,3332.4599609375,,,,,,,5942.25,2507.830078125,
2010-07-06,1024.25,314.42999267578125,4276.10009765625,3423.360107421875,,,,,,,6063.1201171875,2578.68994140625,2.931999921798706
2010-07-07,1059.25,317.55999755859375,4254.60009765625,3483.43994140625,,,,,,,6099.2001953125,2634.389892578125,2.9800000190734863
2010-07-08,1067.0,322.6199951171875,4356.89990234375,3538.25,,,,,,,6155.72021484375,2666.419921875,3.0199999809265137
2010-07-09,1072.5,324.4200134277344,4396.2998046875,3554.47998046875,,,,,,,6210.490234375,2681.199951171875,3.055999994277954
2010-07-12,1076.5,326.55999755859375,4409.89990234375,3567.659912109375,,,,,,,6228.31005859375,2686.090087890625,3.0460000038146973
2010-07-13,1089.75,333.760009765625,4380.2998046875,3637.760009765625,,,,,,,6298.58984375,2737.590087890625,3.114000082015991
2010-07-14,1091.0,335.0299987792969,4462.39990234375,3632.97998046875,,,,,,,6332.27978515625,2738.9599609375,3.049999952316284
2010-07-15,1090.5,329.760009765625,4442.60009765625,3581.820068359375,,,,,,,6291.06982421875,2702.81005859375,2.9779999256134033
2010-07-16,1063.0,323.989990234375,4422.7001953125,3500.159912109375,,,,,,,6184.3701171875,2645.610107421875,2.938999891281128
2010-07-19,1063.75,322.0,4358.2998046875,3486.330078125,,,,,,,6156.64013671875,2634.60009765625,2.9639999866485596
2010-07-20,1080.0,320.4599914550781,4403.60009765625,3468.02001953125,,,,,,,6123.419921875,2627.280029296875,2.931999921798706
2010-07-21,1064.0,326.3599853515625,4412.7001953125,3493.919921875,,,,,,,6132.66015625,2639.52001953125,2.8919999599456787
2010-07-22,1087.75,335.20001220703125,4374.7001953125,3600.570068359375,,,,,,,6194.18017578125,2714.2099609375,2.931999921798706
2010-07-23,1100.5,337.1400146484375,4458.39990234375,3607.050048828125,,,,,,,6201.25,2719.1298828125,2.99399995803833
2010-07-26,1109.5,337.82000732421875,4486.10009765625,3636.179931640625,,,,,,,6199.4599609375,2743.1201171875,2.99399995803833
2010-07-27,1111.0,338.0799865722656,4497.39990234375,3666.39990234375,,,,,,,6275.18994140625,2769.31005859375,3.046999931335449
2010-07-28,1102.0,335.0299987792969,4529.89990234375,3670.360107421875,,,,,,,6277.490234375,2766.110107421875,3.000999927520752
2010-07-29,1097.0,332.1300048828125,4524.10009765625,3651.909912109375,,,,,,,6220.64990234375,2752.929931640625,2.999000072479248
2010-07-30,1098.25,330.6400146484375,4493.5,3643.139892578125,,,,,,,6200.77978515625,2742.139892578125,2.9070000648498535
2010-08-02,1121.75,339.6600036621094,4541.60009765625,3752.030029296875,,,,,,,6321.64013671875,2822.169921875,2.9630000591278076
2010-08-03,1118.25,339.0,4571.60009765625,3747.510009765625,,,,,,,6337.72021484375,2818.969970703125,2.9140000343322754
2010-08-04,1124.5,339.20001220703125,4542.10009765625,3760.719970703125,,,,,,,6380.2998046875,2825.080078125,2.9519999027252197
2010-08-05,1123.5,336.57000732421875,4566.5,3764.18994140625,,,,,,,6374.89013671875,2819.340087890625,2.9149999618530273
2010-08-06,1119.5,331.19000244140625,4566.10009765625,3716.050048828125,,,,,,,6321.35986328125,2779.340087890625,2.8239998817443848
2010-08-09,1125.5,335.8900146484375,4594.89990234375,3777.3701171875,,,,,,,6391.740234375,2827.27001953125,2.822000026702881
2010-08-10,1119.75,333.1400146484375,4540.7001953125,3730.580078125,,,,,,,6395.02001953125,2800.02001953125,2.7809998989105225
2010-08-11,1085.0,324.989990234375,4455.5,3628.2900390625,,,,,,,6265.83984375,2724.159912109375,2.684999942779541
2010-08-12,1079.25,324.1199951171875,4400.89990234375,3621.070068359375,,,,,,,6279.35009765625,2720.85009765625,2.734999895095825
2010-08-13,1076.0,323.9200134277344,4459.60009765625,3610.909912109375,,,,,,,6294.33984375,2708.72998046875,2.687999963760376
2010-08-16,1077.0,323.1400146484375,4438.5,3597.60009765625,,,,,,,6285.66015625,2698.2900390625,2.575000047683716
2010-08-17,1089.0,328.45001220703125,4477.0,3663.1298828125,,,,,,,6359.740234375,2737.68994140625,2.6449999809265137
2010-08-18,1086.75,327.6700134277344,4474.89990234375,3647.929931640625,,,,,,,6362.8798828125,2728.659912109375,2.6410000324249268
2010-08-19,1071.25,322.3699951171875,4479.0,3572.39990234375,,,,,,,6281.35009765625,2675.02001953125,2.5789999961853027
2010-08-20,1070.25,318.0199890136719,4430.89990234375,3526.1201171875,,,,,,,6185.81982421875,2643.97998046875,2.611999988555908
2010-08-23,1065.5,318.5400085449219,4429.0,3553.22998046875,,,,,,,6209.4501953125,2660.840087890625,2.6070001125335693
2010-08-24,1049.75,313.3900146484375,4381.2998046875,3491.110107421875,,,,,,,6144.14013671875,2614.5400390625,2.499000072479248
2010-08-25,1054.5,311.7200012207031,4320.10009765625,3450.18994140625,,,,,,,6098.58984375,2587.39990234375,2.5380001068115234
2010-08-26,1044.75,314.2200012207031,4356.0,3475.030029296875,,,,,,,6131.759765625,2606.889892578125,2.499000072479248
2010-08-27,1063.75,317.0400085449219,4370.10009765625,3507.43994140625,,,,,,,6183.14013671875,2630.35009765625,2.6519999504089355
2010-08-30,1045.0,315.54998779296875,4452.7001953125,3487.010009765625,,,,,,,6205.240234375,2616.570068359375,2.5450000762939453
2010-08-31,1048.25,316.4700012207031,4404.2001953125,3490.7900390625,,,,,,,6180.89013671875,2622.949951171875,2.4769999980926514
2010-09-01,1081.75,325.5199890136719,4495.7001953125,3623.840087890625,,,,,,,6332.43017578125,2715.27001953125,2.5820000171661377
2010-09-02,1089.5,326.57000732421875,4532.7001953125,3631.429931640625,,,,,,,6333.64990234375,2715.18994140625,2.628000020980835
2010-09-03,1103.5,329.3500061035156,4541.2001953125,3672.199951171875,,,,,,,6400.7099609375,2746.22998046875,2.7060000896453857
2010-09-06,,330.5299987792969,4575.5,3684.72998046875,,,,,,,6418.25,2753.60009765625,
2010-09-07,1091.25,327.760009765625,4573.2001953125,3643.81005859375,,,,,,,6360.2001953125,2727.159912109375,2.6089999675750732
2010-09-08,1099.25,331.42999267578125,4537.2001953125,3677.2099609375,,,,,,,6386.9501953125,2752.889892578125,2.6540000438690186
2010-09-09,1102.5,334.5899963378906,4582.2001953125,3722.14990234375,,,,,,,6425.259765625,2782.429931640625,2.760999917984009
2010-09-10,1109.75,334.9599914550781,4560.2998046875,3725.820068359375,,,,,,,6467.68994140625,2780.39990234375,2.7950000762939453
2010-09-13,1121.25,337.2699890136719,4614.89990234375,3767.14990234375,,,,,,,6471.77001953125,2805.06005859375,2.740999937057495
2010-09-14,1120.75,336.7300109863281,4626.5,3774.39990234375,,,,,,,6466.31982421875,2806.469970703125,2.6659998893737793
2010-09-15,1125.75,335.8599853515625,4661.5,3755.639892578125,,,,,,,6434.009765625,2794.360107421875,2.7230000495910645
2010-09-16,1127.75,334.6700134277344,4605.2998046875,3736.300048828125,,,,,,,6424.16015625,2784.610107421875,2.759000062942505
2010-09-17,1131.1500244140625,334.5400085449219,4638.89990234375,3722.02001953125,,,,,,,6389.02001953125,2757.3701171875,2.746000051498413
2010-09-20,1136.5,339.80999755859375,4631.2998046875,3788.010009765625,,,,,,,6461.97998046875,2802.669921875,2.7060000896453857
2010-09-21,1134.75,338.94000244140625,4617.5,3784.39990234375,,,,,,,6420.39990234375,2794.550048828125,2.5940001010894775
2010-09-22,1129.75,334.3500061035156,4625.2001953125,3735.050048828125,,,,,,,6344.8798828125,2752.77001953125,2.5480000972747803
2010-09-23,1120.5,332.82000732421875,4633.60009765625,3710.610107421875,,,,,,,6303.2001953125,2738.610107421875,2.555000066757202
2010-09-24,1143.25,337.8500061035156,4601.89990234375,3782.47998046875,,,,,,,6360.77001953125,2792.75,2.611999988555908
2010-09-27,1137.75,337.1700134277344,4675.39990234375,3766.159912109375,,,,,,,6338.89013671875,2776.330078125,2.5169999599456787
2010-09-28,1141.75,338.1700134277344,4669.7998046875,3762.35009765625,,,,,,,6334.3798828125,2774.6201171875,2.4560000896453857
2010-09-29,1141.0,335.8500061035156,4645.0,3737.1201171875,,,,,,,6311.56982421875,2752.7099609375,2.50600004196167
2010-09-30,1136.75,334.3900146484375,4582.89990234375,3715.179931640625,,,,,,,6296.330078125,2747.89990234375,2.5169999599456787
2010-10-01,1142.25,333.7799987792969,4579.2001953125,3692.090087890625,,,,,,,6284.169921875,2732.909912109375,2.5260000228881836
2010-10-04,1134.75,330.3999938964844,4625.2998046875,3649.81005859375,,,,,,,6248.7998046875,2701.02001953125,2.4790000915527344
2010-10-05,1154.75,335.0299987792969,4606.89990234375,3731.929931640625,,,,,,,6313.89990234375,2758.56005859375,2.4739999771118164
2010-10-06,1155.75,336.9700012207031,4686.7998046875,3764.909912109375,,,,,,,6351.009765625,2780.0,2.3989999294281006
2010-10-07,1156.5,337.6700134277344,4691.2998046875,3770.469970703125,,,,,,,6375.580078125,2786.8798828125,2.3959999084472656
2010-10-08,1160.5,336.5299987792969,4681.39990234375,3763.179931640625,,,,,,,6363.16015625,2785.429931640625,2.38100004196167
2010-10-11,1162.25,337.0400085449219,4697.5,3768.489990234375,,,,,,,6386.18017578125,2789.719970703125,
2010-10-12,1164.5,335.0899963378906,4618.2001953125,3748.860107421875,,,,,,,6375.259765625,2775.75,2.421999931335449
2010-10-13,1174.25,341.7200012207031,4619.89990234375,3828.340087890625,,,,,,,6455.1298828125,2840.550048828125,2.430999994277954
2010-10-14,1173.5,341.3299865722656,4699.10009765625,3819.169921875,,,,,,,6440.97021484375,2836.110107421875,2.494999885559082
2010-10-15,1175.0,341.45001220703125,4689.0,3827.3701171875,,,,,,,6443.009765625,2841.64990234375,2.5759999752044678
2010-10-18,1178.25,341.7200012207031,4651.89990234375,3834.5,,,,,,,6470.259765625,2850.719970703125,2.490999937057495
2010-10-19,1163.75,339.1499938964844,4655.7001953125,3807.169921875,,,,,,,6471.9599609375,2837.330078125,2.4749999046325684
2010-10-20,1174.75,339.7099914550781,4624.89990234375,3828.14990234375,,,,,,,6477.2001953125,2851.52001953125,2.4700000286102295
2010-10-21,1175.75,341.9200134277344,4622.89990234375,3878.27001953125,,,,,,,6512.18994140625,2882.2900390625,2.5309998989105225
2010-10-22,1180.75,341.07000732421875,4648.2001953125,3868.5400390625,,,,,,,6477.1298828125,2873.739990234375,2.562999963760376
2010-10-25,1182.75,342.5299987792969,4710.0,3870.0,,,,,,,6513.6298828125,2871.47998046875,2.553999900817871
2010-10-26,1182.75,340.760009765625,4687.7998046875,3852.659912109375,,,,,,,6476.60986328125,2856.31005859375,2.635999917984009
2010-10-27,1178.75,337.989990234375,4648.10009765625,3815.77001953125,,,,,,,6479.2099609375,2829.419921875,2.7119998931884766
2010-10-28,1179.25,338.1000061035156,4684.89990234375,3834.840087890625,,,,,,,6484.7099609375,2845.530029296875,2.6610000133514404
2010-10-29,1179.75,337.2300109863281,4661.60009765625,3833.5,,,,,,,6472.22998046875,2844.989990234375,2.611999988555908
2010-11-01,1183.0,339.3500061035156,4698.5,3841.110107421875,,,,,,,6504.72021484375,2836.72998046875,2.628000020980835
2010-11-02,1192.75,342.0199890136719,4701.39990234375,3865.719970703125,,,,,,,6541.5,2861.010009765625,2.5940001010894775
2010-11-03,1197.25,339.04998779296875,4722.60009765625,3842.93994140625,,,,,,,6512.990234375,2830.429931640625,2.61899995803833
2010-11-04,1218.5,345.1499938964844,4745.2998046875,3916.780029296875,,,,,,,6595.64013671875,2884.2099609375,2.4839999675750732
2010-11-05,1222.0,346.8999938964844,4800.60009765625,3916.72998046875,,,,,,,6587.72021484375,2875.93994140625,2.5360000133514404
2010-11-08,1220.0,346.69000244140625,4778.39990234375,3913.699951171875,,,,,,,6600.35986328125,2867.9599609375,2.562999963760376
2010-11-09,1211.0,347.739990234375,4740.7001953125,3945.7099609375,,,,,,,6581.8798828125,2890.639892578125,2.6589999198913574
2010-11-10,1214.0,346.0899963378906,4699.7998046875,3888.449951171875,,,,,,,6539.81982421875,2845.929931640625,2.6480000019073486
2010-11-11,1211.0,344.8299865722656,4728.60009765625,3867.35009765625,,,,,,,6516.990234375,2831.219970703125,2.6480000019073486
2010-11-12,1195.5,343.20001220703125,4692.7001953125,3831.1201171875,,,,,,,6505.2900390625,2822.429931640625,2.75600004196167
2010-11-15,1195.75,345.5299987792969,4688.0,3864.239990234375,,,,,,,6526.22998046875,2848.449951171875,2.9110000133514404
2010-11-16,1174.75,339.2099914550781,4700.2998046875,3762.469970703125,,,,,,,6476.52978515625,2781.77001953125,2.8469998836517334
2010-11-17,1177.5,341.5,4624.2998046875,3792.35009765625,,,,,,,6494.990234375,2802.699951171875,2.864000082015991
2010-11-18,1197.75,346.2699890136719,4640.2001953125,3867.969970703125,,,,,,,6613.3701171875,2855.22998046875,2.9019999504089355
2010-11-19,1198.25,344.5799865722656,4629.2001953125,3860.159912109375,,,,,,,6590.83984375,2845.75,2.875
2010-11-22,1198.0,342.4200134277344,4643.5,3818.889892578125,,,,,,,6532.64013671875,2811.429931640625,2.812999963760376
2010-11-23,1178.25,334.82000732421875,4589.10009765625,3724.419921875,,,,,,,6393.7900390625,2739.3701171875,2.76200008392334
2010-11-24,1196.5,337.20001220703125,4584.60009765625,3747.610107421875,,,,,,,6449.7998046875,2758.02001953125,2.9140000343322754
2010-11-25,,338.7699890136719,4593.39990234375,3760.419921875,,,,,,,6502.14013671875,2765.050048828125,
2010-11-26,1183.25,336.260009765625,4598.2998046875,3728.64990234375,,,,,,,6483.56005859375,2736.9599609375,2.864000082015991
2010-11-29,1186.5,329.6700134277344,4618.5,3636.9599609375,,,,,,,6397.5,2669.9599609375,2.822000026702881
2010-11-30,1179.5,327.4100036621094,4584.39990234375,3610.43994140625,,,,,,,6312.43017578125,2650.989990234375,2.796999931335449
2010-12-01,1204.5,335.79998779296875,4586.60009765625,3669.2900390625,,,,,,,6409.7001953125,2721.8701171875,2.9639999866485596
2010-12-02,1222.75,341.45001220703125,4676.2001953125,3747.0400390625,,,,,,,6483.43994140625,2781.389892578125,3.0
2010-12-03,1223.5,342.19000244140625,4694.2001953125,3750.550048828125,,,,,,,6440.89990234375,2782.389892578125,3.0169999599456787
2010-12-06,1222.0,342.3399963378906,4688.60009765625,3749.22998046875,,,,,,,6412.22021484375,2769.9599609375,2.940999984741211
2010-12-07,1223.25,346.2099914550781,4726.7998046875,3810.5,,,,,,,6462.52978515625,2802.739990234375,3.1649999618530273
2010-12-08,1228.75,346.7200012207031,4699.89990234375,3831.97998046875,,,,,,,6508.1298828125,2818.949951171875,3.2360000610351562
2010-12-09,1233.0,349.3800048828125,4741.2998046875,3858.050048828125,,,,,,,6537.6298828125,2840.7099609375,3.2230000495910645
2010-12-10,1241.0,350.2099914550781,4745.89990234375,3857.35009765625,,,,,,,6519.14013671875,2839.530029296875,3.2960000038146973
2010-12-13,1241.25,351.29998779296875,4757.10009765625,3892.43994140625,,,,,,,6519.080078125,2855.3701171875,3.2829999923706055
2010-12-14,1241.75,351.82000732421875,4766.89990234375,3902.8701171875,,,,,,,6545.83984375,2861.669921875,3.4549999237060547
2010-12-15,1237.0,350.7900085449219,4767.7998046875,3880.18994140625,,,,,,,6560.43017578125,2841.989990234375,3.5199999809265137
2010-12-16,1243.5,351.8800048828125,4784.0,3888.360107421875,,,,,,,6566.169921875,2845.780029296875,3.4769999980926514
2010-12-17,1242.3499755859375,352.04998779296875,4763.10009765625,3867.35009765625,,,,,,,6538.16015625,2821.77001953125,3.3299999237060547
2010-12-20,1241.25,353.1499938964844,4736.60009765625,3885.080078125,,,,,,,6521.25,2839.219970703125,3.3489999771118164
2010-12-21,1250.75,356.1400146484375,4771.89990234375,3927.489990234375,,,,,,,6558.169921875,2876.989990234375,3.3259999752044678
2010-12-22,1254.5,356.1700134277344,4778.39990234375,3919.7099609375,,,,,,,6553.7001953125,2869.6298828125,3.3459999561309814
2010-12-23,1253.0,356.2099914550781,4799.0,3911.320068359375,,,,,,,6599.43017578125,2864.52001953125,3.3929998874664307
2010-12-24,,355.9200134277344,4777.2998046875,,,,,,,,,,
2010-12-27,1253.25,355.57000732421875,,3862.18994140625,,,,,,,6568.2099609375,2826.510009765625,3.3510000705718994
2010-12-28,1254.0,356.69000244140625,,3858.719970703125,,,,,,,6569.06005859375,2824.300048828125,3.4809999465942383
2010-12-29,1255.75,358.32000732421875,4775.2001953125,3890.64990234375,,,,,,,6566.64990234375,2841.22998046875,3.3410000801086426
2010-12-30,1254.5,356.3599853515625,4790.39990234375,3850.760009765625,,,,,,,6436.0400390625,2807.0400390625,3.36899995803833
2010-12-31,1253.0,,4745.2001953125,,,,,,,,,,3.305000066757202
2011-01-03,1265.25,359.8599853515625,,3900.860107421875,,,,,,,6493.8798828125,2839.429931640625,3.3420000076293945
2011-01-04,1265.25,358.8599853515625,4742.5,3916.030029296875,,,,,,,6494.31005859375,2844.169921875,3.3459999561309814
2011-01-05,1271.75,357.2799987792969,4714.89990234375,3904.610107421875,,,,,,,6519.25,2833.739990234375,3.4830000400543213
2011-01-06,1270.25,356.8900146484375,4725.0,3904.419921875,,,,,,,6532.83984375,2836.22998046875,3.4189999103546143
2011-01-07,1267.5,356.44000244140625,4705.0,3865.580078125,,,,,,,6497.64013671875,2808.25,3.328000068664551
2011-01-10,1265.5,354.2099914550781,4712.2998046875,3802.030029296875,,,,,,,6446.31982421875,2760.8798828125,3.303999900817871
2011-01-11,1270.5,358.29998779296875,4710.7001953125,3861.919921875,,,,,,,6534.83984375,2796.60009765625,3.3410000801086426
2011-01-12,1283.5,362.4100036621094,4724.2001953125,3945.070068359375,,,,,,,6613.75,2879.110107421875,3.3550000190734863
2011-01-13,1281.25,360.7900085449219,4795.2001953125,3974.830078125,,,,,,,6562.47021484375,2915.6201171875,3.3010001182556152
2011-01-14,1289.5,361.32000732421875,4801.5,3983.280029296875,,,,,,,6556.08984375,2920.39990234375,3.3329999446868896
2011-01-17,,361.0799865722656,4763.10009765625,3975.409912109375,,,,,,,6578.169921875,2910.6298828125,
2011-01-18,1294.75,363.7300109863281,4801.7998046875,4012.679931640625,,,,,,,6634.93017578125,2945.6201171875,3.364000082015991
2011-01-19,1278.5,357.9599914550781,4834.60009765625,3976.7099609375,,,,,,,6559.66015625,2923.760009765625,3.3369998931884766
2011-01-20,1276.25,356.1400146484375,4783.7001953125,3964.840087890625,,,,,,,6513.5,2927.419921875,3.4590001106262207
2011-01-21,1279.75,361.04998779296875,4755.7001953125,4017.449951171875,,,,,,,6567.31005859375,2970.56005859375,3.4159998893737793
2011-01-24,1288.5,360.989990234375,4786.0,4033.2099609375,,,,,,,6603.7998046875,2979.06005859375,3.4079999923706055
2011-01-25,1287.5,358.760009765625,4807.7998046875,4019.6201171875,,,,,,,6580.330078125,2957.780029296875,3.319000005722046
2011-01-26,1293.5,362.04998779296875,,4049.070068359375,,,,,,,6592.990234375,2967.780029296875,3.427999973297119
2011-01-27,1295.75,364.3299865722656,4806.10009765625,4059.570068359375,,,,,,,6562.35986328125,2989.75,3.384999990463257
2011-01-28,1271.5,361.1600036621094,4774.89990234375,4002.320068359375,,,,,,,6528.1298828125,2954.1298828125,3.3289999961853027
2011-01-31,1282.5,360.75,4753.89990234375,4005.5,,,,,,,6479.14990234375,2953.6298828125,3.378000020980835
2011-02-01,1302.75,367.1099853515625,4752.10009765625,4072.6201171875,,,,,,,6555.259765625,3006.81005859375,3.443000078201294
2011-02-02,1300.0,367.3900146484375,4796.5,4066.530029296875,,,,,,,6553.669921875,3012.699951171875,3.489000082015991
2011-02-03,1303.25,364.8900146484375,4820.60009765625,4036.590087890625,,,,,,,6544.91015625,2995.489990234375,3.5409998893737793
2011-02-04,1307.25,365.510009765625,4862.7001953125,4047.2099609375,,,,,,,6584.39990234375,3003.18994140625,3.6519999504089355
2011-02-07,1315.75,369.8500061035156,4868.5,4090.800048828125,,,,,,,6611.14013671875,3031.179931640625,3.6440000534057617
2011-02-08,1321.75,371.1099853515625,4890.39990234375,4108.27001953125,,,,,,,6638.66015625,3042.5,3.7249999046325684
2011-02-09,1319.25,369.17999267578125,4904.7998046875,4090.739990234375,,,,,,,6631.64013671875,3031.6201171875,3.6419999599456787
2011-02-10,1318.75,370.6099853515625,4914.39990234375,4095.139892578125,,,,,,,6612.06005859375,3025.679931640625,3.7079999446868896
2011-02-11,1327.25,369.6499938964844,4880.89990234375,4101.31005859375,,,,,,,6665.22021484375,3024.3701171875,3.6459999084472656
2011-02-14,1327.75,370.1700134277344,4935.7998046875,4096.6201171875,,,,,,,6666.06005859375,3018.3798828125,3.614000082015991
2011-02-15,1326.25,370.510009765625,4931.0,4110.33984375,,,,,,,6690.89990234375,3030.4599609375,3.615999937057495
2011-02-16,1333.0,371.489990234375,4930.2001953125,4151.259765625,,,,,,,6711.64990234375,3061.919921875,3.621000051498413
2011-02-17,1337.75,372.989990234375,4938.39990234375,4152.31005859375,,,,,,,6706.47021484375,3064.5400390625,3.5739998817443848
2011-02-18,1342.5,374.19000244140625,4936.7001953125,4157.14013671875,,,,,,,6717.25,3068.0,3.5889999866485596
2011-02-21,,370.9200134277344,4900.0,4097.41015625,,,,,,,6683.8701171875,3012.340087890625,
2011-02-22,1314.5,368.8299865722656,4856.7001953125,4050.27001953125,,,,,,,6622.490234375,2983.330078125,3.4609999656677246
2011-02-23,1305.5,365.239990234375,4845.89990234375,4013.1201171875,,,,,,,6622.77001953125,2954.919921875,3.486999988555908
2011-02-24,1302.75,363.7300109863281,4809.2998046875,4009.639892578125,,,,,,,6515.97021484375,2949.1298828125,3.437999963760376
2011-02-25,1318.75,366.7699890136719,4836.5,4070.3798828125,,,,,,,6537.2001953125,2985.02001953125,3.424999952316284
2011-02-28,1326.0,369.1300048828125,4831.7001953125,4110.35009765625,,,,,,,6610.43994140625,3013.090087890625,3.4140000343322754
2011-03-01,1301.0,367.95001220703125,4826.39990234375,4067.14990234375,,,,,,,6619.35986328125,2983.27001953125,3.4140000343322754
2011-03-02,1305.75,364.8599853515625,4803.2001953125,4034.320068359375,,,,,,,6592.06982421875,2958.800048828125,3.4639999866485596
2011-03-03,1329.75,367.6000061035156,4806.39990234375,4060.760009765625,,,,,,,6599.2099609375,2969.239990234375,3.572000026702881
2011-03-04,1320.25,367.95001220703125,4864.2998046875,4020.2099609375,,,,,,,6530.5400390625,2949.179931640625,3.492000102996826
2011-03-07,1309.0,366.0799865722656,4797.89990234375,3990.409912109375,,,,,,,6495.52001953125,2931.419921875,3.496999979019165
2011-03-08,1320.0,366.3800048828125,4808.2001953125,4015.909912109375,,,,,,,6511.2099609375,2945.419921875,3.5439999103546143
2011-03-09,1315.5,366.25,4767.7998046875,3993.81005859375,,,,,,,6446.60009765625,2935.110107421875,3.4690001010894775
2011-03-10,1294.25,362.1400146484375,4699.7001953125,3963.989990234375,,,,,,,6404.6201171875,2909.72998046875,3.3929998874664307
2011-03-11,1306.0,359.07000732421875,4644.7998046875,3928.679931640625,,,,,,,6353.759765625,2883.840087890625,3.3929998874664307
2011-03-14,1295.5,356.32000732421875,,3878.0400390625,,,,,,,6274.47021484375,2852.110107421875,3.3469998836517334
2011-03-15,1280.0,348.0899963378906,4528.7001953125,3780.85009765625,,,,,,,6101.009765625,2784.199951171875,3.322999954223633
2011-03-16,1258.75,343.20001220703125,4558.2001953125,3696.56005859375,,,,,,,6021.5498046875,2721.239990234375,3.2119998931884766
2011-03-17,1273.75,349.260009765625,4555.2998046875,3786.2099609375,,,,,,,6073.419921875,2786.159912109375,3.247999906539917
2011-03-18,1287.7099609375,350.4100036621094,4626.39990234375,3810.219970703125,,,,,,,6098.0498046875,2792.610107421875,3.2769999504089355
2011-03-21,1293.0,356.70001220703125,4642.7998046875,3904.449951171875,,,,,,,6223.91015625,2860.81005859375,3.322999954223633
2011-03-22,1288.25,356.3800048828125,4643.39990234375,3892.7099609375,,,,,,,6227.02978515625,2854.7900390625,3.3320000171661377
2011-03-23,1292.0,359.739990234375,4652.39990234375,3913.72998046875,,,,,,,6256.06005859375,2866.22998046875,3.3480000495910645
2011-03-24,1305.25,363.3900146484375,4699.60009765625,3968.840087890625,,,,,,,6319.22998046875,2909.780029296875,3.4040000438690186
2011-03-25,1310.0,364.6499938964844,4742.60009765625,3972.3798828125,,,,,,,6352.27978515625,2911.330078125,3.444000005722046
2011-03-28,1302.25,364.57000732421875,4733.60009765625,3976.949951171875,,,,,,,6359.02001953125,2914.760009765625,3.447999954223633
2011-03-29,1316.5,365.9100036621094,4755.7998046875,3987.800048828125,,,,,,,6355.06005859375,2910.929931640625,3.490999937057495
2011-03-30,1324.0,367.8699951171875,4822.2001953125,4024.43994140625,,,,,,,6398.419921875,2936.43994140625,3.4549999237060547
2011-03-31,1321.0,365.6199951171875,4837.89990234375,3989.179931640625,,,,,,,6357.5498046875,2910.909912109375,3.4539999961853027
2011-04-01,1327.75,369.45001220703125,4861.7998046875,4054.760009765625,,,,,,,6439.91015625,2962.919921875,3.4509999752044678
2011-04-04,1329.25,369.010009765625,4886.7998046875,4042.919921875,,,,,,,6414.60009765625,2955.840087890625,3.430999994277954
2011-04-05,1326.75,368.9599914550781,4900.10009765625,4041.739990234375,,,,,,,6430.2998046875,2950.9599609375,3.486999988555908
2011-04-06,1329.0,369.6400146484375,4912.89990234375,4048.159912109375,,,,,,,6443.06005859375,2971.47998046875,3.5450000762939453
2011-04-07,1328.5,367.3900146484375,4908.10009765625,4028.300048828125,,,,,,,6465.56982421875,2963.68994140625,3.555000066757202
2011-04-08,1323.75,366.94000244140625,4940.60009765625,4061.909912109375,,,,,,,6457.93017578125,2984.659912109375,3.569999933242798
2011-04-11,1319.5,366.4700012207031,4971.2001953125,4038.699951171875,,,,,,,6440.10986328125,2974.580078125,3.569999933242798
2011-04-12,1308.25,360.7699890136719,4898.7001953125,3976.60009765625,,,,,,,6351.60009765625,2932.330078125,3.5
2011-04-13,1308.75,362.760009765625,4911.0,4006.22998046875,,,,,,,6364.2998046875,2949.97998046875,3.4660000801086426
2011-04-14,1310.25,359.4800109863281,4884.2001953125,3970.389892578125,,,,,,,6357.02978515625,2917.719970703125,3.484999895095825
2011-04-15,1318.75,359.0,4852.10009765625,3974.47998046875,,,,,,,6400.259765625,2919.050048828125,3.4100000858306885
2011-04-18,1301.0,352.67999267578125,4861.89990234375,3881.239990234375,,,,,,,6244.9501953125,2847.9599609375,3.371000051498413
2011-04-19,1308.5,353.1700134277344,4793.2998046875,3908.580078125,,,,,,,6326.64990234375,2857.610107421875,3.3559999465942383
2011-04-20,1328.25,359.8699951171875,4859.0,4004.6201171875,,,,,,,6444.81005859375,2921.429931640625,3.4000000953674316
2011-04-21,1331.0,359.010009765625,4913.7998046875,4021.8798828125,,,,,,,6457.16015625,2936.300048828125,3.4000000953674316
2011-04-25,1330.75,,,,,,,,,,,,3.36299991607666
2011-04-26,1341.0,359.54998779296875,,4045.2900390625,,,,,,,6476.58984375,2955.360107421875,3.319999933242798
2011-04-27,1351.0,359.7099914550781,4872.89990234375,4067.719970703125,,,,,,,6472.419921875,2977.590087890625,3.368000030517578
2011-04-28,1355.0,359.489990234375,4873.0,4104.89990234375,,,,,,,6516.2099609375,3005.330078125,3.312000036239624
2011-04-29,1359.75,359.94000244140625,4823.2001953125,4106.919921875,,,,,,,6539.7001953125,3011.25,3.2960000038146973
2011-05-02,1357.75,361.55999755859375,4825.2998046875,4108.77001953125,,,,,,,6544.669921875,3008.889892578125,3.2860000133514404
2011-05-03,1352.0,360.4200134277344,4784.60009765625,4096.83984375,,,,,,,6510.60986328125,3000.389892578125,3.255000114440918
2011-05-04,1343.0,355.9100036621094,4740.10009765625,4043.1298828125,,,,,,,6470.35009765625,2952.02001953125,3.2230000495910645
2011-05-05,1335.0,354.82000732421875,4753.7001953125,4004.8701171875,,,,,,,6450.02978515625,2926.5400390625,3.1679999828338623
2011-05-06,1334.5,359.1199951171875,4743.0,4058.010009765625,,,,,,,6526.509765625,2952.89990234375,3.1570000648498535
2011-05-09,1342.75,355.92999267578125,4756.7998046875,4007.260009765625,,,,,,,6476.89013671875,2902.39990234375,3.1419999599456787
2011-05-10,1353.75,361.04998779296875,4725.7998046875,4052.510009765625,,,,,,,6526.16015625,2939.02001953125,3.194999933242798
2011-05-11,1338.75,360.54998779296875,4780.2001953125,4058.080078125,,,,,,,6562.81982421875,2942.429931640625,3.1570000648498535
2011-05-12,1347.5,357.5199890136719,4696.10009765625,4023.2900390625,,,,,,,6562.58984375,2917.050048828125,3.2300000190734863
2011-05-13,1334.0,354.8599853515625,4711.39990234375,4018.85009765625,,,,,,,6563.259765625,2894.60009765625,3.187000036239624
2011-05-16,1325.5,352.29998779296875,4650.0,3989.820068359375,,,,,,,6564.14990234375,2881.31005859375,3.1489999294281006
2011-05-17,1325.5,347.7200012207031,4683.89990234375,3941.580078125,,,,,,,6496.56005859375,2849.60009765625,3.121000051498413
2011-05-18,1338.5,349.1000061035156,4693.7001953125,3978.0,,,,,,,6535.240234375,2867.300048828125,3.1710000038146973
2011-05-19,1341.75,350.8399963378906,4756.39990234375,4027.739990234375,,,,,,,6557.9501953125,2890.60009765625,3.1710000038146973
2011-05-20,1327.75,348.239990234375,4732.2001953125,3990.85009765625,,,,,,,6530.60986328125,2853.97998046875,3.1519999504089355
2011-05-23,1315.25,342.4599914550781,4643.0,3906.97998046875,,,,,,,6437.81982421875,2794.260009765625,3.134000062942505
2011-05-24,1313.5,343.20001220703125,4628.7998046875,3916.8798828125,,,,,,,6454.2900390625,2801.27001953125,3.122999906539917
2011-05-25,1316.5,344.9100036621094,4584.7001953125,3928.989990234375,,,,,,,6464.5498046875,2816.840087890625,3.128999948501587
2011-05-26,1326.5,344.4700012207031,4660.2001953125,3917.219970703125,,,,,,,6469.16015625,2799.820068359375,3.061000108718872
2011-05-27,1330.0,346.05999755859375,4684.0,3950.97998046875,,,,,,,6489.31982421875,2819.39990234375,3.063999891281128
2011-05-30,,346.20001220703125,4667.5,3942.530029296875,,,,,,,6470.7998046875,,
2011-05-31,1344.0,349.44000244140625,4708.2998046875,4006.93994140625,,,,,,,6554.7099609375,,3.049999952316284
2011-06-01,1312.0,345.95001220703125,4707.2998046875,3964.81005859375,,,,,,,6496.47021484375,2827.659912109375,2.9660000801086426
2011-06-02,1312.5,340.6400146484375,4600.39990234375,3889.8701171875,,,,,,,,,3.0299999713897705
2011-06-03,1296.25,340.239990234375,4583.10009765625,3890.679931640625,,,,,,,6407.39013671875,2789.110107421875,2.996999979019165
2011-06-06,1285.0,339.17999267578125,4569.10009765625,3863.39990234375,,,,,,,6370.06005859375,2765.330078125,3.002000093460083
2011-06-07,1284.75,338.92999267578125,4566.2998046875,3871.919921875,,,,,,,6330.64990234375,2774.5,3.010999917984009
2011-06-08,1277.0,335.6499938964844,4536.7998046875,3837.97998046875,,,,,,,6256.85986328125,2752.06005859375,2.9619998931884766
2011-06-09,1287.5,338.0400085449219,4549.60009765625,3878.64990234375,,,,,,,6271.009765625,2778.1201171875,2.997999906539917
2011-06-10,1269.25,333.8299865722656,4562.10009765625,3805.090087890625,,,,,,,6197.25,2732.5400390625,2.9709999561309814
2011-06-13,1271.5,334.0299987792969,,3807.610107421875,,,,,,,,,2.990999937057495
2011-06-14,1290.0,337.5199890136719,4585.0,3864.580078125,,,,,,,6255.68017578125,2779.93994140625,3.0989999771118164
2011-06-15,1265.5,334.0400085449219,4566.7998046875,3806.85009765625,,,,,,,6198.169921875,2731.5,2.9730000495910645
2011-06-16,1269.0,332.3500061035156,4479.2001953125,3792.31005859375,,,,,,,6157.669921875,2730.6201171875,2.9089999198913574
2011-06-17,1279.4000244140625,333.1099853515625,4484.89990234375,3823.739990234375,,,,,,,6145.16015625,2770.1201171875,2.944000005722046
2011-06-20,1273.75,331.6400146484375,4451.7001953125,3799.659912109375,,,,,,,6113.7001953125,2748.010009765625,2.9630000591278076
2011-06-21,1288.0,336.1400146484375,4508.2001953125,3877.070068359375,,,,,,,6171.009765625,2801.989990234375,2.984999895095825
2011-06-22,1279.75,334.1700134277344,4532.60009765625,3871.3701171875,,,,,,,6113.43994140625,2795.070068359375,2.993000030517578
2011-06-23,1277.0,328.57000732421875,4500.5,3787.7900390625,,,,,,,5991.08984375,2730.860107421875,2.9089999198913574
2011-06-24,1264.0,328.739990234375,4508.10009765625,3784.800048828125,,,,,,,5998.02001953125,2715.8798828125,2.871000051498413
2011-06-27,1276.25,328.510009765625,4461.7998046875,3796.550048828125,,,,,,,5990.81982421875,2723.929931640625,2.927000045776367
2011-06-28,1294.5,329.8999938964844,4474.2998046875,3851.889892578125,,,,,,,6002.39990234375,2750.489990234375,3.0450000762939453
2011-06-29,1304.25,335.2799987792969,4529.5,3924.22998046875,,,,,,,6101.5498046875,2802.550048828125,3.1080000400543213
2011-06-30,1315.5,339.6499938964844,4608.0,3982.2099609375,,,,,,,6187.06982421875,2848.530029296875,3.1579999923706055
2011-07-01,1334.75,342.82000732421875,4591.2001953125,4007.35009765625,,,,,,,6237.81005859375,2875.669921875,3.197000026702881
2011-07-04,,343.5,4610.7001953125,4003.110107421875,,,,,,,6245.77978515625,2870.18994140625,
2011-07-05,1336.75,343.1000061035156,4598.10009765625,3978.830078125,,,,,,,6243.009765625,2850.510009765625,3.135999917984009
2011-07-06,1335.75,341.6199951171875,4605.0,3961.340087890625,,,,,,,6179.35009765625,2832.6298828125,3.0950000286102295
2011-07-07,1351.75,345.1600036621094,4605.5,3979.9599609375,,,,,,,6211.10986328125,2844.510009765625,3.1489999294281006
2011-07-08,1341.75,342.4800109863281,4654.7001953125,3913.550048828125,,,,,,,6152.68994140625,2790.090087890625,3.0160000324249268
2011-07-11,1318.5,336.1600036621094,4582.2998046875,3807.510009765625,,,,,,,6053.0,2709.139892578125,2.9170000553131104
2011-07-12,1310.75,332.1199951171875,4495.39990234375,3774.1201171875,,,,,,,6014.83984375,2693.530029296875,2.9079999923706055
2011-07-13,1312.25,332.9800109863281,4514.7998046875,3793.27001953125,,,,,,,6025.22998046875,2715.050048828125,2.8910000324249268
2011-07-14,1306.75,330.4599914550781,4490.7001953125,3751.22998046875,,,,,,,5980.97021484375,2631.97998046875,2.944000005722046
2011-07-15,1315.0,329.489990234375,4473.5,3726.590087890625,,,,,,,5938.06005859375,2675.3798828125,2.9079999923706055
2011-07-18,1300.5,323.1700134277344,4472.0,3650.7099609375,,,,,,,5826.259765625,2622.360107421875,2.9089999198913574
2011-07-19,1321.25,326.1700134277344,4468.10009765625,3694.949951171875,,,,,,,5896.5498046875,2631.97998046875,2.8910000324249268
2011-07-20,1321.25,330.6499938964844,4549.7001953125,3754.60009765625,,,,,,,5966.5400390625,2705.75,2.933000087738037
2011-07-21,1342.5,336.8599853515625,4556.0,3816.75,,,,,,,6042.06005859375,2631.97998046875,3.009999990463257
2011-07-22,1341.0,338.6000061035156,4602.89990234375,3842.699951171875,,,,,,,6031.93017578125,2772.60009765625,2.9639999866485596
2011-07-25,1333.5,337.2699890136719,4530.39990234375,3812.969970703125,,,,,,,6017.490234375,2742.699951171875,3.003999948501587
2011-07-26,1326.25,336.739990234375,4573.2998046875,3787.8798828125,,,,,,,5990.18017578125,2739.64990234375,2.9509999752044678
2011-07-27,1299.0,333.1000061035156,4537.39990234375,3734.070068359375,,,,,,,5904.47021484375,2693.7099609375,2.9800000190734863
2011-07-28,1296.75,332.55999755859375,4463.7998046875,3712.659912109375,,,,,,,5871.41015625,2692.760009765625,2.9509999752044678
2011-07-29,1288.5,329.2200012207031,4424.60009765625,3672.77001953125,,,,,,,5783.35009765625,2670.3701171875,2.805000066757202
2011-08-01,1279.75,324.5899963378906,,3588.050048828125,,,,,,,,,2.740000009536743
2011-08-02,1247.25,320.0,4433.60009765625,3522.7900390625,,,,,,,5546.93994140625,2544.889892578125,2.624000072479248
2011-08-03,1254.5,310.69000244140625,4332.7998046875,3454.93994140625,,,,,,,5483.14990234375,2497.830078125,2.5989999771118164
2011-08-04,1198.75,300.8500061035156,4276.5,3320.35009765625,,,,,,,5285.25,2412.2900390625,2.4579999446868896
2011-08-05,1197.75,296.3500061035156,4105.39990234375,3278.56005859375,,,,,,,5172.06005859375,2375.14990234375,2.558000087738037
2011-08-08,1111.25,283.3599853515625,3986.10009765625,3125.18994140625,,,,,,,4967.990234375,2286.909912109375,2.3389999866485596
2011-08-09,1171.75,287.04998779296875,4034.800048828125,3176.18994140625,,,,,,,4997.919921875,2294.239990234375,2.181999921798706
2011-08-10,1123.5,277.2699890136719,4141.2998046875,3002.989990234375,,,,,,,4791.9599609375,2153.77001953125,2.13700008392334
2011-08-11,1168.5,282.7900085449219,4140.7998046875,3089.659912109375,,,,,,,5032.75,2215.449951171875,2.3359999656677246
2011-08-12,1176.75,291.8999938964844,4172.60009765625,3213.8798828125,,,,,,,5252.81005859375,2307.330078125,2.236999988555908
2011-08-15,1198.5,293.70001220703125,4282.89990234375,3239.06005859375,,,,,,,5324.72998046875,2324.47998046875,2.2850000858306885
2011-08-16,1192.25,291.510009765625,4247.2998046875,3230.89990234375,,,,,,,5373.2998046875,2323.669921875,2.2139999866485596
2011-08-17,1190.0,292.6499938964844,4303.89990234375,3254.340087890625,,,,,,,5421.2099609375,2331.1201171875,2.1649999618530273
2011-08-18,1143.5,279.5799865722656,4251.2001953125,3076.0400390625,,,,,,,5196.0,2206.610107421875,2.0829999446868896
2011-08-19,1124.0,274.1499938964844,4101.89990234375,3016.989990234375,,,,,,,5093.75,2159.070068359375,2.071000099182129
2011-08-22,1123.25,276.3699951171875,4082.300048828125,3051.360107421875,,,,,,,5144.02001953125,2183.389892578125,2.0880000591278076
2011-08-23,1158.5,278.32000732421875,4173.39990234375,3084.3701171875,,,,,,,5230.580078125,2199.97998046875,2.13700008392334
2011-08-24,1172.0,281.5799865722656,4167.60009765625,3139.550048828125,,,,,,,5328.490234375,2238.699951171875,2.259999990463257
2011-08-25,1157.5,278.489990234375,4212.7998046875,3119.0,,,,,,,5298.18017578125,2216.699951171875,2.2219998836517334
2011-08-26,1176.0,276.6000061035156,4200.0,3087.639892578125,,,,,,,5323.1201171875,2190.43994140625,2.187999963760376
2011-08-29,1208.0,281.260009765625,4263.2998046875,3154.199951171875,,,,,,,5446.47021484375,2239.300048828125,2.2709999084472656
2011-08-30,1204.75,283.6400146484375,4269.2001953125,3159.739990234375,,,,,,,5449.16015625,2239.139892578125,2.1760001182556152
2011-08-31,1217.75,292.92999267578125,4296.5,3256.760009765625,,,,,,,5528.52001953125,2302.080078125,2.2179999351501465
2011-09-01,1201.25,293.9599914550781,4307.5,3265.830078125,,,,,,,5531.5400390625,2305.75,2.1459999084472656
2011-09-02,1169.25,286.42999267578125,4242.89990234375,3148.530029296875,,,,,,,5359.669921875,2220.719970703125,1.996000051498413
2011-09-05,,274.45001220703125,4141.89990234375,2999.5400390625,,,,,,,5142.990234375,2107.27001953125,
2011-09-06,1164.5,273.3299865722656,4075.5,2965.639892578125,,,,,,,5367.240234375,2080.10009765625,1.9789999723434448
2011-09-07,1199.0,281.04998779296875,4183.39990234375,3073.179931640625,,,,,,,5501.259765625,2151.159912109375,2.0360000133514404
2011-09-08,1185.75,283.3900146484375,4188.0,3085.830078125,,,,,,,5528.91015625,2163.39990234375,1.9859999418258667
2011-09-09,1158.0,276.1000061035156,4194.7001953125,2974.590087890625,,,,,,,5430.77001953125,2073.669921875,1.9149999618530273
2011-09-12,1163.25,268.4800109863281,4038.5,2854.81005859375,,,,,,,5303.14013671875,1995.010009765625,1.9299999475479126
2011-09-13,1171.5,270.04998779296875,4072.699951171875,2894.929931640625,,,,,,,5359.14013671875,2036.6400146484375,1.99399995803833
2011-09-14,1188.5,273.55999755859375,4005.800048828125,2949.139892578125,,,,,,,5417.89013671875,2083.3798828125,2.010999917984009
2011-09-15,1210.75,278.5199890136719,4071.699951171875,3045.6201171875,,,,,,,5433.47998046875,2155.6201171875,2.0850000381469727
2011-09-16,1216.739990234375,281.7300109863281,4149.39990234375,3031.080078125,,,,,,,5452.8798828125,2159.280029296875,2.0759999752044678
2011-09-19,1197.75,274.6300048828125,4081.5,2940.0,,,,,,,5360.56005859375,2096.10009765625,1.940000057220459
2011-09-20,1196.0,279.5400085449219,4040.199951171875,2984.050048828125,,,,,,,5471.39990234375,2140.409912109375,1.9470000267028809
2011-09-21,1155.75,275.67999267578125,4071.800048828125,2935.820068359375,,,,,,,5475.33984375,2098.489990234375,1.875
2011-09-22,1123.5,263.44000244140625,3964.89990234375,2781.679931640625,,,,,,,5288.47998046875,1995.75,1.715000033378601
2011-09-23,1129.75,264.7200012207031,3903.199951171875,2810.110107421875,,,,,,,5298.830078125,2026.030029296875,1.8079999685287476
2011-09-26,1158.5,269.8299865722656,3863.89990234375,2859.340087890625,,,,,,,5401.009765625,2083.35009765625,1.9040000438690186
2011-09-27,1169.5,282.0400085449219,4004.60009765625,3023.3798828125,,,,,,,5564.6201171875,2194.030029296875,2.0160000324249268
2011-09-28,1148.75,278.30999755859375,4039.5,2995.6201171875,,,,,,,5551.64990234375,2176.639892578125,2.002000093460083
2011-09-29,1156.25,283.9800109863281,4008.300048828125,3027.64990234375,,,,,,,5608.60009765625,2212.43994140625,1.9570000171661377
2011-09-30,1126.0,280.17999267578125,4008.60009765625,2981.9599609375,,,,,,,5531.740234375,2179.659912109375,1.9240000247955322
2011-10-03,1086.25,275.6400146484375,,2926.830078125,,,,,,,5495.68994140625,2138.239990234375,1.784999966621399
2011-10-04,1113.5,270.05999755859375,3872.10009765625,2850.550048828125,,,,,,,5444.5498046875,2091.090087890625,1.781000018119812
2011-10-05,1135.0,278.0899963378906,3926.5,2973.89990234375,,,,,,,5504.990234375,2179.419921875,1.9049999713897705
2011-10-06,1157.5,285.80999755859375,4069.89990234375,3075.3701171875,,,,,,,5640.06982421875,2248.780029296875,1.9859999418258667
2011-10-07,1155.0,288.30999755859375,4162.89990234375,3095.56005859375,,,,,,,5652.22998046875,2269.18994140625,2.068000078201294
2011-10-10,1191.0,293.3399963378906,,3161.469970703125,,,,,,,5718.56005859375,2320.800048828125,2.0759999752044678
2011-10-11,1189.5,292.8800048828125,4227.60009765625,3153.52001953125,,,,,,,5732.18994140625,2315.969970703125,2.1600000858306885
2011-10-12,1198.25,300.1400146484375,4204.2998046875,3229.760009765625,,,,,,,5781.1298828125,2372.14990234375,2.2260000705718994
2011-10-13,1198.0,297.3900146484375,4244.5,3186.93994140625,,,,,,,5713.169921875,2332.52001953125,2.1689999103546143
2011-10-14,1219.25,302.4100036621094,4205.60009765625,3217.889892578125,,,,,,,5761.1201171875,2355.47998046875,2.2320001125335693
2011-10-17,1194.0,299.239990234375,4275.39990234375,3166.06005859375,,,,,,,5723.41015625,2315.889892578125,2.1549999713897705
2011-10-18,1223.0,298.67999267578125,4186.89990234375,3141.10009765625,,,,,,,5682.509765625,2306.81005859375,2.1510000228881836
2011-10-19,1206.5,301.67999267578125,4213.7001953125,3157.340087890625,,,,,,,5699.97998046875,2330.080078125,2.1589999198913574
2011-10-20,1210.0,299.010009765625,4144.89990234375,3084.070068359375,,,,,,,5657.66015625,2271.77001953125,2.180000066757202
2011-10-21,1235.25,305.70001220703125,4141.89990234375,3171.340087890625,,,,,,,5753.52001953125,2337.510009765625,2.203000068664551
2011-10-24,1247.0,308.32000732421875,4255.0,3220.4599609375,,,,,,,5788.6298828125,2369.070068359375,2.2339999675750732
2011-10-25,1224.5,304.9800109863281,4227.89990234375,3174.2900390625,,,,,,,5708.7900390625,2343.9599609375,2.128000020980835
2011-10-26,1237.5,303.8399963378906,4242.5,3169.6201171875,,,,,,,5700.5,2335.06005859375,2.203000068664551
2011-10-27,1282.5,315.45001220703125,4348.2001953125,3368.6201171875,,,,,,,5823.0,2476.919921875,2.3949999809265137
2011-10-28,1281.0,313.010009765625,4353.2998046875,3348.6298828125,,,,,,,5852.66015625,2462.360107421875,2.305999994277954
2011-10-31,1249.25,307.5,4298.10009765625,3242.840087890625,,,,,,,5731.27001953125,2385.219970703125,2.174999952316284
2011-11-01,1224.5,296.19000244140625,,3068.330078125,,,,,,,5588.56982421875,2259.72998046875,2.000999927520752
2011-11-02,1234.25,298.2099914550781,4184.60009765625,3110.590087890625,,,,,,,5611.0498046875,2291.889892578125,2.00600004196167
2011-11-03,1255.75,304.5,4171.7998046875,3195.469970703125,,,,,,,5668.0498046875,2347.93994140625,2.065999984741211
2011-11-04,1251.0,301.9700012207031,4281.10009765625,3123.550048828125,,,,,,,5659.830078125,2291.469970703125,2.049999952316284
2011-11-07,1257.5,299.75,4273.39990234375,3103.60009765625,,,,,,,5645.9599609375,2275.919921875,1.99399995803833
2011-11-08,1273.25,303.9800109863281,4293.7998046875,3143.300048828125,,,,,,,5682.64990234375,2303.199951171875,2.065000057220459
2011-11-09,1225.75,294.3999938964844,4346.10009765625,3075.159912109375,,,,,,,5607.85009765625,2249.389892578125,1.9550000429153442
2011-11-10,1237.5,294.32000732421875,4244.10009765625,3064.840087890625,,,,,,,5565.77978515625,2254.919921875,2.055999994277954
2011-11-11,1261.5,300.9800109863281,4296.5,3149.3798828125,,,,,,,5649.02978515625,2324.81005859375,2.055999994277954
2011-11-14,1252.5,296.8999938964844,4304.60009765625,3108.949951171875,,,,,,,5661.7099609375,2288.320068359375,2.0429999828338623
2011-11-15,1254.0,292.92999267578125,4285.60009765625,3049.1298828125,,,,,,,5664.91015625,2254.0,2.056999921798706
2011-11-16,1231.0,294.4700012207031,4247.39990234375,3064.89990234375,,,,,,,5685.7998046875,2267.9599609375,2.0239999294281006
2011-11-17,1214.75,290.2099914550781,4258.2001953125,3010.2900390625,,,,,,,5644.6201171875,2242.780029296875,1.9579999446868896
2011-11-18,1214.0,288.010009765625,4177.0,2997.010009765625,,,,,,,5614.60986328125,2236.679931640625,2.01200008392334
2011-11-21,1190.75,278.8399963378906,4163.0,2894.93994140625,,,,,,,5477.259765625,2160.280029296875,1.9620000123977661
2011-11-22,1182.75,276.9100036621094,4133.0,2870.679931640625,,,,,,,5447.66015625,2136.81005859375,1.9390000104904175
2011-11-23,1160.0,272.7900085449219,4051.0,2822.429931640625,,,,,,,5386.14013671875,2096.7900390625,1.878999948501587
2011-11-24,,271.6099853515625,4044.199951171875,2822.25,,,,,,,5356.9599609375,,
2011-11-25,1153.5,274.3699951171875,3984.300048828125,2856.969970703125,,,,,,,5395.60986328125,2111.260009765625,1.9670000076293945
2011-11-28,1191.0,285.07000732421875,4058.199951171875,3012.929931640625,,,,,,,5522.66015625,2221.760009765625,1.9579999446868896
2011-11-29,1196.5,287.54998779296875,4102.10009765625,3026.760009765625,,,,,,,5531.240234375,2234.169921875,1.996000051498413
2011-11-30,1246.0,299.67999267578125,4119.7998046875,3154.6201171875,,,,,,,5652.31005859375,2330.429931640625,2.068000078201294
2011-12-01,1243.5,296.9700012207031,4228.60009765625,3129.949951171875,,,,,,,5681.56982421875,2313.840087890625,2.117000102996826
2011-12-02,1243.5,300.7699890136719,4288.0,3164.949951171875,,,,,,,5718.85009765625,2342.5,2.0420000553131104
2011-12-05,1255.0,305.1000061035156,4321.2998046875,3201.280029296875,,,,,,,5739.85986328125,2369.389892578125,2.053999900817871
2011-12-06,1255.0,304.79998779296875,4262.0,3179.6298828125,,,,,,,5767.93017578125,2356.7099609375,2.0929999351501465
2011-12-07,1264.0,304.30999755859375,4292.5,3175.97998046875,,,,,,,5766.240234375,2344.919921875,2.0169999599456787
2011-12-08,1236.0,299.7900085449219,4280.7001953125,3095.489990234375,,,,,,,5737.81982421875,2288.050048828125,1.972000002861023
2011-12-09,1258.75,304.5799865722656,4203.0,3172.35009765625,,,,,,,5793.56982421875,2342.590087890625,2.052000045776367
2011-12-12,1235.25,297.3900146484375,4252.7998046875,3089.590087890625,,,,,,,5747.08984375,2269.4599609375,2.009000062942505
2011-12-13,1226.25,298.55999755859375,4193.39990234375,3078.719970703125,,,,,,,5759.72021484375,2260.97998046875,1.9620000123977661
2011-12-14,1212.5,292.1499938964844,4190.5,2976.169921875,,,,,,,5719.08984375,2205.909912109375,1.9010000228881836
2011-12-15,1218.0,294.6199951171875,4139.7998046875,2998.72998046875,,,,,,,5784.14013671875,2224.889892578125,1.9129999876022339
2011-12-16,1224.0,294.0299987792969,4159.2001953125,2972.300048828125,,,,,,,5733.5,2202.719970703125,1.8539999723434448
2011-12-19,1199.0,293.8999938964844,4060.39990234375,2974.199951171875,,,,,,,5767.97998046875,2202.949951171875,1.812999963760376
2011-12-20,1236.0,301.7900085449219,4053.10009765625,3055.389892578125,,,,,,,5804.31005859375,2262.389892578125,1.9249999523162842
2011-12-21,1236.25,300.79998779296875,4139.5,3030.469970703125,,,,,,,5804.77001953125,2244.35009765625,1.9670000076293945
2011-12-22,1249.0,305.17999267578125,4090.800048828125,3071.800048828125,,,,,,,5837.06005859375,2273.02001953125,1.9509999752044678
2011-12-23,1260.25,307.7900085449219,4140.39990234375,3102.090087890625,,,,,,,5893.89013671875,2290.3701171875,2.0299999713897705
2011-12-27,1260.25,309.3699951171875,,3103.110107421875,,,,,,,5886.91015625,2290.31005859375,2.009000062942505
2011-12-28,1244.5,306.760009765625,4088.800048828125,3071.080078125,,,,,,,5895.25,2255.030029296875,1.9079999923706055
2011-12-29,1257.5,310.760009765625,4071.10009765625,3127.56005859375,,,,,,,5896.60009765625,2292.280029296875,1.8969999551773071
2011-12-30,1252.5,312.4700012207031,4056.60009765625,3159.81005859375,,,,,,,5936.22998046875,2316.550048828125,1.871000051498413
2012-01-03,1272.0,318.0400085449219,4101.2001953125,3245.39990234375,,,,,,,6050.93017578125,2389.909912109375,1.9600000381469727
2012-01-04,1273.0,314.5299987792969,4187.7998046875,3193.64990234375,,,,,,,6058.080078125,2349.889892578125,1.9950000047683716
2012-01-05,1273.0,311.9200134277344,4142.7001953125,3144.909912109375,,,,,,,6026.56982421875,2315.75,1.9930000305175781
2012-01-06,1274.25,311.1099853515625,4108.5,3137.360107421875,,,,,,,6013.830078125,2298.64990234375,1.9609999656677246
2012-01-09,1275.5,311.760009765625,4105.39990234375,3127.68994140625,,,,,,,5987.5400390625,2286.449951171875,1.9600000381469727
2012-01-10,1286.0,315.5,4152.2001953125,3210.7900390625,,,,,,,6050.77978515625,2347.469970703125,1.972000002861023
2012-01-11,1288.25,311.6499938964844,4187.5,3204.830078125,,,,,,,6008.0400390625,2339.510009765625,1.9040000438690186
2012-01-12,1291.75,310.29998779296875,4181.0,3199.97998046875,,,,,,,6018.06982421875,2345.85009765625,1.9329999685287476
2012-01-13,1289.0,309.2799987792969,4195.89990234375,3196.489990234375,,,,,,,5996.33984375,2338.010009765625,1.8530000448226929
2012-01-16,,313.2300109863281,,3225.0,,,,,,,6031.240234375,2361.56005859375,
2012-01-17,1289.25,315.6400146484375,4215.60009765625,3269.989990234375,,,,,,,6056.169921875,2396.6298828125,1.850000023841858
2012-01-18,1302.25,315.5199890136719,4217.89990234375,3264.929931640625,,,,,,,6116.22998046875,2390.639892578125,1.8969999551773071
2012-01-19,1310.5,320.4800109863281,4214.7998046875,3328.93994140625,,,,,,,6194.4501953125,2435.0400390625,1.972000002861023
2012-01-20,1310.75,320.30999755859375,4239.60009765625,3321.5,,,,,,,6122.669921875,2426.9599609375,2.0280001163482666
2012-01-23,1311.0,323.0199890136719,4225.10009765625,3338.419921875,,,,,,,6127.669921875,2441.43994140625,2.066999912261963
2012-01-24,1311.5,320.9700012207031,4224.2001953125,3322.64990234375,,,,,,,6135.10009765625,2432.070068359375,2.063999891281128
2012-01-25,1320.25,319.44000244140625,4271.2998046875,3312.47998046875,,,,,,,6073.35986328125,2421.1201171875,2.006999969482422
2012-01-26,1315.25,322.82000732421875,,3363.22998046875,,,,,,,6100.43017578125,2460.39990234375,1.930999994277954
2012-01-27,1312.5,319.3599853515625,4288.39990234375,3318.760009765625,,,,,,,6033.52001953125,2436.6201171875,1.8980000019073486
2012-01-30,1309.0,315.6300048828125,4272.7001953125,3265.639892578125,,,,,,,5970.740234375,2404.6201171875,1.8370000123977661
2012-01-31,1308.25,318.4700012207031,4262.7001953125,3298.550048828125,,,,,,,5970.490234375,2416.659912109375,1.7990000247955322
2012-02-01,1319.75,325.1499938964844,4225.7001953125,3367.4599609375,,,,,,,6069.91015625,2470.7900390625,1.8459999561309814
2012-02-02,1322.75,323.05999755859375,4267.7998046875,3376.659912109375,,,,,,,6064.41015625,2478.14990234375,1.8250000476837158
2012-02-03,1339.0,326.3299865722656,4251.2001953125,3427.919921875,,,,,,,6153.31005859375,2515.14990234375,1.9490000009536743
2012-02-06,1339.0,325.05999755859375,4296.0,3405.27001953125,,,,,,,6147.02978515625,2507.889892578125,1.9010000228881836
2012-02-07,1344.75,325.9700012207031,4274.2001953125,3411.5400390625,,,,,,,6157.58984375,2514.1201171875,1.965999960899353
2012-02-08,1347.0,325.3299865722656,4290.7001953125,3410.0,,,,,,,6155.85986328125,2512.919921875,1.975000023841858
2012-02-09,1348.25,325.1199951171875,4282.89990234375,3424.7099609375,,,,,,,6169.6298828125,2522.340087890625,2.046999931335449
2012-02-10,1340.5,320.0899963378906,4245.2998046875,3373.139892578125,,,,,,,6130.66015625,2480.760009765625,1.968999981880188
2012-02-13,1349.0,322.6099853515625,4285.10009765625,3384.550048828125,,,,,,,6177.43994140625,2491.5400390625,1.9900000095367432
2012-02-14,1347.75,321.8699951171875,4242.7998046875,3375.639892578125,,,,,,,6163.81982421875,2488.2900390625,1.9240000247955322
2012-02-15,1342.25,322.8599853515625,4253.39990234375,3390.35009765625,,,,,,,6198.33984375,2493.9599609375,1.930999994277954
2012-02-16,1354.75,325.17999267578125,4181.89990234375,3393.25,,,,,,,6217.27978515625,2489.35009765625,1.9930000305175781
2012-02-17,1359.75,327.92999267578125,4195.89990234375,3439.6201171875,,,,,,,6237.68994140625,2520.31005859375,2.009999990463257
2012-02-20,,332.5799865722656,4256.10009765625,3472.5400390625,,,,,,,6242.990234375,,
2012-02-21,1360.0,330.510009765625,4291.2001953125,3465.239990234375,,,,,,,6237.81982421875,2541.60009765625,2.0450000762939453
2012-02-22,1356.0,326.7699890136719,4293.10009765625,3447.3701171875,,,,,,,6192.419921875,2519.0,2.005000114440918
2012-02-23,1363.0,326.2200012207031,4286.2001953125,3447.31005859375,,,,,,,6200.97021484375,2508.080078125,1.9839999675750732
2012-02-24,1363.25,324.9100036621094,4306.7998046875,3467.030029296875,,,,,,,6184.1298828125,2523.68994140625,1.9769999980926514
2012-02-27,1367.25,324.9800109863281,4267.39990234375,3441.449951171875,,,,,,,6143.919921875,2513.06005859375,1.9220000505447388
2012-02-28,1371.5,325.54998779296875,4262.7001953125,3453.989990234375,,,,,,,6125.08984375,2519.719970703125,1.9290000200271606
2012-02-29,1364.5,324.25,4298.5,3452.449951171875,,,,,,,6109.93017578125,2512.110107421875,1.9769999980926514
2012-03-01,1374.5,326.54998779296875,4255.5,3499.72998046875,,,,,,,6128.27978515625,2548.659912109375,2.0369999408721924
2012-03-02,1368.75,327.8500061035156,4273.10009765625,3501.169921875,,,,,,,6149.3701171875,2546.159912109375,1.9859999418258667
2012-03-05,1364.5,325.6400146484375,4263.0,3487.5400390625,,,,,,,6153.91015625,2529.860107421875,2.005000114440918
2012-03-06,1342.0,317.5299987792969,4204.7001953125,3362.56005859375,,,,,,,6047.52978515625,2443.52001953125,1.944000005722046
2012-03-07,1352.75,319.6400146484375,4143.7001953125,3392.330078125,,,,,,,6102.5400390625,2460.77001953125,1.972000002861023
2012-03-08,1366.5,325.1099853515625,4171.0,3478.360107421875,,,,,,,6153.93017578125,2514.219970703125,2.0139999389648438
2012-03-09,1372.5,326.0299987792969,4212.0,3487.47998046875,,,,,,,6188.509765625,2515.949951171875,2.0380001068115234
2012-03-12,1372.5,326.1000061035156,4196.7001953125,3490.06005859375,,,,,,,6189.85986328125,2514.969970703125,2.0309998989105225
2012-03-13,1396.25,331.489990234375,4247.60009765625,3550.159912109375,,,,,,,6260.02001953125,2556.820068359375,2.1070001125335693
2012-03-14,1394.25,333.20001220703125,4287.2001953125,3564.510009765625,,,,,,,6300.43017578125,2574.7900390625,2.2739999294281006
2012-03-15,1401.75,335.1000061035156,4277.7998046875,3580.2099609375,,,,,,,6332.22021484375,2593.969970703125,2.2809998989105225
2012-03-16,1405.75,336.1700134277344,4276.2001953125,3594.830078125,,,,,,,6341.330078125,2608.300048828125,2.2980000972747803
2012-03-19,1404.0,336.1199951171875,4290.7998046875,3577.8798828125,,,,,,,6326.56005859375,2608.419921875,2.378999948501587
2012-03-20,1400.0,332.04998779296875,4275.0,3530.830078125,,,,,,,6296.16015625,2576.610107421875,2.371999979019165
2012-03-21,1397.5,330.7799987792969,4254.2998046875,3527.3701171875,,,,,,,6290.0,2567.580078125,2.2939999103546143
2012-03-22,1389.0,326.9200134277344,4273.7001953125,3472.4599609375,,,,,,,6249.56005859375,2530.219970703125,2.2750000953674316
2012-03-23,1394.0,326.19000244140625,4270.39990234375,3476.179931640625,,,,,,,6240.330078125,2525.429931640625,2.236999988555908
2012-03-26,1415.0,330.2300109863281,4262.7998046875,3501.97998046875,,,,,,,6283.259765625,2539.8701171875,2.24399995803833
2012-03-27,1406.5,328.989990234375,4301.2998046875,3469.590087890625,,,,,,,6269.3798828125,2525.2099609375,2.187000036239624
2012-03-28,1400.25,325.6199951171875,4343.5,3430.14990234375,,,,,,,6250.43017578125,2496.679931640625,2.196000099182129
2012-03-29,1398.25,321.0899963378906,4337.89990234375,3381.1201171875,,,,,,,6176.259765625,2452.739990234375,2.1589999198913574
2012-03-30,1403.25,323.510009765625,4335.2001953125,3423.81005859375,,,,,,,6235.509765625,2477.280029296875,2.2160000801086426
2012-04-02,1412.5,326.3900146484375,4329.2998046875,3462.909912109375,,,,,,,6299.3798828125,2501.179931640625,2.193000078201294
2012-04-03,1408.75,322.0299987792969,4337.0,3406.780029296875,,,,,,,6258.66015625,2458.97998046875,2.2839999198913574
2012-04-04,1393.25,313.8699951171875,4333.89990234375,3313.469970703125,,,,,,,6166.7900390625,2398.4599609375,2.243000030517578
2012-04-05,1390.25,314.9100036621094,4319.7998046875,3319.81005859375,,,,,,,6163.490234375,2392.5400390625,2.174999952316284
2012-04-09,1375.0,,,,,,,,,,,,2.0369999408721924
2012-04-10,1357.0,305.9100036621094,4292.2998046875,3217.60009765625,,,,,,,6061.43017578125,2321.530029296875,1.9880000352859497
2012-04-11,1364.0,307.7699890136719,,3237.68994140625,,,,,,,6059.81982421875,2341.360107421875,2.0280001163482666
2012-04-12,1386.0,310.8800048828125,4280.60009765625,3269.7900390625,,,,,,,6125.39013671875,2352.239990234375,2.0490000247955322
2012-04-13,1365.0,306.1199951171875,4323.2998046875,3189.090087890625,,,,,,,6072.1201171875,2291.510009765625,1.9980000257492065
2012-04-16,1364.0,306.0199890136719,4302.2998046875,3205.280029296875,,,,,,,6124.91015625,2301.18994140625,1.9739999771118164
2012-04-17,1383.5,313.17999267578125,4288.7998046875,3292.510009765625,,,,,,,6200.27001953125,2367.050048828125,2.009000062942505
2012-04-18,1378.25,309.989990234375,4348.7001953125,3240.2900390625,,,,,,,6173.35009765625,2327.840087890625,1.9819999933242798
2012-04-19,1372.5,306.760009765625,4362.7001953125,3174.02001953125,,,,,,,6203.77978515625,2284.669921875,1.9520000219345093
2012-04-20,1375.25,309.20001220703125,4366.5,3188.580078125,,,,,,,6237.7900390625,2311.27001953125,1.9700000286102295
2012-04-23,1362.75,301.2699890136719,4352.39990234375,3098.3701171875,,,,,,,6114.830078125,2244.830078125,1.9329999685287476
2012-04-24,1370.0,304.67999267578125,4360.39990234375,3169.320068359375,,,,,,,6124.83984375,2284.080078125,1.9609999656677246
2012-04-25,1387.25,308.0,,3233.4599609375,,,,,,,6150.56982421875,2322.909912109375,1.9839999675750732
2012-04-26,1396.75,310.54998779296875,4375.2001953125,3229.320068359375,,,,,,,6122.41015625,2322.68994140625,1.9589999914169312
2012-04-27,1398.5,310.75,4362.10009765625,3266.27001953125,,,,,,,6116.35986328125,2344.02001953125,1.9329999685287476
2012-04-30,1393.5,308.29998779296875,4396.60009765625,3212.800048828125,,,,,,,6096.33984375,2306.429931640625,1.9149999618530273
2012-05-01,1400.5,,4429.5,,,,,,,,,,1.9559999704360962
2012-05-02,1397.5,306.8699951171875,4435.89990234375,3226.330078125,,,,,,,6108.77001953125,2290.31005859375,1.9220000505447388
2012-05-03,1386.0,306.44000244140625,4429.0,3223.360107421875,,,,,,,6097.68017578125,2287.10009765625,1.9240000247955322
2012-05-04,1362.5,300.95001220703125,4396.0,3161.969970703125,,,,,,,6056.7900390625,2248.340087890625,1.8799999952316284
2012-05-07,1365.75,304.739990234375,4301.2998046875,3214.219970703125,,,,,,,6040.18017578125,2283.090087890625,1.8769999742507935
2012-05-08,1358.5,300.5899963378906,4314.39990234375,3124.800048828125,,,,,,,5977.7998046875,2236.110107421875,1.8370000123977661
2012-05-09,1351.0,300.07000732421875,4275.10009765625,3118.64990234375,,,,,,,5936.1298828125,2225.6298828125,1.8350000381469727
2012-05-10,1357.5,302.94000244140625,4295.60009765625,3130.169921875,,,,,,,5926.60009765625,2247.3798828125,1.8839999437332153
2012-05-11,1350.0,305.2799987792969,4285.10009765625,3129.77001953125,,,,,,,5954.8798828125,2254.5400390625,1.840999960899353
2012-05-14,1334.0,298.04998779296875,4297.0,3057.989990234375,,,,,,,5875.66015625,2201.949951171875,1.7879999876022339
2012-05-15,1328.25,296.239990234375,4266.2998046875,3039.27001953125,,,,,,,5865.16015625,2178.669921875,1.7769999504089355
2012-05-16,1322.5,294.989990234375,4165.5,3048.669921875,,,,,,,5872.72998046875,2175.340087890625,1.7649999856948853
2012-05-17,1301.25,290.2300109863281,4157.39990234375,3011.989990234375,,,,,,,,,1.7020000219345093
2012-05-18,1290.75,288.7699890136719,4046.5,3008.0,,,,,,,5797.759765625,2144.68994140625,1.7020000219345093
2012-05-21,1315.75,290.5400085449219,4073.60009765625,3027.14990234375,,,,,,,5814.58984375,2150.159912109375,1.7350000143051147
2012-05-22,1314.75,295.95001220703125,4121.0,3084.090087890625,,,,,,,5910.2001953125,2192.85009765625,1.7929999828338623
2012-05-23,1315.75,289.1600036621094,4067.0,3003.27001953125,,,,,,,5817.91015625,2134.050048828125,1.7209999561309814
2012-05-24,1322.5,292.0799865722656,4055.800048828125,3038.25,,,,,,,5852.43994140625,2156.52001953125,1.7589999437332153
2012-05-25,1315.0,292.760009765625,4029.199951171875,3047.93994140625,,,,,,,5865.18994140625,2161.8701171875,1.7450000047683716
2012-05-28,,292.760009765625,4068.0,3042.969970703125,,,,,,,,,
2012-05-29,1333.5,295.2699890136719,4114.39990234375,3084.699951171875,,,,,,,5914.72998046875,2160.31005859375,1.7309999465942383
2012-05-30,1308.5,290.6600036621094,4094.199951171875,3015.580078125,,,,,,,5902.81982421875,2116.179931640625,1.625
2012-05-31,1309.25,290.0899963378906,4076.300048828125,3017.010009765625,,,,,,,5849.89990234375,2118.93994140625,1.5809999704360962
2012-06-01,1274.0,283.7699890136719,4063.89990234375,2950.469970703125,,,,,,,5777.47021484375,2068.659912109375,1.4670000076293945
2012-06-04,1273.0,283.07000732421875,3985.0,2954.489990234375,,,,,,,5713.33984375,2078.9599609375,1.5269999504089355
2012-06-05,1285.0,284.989990234375,4043.699951171875,2986.10009765625,,,,,,,5714.56982421875,2087.31005859375,1.555999994277954
2012-06-06,1315.5,291.3900146484375,4055.300048828125,3058.43994140625,,,,,,,5822.6298828125,2137.72998046875,1.6510000228881836
2012-06-07,1316.75,292.8999938964844,4108.60009765625,3071.159912109375,,,,,,,5869.2099609375,2143.080078125,1.6540000438690186
2012-06-08,1328.75,291.7300109863281,4063.699951171875,3051.68994140625,,,,,,,5869.31982421875,2143.89990234375,1.6369999647140503
2012-06-11,1307.0,291.3900146484375,,3042.760009765625,,,,,,,5871.35009765625,2137.699951171875,1.600000023841858
2012-06-12,1326.75,292.010009765625,4072.89990234375,3046.909912109375,,,,,,,5919.8798828125,2143.3798828125,1.6610000133514404
2012-06-13,1315.5,291.6000061035156,4063.800048828125,3030.0400390625,,,,,,,5944.68994140625,2143.5,1.5989999771118164
2012-06-14,1333.0,291.9800109863281,4042.199951171875,3032.449951171875,,,,,,,5908.509765625,2148.2099609375,1.6109999418258667
2012-06-15,1335.75,297.5799865722656,4057.300048828125,3087.6201171875,,,,,,,5911.81982421875,2181.22998046875,1.5870000123977661
2012-06-18,1341.0,297.010009765625,4136.89990234375,3066.18994140625,,,,,,,5938.759765625,2155.639892578125,1.5839999914169312
2012-06-19,1350.5,301.80999755859375,4123.2998046875,3117.919921875,,,,,,,6034.1298828125,2198.010009765625,1.6200000047683716
2012-06-20,1350.75,302.95001220703125,4132.39990234375,3126.52001953125,,,,,,,6017.91015625,2207.489990234375,1.6419999599456787
2012-06-21,1318.25,301.6400146484375,4087.60009765625,3114.219970703125,,,,,,,6012.18994140625,2199.419921875,1.6180000305175781
2012-06-22,1326.75,298.760009765625,4048.199951171875,3090.89990234375,,,,,,,5989.330078125,2186.81005859375,1.6720000505447388
2012-06-25,1306.5,294.2799987792969,4027.800048828125,3021.639892578125,,,,,,,5944.47998046875,2130.7099609375,1.6080000400543213
2012-06-26,1315.5,294.04998779296875,4013.300048828125,3012.7099609375,,,,,,,5957.72021484375,2127.949951171875,1.628000020980835
2012-06-27,1325.5,298.07000732421875,4043.199951171875,3063.1201171875,,,,,,,5996.52978515625,2165.610107421875,1.621000051498413
2012-06-28,1322.5,297.2200012207031,4044.800048828125,3051.679931640625,,,,,,,5986.85009765625,2157.6201171875,1.5770000219345093
2012-06-29,1356.5,307.30999755859375,4094.60009765625,3196.64990234375,,,,,,,6066.85986328125,2264.719970703125,1.659000039100647
2012-07-02,1357.5,310.2699890136719,4133.0,3240.199951171875,,,,,,,6109.41015625,2292.080078125,1.5800000429153442
2012-07-03,1368.0,314.3399963378906,4127.2001953125,3271.199951171875,,,,,,,6194.080078125,2320.429931640625,1.63100004196167
2012-07-04,,314.8299865722656,4172.2001953125,3267.75,,,,,,,6201.31005859375,2312.409912109375,
2012-07-05,1361.5,312.9700012207031,4169.2001953125,3229.360107421875,,,,,,,6202.31982421875,2284.919921875,1.597000002861023
2012-07-06,1351.75,309.8399963378906,4157.7998046875,3168.7900390625,,,,,,,6183.669921875,2235.510009765625,1.5440000295639038
2012-07-09,1349.25,308.3999938964844,4118.2998046875,3156.800048828125,,,,,,,6160.77978515625,2227.909912109375,1.5130000114440918
2012-07-10,1335.5,312.4100036621094,4098.0,3175.409912109375,,,,,,,6191.2001953125,2241.85009765625,1.4980000257492065
2012-07-11,1336.25,312.54998779296875,4096.5,3157.25,,,,,,,6174.75,2246.22998046875,1.4980000257492065
2012-07-12,1329.25,311.4200134277344,4068.0,3135.179931640625,,,,,,,6147.56982421875,2228.010009765625,1.4789999723434448
2012-07-13,1351.75,314.6000061035156,4082.199951171875,3180.81005859375,,,,,,,6181.81005859375,2259.090087890625,1.4989999532699585
2012-07-16,1347.5,315.9800109863281,4105.10009765625,3179.89990234375,,,,,,,6195.60986328125,2251.9599609375,1.4639999866485596
2012-07-17,1358.5,315.29998779296875,4140.7998046875,3176.969970703125,,,,,,,6202.33984375,2250.75,1.5010000467300415
2012-07-18,1367.25,319.1600036621094,4123.60009765625,3235.39990234375,,,,,,,6265.5,2284.699951171875,1.4789999723434448
2012-07-19,1372.0,322.4800109863281,4206.7001953125,3263.639892578125,,,,,,,6323.64013671875,2302.449951171875,1.5149999856948853
2012-07-20,1358.25,319.75,4199.10009765625,3193.889892578125,,,,,,,6284.81005859375,2237.330078125,1.4600000381469727
2012-07-23,1343.75,312.92999267578125,4128.89990234375,3101.530029296875,,,,,,,6180.43994140625,2179.31005859375,1.434999942779541
2012-07-24,1329.5,311.739990234375,4133.2001953125,3074.679931640625,,,,,,,6174.89013671875,2151.5400390625,1.4040000438690186
2012-07-25,1335.0,313.0899963378906,4123.89990234375,3081.739990234375,,,,,,,6180.77001953125,2159.090087890625,1.406000018119812
2012-07-26,1354.75,320.489990234375,4147.7001953125,3207.1201171875,,,,,,,6277.740234375,2251.050048828125,1.4279999732971191
2012-07-27,1382.5,323.30999755859375,4209.7998046875,3280.18994140625,,,,,,,6362.81982421875,2301.22998046875,1.5549999475479126
2012-07-30,1380.5,328.6499938964844,4245.7001953125,3320.7099609375,,,,,,,6402.3798828125,2340.31005859375,1.503999948501587
2012-07-31,1374.5,326.4700012207031,4269.2001953125,3291.659912109375,,,,,,,6399.27001953125,2325.719970703125,1.4919999837875366
2012-08-01,1370.5,327.7099914550781,4262.7998046875,3321.56005859375,,,,,,,,,1.5390000343322754
2012-08-02,1362.0,322.1600036621094,4269.5,3232.4599609375,,,,,,,6407.2998046875,2263.360107421875,1.4780000448226929
2012-08-03,1389.0,330.42999267578125,4221.5,3374.18994140625,,,,,,,6461.5400390625,2372.580078125,1.5770000219345093
2012-08-06,1390.0,330.3999938964844,4272.60009765625,3401.56005859375,,,,,,,6463.009765625,2399.320068359375,1.5579999685287476
2012-08-07,1397.0,334.32000732421875,4291.60009765625,3453.280029296875,,,,,,,6457.85009765625,2440.239990234375,1.628000020980835
2012-08-08,1398.25,332.0400085449219,4312.60009765625,3438.260009765625,,,,,,,6458.0,2432.280029296875,1.6399999856948853
2012-08-09,1400.5,334.6600036621094,4308.2998046875,3456.7099609375,,,,,,,6505.2900390625,2437.0400390625,1.687999963760376
2012-08-10,1402.5,333.5,4277.2998046875,3435.6201171875,,,,,,,6483.43994140625,2423.219970703125,1.6490000486373901
2012-08-13,1402.5,331.3800048828125,4283.2998046875,3426.409912109375,,,,,,,6466.18017578125,2415.9599609375,1.6540000438690186
2012-08-14,1401.5,332.8900146484375,4292.2001953125,3450.27001953125,,,,,,,6505.97998046875,2432.2900390625,1.7259999513626099
2012-08-15,1403.5,333.17999267578125,4281.2001953125,3449.199951171875,,,,,,,6511.8701171875,2430.389892578125,1.8049999475479126
2012-08-16,1413.0,333.75,4330.2001953125,3480.489990234375,,,,,,,6518.43017578125,2456.530029296875,1.8359999656677246
2012-08-17,1415.25,335.7699890136719,4370.10009765625,3488.3798828125,,,,,,,6529.33984375,2471.530029296875,1.815999984741211
2012-08-20,1414.75,333.8500061035156,4364.2998046875,3480.580078125,,,,,,,6506.25,2466.320068359375,1.8140000104904175
2012-08-21,1412.5,335.9200134277344,4383.39990234375,3513.280029296875,,,,,,,6518.31982421875,2490.27001953125,1.8049999475479126
2012-08-22,1412.25,332.0799865722656,4376.0,3461.64990234375,,,,,,,6475.47021484375,2452.72998046875,1.718999981880188
2012-08-23,1400.0,330.05999755859375,4383.7001953125,3432.56005859375,,,,,,,6453.91015625,2429.169921875,1.6660000085830688
2012-08-24,1409.75,329.6400146484375,4349.0,3433.2099609375,,,,,,,6475.93994140625,2434.22998046875,1.6779999732971191
2012-08-27,1408.25,332.3500061035156,4343.7001953125,3462.830078125,,,,,,,6491.27978515625,2461.820068359375,1.6490000486373901
2012-08-28,1407.75,329.2300109863281,4359.39990234375,3431.550048828125,,,,,,,6421.419921875,2442.1201171875,1.6299999952316284
2012-08-29,1407.25,330.1499938964844,4356.39990234375,3413.889892578125,,,,,,,6421.9599609375,2434.22998046875,1.6540000438690186
2012-08-30,1397.0,327.5400085449219,4315.7001953125,3379.110107421875,,,,,,,6378.2900390625,2403.800048828125,1.6200000047683716
2012-08-31,1405.0,329.2799987792969,4316.10009765625,3413.070068359375,,,,,,,6388.009765625,2440.7099609375,1.562000036239624
2012-09-03,,331.8900146484375,4329.7001953125,3453.7099609375,,,,,,,6437.66015625,2463.169921875,
2012-09-04,1406.0,328.6600036621094,4303.5,3399.0400390625,,,,,,,6362.81982421875,2436.5400390625,1.5809999704360962
2012-09-05,1403.5,328.8299865722656,4278.7998046875,3405.7900390625,,,,,,,6425.2001953125,2441.81005859375,1.593999981880188
2012-09-06,1431.0,336.42999267578125,4312.89990234375,3509.8798828125,,,,,,,6527.8701171875,2524.949951171875,1.6729999780654907
2012-09-07,1438.25,337.57000732421875,4325.7998046875,3519.050048828125,,,,,,,6537.31982421875,2538.60009765625,1.6610000133514404
2012-09-10,1426.5,335.5,4333.7998046875,3506.050048828125,,,,,,,6507.8701171875,2528.530029296875,1.6829999685287476
2012-09-11,1430.5,336.1099853515625,4325.7998046875,3537.300048828125,,,,,,,6503.2998046875,2557.64990234375,1.6950000524520874
2012-09-12,1439.5,336.1000061035156,4361.2998046875,3543.7900390625,,,,,,,6489.7998046875,2564.800048828125,1.7649999856948853
2012-09-13,1457.25,334.6000061035156,4339.39990234375,3502.090087890625,,,,,,,6513.22021484375,2543.219970703125,1.75600004196167
2012-09-14,1465.75,338.2799987792969,4390.0,3581.580078125,,,,,,,6559.16015625,2594.56005859375,1.8700000047683716
2012-09-17,1460.75,337.1499938964844,4402.5,3553.68994140625,,,,,,,6552.31982421875,2583.570068359375,1.8380000591278076
2012-09-18,1459.25,335.4700012207031,4394.7001953125,3512.68994140625,,,,,,,6537.10009765625,2553.39990234375,1.812000036239624
2012-09-19,1459.5,335.7099914550781,4418.39990234375,3531.820068359375,,,,,,,6570.72021484375,2567.669921875,1.781999945640564
2012-09-20,1460.5,334.239990234375,4397.2001953125,3509.919921875,,,,,,,6556.490234375,2553.030029296875,1.7769999504089355
2012-09-21,1468.25,334.1499938964844,4408.2998046875,3530.719970703125,,,,,,,6605.81982421875,2577.080078125,1.7599999904632568
2012-09-24,1451.5,331.8399963378906,4385.5,3497.219970703125,,,,,,,6597.22021484375,2557.889892578125,1.718000054359436
2012-09-25,1437.25,334.5,4372.89990234375,3513.81005859375,,,,,,,6613.4501953125,2568.47998046875,1.6820000410079956
2012-09-26,1427.0,328.04998779296875,4361.60009765625,3414.840087890625,,,,,,,6540.41015625,2498.52001953125,1.6180000305175781
2012-09-27,1441.0,329.1199951171875,4384.2001953125,3439.320068359375,,,,,,,6545.91015625,2506.06005859375,1.6399999856948853
2012-09-28,1434.25,323.17999267578125,4387.0,3354.820068359375,,,,,,,6495.8798828125,2454.260009765625,1.6369999647140503
2012-10-01,1437.0,327.5199890136719,4388.60009765625,3434.97998046875,,,,,,,6610.91015625,2498.81005859375,1.625
2012-10-02,1441.0,327.239990234375,4433.0,3414.22998046875,,,,,,,6613.5400390625,2493.590087890625,1.6150000095367432
2012-10-03,1444.75,327.9800109863281,4438.60009765625,3406.02001953125,,,,,,,6604.43994140625,2492.47998046875,1.6230000257492065
2012-10-04,1455.75,327.6600036621094,4452.39990234375,3401.199951171875,,,,,,,6631.35009765625,2485.75,1.6649999618530273
2012-10-05,1455.5,332.5299987792969,4494.39990234375,3457.0400390625,,,,,,,6674.81982421875,2531.2099609375,1.7319999933242798
2012-10-08,1449.75,329.57000732421875,4481.89990234375,3406.530029296875,,,,,,,6655.77001953125,2496.090087890625,1.746000051498413
2012-10-09,1436.0,327.7099914550781,4505.2998046875,3382.780029296875,,,,,,,6649.10009765625,2472.22998046875,1.7200000286102295
2012-10-10,1426.25,326.79998779296875,4490.7001953125,3365.8701171875,,,,,,,6629.0400390625,2456.5400390625,1.690999984741211
2012-10-11,1428.5,329.54998779296875,4483.5,3413.719970703125,,,,,,,6654.02001953125,2487.080078125,1.6749999523162842
2012-10-12,1421.5,327.95001220703125,4486.60009765625,3389.080078125,,,,,,,6655.2001953125,2469.090087890625,1.6629999876022339
2012-10-15,1435.5,329.45001220703125,4483.39990234375,3420.280029296875,,,,,,,6704.2099609375,2485.1201171875,1.6629999876022339
2012-10-16,1449.25,333.7099914550781,4491.5,3500.93994140625,,,,,,,6774.02001953125,2547.89990234375,1.7200000286102295
2012-10-17,1457.0,335.69000244140625,4528.2001953125,3527.5,,,,,,,6786.39990234375,2569.830078125,1.8109999895095825
2012-10-18,1451.5,335.32000732421875,4559.39990234375,3535.179931640625,,,,,,,6781.72021484375,2574.18994140625,1.8259999752044678
2012-10-19,1424.0,334.1700134277344,4571.10009765625,3504.56005859375,,,,,,,6756.14013671875,2542.239990234375,1.7680000066757202
2012-10-22,1430.0,334.4599914550781,4541.0,3483.25,,,,,,,6746.7099609375,2531.10009765625,1.7979999780654907
2012-10-23,1406.75,326.75,4543.10009765625,3406.5,,,,,,,6626.7900390625,2477.919921875,1.7640000581741333
2012-10-24,1405.25,328.489990234375,4505.7998046875,3426.489990234375,,,,,,,6627.41015625,2490.580078125,1.774999976158142
2012-10-25,1408.25,329.25,4510.5,3411.530029296875,,,,,,,6606.56982421875,2483.429931640625,1.8279999494552612
2012-10-26,1407.5,329.45001220703125,4472.39990234375,3435.090087890625,,,,,,,6600.83984375,2496.10009765625,1.75
2012-10-29,,328.3900146484375,4476.89990234375,3408.889892578125,,,,,,,6601.419921875,2478.840087890625,
2012-10-30,,332.3500061035156,4485.7001953125,3459.43994140625,,,,,,,6633.10009765625,2515.989990234375,
2012-10-31,1406.75,330.760009765625,4517.0,3429.27001953125,,,,,,,6595.1298828125,2503.639892578125,1.6859999895095825
2012-11-01,1423.25,335.42999267578125,4457.60009765625,3475.39990234375,,,,,,,6660.25,2533.8701171875,1.715000033378601
2012-11-02,1405.5,337.6000061035156,4460.10009765625,3492.4599609375,,,,,,,6701.3701171875,2547.14990234375,1.7259999513626099
2012-11-05,1412.0,335.0799865722656,4474.10009765625,3448.5,,,,,,,6706.27001953125,2517.669921875,1.684000015258789
2012-11-06,1425.25,337.3699951171875,4484.7998046875,3478.659912109375,,,,,,,6745.740234375,2535.93994140625,1.7419999837875366
2012-11-07,1389.0,332.8699951171875,4516.5,3409.590087890625,,,,,,,6697.6298828125,2479.10009765625,1.6319999694824219
2012-11-08,1375.25,332.4200134277344,4483.7998046875,3407.679931640625,,,,,,,6713.6201171875,2479.1298828125,1.6319999694824219
2012-11-09,1375.75,331.92999267578125,4462.0,3423.570068359375,,,,,,,6715.2001953125,2479.820068359375,1.6130000352859497
2012-11-12,1378.25,332.3299865722656,4448.0,3411.64990234375,,,,,,,6696.669921875,2473.52001953125,1.6109999418258667
2012-11-13,1371.0,334.0400085449219,4379.7998046875,3430.60009765625,,,,,,,6722.759765625,2493.139892578125,1.5889999866485596
2012-11-14,1353.0,330.6700134277344,4388.39990234375,3400.02001953125,,,,,,,6676.9599609375,2472.840087890625,1.5889999866485596
2012-11-15,1351.25,324.760009765625,4349.2998046875,3382.39990234375,,,,,,,6574.56005859375,2461.77001953125,1.5889999866485596
2012-11-16,1359.75,319.8399963378906,4336.7998046875,3341.52001953125,,,,,,,6508.66015625,2427.320068359375,1.5740000009536743
2012-11-19,1382.5,324.739990234375,4361.39990234375,3439.580078125,,,,,,,6638.89013671875,2495.2099609375,1.6109999418258667
2012-11-20,1386.25,326.0199890136719,4385.7001953125,3462.06005859375,,,,,,,6618.990234375,2509.6201171875,1.656000018119812
2012-11-21,1388.25,326.4100036621094,4369.5,3477.360107421875,,,,,,,6643.7001953125,2519.679931640625,1.687000036239624
2012-11-22,,327.70001220703125,4413.10009765625,3498.219970703125,,,,,,,6679.10986328125,2535.090087890625,
2012-11-23,1405.25,331.5,4413.0,3528.800048828125,,,,,,,6715.08984375,2557.030029296875,1.6929999589920044
2012-11-26,1403.25,330.8999938964844,4424.2001953125,3500.93994140625,,,,,,,6681.8798828125,2542.52001953125,1.6640000343322754
2012-11-27,1397.5,332.9200134277344,4456.7998046875,3502.1298828125,,,,,,,6711.7099609375,2543.449951171875,1.6449999809265137
2012-11-28,1407.0,334.2799987792969,4447.2998046875,3515.18994140625,,,,,,,6756.47998046875,2546.840087890625,1.6169999837875366
2012-11-29,1415.75,338.1000061035156,4477.7001953125,3568.8798828125,,,,,,,6828.52001953125,2581.68994140625,1.6200000047683716
2012-11-30,1414.5,336.54998779296875,4506.0,3557.280029296875,,,,,,,6820.60009765625,2575.25,1.6059999465942383
2012-12-03,1407.0,337.2799987792969,4531.5,3566.590087890625,,,,,,,6838.7001953125,2582.360107421875,1.628000020980835
2012-12-04,1405.5,337.6199951171875,4503.60009765625,3580.47998046875,,,,,,,6853.14990234375,2590.830078125,1.6080000400543213
2012-12-05,1408.25,338.8500061035156,4520.39990234375,3590.5,,,,,,,6852.0400390625,2592.090087890625,1.590999960899353
2012-12-06,1413.0,341.2900085449219,4509.2998046875,3601.64990234375,,,,,,,6912.02001953125,2603.409912109375,1.5809999704360962
2012-12-07,1416.0,342.6099853515625,4551.7998046875,3605.610107421875,,,,,,,6925.25,2601.3701171875,1.6269999742507935
2012-12-10,1420.25,342.9100036621094,4557.89990234375,3612.10009765625,,,,,,,6943.89990234375,2596.02001953125,1.6160000562667847
2012-12-11,1431.5,344.1199951171875,4576.0,3646.14990234375,,,,,,,6973.68994140625,2624.030029296875,1.6490000486373901
2012-12-12,1427.25,344.3500061035156,4583.7998046875,3646.659912109375,,,,,,,6959.39013671875,2630.340087890625,1.6970000267028809
2012-12-13,1418.0,343.8299865722656,4582.7998046875,3643.1298828125,,,,,,,6919.5400390625,2627.659912109375,1.7280000448226929
2012-12-14,1415.0,344.3900146484375,4583.10009765625,3643.280029296875,,,,,,,6902.509765625,2630.5400390625,1.7079999446868896
2012-12-17,1432.5,343.3399963378906,4573.39990234375,3638.10009765625,,,,,,,6897.10009765625,2628.010009765625,1.7630000114440918
2012-12-18,1445.75,343.6000061035156,4595.2001953125,3648.6298828125,,,,,,,6912.08984375,2643.5,1.8270000219345093
2012-12-19,1437.25,345.1400146484375,4617.7998046875,3664.590087890625,,,,,,,6946.06982421875,2654.68994140625,1.7999999523162842
2012-12-20,1445.5,346.6000061035156,4634.10009765625,3666.72998046875,,,,,,,6912.7900390625,2658.300048828125,1.7999999523162842
2012-12-21,1424.75,344.1199951171875,4623.60009765625,3661.39990234375,,,,,,,6889.5400390625,2651.090087890625,1.753999948501587
2012-12-24,1419.75,344.5199890136719,4635.2001953125,,,,,,,,,,1.7740000486373901
2012-12-26,1413.5,,,,,,,,,,,,1.7580000162124634
2012-12-27,1410.75,344.7099914550781,4648.0,3674.260009765625,,,,,,,6862.5498046875,2659.949951171875,1.715000033378601
2012-12-28,1384.0,342.0,4671.2998046875,3620.25,,,,,,,6822.43994140625,2626.85009765625,1.7109999656677246
2012-12-31,1420.0,342.7099914550781,4649.0,,,,,,,,,,1.75600004196167
2013-01-02,1457.0,350.2099914550781,4705.89990234375,3733.929931640625,,,,,,,,,1.8389999866485596
2013-01-03,1453.5,350.739990234375,4740.7001953125,3721.169921875,,,,,,,7020.4599609375,2701.219970703125,1.8990000486373901
2013-01-04,1457.75,351.7300109863281,4723.7998046875,3730.02001953125,,,,,,,7058.919921875,2709.35009765625,1.9149999618530273
2013-01-07,1455.75,351.239990234375,4717.2998046875,3704.639892578125,,,,,,,7049.2998046875,2695.56005859375,1.902999997138977
2013-01-08,1452.25,349.1099853515625,4690.2998046875,3705.8798828125,,,,,,,7074.52001953125,2691.449951171875,1.871000051498413
2013-01-09,1455.75,350.0,4708.10009765625,3717.449951171875,,,,,,,7151.60009765625,2706.389892578125,1.8519999980926514
2013-01-10,1467.0,350.69000244140625,4723.0,3703.1201171875,,,,,,,7143.72998046875,2708.27001953125,1.8940000534057617
2013-01-11,1467.25,350.1300048828125,4709.5,3706.02001953125,,,,,,,7188.22021484375,2717.7900390625,1.875
2013-01-14,1464.25,347.3399963378906,4719.7001953125,3708.25,,,,,,,7202.52001953125,2715.159912109375,1.8569999933242798
2013-01-15,1465.25,347.8599853515625,4716.60009765625,3697.35009765625,,,,,,,7272.31005859375,2701.590087890625,1.8309999704360962
2013-01-16,1465.5,348.8399963378906,4738.39990234375,3708.489990234375,,,,,,,7304.85009765625,2702.5400390625,1.8240000009536743
2013-01-17,1475.75,351.19000244140625,4756.60009765625,3744.110107421875,,,,,,,7429.89013671875,2718.929931640625,1.875
2013-01-18,1479.0,350.8900146484375,4771.2001953125,3741.580078125,,,,,,,7368.7998046875,2709.590087890625,1.843000054359436
2013-01-21,,353.07000732421875,4777.5,3763.030029296875,,,,,,,7336.0498046875,2726.6298828125,
2013-01-22,1489.5,353.45001220703125,4779.10009765625,3741.010009765625,,,,,,,7291.85009765625,2716.699951171875,1.8350000381469727
2013-01-23,1490.25,353.010009765625,4787.7998046875,3726.169921875,,,,,,,7391.9501953125,2708.280029296875,1.8329999446868896
2013-01-24,1491.75,354.1300048828125,4810.2001953125,3752.169921875,,,,,,,7457.740234375,2722.9599609375,1.843999981880188
2013-01-25,1495.75,355.739990234375,4835.2001953125,3778.159912109375,,,,,,,7458.66015625,2744.179931640625,1.9470000267028809
2013-01-28,1497.0,356.67999267578125,,3780.889892578125,,,,,,,7483.9501953125,2744.5,1.9739999771118164
2013-01-29,1505.0,358.0799865722656,4889.0,3785.820068359375,,,,,,,7458.02978515625,2749.27001953125,1.9880000352859497
2013-01-30,1495.25,357.5400085449219,4896.7001953125,3765.52001953125,,,,,,,7387.89990234375,2732.1201171875,2.00600004196167
2013-01-31,1493.25,354.3500061035156,4878.7998046875,3732.60009765625,,,,,,,7390.85986328125,2702.97998046875,1.9850000143051147
2013-02-01,1506.75,355.54998779296875,4921.10009765625,3773.530029296875,,,,,,,7420.35009765625,2710.080078125,2.009999990463257
2013-02-04,1493.5,349.69000244140625,4907.5,3659.909912109375,,,,,,,7362.72021484375,2625.169921875,1.9730000495910645
2013-02-05,1506.0,348.42999267578125,4882.7001953125,3694.699951171875,,,,,,,7404.6298828125,2651.2099609375,2.0160000324249268
2013-02-06,1506.75,345.8599853515625,4921.0,3642.89990234375,,,,,,,7433.47021484375,2617.35009765625,1.968000054359436
2013-02-07,1505.25,343.70001220703125,4935.7001953125,3601.050048828125,,,,,,,7337.0498046875,2597.919921875,1.9509999752044678
2013-02-08,1512.5,345.1300048828125,4971.2998046875,3649.5,,,,,,,7395.97021484375,2630.300048828125,1.9539999961853027
2013-02-11,1513.0,344.989990234375,4959.5,3650.580078125,,,,,,,7407.60009765625,2622.610107421875,1.9459999799728394
2013-02-12,1516.25,346.20001220703125,4959.0,3686.580078125,,,,,,,7427.06005859375,2648.830078125,1.9819999933242798
2013-02-13,1517.25,345.8299865722656,5003.7001953125,3698.530029296875,,,,,,,7482.22021484375,2656.860107421875,2.0190000534057617
2013-02-14,1518.5,345.8399963378906,5036.89990234375,3669.60009765625,,,,,,,7482.2001953125,2635.35009765625,2.0
2013-02-15,1517.0,343.45001220703125,5033.89990234375,3660.3701171875,,,,,,,7500.56982421875,2615.260009765625,2.006999969482422
2013-02-18,,343.2300109863281,5063.39990234375,3667.0400390625,,,,,,,7497.22998046875,2616.64990234375,
2013-02-19,1528.0,347.6300048828125,5081.89990234375,3735.820068359375,,,,,,,7579.5,2662.3701171875,2.0260000228881836
2013-02-20,1507.0,343.6099853515625,5098.7001953125,3709.8798828125,,,,,,,7626.009765625,2640.35009765625,2.0209999084472656
2013-02-21,1501.0,336.3800048828125,4980.10009765625,3624.800048828125,,,,,,,7505.7099609375,2579.760009765625,1.9759999513626099
2013-02-22,1514.5,339.8699951171875,5018.10009765625,3706.280029296875,,,,,,,7554.3798828125,2630.050048828125,1.9670000076293945
2013-02-25,1487.25,340.260009765625,5055.7998046875,3721.330078125,,,,,,,7594.35009765625,2651.860107421875,1.8949999809265137
2013-02-26,1492.5,335.2900085449219,5003.60009765625,3621.919921875,,,,,,,7449.97998046875,2570.52001953125,1.878999948501587
2013-02-27,1515.75,337.3699951171875,5036.60009765625,3691.489990234375,,,,,,,7484.990234375,2611.889892578125,1.902999997138977
2013-02-28,1513.25,340.5299987792969,5104.10009765625,3723.0,,,,,,,7593.669921875,2633.550048828125,1.8880000114440918
2013-03-01,1516.5,339.7300109863281,5086.10009765625,3699.909912109375,,,,,,,7601.990234375,2616.75,1.8530000448226929
2013-03-04,1525.75,339.5799865722656,5010.5,3709.760009765625,,,,,,,7590.52001953125,2619.780029296875,1.8769999742507935
2013-03-05,1537.0,346.5,5075.39990234375,3787.18994140625,,,,,,,7718.4599609375,2683.02001953125,1.8940000534057617
2013-03-06,1539.0,347.3599853515625,5116.7998046875,3773.760009765625,,,,,,,7698.72021484375,2679.889892578125,1.937999963760376
2013-03-07,1542.75,347.8699951171875,5109.2001953125,3793.780029296875,,,,,,,7708.9599609375,2690.85009765625,1.9910000562667847
2013-03-08,1549.5,352.42999267578125,5123.39990234375,3840.14990234375,,,,,,,7744.83984375,2728.780029296875,2.055999994277954
2013-03-11,1556.0,351.55999755859375,5146.89990234375,3836.27001953125,,,,,,,7758.64990234375,2718.7099609375,2.055999994277954
2013-03-12,1552.5,352.05999755859375,5117.89990234375,3839.969970703125,,,,,,,7802.93017578125,2711.85009765625,2.0230000019073486
2013-03-13,1556.0,352.0199890136719,5092.39990234375,3836.0400390625,,,,,,,7780.8798828125,2704.72998046875,2.0209999084472656
2013-03-14,1562.25,355.8500061035156,5032.2001953125,3871.580078125,,,,,,,7842.85009765625,2744.699951171875,2.0329999923706055
2013-03-15,1561.25,353.5799865722656,5120.2001953125,3844.030029296875,,,,,,,7864.39013671875,2725.719970703125,1.996000051498413
2013-03-18,1546.75,353.010009765625,5015.39990234375,3825.469970703125,,,,,,,7830.3701171875,2705.469970703125,1.9559999704360962
2013-03-19,1542.25,352.04998779296875,4987.39990234375,3775.75,,,,,,,7789.60009765625,2671.9599609375,1.9079999923706055
2013-03-20,1549.0,354.3699951171875,4967.39990234375,3829.56005859375,,,,,,,7847.7001953125,2708.89990234375,1.937000036239624
2013-03-21,1539.0,352.4100036621094,4959.39990234375,3774.85009765625,,,,,,,7762.2998046875,2683.919921875,1.9320000410079956
2013-03-22,1552.0,350.739990234375,4967.2998046875,3770.2900390625,,,,,,,7744.330078125,2681.669921875,1.9149999618530273
2013-03-25,1547.0,348.7200012207031,4990.2001953125,3727.97998046875,,,,,,,7758.22021484375,2649.280029296875,1.9149999618530273
2013-03-26,1557.25,349.2699890136719,4950.2001953125,3748.639892578125,,,,,,,7800.0498046875,2641.1201171875,1.906000018119812
2013-03-27,1556.75,346.1600036621094,4995.0,3711.639892578125,,,,,,,7780.169921875,2612.4599609375,1.8509999513626099
2013-03-28,1562.75,348.1000061035156,4966.5,3731.419921875,,,,,,,7813.669921875,2624.02001953125,1.8519999980926514
2013-04-01,1556.0,,,,,,,,,,,,1.840000033378601
2013-04-02,1564.5,352.5,4985.5,3805.3701171875,,,,,,,7899.2998046875,2679.800048828125,1.8609999418258667
2013-04-03,1548.5,349.6000061035156,4957.7001953125,3754.9599609375,,,,,,,7875.10009765625,2639.010009765625,1.812000036239624
2013-04-04,1554.5,346.5299987792969,4913.5,3726.159912109375,,,,,,,7762.64990234375,2621.429931640625,1.7589999437332153
2013-04-05,1546.0,340.7099914550781,4891.39990234375,3663.47998046875,,,,,,,7641.10986328125,2585.280029296875,1.694000005722046
2013-04-08,1559.25,340.9100036621094,4905.5,3666.780029296875,,,,,,,7691.83984375,2589.25,1.7319999933242798
2013-04-09,1563.25,341.3500061035156,4976.7998046875,3670.719970703125,,,,,,,7653.9501953125,2595.1298828125,1.746999979019165
2013-04-10,1582.75,348.5299987792969,4968.0,3743.7099609375,,,,,,,7771.3701171875,2661.6201171875,1.8049999475479126
2013-04-11,1587.75,351.2799987792969,5007.10009765625,3775.659912109375,,,,,,,7815.27978515625,2674.330078125,1.7910000085830688
2013-04-12,1582.0,348.6499938964844,5013.5,3729.300048828125,,,,,,,7760.60009765625,2633.469970703125,1.7209999561309814
2013-04-15,1543.5,346.29998779296875,4967.89990234375,3710.47998046875,,,,,,,7754.72998046875,2624.7099609375,1.7020000219345093
2013-04-16,1568.75,345.7900085449219,4950.7998046875,3685.7900390625,,,,,,,7717.60009765625,2609.300048828125,1.718999981880188
2013-04-17,1546.0,340.8399963378906,5004.60009765625,3599.22998046875,,,,,,,7533.81005859375,2553.489990234375,1.7039999961853027
2013-04-18,1534.0,340.7200012207031,4924.39990234375,3599.360107421875,,,,,,,7578.97021484375,2555.5,1.684999942779541
2013-04-19,1547.5,341.67999267578125,4931.89990234375,3651.9599609375,,,,,,,7618.759765625,2575.159912109375,1.7029999494552612
2013-04-22,1556.0,340.07000732421875,4966.60009765625,3652.1298828125,,,,,,,7609.10009765625,2583.6201171875,1.6979999542236328
2013-04-23,1573.5,349.1499938964844,5016.2001953125,3783.050048828125,,,,,,,7802.47998046875,2662.8798828125,1.6979999542236328
2013-04-24,1574.0,352.94000244140625,5102.39990234375,3842.93994140625,,,,,,,7859.6298828125,2702.050048828125,1.6979999542236328
2013-04-25,1581.75,354.0400085449219,,3840.469970703125,,,,,,,7901.240234375,2704.409912109375,1.7109999656677246
2013-04-26,1576.5,351.5,5097.5,3810.050048828125,,,,,,,7856.31982421875,2683.429931640625,1.6629999876022339
2013-04-29,1588.25,354.1499938964844,5125.7998046875,3868.679931640625,,,,,,,7901.72998046875,2717.3798828125,1.6679999828338623
2013-04-30,1592.25,351.3900146484375,5191.2001953125,3856.75,,,,,,,7906.2099609375,2712.0,1.6749999523162842
2013-05-01,1577.25,,5166.2001953125,,,,,,,,,,1.6390000581741333
2013-05-02,1592.25,354.79998779296875,5130.0,3858.760009765625,,,,,,,7902.2099609375,2718.89990234375,1.63100004196167
2013-05-03,1608.5,357.6099853515625,5129.5,3912.949951171875,,,,,,,7937.60986328125,2763.679931640625,1.7519999742507935
2013-05-06,1613.5,357.44000244140625,5156.2001953125,3907.0400390625,,,,,,,7927.33984375,2750.52001953125,1.7710000276565552
2013-05-07,1620.5,356.4800109863281,5143.7001953125,3921.320068359375,,,,,,,7977.5400390625,2769.080078125,1.7829999923706055
2013-05-08,1628.75,357.92999267578125,5199.7998046875,3956.280029296875,,,,,,,8093.02001953125,2784.6201171875,1.7599999904632568
2013-05-09,1624.5,359.1499938964844,5198.39990234375,3928.580078125,,,,,,,,,1.812999963760376
2013-05-10,1629.5,361.1700134277344,5206.10009765625,3953.830078125,,,,,,,8177.85009765625,2785.239990234375,1.899999976158142
2013-05-13,1630.75,361.1199951171875,5210.2998046875,3945.199951171875,,,,,,,8147.68017578125,2777.389892578125,1.9229999780654907
2013-05-14,1648.0,363.69000244140625,5221.0,3966.06005859375,,,,,,,8187.75,2795.6298828125,1.9520000219345093
2013-05-15,1654.25,366.07000732421875,5191.7001953125,3982.22998046875,,,,,,,8313.080078125,2809.580078125,1.9429999589920044
2013-05-16,1648.0,365.3699951171875,5165.7001953125,3979.070068359375,,,,,,,8256.150390625,2806.699951171875,1.8650000095367432
2013-05-17,1663.0,368.0799865722656,5180.7998046875,4001.27001953125,,,,,,,8280.25,2817.989990234375,1.9490000009536743
2013-05-20,1664.5,369.9700012207031,5209.0,4022.85009765625,,,,,,,,,1.965000033378601
2013-05-21,1665.5,370.44000244140625,5180.10009765625,4036.179931640625,,,,,,,8318.419921875,2821.64990234375,1.944000005722046
2013-05-22,1655.5,372.1099853515625,5165.39990234375,4051.110107421875,,,,,,,8407.6103515625,2835.010009765625,2.0260000228881836
2013-05-23,1650.0,365.2200012207031,5062.39990234375,3967.14990234375,,,,,,,8168.52001953125,2776.780029296875,2.0230000019073486
2013-05-24,1650.5,364.6300048828125,4983.5,3956.7900390625,,,,,,,8168.77978515625,2764.2900390625,2.010999917984009
2013-05-27,,366.55999755859375,4959.89990234375,3995.159912109375,,,,,,,8163.0498046875,2795.0,
2013-05-28,1654.5,371.5,4970.7001953125,4050.56005859375,,,,,,,8221.2197265625,2835.8701171875,2.134999990463257
2013-05-29,1647.0,366.25,4974.7001953125,3974.1201171875,,,,,,,8028.64013671875,2786.5400390625,2.124000072479248
2013-05-30,1653.5,367.69000244140625,4930.7001953125,3996.31005859375,,,,,,,8021.56982421875,2799.199951171875,2.124000072479248
2013-05-31,1629.0,363.3800048828125,4926.60009765625,3948.590087890625,,,,,,,7947.009765625,2769.639892578125,2.1640000343322754
2013-06-03,1636.25,361.07000732421875,4888.2998046875,3920.669921875,,,,,,,7780.97998046875,2747.739990234375,2.134000062942505
2013-06-04,1631.25,360.4200134277344,4900.7998046875,3925.830078125,,,,,,,7875.68017578125,2755.699951171875,2.13700008392334
2013-06-05,1608.0,353.05999755859375,4835.2001953125,3852.43994140625,,,,,,,7747.83984375,2709.330078125,2.0999999046325684
2013-06-06,1622.75,349.5799865722656,4781.2001953125,3814.280029296875,,,,,,,7622.740234375,2676.2099609375,2.075000047683716
2013-06-07,1638.5,352.69000244140625,4737.7001953125,3872.590087890625,,,,,,,7784.83984375,2724.080078125,2.1610000133514404
2013-06-10,1642.0,352.8599853515625,,3864.360107421875,,,,,,,7790.5498046875,2719.39990234375,2.2149999141693115
2013-06-11,1627.0,350.29998779296875,4757.10009765625,3810.56005859375,,,,,,,7673.009765625,2683.199951171875,2.194999933242798
2013-06-12,1610.0,347.67999267578125,4724.5,3793.699951171875,,,,,,,7656.830078125,2666.52001953125,2.2300000190734863
2013-06-13,1636.75,347.2300109863281,4695.7998046875,3797.97998046875,,,,,,,7627.52978515625,2661.7099609375,2.1740000247955322
2013-06-14,1624.25,347.9800109863281,4791.7998046875,3805.159912109375,,,,,,,7635.9599609375,2667.320068359375,2.125999927520752
2013-06-17,1639.75,350.80999755859375,4825.89990234375,3863.659912109375,,,,,,,7729.7099609375,2702.68994140625,2.1710000038146973
2013-06-18,1651.0,351.0899963378906,4814.39990234375,3860.550048828125,,,,,,,7699.740234375,2700.929931640625,2.181999921798706
2013-06-19,1629.5,351.0799865722656,4861.39990234375,3839.340087890625,,,,,,,7731.81982421875,2683.97998046875,2.311000108718872
2013-06-20,1590.5,341.8800048828125,4758.39990234375,3698.929931640625,,,,,,,7496.0498046875,2586.449951171875,2.4189999103546143
2013-06-21,1600.75,337.6400146484375,4738.7998046875,3658.0400390625,,,,,,,7421.06005859375,2549.47998046875,2.5139999389648438
2013-06-24,1566.25,332.25,4669.10009765625,3595.6298828125,,,,,,,7249.47021484375,2511.830078125,2.5480000972747803
2013-06-25,1581.5,335.3999938964844,4656.0,3649.820068359375,,,,,,,7397.39013671875,2543.3701171875,2.5889999866485596
2013-06-26,1595.5,340.82000732421875,4731.7001953125,3726.0400390625,,,,,,,7553.89013671875,2602.81005859375,2.5390000343322754
2013-06-27,1606.5,344.75,4811.2998046875,3762.18994140625,,,,,,,7671.7001953125,2619.860107421875,2.4830000400543213
2013-06-28,1599.25,344.5899963378906,4802.60009765625,3738.909912109375,,,,,,,7683.0400390625,2602.590087890625,2.4779999256134033
2013-07-01,1606.75,347.3699951171875,4710.2998046875,3767.47998046875,,,,,,,7741.06982421875,2622.6201171875,2.490000009536743
2013-07-02,1607.25,347.79998779296875,4834.0,3742.570068359375,,,,,,,7732.6201171875,2603.199951171875,2.4690001010894775
2013-07-03,1609.0,345.82000732421875,4744.10009765625,3702.010009765625,,,,,,,7675.2900390625,2570.760009765625,2.500999927520752
2013-07-04,,354.510009765625,4794.7001953125,3809.31005859375,,,,,,,7831.58984375,2646.5400390625,
2013-07-05,1627.25,352.5299987792969,4841.7001953125,3753.85009765625,,,,,,,7781.97998046875,2596.010009765625,2.7149999141693115
2013-07-08,1635.5,357.1499938964844,4809.5,3823.830078125,,,,,,,7863.47998046875,2650.85009765625,2.6449999809265137
2013-07-09,1645.5,360.1099853515625,4881.7001953125,3843.56005859375,,,,,,,7944.18994140625,2664.139892578125,2.630000114440918
2013-07-10,1648.5,362.0400085449219,4901.39990234375,3840.530029296875,,,,,,,7971.6201171875,2659.7099609375,2.680000066757202
2013-07-11,1670.0,364.04998779296875,4965.7001953125,3868.97998046875,,,,,,,7986.39990234375,2681.320068359375,2.5739998817443848
2013-07-12,1670.25,364.95001220703125,4973.89990234375,3855.090087890625,,,,,,,7983.18017578125,2674.8701171875,2.6010000705718994
2013-07-15,1677.5,366.7699890136719,4981.10009765625,3878.580078125,,,,,,,7999.14990234375,2686.68994140625,2.555999994277954
2013-07-16,1671.25,364.1199951171875,4986.0,3851.030029296875,,,,,,,7932.7900390625,2665.610107421875,2.5320000648498535
2013-07-17,1675.5,366.05999755859375,4981.7001953125,3872.02001953125,,,,,,,7928.14990234375,2681.8798828125,2.490999937057495
2013-07-18,1680.5,368.760009765625,4993.39990234375,3927.7900390625,,,,,,,7929.009765625,2717.989990234375,2.5339999198913574
2013-07-19,1689.5,369.760009765625,4972.10009765625,3925.320068359375,,,,,,,7928.1201171875,2716.169921875,2.490999937057495
2013-07-22,1690.25,370.3900146484375,5001.89990234375,3939.919921875,,,,,,,7927.4501953125,2725.39990234375,2.48799991607666
2013-07-23,1688.25,368.7200012207031,5017.10009765625,3923.090087890625,,,,,,,7896.259765625,2722.89990234375,2.5160000324249268
2013-07-24,1683.75,371.9599914550781,5035.10009765625,3962.75,,,,,,,7923.06982421875,2752.25,2.5880000591278076
2013-07-25,1684.0,370.3599853515625,5035.60009765625,3956.02001953125,,,,,,,7865.3798828125,2740.2900390625,2.6070001125335693
2013-07-26,1686.5,368.30999755859375,5042.0,3968.840087890625,,,,,,,7796.83984375,2741.9599609375,2.561000108718872
2013-07-29,1682.5,368.3299865722656,5046.2998046875,3968.909912109375,,,,,,,7814.10986328125,2741.72998046875,2.5850000381469727
2013-07-30,1684.75,368.989990234375,5047.2001953125,3986.610107421875,,,,,,,7810.169921875,2759.2099609375,2.6029999256134033
2013-07-31,1680.5,369.80999755859375,5052.0,3992.68994140625,,,,,,,7820.43017578125,2768.14990234375,2.5929999351501465
2013-08-01,1700.25,372.3900146484375,5061.5,4042.72998046875,,,,,,,,,2.7230000495910645
2013-08-02,1704.0,371.3399963378906,5116.7998046875,4045.64990234375,,,,,,,7963.93017578125,2811.0,2.6019999980926514
2013-08-05,1702.5,372.5199890136719,5111.2998046875,4049.969970703125,,,,,,,7979.39990234375,2809.080078125,2.640000104904175
2013-08-06,1694.0,371.3800048828125,5105.60009765625,4032.570068359375,,,,,,,7996.7900390625,2790.780029296875,2.6419999599456787
2013-08-07,1688.25,369.6099853515625,5011.2998046875,4038.489990234375,,,,,,,7976.27978515625,2794.43994140625,2.5999999046325684
2013-08-08,1693.75,372.1400146484375,5064.7998046875,4064.320068359375,,,,,,,7955.2900390625,2816.8798828125,2.5869998931884766
2013-08-09,1686.25,375.3999938964844,5055.2001953125,4076.550048828125,,,,,,,7977.33984375,2825.6201171875,2.5799999237060547
2013-08-12,1687.0,375.6099853515625,5108.7001953125,4071.679931640625,,,,,,,8000.60009765625,2827.14990234375,2.6050000190734863
2013-08-13,1690.75,377.6400146484375,5157.7001953125,4092.5,,,,,,,8036.43994140625,2841.610107421875,2.7149999141693115
2013-08-14,1682.0,379.6199951171875,5157.39990234375,4114.2001953125,,,,,,,8078.259765625,2852.080078125,2.7119998931884766
2013-08-15,1655.75,375.5799865722656,5152.39990234375,4093.199951171875,,,,,,,7982.43017578125,2835.860107421875,2.755000114440918
2013-08-16,1651.0,374.75,5113.89990234375,4123.89013671875,,,,,,,7961.31005859375,2854.27001953125,2.8289999961853027
2013-08-19,1645.0,373.79998779296875,5112.5,4083.97998046875,,,,,,,7939.419921875,2823.35009765625,2.884000062942505
2013-08-20,1650.5,368.92999267578125,5078.2001953125,4028.929931640625,,,,,,,7935.89013671875,2787.97998046875,2.813999891281128
2013-08-21,1636.5,367.510009765625,5100.0,4015.090087890625,,,,,,,7887.14013671875,2774.580078125,2.8550000190734863
2013-08-22,1654.75,371.94000244140625,5075.7001953125,4059.1201171875,,,,,,,7988.60009765625,2812.320068359375,2.9010000228881836
2013-08-23,1661.5,374.6700134277344,5123.39990234375,4069.469970703125,,,,,,,8006.89990234375,2826.050048828125,2.818000078201294
2013-08-26,1654.25,373.489990234375,5135.39990234375,4067.1298828125,,,,,,,8022.2001953125,2821.449951171875,2.805000066757202
2013-08-27,1628.25,364.8699951171875,5141.2001953125,3968.72998046875,,,,,,,7886.06982421875,2749.27001953125,2.7209999561309814
2013-08-28,1632.25,364.4700012207031,5087.2001953125,3960.4599609375,,,,,,,7776.009765625,2742.610107421875,2.7820000648498535
2013-08-29,1636.75,367.1300048828125,5092.39990234375,3986.35009765625,,,,,,,7763.5498046875,2758.31005859375,2.750999927520752
2013-08-30,1631.25,362.92999267578125,5135.0,3933.780029296875,,,,,,,7745.97021484375,2721.3701171875,2.749000072479248
2013-09-02,,369.260009765625,5188.2998046875,4006.010009765625,,,,,,,7891.6201171875,,
2013-09-03,1639.0,367.0899963378906,5196.60009765625,3974.070068359375,,,,,,,7866.22998046875,2753.35009765625,2.8480000495910645
2013-09-04,1653.5,368.260009765625,5161.60009765625,3980.419921875,,,,,,,7880.64990234375,2758.2900390625,2.8970000743865967
2013-09-05,1653.0,369.95001220703125,5142.5,4006.800048828125,,,,,,,7932.2900390625,2774.199951171875,2.9790000915527344
2013-09-06,1653.5,371.0400085449219,5145.0,4049.18994140625,,,,,,,7950.77978515625,2803.419921875,2.937999963760376
2013-09-09,1669.0,369.7799987792969,5181.5,4040.330078125,,,,,,,7935.759765625,2798.31005859375,2.8970000743865967
2013-09-10,1682.5,376.30999755859375,5201.2001953125,4116.64013671875,,,,,,,8039.18017578125,2851.39990234375,2.9590001106262207
2013-09-11,1688.75,375.04998779296875,5234.39990234375,4119.10986328125,,,,,,,8051.31005859375,2863.43994140625,2.9200000762939453
2013-09-12,1685.0,376.6600036621094,5242.5,4106.6298828125,,,,,,,8033.4501953125,2862.070068359375,2.9070000648498535
2013-09-13,1688.5,376.8399963378906,5219.60009765625,4114.5,,,,,,,8038.31005859375,2867.110107421875,2.8980000019073486
2013-09-16,1698.0,379.8900146484375,5248.0,4152.22021484375,,,,,,,8029.3798828125,2894.639892578125,2.874000072479248
2013-09-17,1705.0,379.80999755859375,5251.2001953125,4145.509765625,,,,,,,8014.47021484375,2890.949951171875,2.8529999256134033
2013-09-18,1724.5,380.9200134277344,5238.10009765625,4170.39990234375,,,,,,,8052.56982421875,2908.919921875,2.7079999446868896
2013-09-19,1724.25,382.5799865722656,5295.60009765625,4206.0400390625,,,,,,,8092.2900390625,2936.199951171875,2.747999906539917
2013-09-20,1726.75,382.07000732421875,5276.7001953125,4203.66015625,,,,,,,8105.39013671875,2927.18994140625,2.7320001125335693
2013-09-23,1692.75,379.54998779296875,5252.5,4172.080078125,,,,,,,8057.0400390625,2906.35009765625,2.7139999866485596
2013-09-24,1692.5,380.6700134277344,5234.2001953125,4195.60986328125,,,,,,,8047.02001953125,2922.929931640625,2.6530001163482666
2013-09-25,1685.75,379.6000061035156,5275.89990234375,4195.35009765625,,,,,,,8055.22998046875,2927.35009765625,2.614000082015991
2013-09-26,1692.5,377.95001220703125,5294.5,4186.72021484375,,,,,,,8061.35986328125,2922.989990234375,2.6429998874664307
2013-09-27,1686.5,375.7699890136719,5307.10009765625,4186.77001953125,,,,,,,8055.0,2919.340087890625,2.61899995803833
2013-09-30,1674.25,374.9200134277344,5218.89990234375,4143.43994140625,,,,,,,8022.60009765625,2893.14990234375,2.615000009536743
2013-10-01,1689.5,377.6300048828125,5206.7998046875,4196.60009765625,,,,,,,8059.009765625,2933.02001953125,2.6459999084472656
2013-10-02,1683.0,376.1700134277344,5215.60009765625,4158.16015625,,,,,,,7964.43994140625,2918.31005859375,2.625999927520752
2013-10-03,1669.75,374.8299865722656,5234.89990234375,4127.97998046875,,,,,,,7942.5,2902.1201171875,2.6059999465942383
2013-10-04,1684.75,376.0299987792969,5208.0,4164.25,,,,,,,7943.7099609375,2928.31005859375,2.6519999504089355
2013-10-07,1667.75,373.75,5161.10009765625,4165.580078125,,,,,,,7887.85986328125,2923.0400390625,2.634000062942505
2013-10-08,1650.5,370.9800109863281,5149.39990234375,4133.52978515625,,,,,,,7828.240234375,2903.35009765625,2.635999917984009
2013-10-09,1648.75,367.19000244140625,5153.0,4127.0498046875,,,,,,,7755.259765625,2904.72998046875,2.6500000953674316
2013-10-10,1685.0,373.9100036621094,5147.10009765625,4218.10986328125,,,,,,,7851.080078125,2969.409912109375,2.684999942779541
2013-10-11,1699.0,376.1099853515625,5230.89990234375,4219.97998046875,,,,,,,7936.080078125,2974.280029296875,2.681999921798706
2013-10-14,1704.25,376.2699890136719,5207.89990234375,4222.9599609375,,,,,,,7928.490234375,2977.68994140625,2.690999984741211
2013-10-15,1692.0,381.95001220703125,5259.10009765625,4256.02001953125,,,,,,,7984.35009765625,3004.56005859375,2.7200000286102295
2013-10-16,1713.25,383.3299865722656,5262.89990234375,4243.72021484375,,,,,,,7981.8701171875,3015.39990234375,2.6710000038146973
2013-10-17,1727.75,382.510009765625,5283.10009765625,4239.64013671875,,,,,,,8032.39990234375,3010.389892578125,2.5869998931884766
2013-10-18,1736.5,385.7300109863281,5321.5,4286.02978515625,,,,,,,8084.64990234375,3033.31005859375,2.5889999866485596
2013-10-21,1738.25,388.2799987792969,5351.7998046875,4276.919921875,,,,,,,8124.080078125,3028.64990234375,2.6089999675750732
2013-10-22,1749.5,390.19000244140625,5373.10009765625,4295.43017578125,,,,,,,8214.759765625,3045.77001953125,2.51200008392334
2013-10-23,1741.75,388.55999755859375,5356.10009765625,4260.66015625,,,,,,,8214.5595703125,3017.159912109375,2.484999895095825
2013-10-24,1748.5,390.2099914550781,5372.89990234375,4275.68994140625,,,,,,,8233.150390625,3038.9599609375,2.5220000743865967
2013-10-25,1754.0,389.19000244140625,5386.2998046875,4272.31005859375,,,,,,,8249.3095703125,3034.5,2.503000020980835
2013-10-28,1759.0,388.79998779296875,5441.39990234375,4251.60986328125,,,,,,,8291.099609375,3022.0400390625,2.51200008392334
2013-10-29,1767.5,391.1300048828125,5415.5,4278.08984375,,,,,,,8237.0302734375,3050.639892578125,2.506999969482422
2013-10-30,1760.5,391.20001220703125,5430.89990234375,4274.10986328125,,,,,,,8228.3701171875,3040.68994140625,2.5269999504089355
2013-10-31,1751.0,391.9200134277344,5425.5,4299.89013671875,,,,,,,8234.2900390625,3067.949951171875,2.5420000553131104
2013-11-01,1754.75,391.20001220703125,5411.10009765625,4273.18994140625,,,,,,,8221.7998046875,3052.139892578125,2.619999885559082
2013-11-04,1763.0,393.1499938964844,5390.5,4288.58984375,,,,,,,8185.68994140625,3061.179931640625,2.6019999980926514
2013-11-05,1756.5,391.25,5432.0,4253.33984375,,,,,,,8149.31005859375,3035.919921875,2.6619999408721924
2013-11-06,1765.5,393.9700012207031,5433.7998046875,4286.93017578125,,,,,,,8224.580078125,3056.39990234375,2.640000104904175
2013-11-07,1745.25,393.2200012207031,5422.0,4280.990234375,,,,,,,8229.66015625,3042.97998046875,2.61299991607666
2013-11-08,1766.0,394.07000732421875,5400.7001953125,4260.43994140625,,,,,,,8240.919921875,3034.909912109375,2.746000051498413
2013-11-11,1767.5,395.45001220703125,5387.10009765625,4290.14013671875,,,,,,,8280.2001953125,3052.830078125,2.750999927520752
2013-11-12,1765.0,393.3800048828125,5393.10009765625,4263.77978515625,,,,,,,8261.3095703125,3034.679931640625,2.7679998874664307
2013-11-13,1778.75,391.17999267578125,5319.2001953125,4239.93994140625,,,,,,,8234.7197265625,3021.169921875,2.7249999046325684
2013-11-14,1787.75,394.8699951171875,5355.39990234375,4283.91015625,,,,,,,8304.9697265625,3053.68994140625,2.7019999027252197
2013-11-15,1793.5,395.3399963378906,5401.7001953125,4292.22998046875,,,,,,,8327.3095703125,3054.530029296875,2.7090001106262207
2013-11-18,1788.75,396.9800109863281,5384.7001953125,4320.68017578125,,,,,,,8351.3798828125,3081.300048828125,2.677999973297119
2013-11-19,1785.25,395.4800109863281,5352.89990234375,4272.2900390625,,,,,,,8300.1201171875,3049.169921875,2.7119998931884766
2013-11-20,1779.75,396.5400085449219,5307.7001953125,4268.3701171875,,,,,,,8281.2099609375,3047.320068359375,2.7920000553131104
2013-11-21,1793.75,395.3299865722656,5288.2998046875,4253.89990234375,,,,,,,8268.6904296875,3044.340087890625,2.7839999198913574
2013-11-22,1801.25,395.79998779296875,5335.89990234375,4278.52978515625,,,,,,,8250.4296875,3055.97998046875,2.752000093460083
2013-11-25,1802.5,397.4599914550781,5352.7998046875,4301.97021484375,,,,,,,8304.0498046875,3072.75,2.740999937057495
2013-11-26,1802.0,394.1099853515625,5357.0,4277.56982421875,,,,,,,8238.919921875,3062.6201171875,2.696000099182129
2013-11-27,1804.25,396.2200012207031,5332.89990234375,4293.06005859375,,,,,,,8245.6796875,3082.64990234375,2.7360000610351562
2013-11-28,,396.75,5334.2998046875,4302.419921875,,,,,,,8257.6103515625,3092.419921875,
2013-11-29,1804.0,396.54998779296875,5320.10009765625,4295.2099609375,,,,,,,8264.2001953125,3086.639892578125,2.740999937057495
2013-12-02,1799.75,395.989990234375,5279.5,4285.81005859375,,,,,,,8257.3203125,3077.22998046875,2.8010001182556152
2013-12-03,1791.5,390.57000732421875,5256.10009765625,4172.43994140625,,,,,,,8109.89013671875,3013.8798828125,2.7750000953674316
2013-12-04,1791.75,388.1400146484375,5273.7998046875,4148.52001953125,,,,,,,8045.5400390625,2991.760009765625,2.8410000801086426
2013-12-05,1784.0,383.7099914550781,5198.0,4099.91015625,,,,,,,8025.58984375,2953.169921875,2.861999988555908
2013-12-06,1805.0,387.010009765625,5186.0,4129.3701171875,,,,,,,8066.06982421875,2979.93994140625,2.882999897003174
2013-12-09,1809.0,387.3800048828125,5144.39990234375,4134.10009765625,,,,,,,8056.330078125,2988.669921875,2.8570001125335693
2013-12-10,1803.0,385.55999755859375,5143.60009765625,4091.139892578125,,,,,,,7971.83984375,2960.860107421875,2.796999931335449
2013-12-11,1780.75,383.1499938964844,5104.2998046875,4086.860107421875,,,,,,,7956.31982421875,2947.31005859375,2.8440001010894775
2013-12-12,1775.0,377.82000732421875,5062.5,4069.1201171875,,,,,,,7849.6201171875,2928.1201171875,2.877000093460083
2013-12-13,1774.75,376.8599853515625,5098.39990234375,4059.7099609375,,,,,,,7828.91015625,2921.919921875,2.868000030517578
2013-12-16,1786.5,381.44000244140625,5089.60009765625,4119.8798828125,,,,,,,7856.27001953125,2978.77001953125,2.877000093460083
2013-12-17,1779.25,378.1700134277344,5103.2001953125,4068.639892578125,,,,,,,7830.97998046875,2941.760009765625,2.8429999351501465
2013-12-18,1810.75,381.1700134277344,5096.10009765625,4109.509765625,,,,,,,7881.259765625,2975.090087890625,2.884999990463257
2013-12-19,1808.5,386.45001220703125,5202.2001953125,4154.27001953125,,,,,,,8001.18994140625,3014.699951171875,2.924999952316284
2013-12-20,1810.25,391.55999755859375,5265.2001953125,4193.77001953125,,,,,,,8081.35009765625,3049.35009765625,2.88700008392334
2013-12-23,1822.75,395.5199890136719,5291.89990234375,4215.2900390625,,,,,,,8107.10009765625,3070.909912109375,2.928999900817871
2013-12-24,1829.0,396.6099853515625,5327.2001953125,4218.41015625,,,,,,,,,2.9830000400543213
2013-12-26,1836.5,,,,,,,,,,,,2.990000009536743
2013-12-27,1836.5,400.989990234375,5324.10009765625,4277.64990234375,,,,,,,8221.900390625,3111.3701171875,3.00600004196167
2013-12-30,1834.75,399.7699890136719,5356.7998046875,4275.7099609375,,,,,,,8202.98046875,3100.929931640625,2.9760000705718994
2013-12-31,1841.0,401.7900085449219,5352.2001953125,4295.9501953125,,,,,,,,,3.0260000228881836
2014-01-02,1826.5,399.82000732421875,5367.89990234375,4227.27978515625,,,,,,,,,2.984999895095825
2014-01-03,1825.5,401.9700012207031,5350.10009765625,4247.64990234375,,,,,,,8270.4599609375,3074.429931640625,2.994999885559082
2014-01-06,1820.75,399.8500061035156,5324.89990234375,4227.5400390625,,,,,,,8272.23046875,3069.159912109375,2.9609999656677246
2014-01-07,1830.75,402.9700012207031,5317.0,4262.68017578125,,,,,,,8319.400390625,3110.9599609375,2.937000036239624
2014-01-08,1832.5,403.8599853515625,5316.0,4260.9599609375,,,,,,,8352.8203125,3110.659912109375,2.993000030517578
2014-01-09,1833.0,401.9700012207031,5324.39990234375,4225.14013671875,,,,,,,8295.900390625,3090.260009765625,2.9630000591278076
2014-01-10,1837.75,403.95001220703125,5312.39990234375,4250.60009765625,,,,,,,8365.1201171875,3104.14990234375,2.859999895095825
2014-01-13,1815.0,404.92999267578125,5292.10009765625,4263.27001953125,,,,,,,8412.8896484375,3111.93994140625,2.8269999027252197
2014-01-14,1833.0,406.57000732421875,5212.0,4274.2001953125,,,,,,,8384.650390625,3119.530029296875,2.86899995803833
2014-01-15,1841.5,408.6199951171875,5245.39990234375,4332.06982421875,,,,,,,8423.419921875,3168.760009765625,2.884000062942505
2014-01-16,1836.25,407.5899963378906,5309.10009765625,4319.27001953125,,,,,,,8450.669921875,3150.199951171875,2.8429999351501465
2014-01-17,1834.25,408.260009765625,5305.89990234375,4327.5,,,,,,,8478.8896484375,3154.10009765625,2.8269999027252197
2014-01-20,,408.0,5295.0,4322.85986328125,,,,,,,8480.9501953125,3153.169921875,
2014-01-21,1838.5,405.19000244140625,5331.5,4323.8701171875,,,,,,,8486.3701171875,3153.080078125,2.825000047683716
2014-01-22,1838.5,407.45001220703125,5319.7998046875,4324.97998046875,,,,,,,8466.7001953125,3151.27001953125,2.859999895095825
2014-01-23,1824.25,403.8900146484375,5263.0,4280.9599609375,,,,,,,8404.98046875,3117.080078125,2.7730000019073486
2014-01-24,1782.0,393.8500061035156,5240.89990234375,4161.47021484375,,,,,,,8201.5,3028.199951171875,2.734999895095825
2014-01-27,1775.75,390.7900085449219,,4144.56005859375,,,,,,,8132.16015625,3014.6201171875,2.7660000324249268
2014-01-28,1788.25,392.2300109863281,5175.10009765625,4185.2900390625,,,,,,,8186.6201171875,3038.60009765625,2.746000051498413
2014-01-29,1771.25,389.3299865722656,5229.0,4156.97998046875,,,,,,,8135.81005859375,3011.449951171875,2.674999952316284
2014-01-30,1781.25,389.6099853515625,5188.10009765625,4180.02001953125,,,,,,,8204.9599609375,3027.300048828125,2.693000078201294
2014-01-31,1776.5,386.8500061035156,5190.0,4165.72021484375,,,,,,,8191.330078125,3013.9599609375,2.6679999828338623
2014-02-03,1732.75,383.6300048828125,5187.89990234375,4107.75,,,,,,,8107.02001953125,2963.9599609375,2.5810000896453857
2014-02-04,1743.75,382.9800109863281,5097.10009765625,4117.4501953125,,,,,,,8092.52978515625,2962.489990234375,2.624000072479248
2014-02-05,1744.0,382.6499938964844,5070.2998046875,4117.7900390625,,,,,,,8112.9599609375,2962.510009765625,2.6670000553131104
2014-02-06,1766.5,388.4100036621094,5131.39990234375,4188.10009765625,,,,,,,8218.4404296875,3010.7900390625,2.7019999027252197
2014-02-07,1793.5,389.5400085449219,5166.5,4228.18017578125,,,,,,,8318.599609375,3038.489990234375,2.674999952316284
2014-02-10,1794.75,389.6400146484375,5222.10009765625,4237.1298828125,,,,,,,8324.849609375,3032.530029296875,2.677999973297119
2014-02-11,1813.5,394.9599914550781,5254.5,4283.31982421875,,,,,,,8361.51953125,3077.080078125,2.7190001010894775
2014-02-12,1817.0,397.4200134277344,5310.10009765625,4305.5,,,,,,,8402.41015625,3094.889892578125,2.763000011444092
2014-02-13,1824.25,397.0,5308.10009765625,4312.7998046875,,,,,,,8383.900390625,3097.949951171875,2.7360000610351562
2014-02-14,1835.0,398.95001220703125,5356.2998046875,4340.14013671875,,,,,,,8417.580078125,3119.06005859375,2.746000051498413
2014-02-17,,401.239990234375,,4335.169921875,,,,,,,8415.669921875,,
2014-02-18,1837.5,401.6199951171875,5392.7998046875,4330.7099609375,,,,,,,8419.919921875,3117.43994140625,2.7109999656677246
2014-02-19,1825.5,401.5400085449219,5408.2001953125,4341.10009765625,,,,,,,8410.6298828125,3120.800048828125,2.7339999675750732
2014-02-20,1836.25,398.760009765625,5412.2998046875,4355.490234375,,,,,,,8383.25,3121.590087890625,2.753999948501587
2014-02-21,1834.25,400.3599853515625,5438.7001953125,4381.06005859375,,,,,,,8431.7802734375,3131.669921875,2.7339999675750732
2014-02-24,1846.0,401.760009765625,5440.2001953125,4419.1298828125,,,,,,,8485.48046875,3157.31005859375,2.75
2014-02-25,1846.25,400.7699890136719,5433.7998046875,4414.5498046875,,,,,,,8506.2900390625,3157.47998046875,2.7009999752044678
2014-02-26,1842.0,398.6400146484375,5437.0,4396.91015625,,,,,,,8532.990234375,3148.18994140625,2.6730000972747803
2014-02-27,1854.0,398.2799987792969,5411.39990234375,4396.39013671875,,,,,,,8470.900390625,3134.93994140625,2.6419999599456787
2014-02-28,1857.5,398.5400085449219,5404.7998046875,4408.080078125,,,,,,,8475.330078125,3149.22998046875,2.6579999923706055
2014-03-03,1843.0,388.19000244140625,5384.2998046875,4290.8701171875,,,,,,,8281.009765625,3053.989990234375,2.6070001125335693
2014-03-04,1871.5,398.7300109863281,5400.2001953125,4395.89990234375,,,,,,,8445.2197265625,3136.330078125,2.690999984741211
2014-03-05,1872.5,398.6199951171875,5446.2001953125,4391.25,,,,,,,8459.6103515625,3135.969970703125,2.697999954223633
2014-03-06,1876.25,400.05999755859375,5445.89990234375,4417.0400390625,,,,,,,8484.2099609375,3144.530029296875,2.736999988555908
2014-03-07,1878.0,396.2799987792969,5462.2998046875,4366.419921875,,,,,,,8378.580078125,3095.31005859375,2.7899999618530273
2014-03-10,1877.25,393.3999938964844,5411.5,4370.83984375,,,,,,,8367.5498046875,3092.7900390625,2.7839999198913574
2014-03-11,1865.25,394.2900085449219,5413.7998046875,4349.72021484375,,,,,,,8359.509765625,3092.550048828125,2.7660000324249268
2014-03-12,1867.75,391.4100036621094,5384.2001953125,4306.259765625,,,,,,,8310.3603515625,3065.4599609375,2.7260000705718994
2014-03-13,1846.75,386.05999755859375,5412.60009765625,4250.509765625,,,,,,,8205.900390625,3019.5400390625,2.6530001163482666
2014-03-14,1840.0,382.6499938964844,5329.39990234375,4216.3701171875,,,,,,,8114.02001953125,3004.639892578125,2.6449999809265137
2014-03-17,1857.75,386.9200134277344,5317.60009765625,4271.9599609375,,,,,,,8161.77978515625,3049.18994140625,2.6989998817443848
2014-03-18,1870.75,389.3699951171875,5344.60009765625,4313.259765625,,,,,,,8240.0703125,3073.75,2.680999994277954
2014-03-19,1859.75,388.8800048828125,5355.60009765625,4308.06005859375,,,,,,,8226.5498046875,3076.360107421875,2.7720000743865967
2014-03-20,1873.75,390.82000732421875,5294.0,4327.91015625,,,,,,,8261.6904296875,3088.89990234375,2.7750000953674316
2014-03-21,1881.75,391.3599853515625,5338.10009765625,4335.27978515625,,,,,,,8289.759765625,3096.489990234375,2.75
2014-03-24,1849.5,388.2300109863281,5346.89990234375,4276.33984375,,,,,,,8198.01953125,3052.909912109375,2.7330000400543213
2014-03-25,1859.25,393.1300048828125,5336.60009765625,4344.1201171875,,,,,,,8299.1904296875,3096.639892578125,2.734999895095825
2014-03-26,1842.5,396.8900146484375,5376.7998046875,4385.14990234375,,,,,,,8334.33984375,3130.169921875,2.7009999752044678
2014-03-27,1840.5,398.5899963378906,5350.10009765625,4379.06005859375,,,,,,,8327.9296875,3133.75,2.671999931335449
2014-03-28,1850.5,401.7900085449219,5366.89990234375,4411.259765625,,,,,,,8373.23046875,3172.429931640625,2.7119998931884766
2014-03-31,1864.5,403.2099914550781,5394.7998046875,4391.5,,,,,,,8453.8203125,3161.60009765625,2.7230000495910645
2014-04-01,1877.75,405.6199951171875,5389.2001953125,4426.72021484375,,,,,,,8457.26953125,3186.340087890625,2.759000062942505
2014-04-02,1883.0,406.1400146484375,5403.2998046875,4430.85986328125,,,,,,,8508.259765625,3187.449951171875,2.802999973297119
2014-04-03,1883.0,405.69000244140625,5409.89990234375,4449.330078125,,,,,,,8521.6298828125,3206.760009765625,2.7899999618530273
2014-04-04,1860.0,407.4599914550781,5422.7998046875,4484.5498046875,,,,,,,8503.0,3230.330078125,2.7260000705718994
2014-04-07,1838.0,404.0400085449219,5413.7001953125,4436.080078125,,,,,,,8405.099609375,3185.969970703125,2.694999933242798
2014-04-08,1845.0,402.5400085449219,5410.60009765625,4424.830078125,,,,,,,8423.3603515625,3177.659912109375,2.680999994277954
2014-04-09,1864.75,403.3900146484375,5463.7998046875,4442.68017578125,,,,,,,8411.4296875,3182.7900390625,2.684000015258789
2014-04-10,1827.0,401.8999938964844,5480.7998046875,4413.490234375,,,,,,,8420.580078125,3152.860107421875,2.628000020980835
2014-04-11,1811.75,395.6400146484375,5428.60009765625,4365.85986328125,,,,,,,8298.8203125,3116.5400390625,2.61899995803833
2014-04-14,1824.5,395.5400085449219,5358.89990234375,4384.56005859375,,,,,,,8312.900390625,3131.570068359375,2.6389999389648438
2014-04-15,1839.5,392.6600036621094,5388.2001953125,4345.35009765625,,,,,,,8280.5302734375,3091.52001953125,2.628000020980835
2014-04-16,1852.75,395.989990234375,5420.2998046875,4405.66015625,,,,,,,8322.7001953125,3139.260009765625,2.63700008392334
2014-04-17,1858.0,396.760009765625,5454.2001953125,4431.81005859375,,,,,,,8375.080078125,3155.81005859375,2.7209999561309814
2014-04-21,1864.5,,,,,,,,,,,,2.7209999561309814
2014-04-22,1874.0,398.29998779296875,5479.2998046875,4484.2099609375,,,,,,,8461.2998046875,3199.68994140625,2.7260000705718994
2014-04-23,1873.0,397.3399963378906,5517.7998046875,4451.080078125,,,,,,,8443.259765625,3175.969970703125,2.686000108718872
2014-04-24,1873.0,397.1000061035156,5531.0,4479.5400390625,,,,,,,8409.1298828125,3189.81005859375,2.687999963760376
2014-04-25,1860.0,392.8500061035156,,4443.6298828125,,,,,,,8374.4697265625,3147.39990234375,2.6659998893737793
2014-04-28,1866.0,393.7300109863281,5536.10009765625,4460.52978515625,,,,,,,8384.8603515625,3165.840087890625,2.677000045776367
2014-04-29,1871.75,398.4700012207031,5486.60009765625,4497.68017578125,,,,,,,8434.66015625,3208.679931640625,2.694999933242798
2014-04-30,1878.0,400.54998779296875,5489.10009765625,4487.39013671875,,,,,,,8476.66015625,3198.389892578125,2.6480000019073486
2014-05-01,1877.75,,5448.7998046875,,,,,,,,,,2.6059999465942383
2014-05-02,1874.5,399.2300109863281,5458.10009765625,4458.169921875,,,,,,,8442.7099609375,3177.889892578125,2.5910000801086426
2014-05-05,1875.75,397.44000244140625,5462.2001953125,4462.68994140625,,,,,,,8409.0703125,3171.2900390625,2.6110000610351562
2014-05-06,1864.25,396.5400085449219,5481.39990234375,4428.06982421875,,,,,,,8395.76953125,3149.7900390625,2.5950000286102295
2014-05-07,1874.25,398.5899963378906,5435.7998046875,4446.43994140625,,,,,,,8421.650390625,3159.669921875,2.5899999141693115
2014-05-08,1872.25,402.9800109863281,5476.7998046875,4507.240234375,,,,,,,8465.66015625,3204.300048828125,2.6019999980926514
2014-05-09,1873.5,401.92999267578125,5460.7998046875,4477.27978515625,,,,,,,8510.3896484375,3184.090087890625,2.622999906539917
2014-05-12,1892.75,403.7799987792969,5448.39990234375,4493.64990234375,,,,,,,8545.1201171875,3206.969970703125,2.6559998989105225
2014-05-13,1894.25,404.6499938964844,5498.2001953125,4505.02001953125,,,,,,,8543.580078125,3211.780029296875,2.618000030517578
2014-05-14,1885.25,403.3299865722656,5496.5,4501.0400390625,,,,,,,8611.7001953125,3210.419921875,2.5429999828338623
2014-05-15,1867.25,400.25,5510.7998046875,4444.93017578125,,,,,,,8644.740234375,3163.219970703125,2.502000093460083
2014-05-16,1874.75,399.55999755859375,5479.0,4456.27978515625,,,,,,,8683.6201171875,3172.719970703125,2.5179998874664307
2014-05-19,1882.25,401.0400085449219,5409.0,4469.759765625,,,,,,,8646.01953125,3169.89990234375,2.5360000133514404
2014-05-20,1868.0,400.79998779296875,5420.39990234375,4452.35009765625,,,,,,,8635.6103515625,3163.929931640625,2.509000062942505
2014-05-21,1885.0,402.8999938964844,5424.60009765625,4469.02978515625,,,,,,,8655.900390625,3187.080078125,2.5369999408721924
2014-05-22,1890.25,404.1400146484375,5479.89990234375,4478.2099609375,,,,,,,8693.98046875,3187.6298828125,2.555000066757202
2014-05-23,1897.0,405.1400146484375,5492.7998046875,4493.14990234375,,,,,,,8703.83984375,3203.280029296875,2.5360000133514404
2014-05-26,,406.8800048828125,5512.7998046875,4526.93017578125,,,,,,,8712.349609375,3240.389892578125,
2014-05-27,1909.25,406.80999755859375,5511.7001953125,4529.75,,,,,,,8710.3798828125,3244.280029296875,2.5179998874664307
2014-05-28,1909.0,405.94000244140625,5527.2001953125,4531.6298828125,,,,,,,8706.5,3246.239990234375,2.437999963760376
2014-05-29,1918.0,407.44000244140625,5519.5,4530.509765625,,,,,,,,,2.447000026702881
2014-05-30,1921.5,407.2099914550781,5492.5,4519.56982421875,,,,,,,8674.51953125,3244.60009765625,2.4570000171661377
2014-06-02,1921.75,408.7699890136719,5518.5,4515.89013671875,,,,,,,8688.9599609375,3247.800048828125,2.5339999198913574
2014-06-03,1922.0,408.6099853515625,5479.7001953125,4503.68994140625,,,,,,,8661.2001953125,3241.0400390625,2.5929999351501465
2014-06-04,1925.75,408.07000732421875,5444.7998046875,4501.0,,,,,,,8661.080078125,3237.929931640625,2.6059999465942383
2014-06-05,1938.5,410.9700012207031,5436.89990234375,4548.72998046875,,,,,,,8643.2802734375,3267.050048828125,2.5840001106262207
2014-06-06,1949.25,413.260009765625,5464.0,4581.1201171875,,,,,,,8659.6904296875,3294.280029296875,2.5969998836517334
2014-06-09,1950.25,415.4599914550781,,4589.1201171875,,,,,,,,,2.61299991607666
2014-06-10,1950.5,415.8599853515625,5469.7001953125,4595.0,,,,,,,8752.8603515625,3313.800048828125,2.634999990463257
2014-06-11,1944.0,414.45001220703125,5454.0,4555.10986328125,,,,,,,8712.08984375,3289.090087890625,2.640000104904175
2014-06-12,1930.5,414.739990234375,5428.7998046875,4554.39990234375,,,,,,,8670.98046875,3284.280029296875,2.5859999656677246
2014-06-13,1935.75,414.04998779296875,5405.10009765625,4543.27978515625,,,,,,,8653.759765625,3282.840087890625,2.6040000915527344
2014-06-16,1936.5,412.5400085449219,5412.2998046875,4510.0498046875,,,,,,,8663.58984375,3261.419921875,2.5969998836517334
2014-06-17,1941.5,414.5799865722656,5400.7001953125,4536.06982421875,,,,,,,8667.7900390625,3275.330078125,2.6549999713897705
2014-06-18,1957.0,415.4800109863281,5382.7001953125,4530.3701171875,,,,,,,8657.26953125,3279.199951171875,2.61299991607666
2014-06-19,1958.5,417.9800109863281,5468.2001953125,4563.0400390625,,,,,,,8674.3701171875,3314.800048828125,2.621999979019165
2014-06-20,1968.0,417.8999938964844,5419.5,4541.33984375,,,,,,,8701.6103515625,3302.360107421875,2.624000072479248
2014-06-23,1953.0,415.5899963378906,5453.2998046875,4515.56982421875,,,,,,,8644.5703125,3282.580078125,2.622999906539917
2014-06-24,1943.25,415.7799987792969,5432.7998046875,4518.33984375,,,,,,,8673.26953125,3284.81005859375,2.5859999656677246
2014-06-25,1949.5,411.92999267578125,5402.0,4460.60009765625,,,,,,,8581.9599609375,3252.31005859375,2.559000015258789
2014-06-26,1948.75,410.80999755859375,5464.2998046875,4439.6298828125,,,,,,,8541.2802734375,3233.18994140625,2.5250000953674316
2014-06-27,1952.0,410.8599853515625,5445.10009765625,4436.990234375,,,,,,,8562.1103515625,3227.85009765625,2.5320000648498535
2014-06-30,1952.5,413.1499938964844,5395.7001953125,4422.83984375,,,,,,,8554.51953125,3228.239990234375,2.5160000324249268
2014-07-01,1965.75,415.4800109863281,5375.89990234375,4461.1201171875,,,,,,,8607.9697265625,3258.7099609375,2.562999963760376
2014-07-02,1967.75,415.8500061035156,5455.39990234375,4444.72021484375,,,,,,,8607.2001953125,3252.25,2.628000020980835
2014-07-03,1977.5,419.5299987792969,5491.2001953125,4489.8798828125,,,,,,,8694.3203125,3289.75,2.6480000019073486
2014-07-04,,418.70001220703125,5525.0,4468.97998046875,,,,,,,8678.2197265625,3270.469970703125,
2014-07-07,1971.0,414.1199951171875,5518.89990234375,4405.759765625,,,,,,,8612.76953125,3230.919921875,2.617000102996826
2014-07-08,1960.5,409.760009765625,5510.89990234375,4342.52978515625,,,,,,,8554.509765625,3184.3798828125,2.565000057220459
2014-07-09,1967.25,410.489990234375,5452.5,4359.83984375,,,,,,,8539.7099609375,3203.10009765625,2.546999931335449
2014-07-10,1957.75,403.3900146484375,5464.39990234375,4301.259765625,,,,,,,8474.23046875,3150.590087890625,2.5320000648498535
2014-07-11,1962.5,403.6099853515625,5486.7998046875,4316.5,,,,,,,8468.51953125,3157.050048828125,2.5199999809265137
2014-07-14,1971.0,406.54998779296875,5511.39990234375,4350.0400390625,,,,,,,8565.669921875,3185.860107421875,2.5490000247955322
2014-07-15,1968.0,404.010009765625,5511.2998046875,4305.31005859375,,,,,,,8574.3203125,3153.75,2.5490000247955322
2014-07-16,1974.75,408.7799987792969,5518.89990234375,4369.06005859375,,,,,,,8617.0703125,3202.93994140625,2.5380001068115234
2014-07-17,1953.5,404.8399963378906,5522.39990234375,4316.1201171875,,,,,,,8548.080078125,3157.820068359375,2.4749999046325684
2014-07-18,1971.5,404.3999938964844,5531.7001953125,4335.31005859375,,,,,,,8511.4296875,3164.2099609375,2.4839999675750732
2014-07-21,1966.25,403.7099914550781,5539.89990234375,4304.740234375,,,,,,,8513.9599609375,3137.06005859375,2.4739999771118164
2014-07-22,1975.0,407.95001220703125,5543.2998046875,4369.52001953125,,,,,,,8594.2099609375,3189.219970703125,2.4660000801086426
2014-07-23,1980.75,408.5299987792969,5576.7001953125,4376.31982421875,,,,,,,8605.099609375,3193.1298828125,2.4639999866485596
2014-07-24,1980.75,409.9800109863281,5587.7998046875,4410.64990234375,,,,,,,8637.009765625,3220.070068359375,2.509000062942505
2014-07-25,1971.5,404.8399963378906,5583.5,4330.5498046875,,,,,,,8571.48046875,3174.989990234375,2.4690001010894775
2014-07-28,1973.0,404.67999267578125,5577.39990234375,4344.77001953125,,,,,,,8530.08984375,3171.550048828125,2.490999937057495
2014-07-29,1963.0,407.30999755859375,5588.39990234375,4365.580078125,,,,,,,8532.1103515625,3190.5400390625,2.4619998931884766
2014-07-30,1965.0,407.9599914550781,5622.89990234375,4312.2998046875,,,,,,,8497.3798828125,3169.22998046875,2.553999900817871
2014-07-31,1924.75,404.2900085449219,5632.89990234375,4246.14013671875,,,,,,,8410.26953125,3115.510009765625,2.555999994277954
2014-08-01,1918.5,398.55999755859375,5556.39990234375,4202.77978515625,,,,,,,,,2.505000114440918
2014-08-04,1932.0,395.95001220703125,5540.89990234375,4217.22021484375,,,,,,,8304.0400390625,3070.4599609375,2.490999937057495
2014-08-05,1913.0,398.3800048828125,5518.60009765625,4232.8798828125,,,,,,,8342.0400390625,3072.199951171875,2.4830000400543213
2014-08-06,1914.75,397.2099914550781,5512.0,4207.14013671875,,,,,,,8290.16015625,3050.3701171875,2.4739999771118164
2014-08-07,1905.25,394.20001220703125,5509.0,4149.830078125,,,,,,,8306.75,3012.8798828125,2.4240000247955322
2014-08-08,1923.75,390.25,5435.2998046875,4147.81005859375,,,,,,,8274.650390625,3006.830078125,2.4149999618530273
2014-08-11,1932.5,396.6499938964844,5457.0,4197.7001953125,,,,,,,8329.8603515625,3047.56005859375,2.4200000762939453
2014-08-12,1930.5,394.2200012207031,5530.2998046875,4162.16015625,,,,,,,8329.7998046875,3023.77001953125,2.441999912261963
2014-08-13,1944.75,395.2699890136719,5514.7001953125,4194.7900390625,,,,,,,8388.7099609375,3056.169921875,2.4130001068115234
2014-08-14,1953.5,395.8399963378906,5548.5,4205.43017578125,,,,,,,8430.099609375,3058.159912109375,2.4000000953674316
2014-08-15,1952.5,395.3500061035156,5566.5,4174.35986328125,,,,,,,8366.73046875,3033.52001953125,2.3450000286102295
2014-08-18,1967.5,399.9100036621094,5587.10009765625,4230.64990234375,,,,,,,8453.58984375,3073.449951171875,2.38700008392334
2014-08-19,1977.25,403.30999755859375,5623.7998046875,4254.4501953125,,,,,,,8525.3798828125,3091.110107421875,2.4049999713897705
2014-08-20,1983.25,403.32000732421875,5634.60009765625,4240.7900390625,,,,,,,8527.91015625,3083.5,2.4260001182556152
2014-08-21,1989.5,405.7699890136719,5638.89990234375,4292.93017578125,,,,,,,8570.0,3124.56005859375,2.4070000648498535
2014-08-22,1987.75,404.4800109863281,5645.60009765625,4252.7998046875,,,,,,,8554.16015625,3098.5,2.4030001163482666
2014-08-25,1995.0,409.32000732421875,5634.89990234375,4342.10986328125,,,,,,,8611.580078125,3165.469970703125,2.38700008392334
2014-08-26,1998.5,412.92999267578125,5637.60009765625,4393.41015625,,,,,,,8673.2900390625,3197.5400390625,2.3910000324249268
2014-08-27,1997.0,413.19000244140625,5651.2001953125,4395.259765625,,,,,,,8669.7998046875,3194.449951171875,2.3610000610351562
2014-08-28,1996.75,412.1400146484375,5624.39990234375,4366.0400390625,,,,,,,8622.23046875,3164.43994140625,2.3340001106262207
2014-08-29,2001.5,413.1300048828125,5625.89990234375,4381.0400390625,,,,,,,8658.9697265625,3172.6298828125,2.3429999351501465
2014-09-01,,414.2300109863281,5629.7998046875,4379.72998046875,,,,,,,8746.9697265625,3175.050048828125,
2014-09-02,1999.75,415.0,5658.5,4378.330078125,,,,,,,8757.3203125,3180.2900390625,2.4189999103546143
2014-09-03,1998.75,417.2099914550781,5656.10009765625,4421.8701171875,,,,,,,8803.5703125,3218.840087890625,2.4100000858306885
2014-09-04,1997.75,421.5899963378906,5631.2998046875,4494.93994140625,,,,,,,8834.75,3277.25,2.447999954223633
2014-09-05,2006.0,421.1099853515625,5598.7001953125,4486.490234375,,,,,,,8788.76953125,3275.25,2.4609999656677246
2014-09-08,2000.5,420.6000061035156,5577.0,4474.93017578125,,,,,,,8817.1904296875,3267.5400390625,2.4690001010894775
2014-09-09,1989.75,418.3999938964844,5607.89990234375,4452.3701171875,,,,,,,8825.599609375,3245.429931640625,2.5
2014-09-10,1995.0,418.95001220703125,5574.2998046875,4450.7900390625,,,,,,,8816.0703125,3244.159912109375,2.5339999198913574
2014-09-11,1997.0,418.010009765625,5546.10009765625,4440.89990234375,,,,,,,8829.009765625,3237.760009765625,2.5309998989105225
2014-09-12,1984.75,417.79998779296875,5531.10009765625,4441.7001953125,,,,,,,8795.9296875,3235.070068359375,2.614000082015991
2014-09-15,1984.25,417.6499938964844,5473.5,4428.6298828125,,,,,,,8796.41015625,3231.699951171875,2.5910000801086426
2014-09-16,1999.5,417.3999938964844,5445.39990234375,4409.14990234375,,,,,,,8804.4404296875,3221.72998046875,2.5889999866485596
2014-09-17,2001.5,417.8399963378906,5407.2998046875,4431.41015625,,,,,,,8825.6103515625,3237.43994140625,2.5999999046325684
2014-09-18,2012.25,422.04998779296875,5415.7998046875,4464.7001953125,,,,,,,8830.490234375,3271.3701171875,2.628999948501587
2014-09-19,2019.25,425.739990234375,5433.10009765625,4461.22021484375,,,,,,,8840.169921875,3273.25,2.5869998931884766
2014-09-22,1986.25,422.04998779296875,5363.0,4442.5498046875,,,,,,,8817.51953125,3257.47998046875,2.565999984741211
2014-09-23,1972.25,418.8299865722656,5415.7001953125,4359.35009765625,,,,,,,8763.7998046875,3205.929931640625,2.5350000858306885
2014-09-24,1991.0,421.4200134277344,5375.7998046875,4413.72021484375,,,,,,,8797.169921875,3244.010009765625,2.569000005722046
2014-09-25,1961.5,417.25,5382.2001953125,4355.27978515625,,,,,,,8772.759765625,3202.31005859375,2.510999917984009
2014-09-26,1976.0,418.489990234375,5313.39990234375,4394.75,,,,,,,8774.3603515625,3219.580078125,2.5350000858306885
2014-09-29,1969.5,418.17999267578125,5264.2001953125,4358.06982421875,,,,,,,8776.73046875,3186.949951171875,2.490999937057495
2014-09-30,1965.5,421.1400146484375,5292.7998046875,4416.240234375,,,,,,,8835.1396484375,3225.929931640625,2.507999897003174
2014-10-01,1940.75,416.79998779296875,5334.10009765625,4365.27001953125,,,,,,,8789.5302734375,3195.080078125,2.4030001163482666
2014-10-02,1938.5,406.2200012207031,5297.7001953125,4242.669921875,,,,,,,8654.7099609375,3106.419921875,2.437999963760376
2014-10-03,1960.25,411.19000244140625,5318.2001953125,4281.740234375,,,,,,,8683.5302734375,3133.3701171875,2.447000026702881
2014-10-06,1956.0,412.239990234375,5292.89990234375,4286.52001953125,,,,,,,8723.0400390625,3138.669921875,2.424999952316284
2014-10-07,1928.0,406.510009765625,5284.2001953125,4209.14013671875,,,,,,,8561.990234375,3082.10009765625,2.3499999046325684
2014-10-08,1961.75,403.4599914550781,5241.2998046875,4168.1201171875,,,,,,,8517.2900390625,3053.31005859375,2.3299999237060547
2014-10-09,1925.0,402.6600036621094,5296.7001953125,4141.4501953125,,,,,,,8482.900390625,3042.449951171875,2.3269999027252197
2014-10-10,1894.25,395.67999267578125,5188.2998046875,4073.7099609375,,,,,,,8374.58984375,2991.5,2.306999921798706
2014-10-13,1865.5,394.3299865722656,5155.5,4078.699951171875,,,,,,,8342.0703125,2998.320068359375,2.2860000133514404
2014-10-14,1874.75,393.29998779296875,5207.39990234375,4088.25,,,,,,,8338.009765625,3000.989990234375,2.2060000896453857
2014-10-15,1846.75,379.69000244140625,5245.60009765625,3939.719970703125,,,,,,,8144.8798828125,2892.550048828125,2.0899999141693115
2014-10-16,1850.5,376.2699890136719,5254.89990234375,3918.6201171875,,,,,,,8057.5400390625,2874.64990234375,2.1530001163482666
2014-10-17,1881.0,387.05999755859375,5271.7001953125,4033.179931640625,,,,,,,8250.099609375,2962.239990234375,2.1989998817443848
2014-10-20,1900.0,384.3999938964844,5319.39990234375,3991.239990234375,,,,,,,8283.3095703125,2927.300048828125,2.180999994277954
2014-10-21,1938.0,394.489990234375,5325.0,4081.239990234375,,,,,,,8404.8095703125,2991.4599609375,2.2079999446868896
2014-10-22,1925.0,396.010009765625,5385.89990234375,4105.08984375,,,,,,,8506.1396484375,3008.530029296875,2.2290000915527344
2014-10-23,1946.0,396.8900146484375,5383.10009765625,4157.68017578125,,,,,,,8546.080078125,3044.300048828125,2.2750000953674316
2014-10-24,1959.75,396.1199951171875,5412.2001953125,4128.89990234375,,,,,,,8532.08984375,3030.3701171875,2.2730000019073486
2014-10-27,1957.0,395.04998779296875,5459.0,4096.740234375,,,,,,,8520.48046875,2998.840087890625,2.256999969482422
2014-10-28,1980.0,401.260009765625,5452.60009765625,4112.669921875,,,,,,,8630.41015625,3036.14990234375,2.2839999198913574
2014-10-29,1972.25,401.1000061035156,5447.7001953125,4110.64013671875,,,,,,,8654.4697265625,3022.419921875,2.322999954223633
2014-10-30,1988.5,403.7099914550781,5476.2001953125,4141.240234375,,,,,,,8719.0302734375,3035.89990234375,2.305000066757202
2014-10-31,2011.5,411.32000732421875,5526.60009765625,4233.08984375,,,,,,,8837.7802734375,3113.320068359375,2.3350000381469727
2014-11-03,2011.0,409.0400085449219,5506.89990234375,4194.02978515625,,,,,,,8751.669921875,3082.320068359375,2.3480000495910645
2014-11-04,2005.5,403.7799987792969,5519.89990234375,4130.18994140625,,,,,,,8718.01953125,3034.239990234375,2.3420000076293945
2014-11-05,2018.75,410.6600036621094,5517.89990234375,4208.419921875,,,,,,,8843.169921875,3091.5400390625,2.3499999046325684
2014-11-06,2028.0,413.1499938964844,5506.10009765625,4227.68017578125,,,,,,,8863.8798828125,3102.070068359375,2.375
2014-11-07,2026.0,411.42999267578125,5549.10009765625,4189.89013671875,,,,,,,8816.919921875,3064.919921875,2.312000036239624
2014-11-10,2034.0,414.9599914550781,5524.0,4222.81982421875,,,,,,,8867.5302734375,3094.60009765625,2.3589999675750732
2014-11-11,2036.5,415.17999267578125,5517.10009765625,4244.10009765625,,,,,,,8896.150390625,3104.590087890625,2.359999895095825
2014-11-12,2036.0,411.92999267578125,5463.10009765625,4179.8798828125,,,,,,,8867.7802734375,3047.300048828125,2.3589999675750732
2014-11-13,2034.0,411.4100036621094,5442.7001953125,4187.9501953125,,,,,,,8954.400390625,3056.800048828125,2.3469998836517334
2014-11-14,2038.0,411.9700012207031,5454.2998046875,4202.4599609375,,,,,,,8915.3095703125,3059.989990234375,2.319999933242798
2014-11-17,2039.75,414.07000732421875,5412.5,4226.10009765625,,,,,,,8927.0498046875,3084.7900390625,2.3399999141693115
2014-11-18,2048.5,417.1600036621094,5399.7001953125,4262.3798828125,,,,,,,8972.5400390625,3120.419921875,2.322000026702881
2014-11-19,2047.25,417.7900085449219,5368.7998046875,4266.18994140625,,,,,,,8983.51953125,3123.1201171875,2.3510000705718994
2014-11-20,2052.0,416.80999755859375,5316.2001953125,4234.2099609375,,,,,,,8989.9404296875,3102.2099609375,2.3350000381469727
2014-11-21,2061.75,423.4599914550781,5304.2998046875,4347.22998046875,,,,,,,9080.5498046875,3194.219970703125,2.315000057220459
2014-11-24,2067.5,422.9100036621094,5361.7998046875,4368.43994140625,,,,,,,9058.509765625,3211.699951171875,2.309999942779541
2014-11-25,2067.5,423.17999267578125,5334.7998046875,4382.31005859375,,,,,,,9042.740234375,3226.14990234375,2.259999990463257
2014-11-26,2072.25,423.9700012207031,5396.2001953125,4373.419921875,,,,,,,9058.9404296875,3226.080078125,2.2339999675750732
2014-11-27,,425.75,5332.39990234375,4382.33984375,,,,,,,9129.150390625,3244.919921875,
2014-11-28,2066.25,425.8599853515625,5313.0,4390.18017578125,,,,,,,9150.4599609375,3250.929931640625,2.194000005722046
2014-12-01,2050.75,423.4700012207031,5207.7001953125,4377.330078125,,,,,,,9146.1796875,3232.909912109375,2.2179999351501465
2014-12-02,2066.0,428.4800109863281,5281.2998046875,4388.2998046875,,,,,,,9138.5595703125,3238.35009765625,2.2850000858306885
2014-12-03,2072.5,428.6099853515625,5321.7998046875,4391.85986328125,,,,,,,9168.3701171875,3247.719970703125,2.2869999408721924
2014-12-04,2072.0,423.67999267578125,5368.7998046875,4323.89013671875,,,,,,,9118.169921875,3191.25,2.256999969482422
2014-12-05,2076.0,431.05999755859375,5335.2998046875,4419.47998046875,,,,,,,9212.849609375,3277.3798828125,2.306999921798706
2014-12-08,2059.5,427.2699890136719,5338.60009765625,4375.47998046875,,,,,,,9181.240234375,3247.989990234375,2.256999969482422
2014-12-09,2057.5,418.42999267578125,5282.7001953125,4263.93994140625,,,,,,,9051.3896484375,3162.77001953125,2.2200000286102295
2014-12-10,2026.5,416.7099914550781,5259.0,4227.91015625,,,,,,,9020.830078125,3150.949951171875,2.1689999103546143
2014-12-11,2031.0,416.7699890136719,5231.0,4225.85986328125,,,,,,,9058.8203125,3159.110107421875,2.177999973297119
2014-12-12,1997.25,406.1700134277344,5219.60009765625,4108.93017578125,,,,,,,8895.349609375,3067.320068359375,2.1029999256134033
2014-12-15,1990.0,396.0899963378906,5186.10009765625,4005.3798828125,,,,,,,8712.8203125,2982.89990234375,2.115999937057495
2014-12-16,1971.5,403.7900085449219,5152.2998046875,4093.199951171875,,,,,,,8795.1298828125,3049.989990234375,2.071000099182129
2014-12-17,2014.25,403.4599914550781,5161.89990234375,4111.91015625,,,,,,,8775.8798828125,3051.989990234375,2.1480000019073486
2014-12-18,2065.0,416.44000244140625,5210.7998046875,4249.490234375,,,,,,,9013.1103515625,3153.77001953125,2.2039999961853027
2014-12-19,2065.0,418.3699951171875,5338.60009765625,4241.64990234375,,,,,,,8976.240234375,3141.280029296875,2.1760001182556152
2014-12-22,2072.5,421.5799865722656,5442.0,4254.43017578125,,,,,,,9033.4501953125,3154.909912109375,2.1619999408721924
2014-12-23,2079.0,426.7699890136719,5380.89990234375,4314.97021484375,,,,,,,9021.669921875,3192.469970703125,2.256999969482422
2014-12-24,2078.75,425.57000732421875,5394.5,4295.85009765625,,,,,,,,,2.2639999389648438
2014-12-26,2084.25,,,,,,,,,,,,2.25
2014-12-29,2085.75,426.8900146484375,5473.7998046875,4317.93017578125,,,,,,,9034.5498046875,,2.2070000171661377
2014-12-30,2076.75,421.5899963378906,5416.60009765625,4245.5400390625,,,,,,,8983.3701171875,3135.949951171875,2.190000057220459
2014-12-31,2052.5,424.4700012207031,5411.0,4272.75,,,,,,,,,2.1700000762939453
2015-01-02,2046.25,422.2799987792969,5435.89990234375,4252.2900390625,,,,,,,,,2.122999906539917
2015-01-05,2016.0,410.94000244140625,5450.2998046875,4111.35986328125,,,,,,,8938.849609375,3023.139892578125,2.0390000343322754
2015-01-06,1994.5,408.42999267578125,5364.7998046875,4083.5,,,,,,,8874.4697265625,,1.9630000591278076
2015-01-07,2019.5,411.2099914550781,5353.60009765625,4112.72998046875,,,,,,,8900.830078125,3026.7900390625,1.9539999961853027
2015-01-08,2055.0,423.07000732421875,5381.5,4260.18994140625,,,,,,,9139.6904296875,3135.080078125,2.0160000324249268
2015-01-09,2035.25,415.5899963378906,5465.60009765625,4179.06982421875,,,,,,,9105.7001953125,3042.89990234375,1.9709999561309814
2015-01-12,2022.5,418.4100036621094,5422.7001953125,4228.240234375,,,,,,,9152.9697265625,3084.179931640625,1.9119999408721924
2015-01-13,2016.0,423.7900085449219,5404.7001953125,4290.27978515625,,,,,,,9285.6298828125,3133.860107421875,1.8899999856948853
2015-01-14,2007.5,418.3299865722656,5353.60009765625,4223.240234375,,,,,,,9198.2001953125,3089.669921875,1.8370000123977661
2015-01-15,1989.0,425.32000732421875,5331.39990234375,4323.2001953125,,,,,,,8400.6103515625,3157.360107421875,1.774999976158142
2015-01-16,2013.0,432.9800109863281,5299.2001953125,4379.6201171875,,,,,,,7899.58984375,3202.239990234375,1.815000057220459
2015-01-19,,435.30999755859375,5309.10009765625,4394.93017578125,,,,,,,8152.77978515625,3220.89990234375,
2015-01-20,2016.75,437.9200134277344,5307.7001953125,4446.02001953125,,,,,,,8178.89990234375,3244.919921875,1.8070000410079956
2015-01-21,2026.5,441.0899963378906,5393.39990234375,4484.81982421875,,,,,,,8008.5498046875,3269.72998046875,1.8530000448226929
2015-01-22,2056.5,447.7699890136719,5419.89990234375,4552.7998046875,,,,,,,7999.47998046875,3322.64990234375,1.8960000276565552
2015-01-23,2044.0,454.55999755859375,5501.7998046875,4640.68994140625,,,,,,,8161.16015625,3382.550048828125,1.8170000314712524
2015-01-26,2053.5,459.1400146484375,,4675.1298828125,,,,,,,8296.4501953125,3414.280029296875,1.8279999494552612
2015-01-27,2030.0,454.4599914550781,5547.2001953125,4624.2099609375,,,,,,,8402.8203125,3372.580078125,1.8250000476837158
2015-01-28,1991.5,452.29998779296875,5552.7998046875,4610.93994140625,,,,,,,8311.5498046875,3358.9599609375,1.7239999771118164
2015-01-29,2018.5,452.4700012207031,5569.5,4631.43017578125,,,,,,,8435.33984375,3371.830078125,1.7510000467300415
2015-01-30,1988.5,450.3900146484375,5588.2998046875,4604.25,,,,,,,8385.1298828125,3351.43994140625,1.6749999523162842
2015-02-02,2017.0,450.760009765625,5625.2998046875,4627.669921875,,,,,,,8429.2001953125,3370.110107421875,1.6729999780654907
2015-02-03,2042.0,455.82000732421875,5707.39990234375,4677.89990234375,,,,,,,8452.1298828125,3414.179931640625,1.7799999713897705
2015-02-04,2030.0,454.8800048828125,5777.2998046875,4696.2998046875,,,,,,,8608.240234375,3415.530029296875,1.7970000505447388
2015-02-05,2055.0,455.29998779296875,5811.0,4703.2998046875,,,,,,,8544.3203125,3408.9599609375,1.815000057220459
2015-02-06,2053.0,454.69000244140625,5820.2001953125,4691.02978515625,,,,,,,8587.990234375,3398.159912109375,1.937999963760376
2015-02-09,2042.5,450.9599914550781,5814.89990234375,4651.080078125,,,,,,,8632.1396484375,3347.75,1.9479999542236328
2015-02-10,2062.25,453.79998779296875,5800.60009765625,4695.64990234375,,,,,,,8620.419921875,3383.1298828125,1.9910000562667847
2015-02-11,2065.75,458.2699890136719,5769.10009765625,4679.3798828125,,,,,,,8577.759765625,3374.139892578125,1.9880000352859497
2015-02-12,2084.0,460.42999267578125,5743.60009765625,4726.2001953125,,,,,,,8611.0302734375,3417.610107421875,1.9859999418258667
2015-02-13,2093.5,464.8999938964844,5877.5,4759.35986328125,,,,,,,8651.98046875,3447.590087890625,2.0209999084472656
2015-02-16,,462.82000732421875,5888.7001953125,4751.9501953125,,,,,,,8712.6904296875,3433.300048828125,
2015-02-17,2096.0,463.4200134277344,5858.2001953125,4753.990234375,,,,,,,8747.830078125,3438.43994140625,2.1449999809265137
2015-02-18,2095.5,467.32000732421875,5915.7001953125,4799.02978515625,,,,,,,8800.7099609375,3465.800048828125,2.065999984741211
2015-02-19,2095.25,469.7900085449219,5904.2001953125,4833.27978515625,,,,,,,8900.1796875,3488.080078125,2.11299991607666
2015-02-20,2107.0,469.8500061035156,5881.5,4830.89990234375,,,,,,,8892.169921875,3490.530029296875,2.132999897003174
2015-02-23,2106.75,475.2200012207031,5908.0,4862.2998046875,,,,,,,8977.6904296875,3519.580078125,2.059000015258789
2015-02-24,2113.75,479.94000244140625,5927.0,4886.43994140625,,,,,,,8984.6103515625,3547.10009765625,1.9880000352859497
2015-02-25,2110.25,478.5299987792969,5944.89990234375,4882.22021484375,,,,,,,8977.6201171875,3541.780029296875,1.968999981880188
2015-02-26,2110.0,482.4700012207031,5908.5,4910.6201171875,,,,,,,9049.490234375,3574.93994140625,2.0160000324249268
2015-02-27,2102.75,483.92999267578125,5928.7998046875,4951.47998046875,,,,,,,9014.5302734375,3599.0,2.002000093460083
2015-03-02,2114.0,485.8399963378906,5958.89990234375,4917.31982421875,,,,,,,9055.6904296875,3591.090087890625,2.0840001106262207
2015-03-03,2104.75,480.05999755859375,5933.89990234375,4869.25,,,,,,,8954.6796875,3549.110107421875,2.121999979019165
2015-03-04,2096.5,483.57000732421875,5901.60009765625,4917.35009765625,,,,,,,8992.5,3583.43994140625,2.122999906539917
2015-03-05,2099.75,488.9599914550781,5904.2001953125,4963.509765625,,,,,,,9034.599609375,3618.2099609375,2.111999988555908
2015-03-06,2070.75,489.8399963378906,5898.89990234375,4964.35009765625,,,,,,,9080.0302734375,3617.6201171875,2.240000009536743
2015-03-09,2077.75,488.2099914550781,5821.2998046875,4937.2001953125,,,,,,,9046.8798828125,3610.280029296875,2.194999933242798
2015-03-10,2042.0,483.1000061035156,5824.2001953125,4881.9501953125,,,,,,,9023.7099609375,3567.25,2.125999927520752
2015-03-11,2039.5,491.92999267578125,5793.2001953125,4997.75,,,,,,,9106.23046875,3649.5400390625,2.1089999675750732
2015-03-12,2064.0,491.6400146484375,5850.2001953125,4987.330078125,,,,,,,9119.8095703125,3641.320068359375,2.0959999561309814
2015-03-13,2049.75,492.4800109863281,5814.5,5010.4599609375,,,,,,,9156.01953125,3656.2099609375,2.111999988555908
2015-03-16,2076.5,498.0299987792969,5797.7001953125,5061.16015625,,,,,,,9237.080078125,3706.75,2.0980000495910645
2015-03-17,2074.5,494.3999938964844,5842.10009765625,5028.93017578125,,,,,,,9198.509765625,3672.159912109375,2.058000087738037
2015-03-18,2100.5,496.6300048828125,5842.2998046875,5033.419921875,,,,,,,9256.240234375,3668.52001953125,1.9509999752044678
2015-03-19,2090.5,496.010009765625,5950.7998046875,5037.18017578125,,,,,,,9328.48046875,3670.72998046875,1.9769999980926514
2015-03-20,2101.25,499.1199951171875,5975.5,5087.490234375,,,,,,,9396.2900390625,3726.070068359375,1.9299999475479126
2015-03-23,2094.75,497.54998779296875,5956.10009765625,5054.52001953125,,,,,,,9366.2001953125,3699.0400390625,1.9149999618530273
2015-03-24,2085.0,498.6600036621094,5969.10009765625,5088.27978515625,,,,,,,9292.6796875,3731.35009765625,1.878000020980835
2015-03-25,2053.75,491.6400146484375,5973.2998046875,5020.990234375,,,,,,,9188.25,3684.0400390625,1.9199999570846558
2015-03-26,2048.5,486.3699951171875,5879.10009765625,5006.35009765625,,,,,,,9082.509765625,3669.7900390625,2.006999969482422
2015-03-27,2052.5,485.7300109863281,5919.89990234375,5034.06005859375,,,,,,,9083.51953125,3679.030029296875,1.9479999542236328
2015-03-30,2075.5,494.69000244140625,5846.10009765625,5083.52001953125,,,,,,,9202.1796875,3727.800048828125,1.9630000591278076
2015-03-31,2060.75,489.4100036621094,5891.5,5033.64013671875,,,,,,,9128.98046875,3697.3798828125,1.934000015258789
2015-04-01,2053.0,490.0400085449219,5860.7998046875,5062.22021484375,,,,,,,9137.259765625,3714.889892578125,1.8680000305175781
2015-04-02,2059.5,492.3800048828125,5898.60009765625,5074.14013671875,,,,,,,9130.599609375,3715.27001953125,1.9040000438690186
2015-04-06,2073.25,,,,,,,,,,,,1.9040000438690186
2015-04-07,2067.75,503.0299987792969,5926.0,5151.18994140625,,,,,,,9260.75,3768.719970703125,1.8930000066757202
2015-04-08,2076.0,497.1600036621094,5960.7001953125,5136.85986328125,,,,,,,9247.8203125,3742.6298828125,1.8949999809265137
2015-04-09,2085.75,501.9700012207031,5932.2001953125,5208.9501953125,,,,,,,9393.3798828125,3781.7900390625,1.9579999446868896
2015-04-10,2095.5,507.1700134277344,5968.39990234375,5240.4599609375,,,,,,,9471.4599609375,3816.760009765625,1.9509999752044678
2015-04-13,2086.5,508.6600036621094,5960.2998046875,5254.1201171875,,,,,,,9430.25,3828.780029296875,1.9390000104904175
2015-04-14,2091.0,505.8599853515625,5946.60009765625,5218.06005859375,,,,,,,9415.6201171875,3784.530029296875,1.9040000438690186
2015-04-15,2099.75,507.42999267578125,5908.39990234375,5254.35009765625,,,,,,,9428.5498046875,3803.550048828125,1.899999976158142
2015-04-16,2100.75,504.3800048828125,5947.5,5224.490234375,,,,,,,9398.599609375,3751.719970703125,1.878000020980835
2015-04-17,2075.5,495.0299987792969,5877.89990234375,5143.259765625,,,,,,,9245.919921875,3674.050048828125,1.850000023841858
2015-04-20,2091.0,500.7300109863281,5833.10009765625,5187.58984375,,,,,,,9243.7099609375,3718.0400390625,1.8949999809265137
2015-04-21,2091.0,503.80999755859375,5872.2998046875,5192.64013671875,,,,,,,9299.4296875,3719.3798828125,1.9160000085830688
2015-04-22,2100.25,505.7200012207031,5837.5,5211.08984375,,,,,,,9358.08984375,3724.489990234375,1.972000002861023
2015-04-23,2107.0,503.0,5844.7998046875,5178.91015625,,,,,,,9338.25,3697.8798828125,1.9470000267028809
2015-04-24,2111.75,504.010009765625,5933.2998046875,5201.4501953125,,,,,,,9302.1201171875,3713.9599609375,1.9170000553131104
2015-04-27,2104.75,509.239990234375,5982.7001953125,5268.91015625,,,,,,,9349.1796875,3771.449951171875,1.9240000247955322
2015-04-28,2112.0,501.6600036621094,5948.5,5173.3798828125,,,,,,,9259.8095703125,3715.419921875,1.9730000495910645
2015-04-29,2099.0,489.260009765625,5838.60009765625,5039.39013671875,,,,,,,9105.0498046875,3617.110107421875,2.0350000858306885
2015-04-30,2079.0,487.8500061035156,5790.0,5046.490234375,,,,,,,9077.1201171875,3615.590087890625,2.0460000038146973
2015-05-01,2101.5,,5814.39990234375,,,,,,,,,,2.117000102996826
2015-05-04,2109.25,491.1700134277344,5827.5,5081.97021484375,,,,,,,9095.8203125,3632.93994140625,2.134999990463257
2015-05-05,2084.0,482.6099853515625,5826.5,4974.06982421875,,,,,,,9024.3798828125,3546.56005859375,2.1760001182556152
2015-05-06,2074.25,478.1499938964844,5692.2001953125,4981.58984375,,,,,,,8888.919921875,3558.030029296875,2.240000009536743
2015-05-07,2084.25,478.7799987792969,5645.7001953125,4967.22021484375,,,,,,,8873.5498046875,3556.2099609375,2.184000015258789
2015-05-08,2108.5,490.7900085449219,5634.60009765625,5090.39013671875,,,,,,,9093.330078125,3649.47998046875,2.1500000953674316
2015-05-11,2097.75,492.75,5625.2001953125,5027.8701171875,,,,,,,9117.330078125,3624.409912109375,2.2739999294281006
2015-05-12,2095.0,488.9700012207031,5674.7001953125,4974.64990234375,,,,,,,9044.98046875,3573.10009765625,2.259999990463257
2015-05-13,2094.5,486.69000244140625,5715.10009765625,4961.85986328125,,,,,,,9050.66015625,3553.419921875,2.2820000648498535
2015-05-14,2117.5,490.69000244140625,5696.60009765625,5029.31005859375,,,,,,,,,2.239000082015991
2015-05-15,2119.0,490.9599914550781,5735.5,4993.81982421875,,,,,,,9109.919921875,3573.070068359375,2.1410000324249268
2015-05-18,2126.0,490.1499938964844,5659.2001953125,5012.31005859375,,,,,,,9196.5498046875,3589.219970703125,2.2279999256134033
2015-05-19,2124.5,499.17999267578125,5615.5,5117.2998046875,,,,,,,9295.6201171875,3670.52001953125,2.26200008392334
2015-05-20,2122.5,501.8999938964844,5610.2998046875,5133.2998046875,,,,,,,9319.900390625,3683.47998046875,2.250999927520752
2015-05-21,2128.0,502.04998779296875,5662.2998046875,5146.7001953125,,,,,,,9365.349609375,3688.719970703125,2.184999942779541
2015-05-22,2124.5,501.8900146484375,5664.7001953125,5142.89013671875,,,,,,,9353.2998046875,3679.139892578125,2.2149999141693115
2015-05-25,,501.1400146484375,5721.5,5117.169921875,,,,,,,,,
2015-05-26,2105.0,496.3500061035156,5773.39990234375,5083.5400390625,,,,,,,9272.6796875,3619.300048828125,2.13700008392334
2015-05-27,2121.0,503.5199890136719,5725.2998046875,5182.52978515625,,,,,,,9396.240234375,3682.8701171875,2.134999990463257
2015-05-28,2121.75,502.239990234375,5713.10009765625,5137.830078125,,,,,,,9394.25,3650.7099609375,2.130000114440918
2015-05-29,2106.0,493.55999755859375,5777.2001953125,5007.89013671875,,,,,,,9237.7900390625,3570.780029296875,2.0950000286102295
2015-06-01,2109.25,492.25,5735.39990234375,5025.2998046875,,,,,,,9267.4404296875,3575.0400390625,2.191999912261963
2015-06-02,2106.75,486.5,5636.0,5004.4599609375,,,,,,,9204.08984375,3561.889892578125,2.2660000324249268
2015-06-03,2116.0,487.739990234375,5583.60009765625,5034.169921875,,,,,,,9253.2998046875,3583.820068359375,2.365999937057495
2015-06-04,2099.0,485.2900085449219,5504.2998046875,4987.1298828125,,,,,,,9233.650390625,3556.3798828125,2.306999921798706
2015-06-05,2092.25,479.3800048828125,5498.5,4920.740234375,,,,,,,9105.01953125,3510.010009765625,2.4019999504089355
2015-06-08,2078.25,475.1300048828125,,4857.66015625,,,,,,,9060.490234375,3468.31005859375,2.38100004196167
2015-06-09,2080.0,474.70001220703125,5471.2998046875,4850.22021484375,,,,,,,8980.2197265625,3456.7900390625,2.4170000553131104
2015-06-10,2107.0,481.45001220703125,5478.60009765625,4934.91015625,,,,,,,9102.7001953125,3526.47998046875,2.4779999256134033
2015-06-11,2109.25,484.8800048828125,5556.7001953125,4971.3701171875,,,,,,,9146.2998046875,3551.909912109375,2.382999897003174
2015-06-12,2093.0,477.760009765625,5545.2998046875,4901.18994140625,,,,,,,9026.4296875,3502.77001953125,2.384999990463257
2015-06-15,2084.0,472.8900146484375,5538.7998046875,4815.35986328125,,,,,,,8924.669921875,3438.070068359375,2.3580000400543213
2015-06-16,2097.5,475.1700134277344,5535.7998046875,4839.85986328125,,,,,,,8965.400390625,3454.090087890625,2.318000078201294
2015-06-17,2097.5,471.55999755859375,5595.39990234375,4790.6201171875,,,,,,,8906.6904296875,3428.760009765625,2.305999994277954
2015-06-18,2123.0,472.9700012207031,5524.89990234375,4803.47998046875,,,,,,,8880.2900390625,3450.449951171875,2.3510000705718994
2015-06-19,2118.5,475.42999267578125,5597.0,4815.3701171875,,,,,,,8867.3203125,3455.800048828125,2.2669999599456787
2015-06-22,2112.75,489.7200012207031,5610.2001953125,4998.60986328125,,,,,,,9021.3701171875,3596.070068359375,2.359999895095825
2015-06-23,2116.5,494.45001220703125,5684.2998046875,5057.68017578125,,,,,,,9137.330078125,3625.969970703125,2.4089999198913574
2015-06-24,2099.5,492.6199951171875,5686.7998046875,5045.35009765625,,,,,,,9081.8095703125,3610.949951171875,2.371000051498413
2015-06-25,2094.0,492.3900146484375,5632.7001953125,5041.7099609375,,,,,,,9045.3203125,3610.909912109375,2.3929998874664307
2015-06-26,2095.75,494.4700012207031,5545.89990234375,5059.169921875,,,,,,,9007.5,3621.3701171875,2.4760000705718994
2015-06-29,2050.5,477.1499938964844,5422.5,4869.81982421875,,,,,,,8868.3896484375,3468.89990234375,2.3310000896453857
2015-06-30,2054.5,472.5799865722656,5459.0,4790.2001953125,,,,,,,8780.91015625,3424.300048828125,2.3350000381469727
2015-07-01,2071.0,482.8299865722656,5515.7001953125,4883.18994140625,,,,,,,8908.990234375,3496.280029296875,2.4179999828338623
2015-07-02,2068.75,476.9599914550781,5599.7998046875,4835.56005859375,,,,,,,8961.48046875,3463.25,2.3929998874664307
2015-07-03,,474.1400146484375,5538.2998046875,4808.22021484375,,,,,,,8912.83984375,3441.760009765625,
2015-07-06,2064.5,467.25,5475.0,4711.5400390625,,,,,,,8862.7802734375,3365.199951171875,2.2780001163482666
2015-07-07,2073.75,456.6400146484375,5581.39990234375,4604.64013671875,,,,,,,8764.1103515625,3294.18994140625,2.2309999465942383
2015-07-08,2039.25,459.0400085449219,5469.5,4639.02001953125,,,,,,,8852.4296875,3327.5,2.2060000896453857
2015-07-09,2041.25,469.9700012207031,5471.0,4757.22021484375,,,,,,,8985.080078125,3420.030029296875,2.3010001182556152
2015-07-10,2069.0,481.3900146484375,5492.0,4903.06982421875,,,,,,,9134.1796875,3528.81005859375,2.4170000553131104
2015-07-13,2094.5,489.8999938964844,5473.2001953125,4998.10009765625,,,,,,,9250.099609375,3590.429931640625,2.430000066757202
2015-07-14,2102.0,493.8399963378906,5577.39990234375,5032.47021484375,,,,,,,9311.0703125,3607.18994140625,2.3989999294281006
2015-07-15,2104.25,497.1300048828125,5636.2001953125,5047.240234375,,,,,,,9319.25,3623.8701171875,2.3499999046325684
2015-07-16,2117.0,501.010009765625,5669.60009765625,5121.5,,,,,,,9458.9599609375,3676.409912109375,2.3519999980926514
2015-07-17,2118.75,500.42999267578125,5670.10009765625,5124.39013671875,,,,,,,9446.169921875,3670.340087890625,2.3489999771118164
2015-07-20,2122.0,502.0799865722656,5686.89990234375,5142.490234375,,,,,,,9482.6201171875,3686.580078125,2.371999979019165
2015-07-21,2114.5,498.760009765625,5706.7001953125,5106.56982421875,,,,,,,9385.4501953125,3647.9599609375,2.3399999141693115
2015-07-22,2108.0,496.1199951171875,5614.60009765625,5082.56982421875,,,,,,,9289.259765625,3635.580078125,2.322000026702881
2015-07-23,2098.5,496.3500061035156,5590.2998046875,5086.740234375,,,,,,,9381.5703125,3634.639892578125,2.2769999504089355
2015-07-24,2077.5,490.0400085449219,5566.10009765625,5057.35986328125,,,,,,,9322.9697265625,3600.0,2.2709999084472656
2015-07-27,2064.5,481.5199890136719,5589.89990234375,4927.60009765625,,,,,,,9194.48046875,3513.10009765625,2.2279999256134033
2015-07-28,2087.25,485.7699890136719,5584.7001953125,4977.31982421875,,,,,,,9275.7197265625,3554.110107421875,2.25
2015-07-29,2101.5,489.2900085449219,5624.2001953125,5017.43994140625,,,,,,,9387.9697265625,3575.530029296875,2.2790000438690186
2015-07-30,2103.75,495.1700134277344,5669.5,5046.419921875,,,,,,,9397.6904296875,3583.7900390625,2.2679998874664307
2015-07-31,2098.5,495.2300109863281,5699.2001953125,5082.60986328125,,,,,,,9428.169921875,3600.68994140625,2.2049999237060547
2015-08-03,2091.0,500.42999267578125,5679.2998046875,5120.52001953125,,,,,,,9468.9697265625,3635.39990234375,2.1500000953674316
2015-08-04,2083.0,500.0199890136719,5697.89990234375,5112.14013671875,,,,,,,9480.2001953125,3619.31005859375,2.2109999656677246
2015-08-05,2093.75,503.4800109863281,5674.0,5196.72998046875,,,,,,,9526.7900390625,3676.75,2.2679998874664307
2015-08-06,2079.5,501.2300109863281,5610.10009765625,5192.10986328125,,,,,,,9457.990234375,3668.469970703125,2.2339999675750732
2015-08-07,2073.5,496.6099853515625,5474.7998046875,5154.75,,,,,,,9408.26953125,3637.800048828125,2.174999952316284
2015-08-10,2099.75,500.0400085449219,5509.2001953125,5195.41015625,,,,,,,9510.7802734375,3674.93994140625,2.23799991607666
2015-08-11,2079.75,494.3599853515625,5473.2001953125,5099.02978515625,,,,,,,9424.41015625,3605.280029296875,2.13700008392334
2015-08-12,2084.25,477.4200134277344,5382.10009765625,4925.43017578125,,,,,,,9183.8798828125,3484.409912109375,2.130000114440918
2015-08-13,2080.5,476.989990234375,5387.89990234375,4986.85009765625,,,,,,,9325.2099609375,3516.14990234375,2.188999891281128
2015-08-14,2089.5,473.8900146484375,5356.5,4956.47021484375,,,,,,,9346.5595703125,3491.030029296875,2.196000099182129
2015-08-17,2099.25,474.29998779296875,5367.7001953125,4984.830078125,,,,,,,9390.4599609375,3497.89990234375,2.1500000953674316
2015-08-18,2094.0,479.010009765625,5303.10009765625,4971.25,,,,,,,9383.599609375,3495.3798828125,2.196000099182129
2015-08-19,2072.75,469.239990234375,5380.2001953125,4884.10009765625,,,,,,,9251.599609375,3429.840087890625,2.128999948501587
2015-08-20,2025.5,459.1700134277344,5288.60009765625,4783.5498046875,,,,,,,9104.7099609375,3353.47998046875,2.0840001106262207
2015-08-21,1971.5,442.8699951171875,5214.60009765625,4630.990234375,,,,,,,8798.5703125,3247.260009765625,2.053999900817871
2015-08-24,1871.25,419.67999267578125,5001.2998046875,4383.4599609375,,,,,,,8468.8896484375,3073.389892578125,1.996999979019165
2015-08-25,1872.75,436.67999267578125,5137.2998046875,4564.85986328125,,,,,,,8758.7900390625,3218.010009765625,2.132999897003174
2015-08-26,1938.0,428.7300109863281,5172.7998046875,4501.0498046875,,,,,,,8548.75,3170.72998046875,2.171999931335449
2015-08-27,1989.25,443.3599853515625,5233.2998046875,4658.18017578125,,,,,,,8812.580078125,3280.780029296875,2.1679999828338623
2015-08-28,1989.75,445.9599914550781,5263.60009765625,4675.1298828125,,,,,,,8785.099609375,3286.590087890625,2.186000108718872
2015-08-31,1969.25,445.0299987792969,5207.0,4652.9501953125,,,,,,,8824.5595703125,3269.6298828125,2.200000047683716
2015-09-01,1916.0,433.5299987792969,5096.39990234375,4541.16015625,,,,,,,8621.26953125,3188.72998046875,2.171999931335449
2015-09-02,1947.0,433.55999755859375,5101.5,4554.919921875,,,,,,,8626.33984375,3198.860107421875,2.193000078201294
2015-09-03,1946.0,444.54998779296875,5027.7998046875,4653.7900390625,,,,,,,8775.6396484375,3270.090087890625,2.1679999828338623
2015-09-04,1921.75,432.94000244140625,5040.60009765625,4523.080078125,,,,,,,8652.349609375,3180.25,2.128000020980835
2015-09-07,,435.5,5030.39990234375,4549.64013671875,,,,,,,8705.5302734375,3197.969970703125,
2015-09-08,1965.75,439.4800109863281,5115.2001953125,4598.259765625,,,,,,,8760.9501953125,3233.840087890625,2.194000005722046
2015-09-09,1942.75,444.260009765625,5221.10009765625,4664.58984375,,,,,,,8871.919921875,3269.97998046875,2.180999994277954
2015-09-10,1949.5,436.2099914550781,5095.0,4596.52978515625,,,,,,,8778.759765625,3221.139892578125,2.2219998836517334
2015-09-11,1960.25,430.2300109863281,5071.10009765625,4548.72021484375,,,,,,,8772.4404296875,3187.93994140625,2.183000087738037
2015-09-14,1954.0,427.8800048828125,5096.5,4518.14990234375,,,,,,,8686.169921875,3175.6201171875,2.180000066757202
2015-09-15,1979.75,432.1499938964844,5018.39990234375,4569.3701171875,,,,,,,8790.4404296875,3207.60009765625,2.2809998989105225
2015-09-16,1998.25,438.5,5098.89990234375,4645.83984375,,,,,,,8871.169921875,3251.7900390625,2.302999973297119
2015-09-17,1987.75,437.6300048828125,5146.7998046875,4655.14013671875,,,,,,,8849.4296875,3255.7900390625,2.2170000076293945
2015-09-18,1960.0,427.32000732421875,5170.5,4535.85009765625,,,,,,,8739.2197265625,3157.300048828125,2.130000114440918
2015-09-21,1963.0,432.79998779296875,5066.2001953125,4585.5,,,,,,,8782.26953125,3184.719970703125,2.2139999866485596
2015-09-22,1932.0,419.9800109863281,5103.60009765625,4428.509765625,,,,,,,8475.4697265625,3076.050048828125,2.125
2015-09-23,1928.5,419.1199951171875,4998.10009765625,4432.830078125,,,,,,,8447.6796875,3079.989990234375,2.1440000534057617
2015-09-24,1918.75,409.8599853515625,5071.7001953125,4347.240234375,,,,,,,8278.0703125,3019.340087890625,2.119999885559082
2015-09-25,1919.25,422.79998779296875,5042.10009765625,4480.66015625,,,,,,,8505.9404296875,3113.159912109375,2.1679999828338623
2015-09-28,1872.0,412.32000732421875,5113.5,4357.0498046875,,,,,,,8381.2197265625,3039.43994140625,2.0950000286102295
2015-09-29,1874.5,412.1099853515625,4918.39990234375,4343.72998046875,,,,,,,8323.48046875,3029.860107421875,2.053999900817871
2015-09-30,1908.75,421.1400146484375,5021.60009765625,4455.2900390625,,,,,,,8513.41015625,3100.669921875,2.059999942779541
2015-10-01,1916.75,418.8299865722656,5112.10009765625,4426.5400390625,,,,,,,8510.5595703125,3069.050048828125,2.0420000553131104
2015-10-02,1943.0,422.5799865722656,5052.0,4458.8798828125,,,,,,,8515.51953125,3088.179931640625,1.9889999628067017
2015-10-05,1974.75,436.8999938964844,5150.5,4616.89990234375,,,,,,,8740.830078125,3190.389892578125,2.055999994277954
2015-10-06,1968.5,440.7200012207031,5167.39990234375,4660.64013671875,,,,,,,8761.6796875,3220.090087890625,2.0350000858306885
2015-10-07,1987.25,440.5899963378906,5197.89990234375,4667.33984375,,,,,,,8639.0302734375,3226.39990234375,2.062000036239624
2015-10-08,2006.5,442.0799865722656,5210.39990234375,4675.91015625,,,,,,,8674.169921875,3224.9599609375,2.1080000400543213
2015-10-09,2007.5,441.6499938964844,5279.7001953125,4701.39013671875,,,,,,,8680.2099609375,3250.31005859375,2.0989999771118164
2015-10-12,2011.0,440.04998779296875,5232.89990234375,4688.7001953125,,,,,,,8706.1103515625,3247.330078125,2.0899999141693115
2015-10-13,1994.0,438.25,5202.89990234375,4643.3798828125,,,,,,,8654.6396484375,3221.280029296875,2.055000066757202
2015-10-14,1984.0,434.32000732421875,5197.2998046875,4609.02978515625,,,,,,,8573.3095703125,3191.570068359375,1.9809999465942383
2015-10-15,2019.0,443.70001220703125,5230.0,4675.2900390625,,,,,,,8653.349609375,3238.81005859375,2.0230000019073486
2015-10-16,2025.5,447.8599853515625,5268.2001953125,4702.7900390625,,,,,,,8715.73046875,3264.929931640625,2.0230000019073486
2015-10-19,2027.5,449.30999755859375,5269.7001953125,4704.06982421875,,,,,,,8705.66015625,3272.0400390625,2.0280001163482666
2015-10-20,2020.5,447.2699890136719,5235.60009765625,4673.81005859375,,,,,,,8650.01953125,3255.719970703125,2.071000099182129
2015-10-21,2008.5,449.7799987792969,5248.2998046875,4695.10009765625,,,,,,,8602.1201171875,3272.22998046875,2.0299999713897705
2015-10-22,2053.0,457.9700012207031,5263.7998046875,4802.18017578125,,,,,,,8788.919921875,3353.110107421875,2.0250000953674316
2015-10-23,2066.0,465.04998779296875,5351.60009765625,4923.64013671875,,,,,,,8910.51953125,3425.81005859375,2.0829999446868896
2015-10-26,2062.25,462.8699951171875,5348.0,4897.1298828125,,,,,,,8907.8603515625,3414.60009765625,2.058000087738037
2015-10-27,2060.5,458.42999267578125,5346.2001953125,4847.06982421875,,,,,,,8849.919921875,3381.010009765625,2.0280001163482666
2015-10-28,2084.5,463.2099914550781,5335.2001953125,4890.580078125,,,,,,,8932.6396484375,3421.090087890625,2.0920000076293945
2015-10-29,2083.0,462.989990234375,5266.89990234375,4885.81982421875,,,,,,,8957.26953125,3413.389892578125,2.1730000972747803
2015-10-30,2073.75,462.1199951171875,5239.39990234375,4897.66015625,,,,,,,8938.650390625,3418.22998046875,2.1510000228881836
2015-11-02,2095.5,464.5799865722656,5165.7998046875,4916.2099609375,,,,,,,8936.080078125,3434.5,2.187000036239624
2015-11-03,2103.0,466.8500061035156,5239.2001953125,4936.18017578125,,,,,,,8935.5,3442.679931640625,2.2200000286102295
2015-11-04,2094.75,468.8399963378906,5242.2998046875,4948.2900390625,,,,,,,8951.759765625,3439.159912109375,2.2300000190734863
2015-11-05,2094.0,466.6000061035156,5193.0,4980.0400390625,,,,,,,8990.16015625,3447.489990234375,2.244999885559082
2015-11-06,2093.75,469.8299865722656,5215.0,4984.14990234375,,,,,,,8970.26953125,3468.2099609375,2.3329999446868896
2015-11-09,2073.0,465.010009765625,5119.5,4911.169921875,,,,,,,8876.669921875,3418.360107421875,2.3420000076293945
2015-11-10,2078.0,465.20001220703125,5099.2001953125,4912.16015625,,,,,,,8849.76953125,3425.39990234375,2.322000026702881
2015-11-11,2069.0,469.20001220703125,5122.60009765625,4952.509765625,,,,,,,8884.5498046875,3448.419921875,2.3380000591278076
2015-11-12,2040.5,459.8500061035156,5125.7001953125,4856.64990234375,,,,,,,8816.9404296875,3387.699951171875,2.319000005722046
2015-11-13,2018.5,453.54998779296875,5051.2998046875,4807.9501953125,,,,,,,8749.83984375,3360.64990234375,2.2799999713897705
2015-11-16,2048.0,454.2900085449219,5003.7998046875,4804.31005859375,,,,,,,8727.08984375,3362.22998046875,2.2730000019073486
2015-11-17,2049.0,466.5400085449219,5118.2001953125,4937.31005859375,,,,,,,8952.580078125,3451.93994140625,2.260999917984009
2015-11-18,2079.75,465.92999267578125,5133.10009765625,4906.72021484375,,,,,,,8990.9599609375,3431.919921875,2.2690000534057617
2015-11-19,2079.25,469.0,5242.60009765625,4915.10009765625,,,,,,,9008.650390625,3448.929931640625,2.247999906539917
2015-11-20,2088.75,468.69000244140625,5256.10009765625,4910.97021484375,,,,,,,9015.830078125,3452.449951171875,2.26200008392334
2015-11-23,2084.25,466.17999267578125,5276.39990234375,4889.1201171875,,,,,,,8924.41015625,3445.260009765625,2.25
2015-11-24,2084.75,461.2900085449219,5226.39990234375,4820.27978515625,,,,,,,8808.5302734375,3409.60009765625,2.243000030517578
2015-11-25,2088.0,468.07000732421875,5193.7001953125,4892.990234375,,,,,,,8934.48046875,3462.06005859375,2.2320001125335693
2015-11-26,,472.239990234375,5210.7001953125,4946.02001953125,,,,,,,8968.25,3498.6201171875,
2015-11-27,2090.0,472.1700134277344,5202.60009765625,4930.14013671875,,,,,,,9002.9599609375,3488.989990234375,2.2249999046325684
2015-11-30,2079.75,469.5199890136719,5166.5,4957.60009765625,,,,,,,8993.099609375,3506.449951171875,2.2179999351501465
2015-12-01,2100.0,467.32000732421875,5266.10009765625,4914.52978515625,,,,,,,8993.240234375,3479.639892578125,2.1549999713897705
2015-12-02,2081.5,467.05999755859375,5258.2998046875,4905.759765625,,,,,,,9016.5595703125,3468.659912109375,2.177999973297119
2015-12-03,2051.25,449.9200134277344,5227.7001953125,4730.2099609375,,,,,,,8852.1396484375,3343.340087890625,2.3299999237060547
2015-12-04,2088.5,446.92999267578125,5151.60009765625,4714.7900390625,,,,,,,8802.8896484375,3330.75,2.2750000953674316
2015-12-07,2081.0,448.4599914550781,5155.7001953125,4756.41015625,,,,,,,8825.2802734375,3360.2099609375,2.2249999046325684
2015-12-08,2058.75,441.6099853515625,5108.60009765625,4681.85986328125,,,,,,,8701.2001953125,3297.4599609375,2.23799991607666
2015-12-09,2042.0,440.8500061035156,5080.5,4637.4501953125,,,,,,,8624.9501953125,3277.2099609375,2.2079999446868896
2015-12-10,2049.25,437.8399963378906,5037.7001953125,4635.06005859375,,,,,,,8632.6298828125,3269.969970703125,2.239000082015991
2015-12-11,2009.75,429.1000061035156,5029.5,4549.56005859375,,,,,,,8502.0595703125,3203.2099609375,2.1389999389648438
2015-12-14,2018.5,420.6600036621094,4928.60009765625,4473.06982421875,,,,,,,8375.3095703125,3139.239990234375,2.2249999046325684
2015-12-15,2045.5,433.6300048828125,4909.60009765625,4614.39990234375,,,,,,,8581.5595703125,3241.510009765625,2.2679998874664307
2015-12-16,2072.0,433.8299865722656,5028.39990234375,4624.669921875,,,,,,,8604.080078125,3246.780029296875,2.2869999408721924
2015-12-17,2034.25,438.9700012207031,5102.0,4677.5400390625,,,,,,,8656.2998046875,3306.469970703125,2.23799991607666
2015-12-18,2032.5,434.1499938964844,5106.7001953125,4625.259765625,,,,,,,8608.91015625,3260.719970703125,2.1989998817443848
2015-12-21,2015.0,428.4800109863281,5109.0,4565.169921875,,,,,,,8544.349609375,3213.010009765625,2.197000026702881
2015-12-22,2036.0,430.9700012207031,5116.7001953125,4567.60009765625,,,,,,,8515.8203125,3214.320068359375,2.239000082015991
2015-12-23,2053.0,443.7200012207031,5141.7998046875,4674.52978515625,,,,,,,8705.740234375,3286.679931640625,2.2639999389648438
2015-12-24,2051.25,444.1199951171875,5207.60009765625,4663.18017578125,,,,,,,,,2.243000030517578
2015-12-28,2048.75,440.489990234375,,4617.9501953125,,,,,,,8739.3603515625,3256.489990234375,2.2249999046325684
2015-12-29,2072.75,447.70001220703125,5267.2998046875,4701.35986328125,,,,,,,8883.009765625,3314.280029296875,2.306999921798706
2015-12-30,2054.5,446.19000244140625,5319.89990234375,4677.14013671875,,,,,,,8818.08984375,3287.97998046875,2.302999973297119
2015-12-31,2035.5,,5295.89990234375,,,,,,,,,,2.2690000534057617
2016-01-04,2009.0,431.70001220703125,5270.5,4522.4501953125,,,,,,,8656.3095703125,3164.760009765625,2.244999885559082
2016-01-05,2011.75,435.0,5184.39990234375,4537.6298828125,,,,,,,8701.4599609375,3178.010009765625,2.247999906539917
2016-01-06,1986.0,428.760009765625,5123.10009765625,4480.47021484375,,,,,,,8613.419921875,3139.320068359375,2.177000045776367
2016-01-07,1933.0,420.760009765625,5010.2998046875,4403.580078125,,,,,,,8449.8603515625,3084.679931640625,2.1530001163482666
2016-01-08,1911.5,410.82000732421875,4990.7998046875,4333.759765625,,,,,,,8257.2802734375,3033.469970703125,2.130000114440918
2016-01-11,1914.25,411.30999755859375,4932.2001953125,4312.740234375,,,,,,,8213.51953125,3027.489990234375,2.1579999923706055
2016-01-12,1925.0,416.4100036621094,4925.10009765625,4378.75,,,,,,,8332.0400390625,3064.659912109375,2.1019999980926514
2016-01-13,1881.5,418.04998779296875,4987.39990234375,4391.93994140625,,,,,,,8414.830078125,3073.02001953125,2.065999984741211
2016-01-14,1914.5,413.3800048828125,4909.39990234375,4312.89013671875,,,,,,,8305.4697265625,3024.0,2.0980000495910645
2016-01-15,1875.0,403.57000732421875,4892.7998046875,4210.16015625,,,,,,,8107.1298828125,2952.47998046875,2.0329999923706055
2016-01-18,,401.989990234375,4858.7001953125,4189.56982421875,,,,,,,8099.080078125,2935.389892578125,
2016-01-19,1873.0,407.67999267578125,4903.10009765625,4272.259765625,,,,,,,8223.759765625,2980.489990234375,2.0350000858306885
2016-01-20,1855.0,395.7200012207031,4841.5,4124.9501953125,,,,,,,7966.33984375,2882.590087890625,1.9839999675750732
2016-01-21,1861.0,406.489990234375,4864.0,4206.39990234375,,,,,,,8035.06005859375,2943.919921875,2.0190000534057617
2016-01-22,1899.25,419.2799987792969,4916.0,4336.68994140625,,,,,,,8271.1103515625,3023.2099609375,2.0480000972747803
2016-01-25,1870.25,418.07000732421875,5006.60009765625,4311.330078125,,,,,,,8253.33984375,3001.780029296875,2.0220000743865967
2016-01-26,1896.0,421.9700012207031,,4356.81005859375,,,,,,,8314.4697265625,3032.840087890625,1.99399995803833
2016-01-27,1875.0,424.4100036621094,4946.39990234375,4380.35986328125,,,,,,,8322.6796875,3043.469970703125,2.000999927520752
2016-01-28,1880.75,420.1000061035156,4976.2001953125,4322.16015625,,,,,,,8153.27001953125,2979.419921875,1.9850000143051147
2016-01-29,1930.0,431.2799987792969,5005.5,4417.02001953125,,,,,,,8319.8095703125,3045.090087890625,1.930999994277954
2016-02-01,1931.25,429.67999267578125,5043.60009765625,4392.330078125,,,,,,,8310.990234375,3021.010009765625,1.965999960899353
2016-02-02,1897.5,420.6499938964844,4993.2998046875,4283.990234375,,,,,,,8196.990234375,2951.85009765625,1.8639999628067017
2016-02-03,1908.5,416.2099914550781,4876.7998046875,4226.9599609375,,,,,,,8123.740234375,2896.6298828125,1.88100004196167
2016-02-04,1907.75,417.94000244140625,4980.39990234375,4228.52978515625,,,,,,,8003.39990234375,2905.300048828125,1.8639999628067017
2016-02-05,1875.25,413.94000244140625,4976.2001953125,4200.669921875,,,,,,,7960.1298828125,2879.389892578125,1.8480000495910645
2016-02-08,1852.0,400.6099853515625,4975.39990234375,4066.31005859375,,,,,,,7759.2099609375,2785.169921875,1.7350000143051147
2016-02-09,1848.25,392.5799865722656,4832.10009765625,3997.5400390625,,,,,,,7583.27001953125,2736.5,1.7289999723434448
2016-02-10,1846.75,394.6300048828125,4775.7001953125,4061.199951171875,,,,,,,7731.93017578125,2789.050048828125,1.7050000429153442
2016-02-11,1824.5,382.6099853515625,4821.10009765625,3896.7099609375,,,,,,,7496.6201171875,2680.35009765625,1.6440000534057617
2016-02-12,1858.25,391.8599853515625,4765.2998046875,3995.06005859375,,,,,,,7656.60009765625,2756.159912109375,1.7480000257492065
2016-02-15,,403.9599914550781,4843.5,4115.25,,,,,,,7848.330078125,2833.8701171875,
2016-02-16,1888.75,403.2699890136719,4910.0,4110.66015625,,,,,,,7813.7900390625,2821.260009765625,1.777999997138977
2016-02-17,1922.75,414.75,4882.10009765625,4233.47021484375,,,,,,,7946.18994140625,2897.719970703125,1.819000005722046
2016-02-18,1916.5,413.7900085449219,4992.0,4239.759765625,,,,,,,7916.60986328125,2895.14990234375,1.7589999437332153
2016-02-19,1914.5,411.9599914550781,4952.7998046875,4223.0400390625,,,,,,,7863.35986328125,2871.050048828125,1.7480000257492065
2016-02-22,1936.25,420.69000244140625,5001.2001953125,4298.7001953125,,,,,,,7961.490234375,2933.909912109375,1.7660000324249268
2016-02-23,1916.0,415.42999267578125,4979.60009765625,4238.419921875,,,,,,,7807.009765625,2887.3798828125,1.7450000047683716
2016-02-24,1930.25,407.5199890136719,4875.0,4155.33984375,,,,,,,7689.56005859375,2820.239990234375,1.7419999837875366
2016-02-25,1950.5,415.3800048828125,4881.2001953125,4248.4501953125,,,,,,,7794.0498046875,2877.419921875,1.6970000267028809
2016-02-26,1942.75,422.6600036621094,4880.0,4314.56982421875,,,,,,,7877.02978515625,2929.159912109375,1.7619999647140503
2016-02-29,1929.5,427.2699890136719,4880.89990234375,4353.5498046875,,,,,,,7843.6298828125,2945.75,1.7400000095367432
2016-03-01,1978.0,436.80999755859375,4922.2998046875,4406.83984375,,,,,,,7962.22021484375,2996.389892578125,1.8339999914169312
2016-03-02,1983.5,436.30999755859375,5021.2001953125,4424.89013671875,,,,,,,8039.89013671875,3022.139892578125,1.8480000495910645
2016-03-03,1990.5,433.95001220703125,5081.10009765625,4416.080078125,,,,,,,7950.83984375,3012.8701171875,1.8300000429153442
2016-03-04,1995.0,437.989990234375,5090.0,4456.6201171875,,,,,,,7982.56982421875,3037.35009765625,1.8830000162124634
2016-03-07,1999.0,436.0,5142.7998046875,4442.2900390625,,,,,,,8019.1298828125,3021.090087890625,1.9019999504089355
2016-03-08,1981.0,432.8900146484375,5108.0,4404.02001953125,,,,,,,7971.14990234375,3002.010009765625,1.8320000171661377
2016-03-09,1989.0,435.55999755859375,5157.2001953125,4425.64990234375,,,,,,,7975.81005859375,3016.179931640625,1.8919999599456787
2016-03-10,1988.75,430.17999267578125,5150.10009765625,4350.35009765625,,,,,,,7893.66015625,2970.780029296875,1.9290000200271606
2016-03-11,2020.0,441.75,5166.39990234375,4492.7900390625,,,,,,,7998.43017578125,3073.800048828125,1.9769999980926514
2016-03-14,2018.75,444.0799865722656,5185.5,4506.58984375,,,,,,,8018.35986328125,3091.97998046875,1.9630000591278076
2016-03-15,2015.75,442.0,5111.39990234375,4472.6298828125,,,,,,,7953.93017578125,3067.2099609375,1.9589999914169312
2016-03-16,2027.0,443.8299865722656,5119.0,4463.0,,,,,,,7916.43017578125,3062.050048828125,1.937999963760376
2016-03-17,2039.75,444.05999755859375,5168.2001953125,4442.89013671875,,,,,,,7861.7900390625,3043.10009765625,1.902999997138977
2016-03-18,2048.0,444.7900085449219,5183.10009765625,4462.509765625,,,,,,,7813.68017578125,3059.77001953125,1.871000051498413
2016-03-21,2042.75,443.8299865722656,5166.60009765625,4427.7998046875,,,,,,,7849.56982421875,3048.77001953125,1.9229999780654907
2016-03-22,2042.5,443.1199951171875,5166.60009765625,4431.97021484375,,,,,,,7853.06982421875,3051.22998046875,1.934999942779541
2016-03-23,2028.75,443.3599853515625,5142.2998046875,4423.97998046875,,,,,,,7894.35986328125,3042.419921875,1.875
2016-03-24,2028.5,437.489990234375,5084.2001953125,4329.68017578125,,,,,,,7775.580078125,2986.72998046875,1.899999976158142
2016-03-28,2028.0,,,,,,,,,,,,1.8700000047683716
2016-03-29,2047.5,440.3699951171875,5004.5,4366.669921875,,,,,,,7797.64990234375,3004.8701171875,1.8140000104904175
2016-03-30,2055.25,446.239990234375,5010.2998046875,4444.419921875,,,,,,,7845.080078125,3044.10009765625,1.8300000429153442
2016-03-31,2051.5,440.1099853515625,5082.7998046875,4385.06005859375,,,,,,,7807.89013671875,3004.929931640625,1.7860000133514404
2016-04-01,2065.0,434.4800109863281,4999.39990234375,4322.240234375,,,,,,,7688.33984375,2953.280029296875,1.7920000553131104
2016-04-04,2057.5,436.0799865722656,4995.2998046875,4345.22021484375,,,,,,,7731.81005859375,2962.280029296875,1.7790000438690186
2016-04-05,2038.75,428.8500061035156,4924.39990234375,4250.27978515625,,,,,,,7673.669921875,2890.35009765625,1.7269999980926514
2016-04-06,2060.25,431.010009765625,4945.89990234375,4284.64013671875,,,,,,,7768.22998046875,2909.360107421875,1.7549999952316284
2016-04-07,2035.0,428.7300109863281,4964.10009765625,4245.91015625,,,,,,,7761.35009765625,2871.570068359375,1.690999984741211
2016-04-08,2040.75,434.1600036621094,4937.60009765625,4303.1201171875,,,,,,,7817.5498046875,2911.97998046875,1.7200000286102295
2016-04-11,2034.5,436.55999755859375,4931.5,4312.6298828125,,,,,,,7751.580078125,2924.22998046875,1.7239999771118164
2016-04-12,2055.75,439.5,4975.60009765625,4345.91015625,,,,,,,7788.77978515625,2942.090087890625,1.781000018119812
2016-04-13,2076.0,450.0899963378906,5054.7001953125,4490.31005859375,,,,,,,7934.4599609375,3039.18994140625,1.7619999647140503
2016-04-14,2076.5,451.0400085449219,5118.60009765625,4511.509765625,,,,,,,8021.0,3060.860107421875,1.781000018119812
2016-04-15,2075.0,450.5899963378906,5157.5,4495.169921875,,,,,,,8014.60009765625,3054.340087890625,1.7519999742507935
2016-04-18,2086.75,450.80999755859375,5137.10009765625,4506.83984375,,,,,,,8044.60009765625,3064.030029296875,1.7730000019073486
2016-04-19,2093.75,456.4599914550781,5188.7998046875,4566.47998046875,,,,,,,8152.759765625,3112.989990234375,1.7829999923706055
2016-04-20,2098.0,456.20001220703125,5216.0,4591.919921875,,,,,,,8186.97021484375,3142.52001953125,1.8539999723434448
2016-04-21,2082.75,453.4700012207031,5272.7001953125,4582.830078125,,,,,,,8159.669921875,3151.68994140625,1.8700000047683716
2016-04-22,2086.0,451.5400085449219,5236.39990234375,4569.66015625,,,,,,,8109.43994140625,3141.1201171875,1.8880000114440918
2016-04-25,2083.25,446.7699890136719,,4546.1201171875,,,,,,,8079.89013671875,3117.6201171875,1.9019999504089355
2016-04-26,2088.5,447.6400146484375,5220.60009765625,4533.18017578125,,,,,,,8077.18017578125,3121.2900390625,1.930999994277954
2016-04-27,2090.75,448.3699951171875,5187.7001953125,4559.39990234375,,,,,,,8096.759765625,3130.429931640625,1.8600000143051147
2016-04-28,2072.5,450.30999755859375,5225.39990234375,4557.35986328125,,,,,,,8099.419921875,3125.429931640625,1.8380000591278076
2016-04-29,2059.0,439.67999267578125,5252.2001953125,4428.9599609375,,,,,,,7960.85009765625,3028.2099609375,1.819000005722046
2016-05-02,2074.25,441.20001220703125,5243.0,4442.75,,,,,,,7977.77001953125,3032.60009765625,1.8650000095367432
2016-05-03,2057.0,433.3399963378906,5353.7998046875,4371.97998046875,,,,,,,7850.68017578125,2974.199951171875,1.7999999523162842
2016-05-04,2047.0,428.9200134277344,5271.10009765625,4324.22998046875,,,,,,,7752.97021484375,2938.75,1.784000039100647
2016-05-05,2044.0,431.239990234375,5279.10009765625,4319.4599609375,,,,,,,,,1.746999979019165
2016-05-06,2052.75,431.32000732421875,5292.0,4301.240234375,,,,,,,7735.60009765625,2936.840087890625,1.7790000438690186
2016-05-09,2054.25,431.5799865722656,5320.7001953125,4322.81005859375,,,,,,,7824.9501953125,2955.830078125,1.7599999904632568
2016-05-10,2077.5,436.2699890136719,5342.7998046875,4338.2099609375,,,,,,,7934.93017578125,2978.969970703125,1.7599999904632568
2016-05-11,2058.0,434.7099914550781,5372.2998046875,4316.669921875,,,,,,,7937.8798828125,2956.7099609375,1.7369999885559082
2016-05-12,2058.75,430.8900146484375,5359.2998046875,4293.27001953125,,,,,,,7885.85009765625,2935.4599609375,1.7569999694824219
2016-05-13,2043.5,433.5199890136719,5329.0,4319.990234375,,,,,,,7925.759765625,2956.6298828125,1.7050000429153442
2016-05-16,2062.75,433.739990234375,5358.89990234375,4312.27978515625,,,,,,,,,1.753000020980835
2016-05-17,2043.5,432.29998779296875,5395.89990234375,4297.56982421875,,,,,,,7906.759765625,2938.090087890625,1.7589999437332153
2016-05-18,2041.5,434.4599914550781,5356.2001953125,4319.2998046875,,,,,,,7973.93017578125,2956.429931640625,1.8799999952316284
2016-05-19,2038.75,428.2699890136719,5323.2998046875,4282.5400390625,,,,,,,7908.7900390625,2919.219970703125,1.8450000286102295
2016-05-20,2050.0,434.3599853515625,5351.2998046875,4353.89990234375,,,,,,,7997.2998046875,2962.159912109375,1.8489999771118164
2016-05-23,2045.25,432.57000732421875,5318.89990234375,4325.10009765625,,,,,,,8038.4599609375,2932.929931640625,1.8380000591278076
2016-05-24,2075.0,441.6600036621094,5295.60009765625,4431.52001953125,,,,,,,8125.240234375,3010.1201171875,1.8589999675750732
2016-05-25,2087.25,447.2200012207031,5372.5,4481.64013671875,,,,,,,8167.60986328125,3061.60009765625,1.8700000047683716
2016-05-26,2089.75,449.0899963378906,5388.10009765625,4512.64013671875,,,,,,,8229.5498046875,3071.2099609375,1.8229999542236328
2016-05-27,2097.25,450.94000244140625,5405.89990234375,4514.740234375,,,,,,,8292.4501953125,3078.47998046875,1.8509999513626099
2016-05-30,,451.7900085449219,5408.0,4529.39990234375,,,,,,,8277.830078125,3090.010009765625,
2016-05-31,2095.0,447.8699951171875,5378.60009765625,4505.6201171875,,,,,,,8216.419921875,3063.47998046875,1.8339999914169312
2016-06-01,2098.0,446.7799987792969,5323.2001953125,4475.39013671875,,,,,,,8185.52978515625,3038.77001953125,1.8459999561309814
2016-06-02,2103.75,447.5899963378906,5278.89990234375,4466.0,,,,,,,8205.8203125,3033.860107421875,1.8109999895095825
2016-06-03,2097.75,445.30999755859375,5318.89990234375,4421.77978515625,,,,,,,8148.39990234375,2997.550048828125,1.7039999961853027
2016-06-06,2108.25,446.44000244140625,5360.39990234375,4423.3798828125,,,,,,,8165.97998046875,3001.89990234375,1.7230000495910645
2016-06-07,2110.25,451.5799865722656,5371.0,4475.85986328125,,,,,,,8215.7802734375,3040.68994140625,1.7130000591278076
2016-06-08,2118.0,450.1499938964844,5370.0,4448.72998046875,,,,,,,8143.759765625,3019.760009765625,1.7059999704360962
2016-06-09,2114.25,446.1000061035156,5361.89990234375,4405.60986328125,,,,,,,8076.35009765625,2989.030029296875,1.6799999475479126
2016-06-10,2096.25,435.7699890136719,5312.60009765625,4306.72021484375,,,,,,,7922.7099609375,2911.110107421875,1.6390000581741333
2016-06-13,2078.75,428.20001220703125,,4227.02001953125,,,,,,,7782.35009765625,2853.52001953125,1.6160000562667847
2016-06-14,2074.5,419.0799865722656,5203.2998046875,4130.330078125,,,,,,,7638.77001953125,2797.179931640625,1.6109999418258667
2016-06-15,2071.75,419.54998779296875,5147.10009765625,4171.580078125,,,,,,,7679.490234375,2830.300048828125,1.5959999561309814
2016-06-16,2079.25,418.510009765625,5146.0,4153.009765625,,,,,,,7634.66015625,2819.300048828125,1.5640000104904175
2016-06-17,2078.5,421.7699890136719,5162.7001953125,4193.830078125,,,,,,,7713.60986328125,2849.169921875,1.6180000305175781
2016-06-20,2074.25,436.5,5256.7998046875,4340.759765625,,,,,,,7900.22021484375,2942.8798828125,1.6699999570846558
2016-06-21,2080.5,440.3900146484375,5274.39990234375,4367.240234375,,,,,,,7935.75,2967.340087890625,1.6970000267028809
2016-06-22,2076.75,441.25,5270.89990234375,4380.02978515625,,,,,,,7972.14013671875,2978.31005859375,1.684999942779541
2016-06-23,2105.75,449.8599853515625,5280.7001953125,4465.89990234375,,,,,,,8023.0498046875,3037.860107421875,1.7389999628067017
2016-06-24,2018.5,424.20001220703125,5113.2001953125,4106.72998046875,,,,,,,7747.18017578125,2776.090087890625,1.5789999961853027
2016-06-27,1985.0,411.6199951171875,5137.2001953125,4030.300048828125,,,,,,,7594.490234375,2697.43994140625,1.4600000381469727
2016-06-28,2028.5,417.510009765625,5103.2998046875,4088.85009765625,,,,,,,7773.7998046875,2758.669921875,1.4609999656677246
2016-06-29,2066.75,430.0799865722656,5142.39990234375,4195.31982421875,,,,,,,7978.9599609375,2832.179931640625,1.4769999980926514
2016-06-30,2090.25,435.8800048828125,5233.39990234375,4237.47998046875,,,,,,,8020.14990234375,2864.739990234375,1.4880000352859497
2016-07-01,2096.25,438.8500061035156,5246.60009765625,4273.9599609375,,,,,,,8085.2099609375,2883.06005859375,1.4559999704360962
2016-07-04,,435.1199951171875,5281.7998046875,4234.85986328125,,,,,,,8056.7099609375,2862.2099609375,
2016-07-05,2082.75,430.4100036621094,5228.0,4163.419921875,,,,,,,7941.669921875,2812.8798828125,1.3669999837875366
2016-07-06,2094.0,422.17999267578125,5197.5,4085.300048828125,,,,,,,7898.2099609375,2761.3701171875,1.3849999904632568
2016-07-07,2092.0,426.3299865722656,5227.89990234375,4117.85009765625,,,,,,,7964.22998046875,2780.10009765625,1.3869999647140503
2016-07-08,2120.5,433.7699890136719,5230.5,4190.68017578125,,,,,,,8037.93994140625,2838.010009765625,1.3660000562667847
2016-07-11,2130.25,440.75,5337.10009765625,4264.52978515625,,,,,,,8117.10986328125,2885.320068359375,1.434000015258789
2016-07-12,2145.75,445.44000244140625,5353.2001953125,4331.3798828125,,,,,,,8143.1298828125,2933.43994140625,1.5130000114440918
2016-07-13,2146.0,444.45001220703125,5388.5,4335.259765625,,,,,,,8142.330078125,2926.139892578125,1.468000054359436
2016-07-14,2157.25,448.19000244140625,5411.60009765625,4385.52001953125,,,,,,,8174.02001953125,2963.070068359375,1.531000018119812
2016-07-15,2152.75,447.510009765625,5429.60009765625,4372.509765625,,,,,,,8156.259765625,2958.64990234375,1.593999981880188
2016-07-18,2160.0,448.32000732421875,5458.5,4357.740234375,,,,,,,8161.60009765625,2949.169921875,1.5870000123977661
2016-07-19,2158.75,447.8500061035156,5451.2998046875,4330.1298828125,,,,,,,8111.47998046875,2931.10009765625,1.5579999685287476
2016-07-20,2167.5,452.17999267578125,5488.7001953125,4379.759765625,,,,,,,8197.4296875,2966.949951171875,1.5800000429153442
2016-07-21,2158.0,451.9700012207031,5512.39990234375,4376.25,,,,,,,8182.4501953125,2968.489990234375,1.565000057220459
2016-07-22,2167.5,453.3500061035156,5498.2001953125,4381.10009765625,,,,,,,8194.73046875,2972.22998046875,1.5700000524520874
2016-07-25,2162.25,452.8399963378906,5533.60009765625,4388.0,,,,,,,8194.41015625,2973.219970703125,1.5709999799728394
2016-07-26,2163.25,454.05999755859375,5537.5,4394.77001953125,,,,,,,8227.2001953125,2978.89990234375,1.562999963760376
2016-07-27,2160.5,452.9800109863281,5539.7001953125,4446.9599609375,,,,,,,8221.330078125,2999.47998046875,1.5149999856948853
2016-07-28,2164.75,447.82000732421875,5556.60009765625,4420.580078125,,,,,,,8095.06982421875,2966.10009765625,1.5110000371932983
2016-07-29,2168.25,449.8299865722656,5562.2998046875,4439.81005859375,,,,,,,8127.2001953125,2990.760009765625,1.4579999446868896
2016-08-01,2164.5,444.9700012207031,5587.39990234375,4409.169921875,,,,,,,,,1.496000051498413
2016-08-02,2152.75,438.6099853515625,5540.5,4327.990234375,,,,,,,8011.240234375,2906.97998046875,1.5369999408721924
2016-08-03,2157.0,440.3599853515625,5465.7001953125,4321.080078125,,,,,,,8010.10009765625,2911.06005859375,1.5420000553131104
2016-08-04,2159.25,444.4700012207031,5475.7998046875,4345.6298828125,,,,,,,8081.14013671875,2932.340087890625,1.503000020980835
2016-08-05,2176.75,448.1199951171875,5497.39990234375,4410.5498046875,,,,,,,8194.33984375,2973.7099609375,1.5820000171661377
2016-08-08,2175.5,449.07000732421875,5537.7998046875,4415.4599609375,,,,,,,8168.83984375,2982.919921875,1.5829999446868896
2016-08-09,2177.5,453.79998779296875,5552.5,4468.06982421875,,,,,,,8229.419921875,3029.179931640625,1.5449999570846558
2016-08-10,2172.75,452.010009765625,5543.7001953125,4452.009765625,,,,,,,8208.900390625,3018.4599609375,1.5089999437332153
2016-08-11,2181.75,455.5,5508.0,4503.9501953125,,,,,,,8296.1396484375,3049.030029296875,1.5729999542236328
2016-08-12,2180.25,454.0899963378906,5530.89990234375,4500.18994140625,,,,,,,8295.0400390625,3044.93994140625,1.5149999856948853
2016-08-15,2186.0,454.510009765625,5540.0,4497.85986328125,,,,,,,8305.2802734375,3046.64990234375,1.5529999732971191
2016-08-16,2176.75,451.3999938964844,5532.0,4460.43994140625,,,,,,,8215.4501953125,3016.18994140625,1.5759999752044678
2016-08-17,2179.75,447.57000732421875,5535.0,4417.68017578125,,,,,,,8153.7998046875,2980.5400390625,1.5609999895095825
2016-08-18,2183.5,451.69000244140625,5507.7998046875,4437.06005859375,,,,,,,8189.72998046875,2995.300048828125,1.5360000133514404
2016-08-19,2181.75,448.7200012207031,5526.7001953125,4400.52001953125,,,,,,,8127.27978515625,2968.199951171875,1.5779999494552612
2016-08-22,2181.5,447.6300048828125,5515.10009765625,4389.93994140625,,,,,,,8157.85009765625,2960.3701171875,1.5390000343322754
2016-08-23,2185.25,452.17999267578125,5553.7998046875,4421.4501953125,,,,,,,8201.6103515625,2993.72998046875,1.5529999732971191
2016-08-24,2175.0,452.1700134277344,5561.7001953125,4435.47021484375,,,,,,,8199.830078125,3008.590087890625,1.559000015258789
2016-08-25,2173.5,449.94000244140625,5541.89990234375,4406.60986328125,,,,,,,8141.27978515625,2987.68994140625,1.5770000219345093
2016-08-26,2168.5,453.010009765625,5515.5,4441.8701171875,,,,,,,8168.31982421875,3010.360107421875,1.6349999904632568
2016-08-29,2179.25,452.1499938964844,5469.2001953125,4424.25,,,,,,,8184.08984375,2998.5,1.565999984741211
2016-08-30,2175.25,455.82000732421875,5478.2998046875,4457.490234375,,,,,,,8236.009765625,3030.75,1.5700000524520874
2016-08-31,2169.5,454.3800048828125,5433.0,4438.22021484375,,,,,,,8202.1298828125,3023.1298828125,1.5679999589920044
2016-09-01,2167.25,453.8699951171875,5415.60009765625,4439.669921875,,,,,,,8142.64013671875,3017.489990234375,1.5700000524520874
2016-09-02,2178.0,463.6000061035156,5372.7998046875,4542.169921875,,,,,,,8294.2998046875,3079.739990234375,1.5959999561309814
2016-09-05,,464.1300048828125,5429.60009765625,4541.080078125,,,,,,,8310.3701171875,3077.659912109375,
2016-09-06,2184.5,461.1099853515625,5413.60009765625,4529.9599609375,,,,,,,8304.33984375,3070.159912109375,1.5429999828338623
2016-09-07,2184.5,463.2699890136719,5424.2001953125,4557.66015625,,,,,,,8320.990234375,3091.659912109375,1.5410000085830688
2016-09-08,2177.5,459.5,5385.7998046875,4542.2001953125,,,,,,,8315.2001953125,3083.5400390625,1.6160000562667847
2016-09-09,2122.75,452.8800048828125,5339.2001953125,4491.39990234375,,,,,,,8264.1298828125,3053.199951171875,1.6720000505447388
2016-09-12,2158.5,447.6000061035156,5219.60009765625,4439.7998046875,,,,,,,8206.2001953125,3012.8798828125,1.6720000505447388
2016-09-13,2128.75,442.6099853515625,5207.7998046875,4387.18017578125,,,,,,,8174.72998046875,2974.800048828125,1.7339999675750732
2016-09-14,2120.25,441.0299987792969,5227.7001953125,4370.259765625,,,,,,,8162.64990234375,2964.89990234375,1.6890000104904175
2016-09-15,2145.0,443.20001220703125,5239.89990234375,4373.22021484375,,,,,,,8184.83984375,2973.77001953125,1.7029999494552612
2016-09-16,2141.75,439.07000732421875,5296.7001953125,4332.4501953125,,,,,,,8130.43994140625,2935.25,1.7009999752044678
2016-09-19,2133.0,444.70001220703125,5294.7998046875,4394.18994140625,,,,,,,8195.7099609375,2968.31005859375,1.6959999799728394
2016-09-20,2131.0,444.45001220703125,5303.60009765625,4388.60009765625,,,,,,,8237.5400390625,2964.860107421875,1.687999963760376
2016-09-21,2156.25,447.5299987792969,5339.60009765625,4409.5498046875,,,,,,,8226.4697265625,2982.179931640625,1.6679999828338623
2016-09-22,2168.25,455.510009765625,5374.5,4509.81982421875,,,,,,,8307.6298828125,3051.68994140625,1.6319999694824219
2016-09-23,2158.0,454.4800109863281,5431.2998046875,4488.68994140625,,,,,,,8272.8896484375,3032.31005859375,1.6150000095367432
2016-09-26,2139.75,447.8699951171875,5431.39990234375,4407.85009765625,,,,,,,8165.0498046875,2975.8798828125,1.5889999866485596
2016-09-27,2152.75,447.8299865722656,5405.89990234375,4398.68017578125,,,,,,,8175.419921875,2970.840087890625,1.555999994277954
2016-09-28,2163.25,450.2699890136719,5412.39990234375,4432.4501953125,,,,,,,8220.0703125,2991.110107421875,1.5670000314712524
2016-09-29,2148.5,451.54998779296875,5471.2998046875,4443.83984375,,,,,,,8164.2001953125,2991.580078125,1.5570000410079956
2016-09-30,2160.5,452.3299865722656,5435.89990234375,4448.259765625,,,,,,,8139.009765625,3002.239990234375,1.6080000400543213
2016-10-03,2153.25,452.989990234375,5478.5,4453.56005859375,,,,,,,8166.31982421875,2998.5,1.621999979019165
2016-10-04,2144.75,458.32000732421875,5484.0,4503.08984375,,,,,,,8230.73046875,3029.5,1.6829999685287476
2016-10-05,2153.25,456.05999755859375,5452.89990234375,4489.9501953125,,,,,,,8195.23046875,3026.280029296875,1.715999960899353
2016-10-06,2156.5,454.82000732421875,5483.0,4480.10009765625,,,,,,,8170.43994140625,3021.580078125,1.7419999837875366
2016-10-07,2146.5,450.05999755859375,5467.39990234375,4449.91015625,,,,,,,8124.58984375,3000.570068359375,1.7359999418258667
2016-10-10,,455.239990234375,5475.39990234375,4497.259765625,,,,,,,8172.22021484375,3035.760009765625,1.7230000495910645
2016-10-11,2134.5,451.25,5479.7998046875,4471.740234375,,,,,,,8135.14990234375,3020.68994140625,1.7589999437332153
2016-10-12,2131.5,450.6600036621094,5474.60009765625,4452.240234375,,,,,,,8068.56005859375,3008.030029296875,1.777999997138977
2016-10-13,2126.25,445.20001220703125,5435.5,4405.169921875,,,,,,,7999.93017578125,2975.0400390625,1.7380000352859497
2016-10-14,2127.0,450.5,5434.0,4470.919921875,,,,,,,8089.91015625,3025.18994140625,1.7940000295639038
2016-10-17,2123.0,448.0400085449219,5388.7001953125,4450.22998046875,,,,,,,8000.9599609375,3008.719970703125,1.7660000324249268
2016-10-18,2132.0,453.1300048828125,5410.7998046875,4508.91015625,,,,,,,8074.68994140625,3046.989990234375,1.7489999532699585
2016-10-19,2138.0,454.67999267578125,5435.39990234375,4520.2998046875,,,,,,,8093.77978515625,3055.93994140625,1.7519999742507935
2016-10-20,2137.0,456.05999755859375,5442.10009765625,4540.1201171875,,,,,,,8069.27001953125,3076.6298828125,1.746999979019165
2016-10-21,2134.75,457.3999938964844,5430.2998046875,4536.06982421875,,,,,,,8034.85986328125,3077.64990234375,1.7400000095367432
2016-10-24,2144.25,459.75,5408.5,4552.580078125,,,,,,,7991.8798828125,3093.860107421875,1.7630000114440918
2016-10-25,2138.0,459.2900085449219,5442.7998046875,4540.83984375,,,,,,,7929.8701171875,3087.409912109375,1.7580000162124634
2016-10-26,2134.0,455.82000732421875,5359.7998046875,4534.58984375,,,,,,,7892.77001953125,3080.97998046875,1.7899999618530273
2016-10-27,2123.5,455.7099914550781,5295.5,4533.56982421875,,,,,,,7924.39013671875,3085.169921875,1.843000054359436
2016-10-28,2123.75,455.3800048828125,5283.7998046875,4548.580078125,,,,,,,7908.56982421875,3079.239990234375,1.8450000286102295
2016-10-31,2120.0,452.5899963378906,5317.7001953125,4509.259765625,,,,,,,7827.740234375,3055.25,1.8339999914169312
2016-11-01,2103.75,449.7099914550781,5290.5,4470.27978515625,,,,,,,7761.33984375,3023.14990234375,1.8200000524520874
2016-11-02,2092.25,443.7699890136719,5229.0,4414.669921875,,,,,,,7700.41015625,2980.169921875,1.7990000247955322
2016-11-03,2083.5,442.30999755859375,5225.60009765625,4411.68017578125,,,,,,,7640.93994140625,2973.489990234375,1.812000036239624
2016-11-04,2080.0,440.510009765625,5180.7998046875,4377.4599609375,,,,,,,7593.2001953125,2954.530029296875,1.7829999923706055
2016-11-07,2129.0,448.2200012207031,5250.7998046875,4461.2099609375,,,,,,,7735.22021484375,3009.280029296875,1.8279999494552612
2016-11-08,2135.5,450.17999267578125,5257.7998046875,4476.89013671875,,,,,,,7744.02978515625,3023.429931640625,1.8619999885559082
2016-11-09,2160.25,454.3599853515625,5156.60009765625,4543.47998046875,,,,,,,7897.83984375,3056.2900390625,2.072000026702881
2016-11-10,2167.25,450.010009765625,5328.7998046875,4530.9501953125,,,,,,,7928.77001953125,3046.590087890625,2.117000102996826
2016-11-11,,445.4100036621094,5370.7001953125,4489.27001953125,,,,,,,7880.2900390625,3030.02001953125,
2016-11-14,2160.5,446.760009765625,5345.7001953125,4508.5498046875,,,,,,,7900.56982421875,3039.800048828125,2.2219998836517334
2016-11-15,2179.25,450.5400085449219,5326.2001953125,4536.52978515625,,,,,,,7909.2001953125,3049.719970703125,2.23799991607666
2016-11-16,2172.75,449.6600036621094,5327.7001953125,4501.14013671875,,,,,,,7914.02001953125,3026.360107421875,2.2230000495910645
2016-11-17,2184.25,451.82000732421875,5338.5,4527.77001953125,,,,,,,7964.68017578125,3041.7900390625,2.2760000228881836
2016-11-18,2180.75,450.67999267578125,5359.39990234375,4504.35009765625,,,,,,,7904.5498046875,3020.830078125,2.3350000381469727
2016-11-21,2193.0,453.0299987792969,5351.2998046875,4529.580078125,,,,,,,7849.85986328125,3032.969970703125,2.3389999866485596
2016-11-22,2200.25,456.3999938964844,5413.2998046875,4548.35009765625,,,,,,,7741.81982421875,3044.330078125,2.321000099182129
2016-11-23,2200.75,456.4100036621094,5484.39990234375,4529.2099609375,,,,,,,7752.240234375,3032.139892578125,2.3570001125335693
2016-11-24,,457.44000244140625,5485.10009765625,4542.56005859375,,,,,,,7798.5,3040.60009765625,
2016-11-25,2211.25,457.989990234375,5507.7998046875,4550.27001953125,,,,,,,7881.52978515625,3048.3798828125,2.371999979019165
2016-11-28,2200.75,452.7099914550781,5464.39990234375,4510.39013671875,,,,,,,7823.22998046875,3016.800048828125,2.319999933242798
2016-11-29,2203.75,452.5,5457.5,4551.4599609375,,,,,,,7845.009765625,3038.419921875,2.302000045776367
2016-11-30,2198.75,457.2099914550781,5440.5,4578.33984375,,,,,,,7875.18994140625,3051.610107421875,2.368000030517578
2016-12-01,2192.0,453.6000061035156,5500.2001953125,4560.60986328125,,,,,,,7779.10986328125,3030.97998046875,2.440999984741211
2016-12-02,2192.0,449.6000061035156,5444.0,4528.81982421875,,,,,,,7784.009765625,3015.1298828125,2.390000104904175
2016-12-05,2204.25,454.4700012207031,5400.39990234375,4574.31982421875,,,,,,,7845.68017578125,3052.75,2.38700008392334
2016-12-06,2210.0,459.30999755859375,5428.7001953125,4631.93994140625,,,,,,,7912.39013671875,3100.760009765625,2.3959999084472656
2016-12-07,2236.75,462.1099853515625,5478.10009765625,4694.72021484375,,,,,,,7930.25,3142.239990234375,2.3469998836517334
2016-12-08,2247.75,466.6700134277344,5543.60009765625,4735.47998046875,,,,,,,7953.68017578125,3185.7900390625,2.38700008392334
2016-12-09,2260.0,469.7699890136719,5560.60009765625,4764.06982421875,,,,,,,8099.6298828125,3197.5400390625,2.4639999866485596
2016-12-12,2256.0,470.3800048828125,5562.7998046875,4760.77001953125,,,,,,,8040.08984375,3199.110107421875,2.4790000915527344
2016-12-13,2273.25,473.6499938964844,5545.0,4803.8701171875,,,,,,,8162.52978515625,3236.7099609375,2.4809999465942383
2016-12-14,2257.0,472.20001220703125,5584.60009765625,4769.240234375,,,,,,,8140.41015625,3211.7099609375,2.5250000953674316
2016-12-15,2263.5,476.5199890136719,5538.60009765625,4819.22998046875,,,,,,,8214.2998046875,3249.739990234375,2.5799999237060547
2016-12-16,2267.5,477.70001220703125,5532.89990234375,4833.27001953125,,,,,,,8227.7197265625,3259.239990234375,2.5969998836517334
2016-12-19,2260.0,480.3500061035156,5562.10009765625,4822.77001953125,,,,,,,8234.490234375,3257.85009765625,2.5420000553131104
2016-12-20,2266.5,484.0400085449219,5591.10009765625,4849.89013671875,,,,,,,8243.0,3279.409912109375,2.568000078201294
2016-12-21,2260.5,483.2099914550781,5613.5,4833.81982421875,,,,,,,8233.4501953125,3270.75,2.5460000038146973
2016-12-22,2258.75,482.4700012207031,5643.89990234375,4834.6298828125,,,,,,,8237.98046875,3269.510009765625,2.552999973297119
2016-12-23,2260.0,482.8599853515625,5627.89990234375,4839.68017578125,,,,,,,8232.6396484375,3273.969970703125,2.5429999828338623
2016-12-27,2261.0,483.5799865722656,,4848.27978515625,,,,,,,8259.4501953125,3278.530029296875,2.562999963760376
2016-12-28,2245.25,484.20001220703125,5685.0,4848.009765625,,,,,,,8256.6103515625,3278.719970703125,2.50600004196167
2016-12-29,2245.0,482.4599914550781,5699.10009765625,4838.47021484375,,,,,,,8251.1298828125,3271.760009765625,2.4769999980926514
2016-12-30,2236.25,483.1700134277344,5665.7998046875,4862.31005859375,,,,,,,8219.8701171875,3290.52001953125,2.446000099182129
2017-01-02,,486.3699951171875,,4882.3798828125,,,,,,,,,
2017-01-03,2252.5,487.989990234375,5733.2001953125,4899.330078125,,,,,,,8316.1796875,3315.02001953125,2.450000047683716
2017-01-04,2264.25,487.5799865722656,5736.39990234375,4899.39990234375,,,,,,,8354.8095703125,3317.52001953125,2.4519999027252197
2017-01-05,2264.25,486.92999267578125,5753.2998046875,4900.64013671875,,,,,,,8392.490234375,3316.469970703125,2.368000030517578
2017-01-06,2271.5,487.0,5755.60009765625,4909.83984375,,,,,,,8417.4599609375,3321.169921875,2.4179999828338623
2017-01-09,2265.0,485.1000061035156,5807.39990234375,4887.56982421875,,,,,,,8424.8603515625,3308.969970703125,2.375999927520752
2017-01-10,2263.75,484.739990234375,5760.7001953125,4888.22998046875,,,,,,,8449.1904296875,3306.2099609375,2.378999948501587
2017-01-11,2270.5,486.5799865722656,5771.5,4888.7099609375,,,,,,,8427.150390625,3307.93994140625,2.369999885559082
2017-01-12,2263.5,483.0899963378906,5766.89990234375,4863.97021484375,,,,,,,8375.01953125,3286.699951171875,2.3610000610351562
2017-01-13,2272.5,488.0899963378906,5721.10009765625,4922.490234375,,,,,,,8452.1904296875,3324.340087890625,2.380000114440918
2017-01-16,,484.1300048828125,5748.39990234375,4882.18017578125,,,,,,,8362.599609375,3294.530029296875,
2017-01-17,2262.75,481.7699890136719,5699.39990234375,4859.68994140625,,,,,,,8304.099609375,3285.0400390625,2.3269999027252197
2017-01-18,2266.5,484.75,5678.7998046875,4853.39990234375,,,,,,,8312.419921875,3294.0,2.3889999389648438
2017-01-19,2261.5,484.6400146484375,5692.2001953125,4841.14013671875,,,,,,,8273.080078125,3290.330078125,2.4590001106262207
2017-01-20,2266.0,485.9800109863281,5654.7998046875,4850.669921875,,,,,,,8275.1298828125,3299.43994140625,2.4670000076293945
2017-01-23,2262.0,482.7099914550781,5611.0,4821.41015625,,,,,,,8229.009765625,3273.0400390625,2.4030001163482666
2017-01-24,2274.5,483.04998779296875,5650.10009765625,4830.02978515625,,,,,,,8246.66015625,3281.530029296875,2.4709999561309814
2017-01-25,2294.0,488.0299987792969,5671.5,4877.669921875,,,,,,,8387.5498046875,3326.14990234375,2.5230000019073486
2017-01-26,2294.0,486.45001220703125,,4867.240234375,,,,,,,8405.48046875,3319.1298828125,2.507999897003174
2017-01-27,2289.0,485.8699951171875,5714.0,4839.97998046875,,,,,,,8379.5703125,3303.330078125,2.4809999465942383
2017-01-30,2276.0,479.5299987792969,5661.5,4784.64013671875,,,,,,,8320.830078125,3262.719970703125,2.4830000400543213
2017-01-31,2274.5,476.7099914550781,5620.89990234375,4748.89990234375,,,,,,,8291.6904296875,3230.679931640625,2.4509999752044678
2017-02-01,2274.5,479.6499938964844,5653.2001953125,4794.580078125,,,,,,,8329.169921875,3258.919921875,2.4739999771118164
2017-02-02,2275.5,482.19000244140625,5645.39990234375,4794.2900390625,,,,,,,8276.7001953125,3253.610107421875,2.4700000286102295
2017-02-03,2291.0,485.9200134277344,5621.60009765625,4825.419921875,,,,,,,8350.83984375,3273.110107421875,2.490999937057495
2017-02-06,2286.5,482.0799865722656,5615.60009765625,4778.080078125,,,,,,,8330.9296875,3238.31005859375,2.4130001068115234
2017-02-07,2288.5,484.2799987792969,5621.89990234375,4754.47021484375,,,,,,,8370.1396484375,3235.7099609375,2.3889999389648438
2017-02-08,2290.25,483.510009765625,5651.39990234375,4766.60009765625,,,,,,,8378.73046875,3238.0400390625,2.3510000705718994
2017-02-09,2304.25,488.5,5664.60009765625,4826.240234375,,,,,,,8437.5400390625,3277.7900390625,2.3949999809265137
2017-02-10,2312.75,489.55999755859375,5720.60009765625,4828.31982421875,,,,,,,8456.2197265625,3270.830078125,2.4089999198913574
2017-02-13,2326.25,494.04998779296875,5760.7001953125,4888.18994140625,,,,,,,8462.8798828125,3305.22998046875,2.434000015258789
2017-02-14,2337.0,494.6199951171875,5755.2001953125,4895.81982421875,,,,,,,8426.150390625,3308.889892578125,2.4700000286102295
2017-02-15,2350.5,496.6600036621094,5809.10009765625,4924.85986328125,,,,,,,8486.26953125,3323.7099609375,2.502000093460083
2017-02-16,2345.5,493.9800109863281,5816.2998046875,4899.4599609375,,,,,,,8467.51953125,3311.0400390625,2.450000047683716
2017-02-17,2348.0,499.0799865722656,5805.7998046875,4867.580078125,,,,,,,8506.490234375,3308.81005859375,2.424999952316284
2017-02-20,,495.6600036621094,5795.10009765625,4864.990234375,,,,,,,8514.51953125,3312.389892578125,
2017-02-21,2360.0,498.57000732421875,5791.0,4888.759765625,,,,,,,8567.1796875,3339.330078125,2.427000045776367
2017-02-22,2361.0,499.1099853515625,5805.10009765625,4895.8798828125,,,,,,,8585.849609375,3339.27001953125,2.4179999828338623
2017-02-23,2362.75,497.6300048828125,5784.7001953125,4891.2900390625,,,,,,,8569.3603515625,3333.9599609375,2.388000011444092
2017-02-24,2365.0,494.8999938964844,5739.0,4845.240234375,,,,,,,8525.6201171875,3304.090087890625,2.316999912261963
2017-02-27,2368.25,494.80999755859375,5724.2001953125,4845.18017578125,,,,,,,8520.5595703125,3309.300048828125,2.36899995803833
2017-02-28,2362.75,495.3500061035156,5712.2001953125,4858.580078125,,,,,,,8545.8095703125,3319.610107421875,2.3580000400543213
2017-03-01,2393.5,505.0400085449219,5704.7998046875,4960.830078125,,,,,,,8634.7001953125,3390.199951171875,2.4630000591278076
2017-03-02,2382.0,503.7900085449219,5776.60009765625,4963.7998046875,,,,,,,8661.6298828125,3384.7099609375,2.489000082015991
2017-03-03,2381.25,505.8599853515625,5729.60009765625,4995.1298828125,,,,,,,8670.0595703125,3403.389892578125,2.492000102996826
2017-03-06,2375.5,503.6499938964844,5746.5,4972.18994140625,,,,,,,8664.7998046875,3387.4599609375,2.49399995803833
2017-03-07,2366.5,502.95001220703125,5761.39990234375,4955.0,,,,,,,8623.9697265625,3385.1201171875,2.510999917984009
2017-03-08,2364.0,502.79998779296875,5759.7001953125,4960.47998046875,,,,,,,8626.650390625,3389.6201171875,2.552000045776367
2017-03-09,2366.25,507.739990234375,5741.2001953125,4981.509765625,,,,,,,8639.7001953125,3409.889892578125,2.5980000495910645
2017-03-10,2371.75,511.1400146484375,5775.60009765625,4993.31982421875,,,,,,,8669.9697265625,3416.27001953125,2.5820000171661377
2017-03-13,2375.0,511.8999938964844,5757.2998046875,4999.60009765625,,,,,,,8683.0498046875,3415.489990234375,2.6080000400543213
2017-03-14,2366.5,510.05999755859375,5759.10009765625,4974.259765625,,,,,,,8663.5400390625,3399.429931640625,2.5950000286102295
2017-03-15,2383.75,511.6600036621094,5774.0,4985.47998046875,,,,,,,8688.8603515625,3409.320068359375,2.507999897003174
2017-03-16,2382.75,514.530029296875,5785.7998046875,5013.3798828125,,,,,,,8667.48046875,3439.9599609375,2.5220000743865967
2017-03-17,2384.5,516.239990234375,5799.60009765625,5029.240234375,,,,,,,8698.5302734375,3448.409912109375,2.500999927520752
2017-03-20,2370.25,515.0900268554688,5778.89990234375,5012.16015625,,,,,,,8695.0400390625,3437.47998046875,2.4730000495910645
2017-03-21,2342.25,513.5900268554688,5774.60009765625,5002.43017578125,,,,,,,8614.8603515625,3429.6201171875,2.436000108718872
2017-03-22,2342.5,509.5199890136719,5684.5,4994.7001953125,,,,,,,8567.8798828125,3420.699951171875,2.3959999084472656
2017-03-23,2340.0,512.6199951171875,5708.0,5032.759765625,,,,,,,8628.6396484375,3452.179931640625,2.4179999828338623
2017-03-24,2344.75,511.5299987792969,5753.5,5020.89990234375,,,,,,,8613.6396484375,3444.14990234375,2.4000000953674316
2017-03-27,2338.5,509.32000732421875,5746.7001953125,5017.43017578125,,,,,,,8594.5400390625,3437.139892578125,2.372999906539917
2017-03-28,2351.5,512.1500244140625,5821.2001953125,5046.2001953125,,,,,,,8597.01953125,3465.070068359375,2.4089999198913574
2017-03-29,2357.0,513.5800170898438,5873.5,5069.0400390625,,,,,,,8661.5302734375,3475.27001953125,2.385999917984009
2017-03-30,2364.5,515.72998046875,5896.2001953125,5089.64013671875,,,,,,,8704.3896484375,3481.580078125,2.4159998893737793
2017-03-31,2359.25,516.5399780273438,5864.89990234375,5122.509765625,,,,,,,8658.8896484375,3500.929931640625,2.3959999084472656
2017-04-03,2356.0,513.4500122070312,5872.7001953125,5085.91015625,,,,,,,8633.8603515625,3472.93994140625,2.3499999046325684
2017-04-04,2356.5,514.0499877929688,5856.60009765625,5101.1298828125,,,,,,,8646.990234375,3481.659912109375,2.3499999046325684
2017-04-05,2346.5,514.8900146484375,5876.2001953125,5091.85009765625,,,,,,,8640.509765625,3472.580078125,2.3570001125335693
2017-04-06,2353.75,516.2999877929688,5856.2998046875,5121.43994140625,,,,,,,8638.3701171875,3489.570068359375,2.3429999351501465
2017-04-07,2352.25,518.7000122070312,5862.5,5135.27978515625,,,,,,,8640.91015625,3495.800048828125,2.372999906539917
2017-04-10,2352.5,519.1599731445312,5912.89990234375,5107.4501953125,,,,,,,8616.6796875,3480.43994140625,2.3610000610351562
2017-04-11,2351.0,518.4000244140625,5929.2998046875,5101.85986328125,,,,,,,8641.5498046875,3470.0400390625,2.2980000972747803
2017-04-12,2340.75,517.8099975585938,5934.0,5101.10986328125,,,,,,,8663.76953125,3468.510009765625,2.2960000038146973
2017-04-13,2327.5,515.77001953125,5889.89990234375,5071.10009765625,,,,,,,8629.01953125,3448.260009765625,2.2320001125335693
2017-04-17,2345.0,,,,,,,,,,,,2.252000093460083
2017-04-18,2337.25,509.7300109863281,5836.7001953125,4990.25,,,,,,,8529.2802734375,3409.780029296875,2.178999900817871
2017-04-19,2333.75,511.2799987792969,5804.0,5003.72998046875,,,,,,,8532.26953125,3420.989990234375,2.2019999027252197
2017-04-20,2352.0,511.7200012207031,5821.39990234375,5077.91015625,,,,,,,8557.8701171875,3440.030029296875,2.240999937057495
2017-04-21,2347.5,512.1900024414062,5854.10009765625,5059.2001953125,,,,,,,8553.990234375,3440.27001953125,2.236999988555908
2017-04-24,2370.0,523.72998046875,5871.7998046875,5268.85009765625,,,,,,,8711.3203125,3577.3798828125,2.2730000019073486
2017-04-25,2385.0,524.0499877929688,,5277.8798828125,,,,,,,8775.240234375,3583.159912109375,2.3269999027252197
2017-04-26,2382.25,524.4600219726562,5912.0,5287.8798828125,,,,,,,8830.2900390625,3578.7099609375,2.311000108718872
2017-04-27,2386.0,521.8900146484375,5921.5,5271.7001953125,,,,,,,8844.7802734375,3563.2900390625,2.2960000038146973
2017-04-28,2380.5,521.1300048828125,5924.10009765625,5267.330078125,,,,,,,8812.669921875,3559.590087890625,2.2820000648498535
2017-05-01,2387.0,,5956.39990234375,,,,,,,,,,2.325000047683716
2017-05-02,2385.75,525.47998046875,5950.39990234375,5304.14990234375,,,,,,,8868.5595703125,3578.2099609375,2.2960000038146973
2017-05-03,2383.25,525.2000122070312,5892.2998046875,5301.0,,,,,,,8891.8896484375,3586.25,2.309000015258789
2017-05-04,2385.5,528.4400024414062,5876.39990234375,5372.419921875,,,,,,,8980.01953125,3627.8798828125,2.3559999465942383
2017-05-05,2397.75,533.27001953125,5836.60009765625,5432.39990234375,,,,,,,9016.66015625,3658.7900390625,2.3519999980926514
2017-05-08,2395.0,534.3099975585938,5870.89990234375,5382.9501953125,,,,,,,9039.6103515625,3642.110107421875,2.375999927520752
2017-05-09,2393.25,536.260009765625,5839.89990234375,5398.009765625,,,,,,,9113.830078125,3649.080078125,2.4070000648498535
2017-05-10,2395.25,535.6599731445312,5875.39990234375,5400.4599609375,,,,,,,9089.7998046875,3645.739990234375,2.4140000343322754
2017-05-11,2391.0,534.239990234375,5878.2998046875,5383.419921875,,,,,,,9064.8798828125,3623.550048828125,2.4000000953674316
2017-05-12,2388.75,534.7100219726562,5836.89990234375,5405.419921875,,,,,,,9123.41015625,3637.52001953125,2.3350000381469727
2017-05-15,2398.5,535.4099731445312,5838.39990234375,5417.39990234375,,,,,,,9108.25,3641.8798828125,2.3380000591278076
2017-05-16,2397.0,535.760009765625,5850.5,5406.10009765625,,,,,,,9127.6103515625,3641.889892578125,2.3289999961853027
2017-05-17,2357.5,529.0599975585938,5786.0,5317.89013671875,,,,,,,9001.599609375,3584.830078125,2.2160000801086426
2017-05-18,2363.5,524.52001953125,5738.2998046875,5289.72998046875,,,,,,,8938.3701171875,3562.219970703125,2.2330000400543213
2017-05-19,2381.5,526.9199829101562,5727.39990234375,5324.39990234375,,,,,,,9022.509765625,3587.010009765625,2.244999885559082
2017-05-22,2392.75,527.8499755859375,5771.2001953125,5322.8798828125,,,,,,,9084.7802734375,3576.530029296875,2.253999948501587
2017-05-23,2398.0,528.1699829101562,5760.2001953125,5348.16015625,,,,,,,9061.759765625,3595.030029296875,2.2850000858306885
2017-05-24,2402.0,527.8699951171875,5769.0,5341.33984375,,,,,,,9035.08984375,3586.6201171875,2.2660000324249268
2017-05-25,2413.5,527.4600219726562,5789.60009765625,5337.16015625,,,,,,,,,2.255000114440918
2017-05-26,2413.75,528.030029296875,5751.7001953125,5336.64013671875,,,,,,,9042.0302734375,3579.02001953125,2.25
2017-05-29,,527.72998046875,5707.10009765625,5332.47021484375,,,,,,,9031.9599609375,3578.949951171875,
2017-05-30,2410.75,525.7100219726562,5717.89990234375,5305.93994140625,,,,,,,9007.5400390625,3561.219970703125,2.2170000076293945
2017-05-31,2411.0,524.0700073242188,5724.60009765625,5283.6298828125,,,,,,,9016.6396484375,3554.590087890625,2.196000099182129
2017-06-01,2429.5,527.030029296875,5738.10009765625,5318.669921875,,,,,,,9024.919921875,3567.02001953125,2.2170000076293945
2017-06-02,2437.75,526.739990234375,5788.10009765625,5343.41015625,,,,,,,9043.9599609375,3591.820068359375,2.1589999198913574
2017-06-05,2434.5,524.4400024414062,5754.89990234375,5307.89013671875,,,,,,,,,2.181999921798706
2017-06-06,2430.75,521.7100219726562,5667.5,5269.22021484375,,,,,,,8908.26953125,3554.179931640625,2.1470000743865967
2017-06-07,2432.0,523.0999755859375,5667.2001953125,5265.52978515625,,,,,,,8876.73046875,3548.840087890625,2.177999973297119
2017-06-08,2432.5,523.5499877929688,5676.60009765625,5264.240234375,,,,,,,8811.6201171875,3563.8798828125,2.194000005722046
2017-06-09,2430.5,527.2999877929688,5677.7998046875,5299.7099609375,,,,,,,8845.849609375,3586.070068359375,2.1989998817443848
2017-06-12,2428.5,521.8900146484375,,5240.58984375,,,,,,,8807.849609375,3543.949951171875,2.2130000591278076
2017-06-13,2440.0,523.3900146484375,5772.7998046875,5261.740234375,,,,,,,8867.0703125,3557.8701171875,2.2070000171661377
2017-06-14,2437.25,521.7100219726562,5833.89990234375,5243.2900390625,,,,,,,8849.400390625,3547.14990234375,2.138000011444092
2017-06-15,2434.25,518.75,5763.2001953125,5216.8798828125,,,,,,,8853.009765625,3525.4599609375,2.1619999408721924
2017-06-16,2433.75,520.6699829101562,5774.0,5263.31005859375,,,,,,,8963.2900390625,3543.8798828125,2.1570000648498535
2017-06-19,2447.5,525.8699951171875,5805.2001953125,5310.72021484375,,,,,,,9030.2998046875,3579.580078125,2.190000057220459
2017-06-20,2437.5,520.8800048828125,5757.2998046875,5293.64990234375,,,,,,,9023.5498046875,3560.659912109375,2.1530001163482666
2017-06-21,2433.5,520.47998046875,5665.7001953125,5274.259765625,,,,,,,8985.6103515625,3554.35009765625,2.1549999713897705
2017-06-22,2431.75,519.3900146484375,5706.0,5281.93017578125,,,,,,,9051.26953125,3555.760009765625,2.1530001163482666
2017-06-23,2435.0,519.5,5715.89990234375,5266.1201171875,,,,,,,9032.8896484375,3543.679931640625,2.1440000534057617
2017-06-26,2436.0,520.6199951171875,5720.2001953125,5295.75,,,,,,,9121.2197265625,3561.760009765625,2.13700008392334
2017-06-27,2420.5,518.72998046875,5714.2001953125,5258.580078125,,,,,,,9072.919921875,3538.320068359375,2.197999954223633
2017-06-28,2438.5,516.3900146484375,5755.7001953125,5252.89990234375,,,,,,,9076.73046875,3535.699951171875,2.2209999561309814
2017-06-29,2420.0,508.5299987792969,5818.10009765625,5154.35009765625,,,,,,,8944.0400390625,3471.330078125,2.2669999599456787
2017-06-30,2421.0,507.1499938964844,5721.5,5120.68017578125,,,,,,,8906.8896484375,3441.8798828125,2.302000045776367
2017-07-03,2425.0,513.1199951171875,5684.5,5195.72021484375,,,,,,,9009.8095703125,3491.81005859375,2.3459999561309814
2017-07-04,,511.7300109863281,5783.7998046875,5174.89990234375,,,,,,,8971.400390625,3479.469970703125,
2017-07-05,2428.0,511.3500061035156,5763.2998046875,5180.10009765625,,,,,,,8954.099609375,3478.409912109375,2.3340001106262207
2017-07-06,2408.5,509.94000244140625,5758.7998046875,5152.39990234375,,,,,,,8886.9501953125,3462.06005859375,2.369999885559082
2017-07-07,2422.5,509.9200134277344,5703.60009765625,5145.16015625,,,,,,,8883.26953125,3463.840087890625,2.3929998874664307
2017-07-10,2424.5,512.0499877929688,5724.39990234375,5165.64013671875,,,,,,,8943.83984375,3478.06005859375,2.371000051498413
2017-07-11,2424.5,510.989990234375,5728.89990234375,5140.60009765625,,,,,,,8874.0703125,3464.47998046875,2.361999988555908
2017-07-12,2440.0,516.5900268554688,5673.7998046875,5222.1298828125,,,,,,,9015.599609375,3515.22998046875,2.3269999027252197
2017-07-13,2445.5,519.1099853515625,5736.7998046875,5235.39990234375,,,,,,,9003.5703125,3527.830078125,2.3480000495910645
2017-07-14,2456.0,521.0700073242188,5765.10009765625,5235.31005859375,,,,,,,9034.5703125,3525.93994140625,2.319000005722046
2017-07-17,2458.5,521.5,5755.5,5230.169921875,,,,,,,9038.650390625,3516.35009765625,2.309000015258789
2017-07-18,2457.75,518.1699829101562,5687.39990234375,5173.27001953125,,,,,,,8977.98046875,3478.679931640625,2.263000011444092
2017-07-19,2471.5,524.25,5732.10009765625,5216.06982421875,,,,,,,9024.3203125,3500.280029296875,2.2679998874664307
2017-07-20,2471.25,526.2899780273438,5761.5,5199.22021484375,,,,,,,9027.3701171875,3499.489990234375,2.2660000324249268
2017-07-21,2469.5,522.219970703125,5722.7998046875,5117.66015625,,,,,,,8938.6796875,3451.7099609375,2.2320001125335693
2017-07-24,2468.5,521.6500244140625,5688.10009765625,5127.7001953125,,,,,,,8898.23046875,3453.169921875,2.253999948501587
2017-07-25,2474.0,524.6900024414062,5726.60009765625,5161.080078125,,,,,,,8937.900390625,3473.5400390625,2.3259999752044678
2017-07-26,2473.25,527.719970703125,5776.60009765625,5190.169921875,,,,,,,8990.33984375,3491.18994140625,2.2820000648498535
2017-07-27,2472.0,530.3499755859375,5785.0,5186.9501953125,,,,,,,9017.7900390625,3493.139892578125,2.309999942779541
2017-07-28,2470.25,525.530029296875,5702.7998046875,5131.39013671875,,,,,,,9019.3095703125,3467.72998046875,2.2890000343322754
2017-07-31,2468.0,525.4400024414062,5720.60009765625,5093.77001953125,,,,,,,9055.0,3449.360107421875,2.2920000553131104
2017-08-01,2472.25,527.47998046875,5772.39990234375,5127.02978515625,,,,,,,,,2.250999927520752
2017-08-02,2473.5,525.2999877929688,5744.2001953125,5107.25,,,,,,,9122.6796875,3459.320068359375,2.26200008392334
2017-08-03,2471.75,525.5700073242188,5735.10009765625,5130.490234375,,,,,,,9136.6103515625,3466.3701171875,2.2279999256134033
2017-08-04,2472.0,529.0900268554688,5720.60009765625,5203.43994140625,,,,,,,9176.990234375,3507.409912109375,2.2669999599456787
2017-08-07,2477.5,531.4099731445312,5773.60009765625,5207.89013671875,,,,,,,9155.1298828125,3505.800048828125,2.256999969482422
2017-08-08,2472.75,532.6799926757812,5743.7998046875,5218.89013671875,,,,,,,9162.330078125,3515.6298828125,2.2829999923706055
2017-08-09,2473.0,528.2100219726562,5765.7001953125,5145.7001953125,,,,,,,9027.150390625,3468.449951171875,2.240999937057495
2017-08-10,2437.5,523.6300048828125,5760.89990234375,5115.22998046875,,,,,,,8949.8603515625,3433.5400390625,2.2119998931884766
2017-08-11,2440.0,516.969970703125,5693.10009765625,5060.919921875,,,,,,,8884.0400390625,3406.340087890625,2.188999891281128
2017-08-14,2463.5,521.0999755859375,5730.39990234375,5121.669921875,,,,,,,9031.26953125,3450.659912109375,2.2190001010894775
2017-08-15,2463.75,522.6699829101562,5757.5,5140.25,,,,,,,9012.51953125,3461.909912109375,2.2660000324249268
2017-08-16,2467.5,525.8900146484375,5785.10009765625,5176.60986328125,,,,,,,9037.919921875,3484.570068359375,2.2260000705718994
2017-08-17,2429.5,523.7100219726562,5779.2001953125,5146.85009765625,,,,,,,8945.400390625,3461.969970703125,2.1989998817443848
2017-08-18,2426.75,519.6400146484375,5747.10009765625,5114.14990234375,,,,,,,8874.349609375,3446.030029296875,2.194000005722046
2017-08-21,2428.0,516.7100219726562,5725.89990234375,5087.58984375,,,,,,,8883.7802734375,3423.530029296875,2.180000066757202
2017-08-22,2452.75,521.8699951171875,5750.10009765625,5131.85986328125,,,,,,,8963.830078125,3455.590087890625,2.2149999141693115
2017-08-23,2441.5,519.3599853515625,5737.2001953125,5115.39013671875,,,,,,,8958.490234375,3438.6298828125,2.1710000038146973
2017-08-24,2440.75,519.0999755859375,5745.5,5113.1298828125,,,,,,,8943.0400390625,3444.72998046875,2.194000005722046
2017-08-25,2442.5,517.4199829101562,5743.89990234375,5104.330078125,,,,,,,8906.1796875,3438.550048828125,2.1689999103546143
2017-08-28,2443.75,514.760009765625,5709.89990234375,5079.75,,,,,,,8864.23046875,3421.030029296875,2.1589999198913574
2017-08-29,2447.0,510.0299987792969,5669.0,5031.919921875,,,,,,,8814.5400390625,3388.219970703125,2.135999917984009
2017-08-30,2455.75,513.010009765625,5669.7001953125,5056.33984375,,,,,,,8851.259765625,3403.7099609375,2.1429998874664307
2017-08-31,2470.0,516.0399780273438,5714.5,5085.58984375,,,,,,,8925.4501953125,3421.469970703125,2.121000051498413
2017-09-01,2474.25,518.1799926757812,5724.60009765625,5123.259765625,,,,,,,8941.6201171875,3443.8798828125,2.1570000648498535
2017-09-04,,516.27001953125,,5103.97021484375,,,,,,,8864.4599609375,3430.419921875,
2017-09-05,2459.75,515.4600219726562,5706.2001953125,5086.56005859375,,,,,,,8869.5595703125,3420.860107421875,2.069999933242798
2017-09-06,2465.5,516.469970703125,5689.7001953125,5101.41015625,,,,,,,8859.4697265625,3433.800048828125,2.1080000400543213
2017-09-07,2466.5,518.8300170898438,5689.89990234375,5114.6201171875,,,,,,,8906.66015625,3447.659912109375,2.061000108718872
2017-09-08,2462.5,518.8200073242188,5672.60009765625,5113.490234375,,,,,,,8912.0498046875,3447.68994140625,2.061000108718872
2017-09-11,2487.5,523.9600219726562,5713.10009765625,5176.7099609375,,,,,,,8982.23046875,3495.18994140625,2.125
2017-09-12,2496.0,526.5800170898438,5746.39990234375,5209.009765625,,,,,,,9053.6201171875,3512.56005859375,2.1710000038146973
2017-09-13,2496.5,528.6900024414062,5744.2998046875,5217.58984375,,,,,,,9053.830078125,3523.139892578125,2.194999933242798
2017-09-14,2496.5,529.3400268554688,5738.7001953125,5225.2001953125,,,,,,,9071.4296875,3526.47998046875,2.197000026702881
2017-09-15,2496.0,526.780029296875,5695.0,5213.91015625,,,,,,,9028.0498046875,3515.550048828125,2.2019999027252197
2017-09-18,2502.75,529.3099975585938,5720.60009765625,5229.31982421875,,,,,,,9048.1103515625,3526.739990234375,2.2290000915527344
2017-09-19,2504.75,528.6599731445312,5713.60009765625,5237.43994140625,,,,,,,9093.2001953125,3531.179931640625,2.243000030517578
2017-09-20,2505.25,528.6599731445312,5709.10009765625,5241.66015625,,,,,,,9095.650390625,3525.550048828125,2.2769999504089355
2017-09-21,2501.0,528.469970703125,5655.39990234375,5267.2900390625,,,,,,,9134.1298828125,3539.590087890625,2.2780001163482666
2017-09-22,2499.5,528.030029296875,5682.10009765625,5281.2900390625,,,,,,,9136.7197265625,3541.419921875,2.26200008392334
2017-09-25,2497.0,527.780029296875,5683.7001953125,5267.1298828125,,,,,,,9140.4697265625,3537.81005859375,2.2200000286102295
2017-09-26,2495.5,528.5,5671.0,5268.759765625,,,,,,,9113.650390625,3536.3798828125,2.2290000915527344
2017-09-27,2504.5,531.0900268554688,5664.2998046875,5281.9599609375,,,,,,,9098.580078125,3555.169921875,2.309000015258789
2017-09-28,2507.75,533.3900146484375,5670.39990234375,5293.77001953125,,,,,,,9112.16015625,3563.639892578125,2.309000015258789
2017-09-29,2516.0,537.0599975585938,5681.60009765625,5329.81005859375,,,,,,,9157.4599609375,3594.85009765625,2.3259999752044678
2017-10-02,2526.25,541.0399780273438,5729.2998046875,5350.43994140625,,,,,,,9242.150390625,3602.68994140625,2.3369998931884766
2017-10-03,2532.75,542.25,5701.39990234375,5367.41015625,,,,,,,9283.740234375,3605.72998046875,2.3340001106262207
2017-10-04,2536.25,541.6500244140625,5652.10009765625,5363.22998046875,,,,,,,9283.9697265625,3594.909912109375,2.3299999237060547
2017-10-05,2550.0,542.8800048828125,5651.7998046875,5379.2099609375,,,,,,,9262.66015625,3613.5400390625,2.3499999046325684
2017-10-06,2545.0,539.9000244140625,5710.7001953125,5359.89990234375,,,,,,,9252.1201171875,3603.320068359375,2.369999885559082
2017-10-09,2543.75,541.1900024414062,5739.2998046875,5365.830078125,,,,,,,9259.33984375,3610.5,2.3610000610351562
2017-10-10,2548.5,541.1400146484375,5738.10009765625,5363.64990234375,,,,,,,9267.169921875,3598.7900390625,2.3450000286102295
2017-10-11,2553.0,541.760009765625,5772.10009765625,5362.41015625,,,,,,,9265.33984375,3607.389892578125,2.3450000286102295
2017-10-12,2549.5,542.8400268554688,5794.5,5360.81005859375,,,,,,,9297.33984375,3605.5400390625,2.322999954223633
2017-10-13,2552.75,546.2100219726562,5814.2001953125,5351.740234375,,,,,,,9311.6904296875,3604.550048828125,2.2799999713897705
2017-10-16,2556.25,546.6699829101562,5846.7998046875,5362.8798828125,,,,,,,9274.58984375,3606.27001953125,2.306999921798706
2017-10-17,2557.0,546.6199951171875,5889.60009765625,5361.3701171875,,,,,,,9269.8603515625,3607.77001953125,2.2980000972747803
2017-10-18,2560.0,547.6799926757812,5890.5,5383.81005859375,,,,,,,9309.6103515625,3619.64990234375,2.3389999866485596
2017-10-19,2560.5,544.5599975585938,5896.10009765625,5368.2900390625,,,,,,,9233.51953125,3602.080078125,2.321000099182129
2017-10-20,2574.0,544.6300048828125,5907.0,5372.3798828125,,,,,,,9237.1298828125,3605.090087890625,2.38100004196167
2017-10-23,2563.5,545.9600219726562,5894.0,5386.81005859375,,,,,,,9248.490234375,3608.8701171875,2.375999927520752
2017-10-24,2567.25,543.6699829101562,5897.60009765625,5394.7998046875,,,,,,,9194.83984375,3610.68994140625,2.4059998989105225
2017-10-25,2558.5,541.27001953125,5905.60009765625,5374.89013671875,,,,,,,9084.0400390625,3591.4599609375,2.444000005722046
2017-10-26,2561.5,547.6699829101562,5916.2998046875,5455.39990234375,,,,,,,9200.080078125,3637.199951171875,2.4519999027252197
2017-10-27,2578.5,549.4400024414062,5903.2001953125,5494.1298828125,,,,,,,9183.419921875,3652.22998046875,2.427999973297119
2017-10-30,2568.25,549.4600219726562,5919.10009765625,5493.6298828125,,,,,,,9175.5,3662.179931640625,2.369999885559082
2017-10-31,2572.75,553.3800048828125,5909.0,5503.2900390625,,,,,,,9242.1796875,3673.949951171875,2.375999927520752
2017-11-01,2574.75,554.489990234375,5937.7998046875,5514.2900390625,,,,,,,9267.8203125,3697.39990234375,2.375999927520752
2017-11-02,2576.75,553.8300170898438,5931.7001953125,5510.5,,,,,,,9279.650390625,3688.800048828125,2.3469998836517334
2017-11-03,2582.75,555.1500244140625,5959.89990234375,5517.97021484375,,,,,,,9322.0498046875,3689.9599609375,2.3429999351501465
2017-11-06,2588.75,555.219970703125,5953.7998046875,5507.25,,,,,,,9288.7802734375,3682.360107421875,2.319999933242798
2017-11-07,2586.75,553.7999877929688,6014.2998046875,5480.64013671875,,,,,,,9220.16015625,3658.77001953125,2.306999921798706
2017-11-08,2591.0,554.77001953125,6016.2998046875,5471.43017578125,,,,,,,9265.830078125,3655.0400390625,2.325000047683716
2017-11-09,2584.0,550.3699951171875,6049.39990234375,5407.75,,,,,,,9177.8203125,3612.5,2.3310000896453857
2017-11-10,2579.5,547.3200073242188,6029.39990234375,5380.72021484375,,,,,,,9134.16015625,3593.760009765625,2.4000000953674316
2017-11-13,2582.0,545.4299926757812,6021.7998046875,5341.6298828125,,,,,,,9162.740234375,3574.52001953125,2.4000000953674316
2017-11-14,2578.0,541.72998046875,5966.0,5315.580078125,,,,,,,9130.48046875,3556.3798828125,2.38100004196167
2017-11-15,2565.0,538.489990234375,5934.2001953125,5301.25,,,,,,,9089.5498046875,3545.719970703125,2.3350000381469727
2017-11-16,2585.0,539.1900024414062,5943.5,5336.39013671875,,,,,,,9146.8203125,3564.800048828125,2.3610000610351562
2017-11-17,2576.25,536.6199951171875,5957.2998046875,5319.169921875,,,,,,,9183.6103515625,3547.4599609375,2.3540000915527344
2017-11-20,2582.0,539.7100219726562,5945.7001953125,5340.4501953125,,,,,,,9299.6103515625,3561.409912109375,2.371999979019165
2017-11-21,2596.25,541.8200073242188,5963.5,5366.14990234375,,,,,,,9324.5302734375,3579.320068359375,2.36299991607666
2017-11-22,2594.5,540.02001953125,5986.39990234375,5352.759765625,,,,,,,9291.83984375,3562.64990234375,2.322000026702881
2017-11-23,,541.3499755859375,5960.60009765625,5379.5400390625,,,,,,,9315.5595703125,3572.070068359375,
2017-11-24,2601.0,540.6300048828125,5982.60009765625,5390.4599609375,,,,,,,9325.599609375,3581.22998046875,2.3399999141693115
2017-11-27,2601.75,538.0900268554688,5988.7998046875,5360.08984375,,,,,,,9264.3896484375,3564.02001953125,2.328000068664551
2017-11-28,2626.0,543.5900268554688,5984.2998046875,5390.47998046875,,,,,,,9320.4404296875,3583.489990234375,2.3380000591278076
2017-11-29,2625.0,541.4199829101562,6011.10009765625,5398.0498046875,,,,,,,9304.419921875,3589.909912109375,2.375999927520752
2017-11-30,2648.0,540.1099853515625,5969.89990234375,5372.7900390625,,,,,,,9318.76953125,3569.929931640625,2.4170000553131104
2017-12-01,2644.0,535.5700073242188,5989.7998046875,5316.89013671875,,,,,,,9274.5498046875,3527.550048828125,2.361999988555908
2017-12-04,2638.25,541.5399780273438,5985.60009765625,5389.2900390625,,,,,,,9328.6298828125,3576.219970703125,2.378999948501587
2017-12-05,2628.25,543.0800170898438,5971.7001953125,5375.52978515625,,,,,,,9288.919921875,3570.570068359375,2.3559999465942383
2017-12-06,2629.25,542.77001953125,5946.10009765625,5374.35009765625,,,,,,,9309.990234375,3561.570068359375,2.3299999237060547
2017-12-07,2639.5,544.510009765625,5977.7001953125,5383.85986328125,,,,,,,9270.5703125,3573.1298828125,2.375999927520752
2017-12-08,2651.0,547.219970703125,5994.39990234375,5399.08984375,,,,,,,9319.16015625,3591.449951171875,2.382999897003174
2017-12-11,2661.5,548.4099731445312,5998.2998046875,5386.830078125,,,,,,,9314.759765625,3582.2099609375,2.384999990463257
2017-12-12,2665.0,552.8699951171875,6013.2001953125,5427.18994140625,,,,,,,9361.41015625,3600.35009765625,2.4030001163482666
2017-12-13,2666.5,550.5599975585938,6021.7998046875,5399.4501953125,,,,,,,9394.5498046875,3581.75,2.3489999771118164
2017-12-14,2653.25,547.469970703125,6011.2998046875,5357.14013671875,,,,,,,9383.01953125,3556.219970703125,2.3459999561309814
2017-12-15,2666.75,548.6699829101562,5997.0,5349.2998046875,,,,,,,9394.7099609375,3560.530029296875,2.3550000190734863
2017-12-18,2694.5,553.2899780273438,6038.89990234375,5420.580078125,,,,,,,9452.3203125,3609.419921875,2.3919999599456787
2017-12-19,2684.0,552.030029296875,6071.7998046875,5382.91015625,,,,,,,9399.169921875,3582.219970703125,2.4630000591278076
2017-12-20,2681.5,547.3800048828125,6075.60009765625,5352.77001953125,,,,,,,9314.830078125,3552.64990234375,2.496999979019165
2017-12-21,2687.75,549.3900146484375,6060.39990234375,5385.97021484375,,,,,,,9424.669921875,3570.780029296875,2.4809999465942383
2017-12-22,2686.0,548.47998046875,6069.7001953125,5364.72021484375,,,,,,,9394.490234375,3553.389892578125,2.484999895095825
2017-12-26,2687.0,,,,,,,,,,,,2.4670000076293945
2017-12-27,2685.5,548.5999755859375,6069.89990234375,5368.83984375,,,,,,,9430.4404296875,3550.169921875,2.4140000343322754
2017-12-28,2685.75,547.0599975585938,6088.10009765625,5339.419921875,,,,,,,9405.7998046875,3524.31005859375,2.431999921798706
2017-12-29,2676.0,544.5800170898438,6065.10009765625,5312.56005859375,,,,,,,9381.8701171875,3503.9599609375,2.4049999713897705
2018-01-02,2693.0,544.7899780273438,6061.2998046875,5288.60009765625,,,,,,,,,2.4649999141693115
2018-01-03,2711.0,549.3400268554688,6070.39990234375,5331.27978515625,,,,,,,9478.919921875,3509.8798828125,2.447000026702881
2018-01-04,2723.75,554.0599975585938,6077.10009765625,5413.68994140625,,,,,,,9509.2802734375,3568.8798828125,2.453000068664551
2018-01-05,2742.5,558.1599731445312,6122.2998046875,5470.75,,,,,,,9556.98046875,3607.6298828125,2.4760000705718994
2018-01-08,2746.75,560.8900146484375,6130.39990234375,5487.419921875,,,,,,,9541.73046875,3616.449951171875,2.4800000190734863
2018-01-09,2752.25,563.0399780273438,6135.7998046875,5523.93994140625,,,,,,,9611.6103515625,3622.8701171875,2.5460000038146973
2018-01-10,2750.5,560.4400024414062,6096.7001953125,5504.68017578125,,,,,,,9524.9599609375,3609.830078125,2.549999952316284
2018-01-11,2769.5,558.8900146484375,6067.60009765625,5488.5498046875,,,,,,,9503.849609375,3595.239990234375,2.5309998989105225
2018-01-12,2788.75,561.0999755859375,6070.10009765625,5517.06005859375,,,,,,,9546.6103515625,3612.610107421875,2.552000045776367
2018-01-15,,561.0599975585938,6077.10009765625,5509.68994140625,,,,,,,9537.2802734375,3611.81005859375,
2018-01-16,2782.5,561.1799926757812,6048.60009765625,5513.81982421875,,,,,,,9464.0498046875,3622.010009765625,2.5439999103546143
2018-01-17,2803.75,563.280029296875,6015.7998046875,5493.990234375,,,,,,,9440.009765625,3612.780029296875,2.578000068664551
2018-01-18,2796.25,566.489990234375,6014.60009765625,5494.830078125,,,,,,,9452.349609375,3620.909912109375,2.6110000610351562
2018-01-19,2811.0,569.2999877929688,6005.7998046875,5526.509765625,,,,,,,9509.76953125,3649.070068359375,2.63700008392334
2018-01-22,2835.25,570.8200073242188,5991.89990234375,5541.990234375,,,,,,,9529.1298828125,3665.280029296875,2.6649999618530273
2018-01-23,2839.5,570.5999755859375,6037.0,5535.259765625,,,,,,,9551.580078125,3672.2900390625,2.624000072479248
2018-01-24,2841.0,566.0399780273438,6054.7001953125,5495.16015625,,,,,,,9547.5703125,3643.219970703125,2.6540000438690186
2018-01-25,2841.25,565.0700073242188,6050.0,5481.2099609375,,,,,,,9482.9599609375,3630.14990234375,2.621000051498413
2018-01-26,2874.5,566.7899780273438,,5529.14990234375,,,,,,,9515.5595703125,3647.409912109375,2.6619999408721924
2018-01-29,2853.5,566.0599975585938,6075.39990234375,5521.58984375,,,,,,,9457.26953125,3643.0400390625,2.6989998817443848
2018-01-30,2824.5,561.0,6022.7998046875,5473.77978515625,,,,,,,9433.33984375,3606.75,2.7260000705718994
2018-01-31,2825.75,560.52001953125,6037.7001953125,5481.93017578125,,,,,,,9335.400390625,3609.2900390625,2.7200000286102295
2018-02-01,2822.5,556.8699951171875,6090.10009765625,5454.5498046875,,,,,,,9290.919921875,3577.35009765625,2.7730000019073486
2018-02-02,2756.75,550.0800170898438,6121.39990234375,5364.97998046875,,,,,,,9220.6904296875,3523.280029296875,2.8540000915527344
2018-02-05,2607.75,542.6500244140625,6026.2001953125,5285.830078125,,,,,,,9100.3896484375,3478.77001953125,2.7939999103546143
2018-02-06,2694.25,526.1799926757812,5833.2998046875,5161.81005859375,,,,,,,8836.7099609375,3394.919921875,2.7679998874664307
2018-02-07,2668.25,536.3599853515625,5876.7998046875,5255.89990234375,,,,,,,8975.009765625,3454.52001953125,2.8440001010894775
2018-02-08,2593.5,526.1199951171875,5890.7001953125,5151.68017578125,,,,,,,8763.1103515625,3377.300048828125,2.8510000705718994
2018-02-09,2619.0,518.3300170898438,5838.0,5079.2099609375,,,,,,,8682.0,3325.989990234375,2.8289999961853027
2018-02-12,2655.25,524.0999755859375,5820.7001953125,5140.06005859375,,,,,,,8822.1796875,3368.25,2.8570001125335693
2018-02-13,2661.75,520.5700073242188,5855.89990234375,5109.240234375,,,,,,,8752.6396484375,3340.929931640625,2.8399999141693115
2018-02-14,2697.0,525.6400146484375,5841.2001953125,5165.259765625,,,,,,,8899.099609375,3369.830078125,2.9130001068115234
2018-02-15,2734.0,527.5700073242188,5909.0,5222.52001953125,,,,,,,8917.7998046875,3389.6298828125,2.8910000324249268
2018-02-16,2735.0,532.27001953125,5904.0,5281.580078125,,,,,,,8986.7197265625,3426.800048828125,2.877000093460083
2018-02-19,,528.760009765625,5941.60009765625,5256.18017578125,,,,,,,8908.650390625,3407.7900390625,
2018-02-20,2714.0,532.9299926757812,5940.89990234375,5289.85986328125,,,,,,,8981.3896484375,3435.080078125,2.8929998874664307
2018-02-21,2698.75,533.9500122070312,5943.7001953125,5302.169921875,,,,,,,8988.990234375,3430.159912109375,2.943000078201294
2018-02-22,2711.5,532.6400146484375,5950.89990234375,5309.22998046875,,,,,,,8967.4296875,3431.989990234375,2.9170000553131104
2018-02-23,2748.75,534.0900268554688,5999.7998046875,5317.3701171875,,,,,,,8948.1904296875,3441.4599609375,2.871000051498413
2018-02-26,2784.5,538.3099975585938,6042.2001953125,5344.259765625,,,,,,,9026.1103515625,3463.179931640625,2.8589999675750732
2018-02-27,2747.5,537.8300170898438,6056.89990234375,5343.93017578125,,,,,,,8992.51953125,3458.030029296875,2.9079999923706055
2018-02-28,2714.5,535.5800170898438,6016.0,5320.490234375,,,,,,,8906.3798828125,3438.9599609375,2.868000030517578
2018-03-01,2678.25,529.5900268554688,5973.2998046875,5262.56005859375,,,,,,,8792.3798828125,3399.159912109375,2.803999900817871
2018-03-02,2690.25,518.719970703125,5928.89990234375,5136.580078125,,,,,,,8628.509765625,3324.75,2.8570001125335693
2018-03-05,2718.5,526.510009765625,5959.5,5167.22998046875,,,,,,,8808.3798828125,3355.320068359375,2.88100004196167
2018-03-06,2724.0,528.3599853515625,5962.39990234375,5170.22998046875,,,,,,,8765.8798828125,3357.860107421875,2.877000093460083
2018-03-07,2723.25,530.7100219726562,5902.0,5187.830078125,,,,,,,8784.83984375,3377.360107421875,2.882999897003174
2018-03-08,2739.25,535.219970703125,5942.89990234375,5254.10009765625,,,,,,,8896.419921875,3413.280029296875,2.865999937057495
2018-03-09,2784.0,537.1400146484375,5963.2001953125,5274.39990234375,,,,,,,8931.849609375,3420.5400390625,2.8940000534057617
2018-03-12,2784.0,538.4299926757812,5996.10009765625,5276.7099609375,,,,,,,8970.740234375,3429.47998046875,2.869999885559082
2018-03-13,2768.5,532.52001953125,5974.7001953125,5242.7900390625,,,,,,,8880.919921875,3397.35009765625,2.8480000495910645
2018-03-14,2749.75,530.969970703125,5935.2998046875,5233.35986328125,,,,,,,8869.330078125,3390.97998046875,2.816999912261963
2018-03-15,2751.5,533.2999877929688,5920.7998046875,5267.259765625,,,,,,,8878.98046875,3414.1298828125,2.8259999752044678
2018-03-16,2752.75,536.9199829101562,5949.39990234375,5282.75,,,,,,,8882.5302734375,3437.39990234375,2.8480000495910645
2018-03-19,2722.75,531.52001953125,5959.39990234375,5222.83984375,,,,,,,8811.330078125,3394.7900390625,2.8450000286102295
2018-03-20,2723.5,535.4500122070312,5936.39990234375,5252.43017578125,,,,,,,8847.2900390625,3412.080078125,2.878999948501587
2018-03-21,2718.25,536.47998046875,5950.2998046875,5239.740234375,,,,,,,8783.7001953125,3401.0400390625,2.9070000648498535
2018-03-22,2643.25,528.3699951171875,5937.2001953125,5167.2099609375,,,,,,,8637.8701171875,3348.18994140625,2.8320000171661377
2018-03-23,2597.75,521.4500122070312,5820.7001953125,5095.22021484375,,,,,,,8569.080078125,3298.070068359375,2.8299999237060547
2018-03-26,2659.5,518.75,5790.5,5066.27978515625,,,,,,,8509.2900390625,3278.719970703125,2.8429999351501465
2018-03-27,2615.75,525.760009765625,5832.2998046875,5115.740234375,,,,,,,8638.419921875,3316.949951171875,2.7860000133514404
2018-03-28,2607.5,527.0,5789.5,5130.43994140625,,,,,,,8756.1201171875,3331.25,2.7750000953674316
2018-03-29,2643.0,529.52001953125,5759.39990234375,5167.2998046875,,,,,,,8740.9697265625,3361.5,2.740999937057495
2018-04-02,2575.0,,,,,,,,,,,,2.7320001125335693
2018-04-03,2613.25,528.47998046875,5751.89990234375,5152.1201171875,,,,,,,8630.9296875,3346.929931640625,2.7839999198913574
2018-04-04,2647.0,526.1900024414062,5761.39990234375,5141.7998046875,,,,,,,8553.6904296875,3340.35009765625,2.7880001068115234
2018-04-05,2661.75,540.489990234375,5788.7998046875,5276.669921875,,,,,,,8742.599609375,3429.949951171875,2.8320000171661377
2018-04-06,2605.75,539.2899780273438,5788.7001953125,5258.240234375,,,,,,,8671.0400390625,3408.10009765625,2.7750000953674316
2018-04-09,2619.0,539.9000244140625,5808.7001953125,5263.39013671875,,,,,,,8687.080078125,3414.85009765625,2.7860000133514404
2018-04-10,2655.0,545.25,5857.0,5307.56005859375,,,,,,,8755.5703125,3438.780029296875,2.796999931335449
2018-04-11,2641.0,544.5,5828.7001953125,5277.93994140625,,,,,,,8708.4404296875,3419.7099609375,2.7899999618530273
2018-04-12,2664.0,547.9000244140625,5815.5,5309.22021484375,,,,,,,8774.759765625,3443.969970703125,2.8340001106262207
2018-04-13,2657.25,548.0499877929688,5829.10009765625,5315.02001953125,,,,,,,8776.169921875,3448.0,2.8289999961853027
2018-04-16,2681.75,546.6199951171875,5841.2998046875,5312.9599609375,,,,,,,8726.5400390625,3441.0400390625,2.8320000171661377
2018-04-17,2706.5,551.3200073242188,5841.5,5353.5400390625,,,,,,,8820.0400390625,3477.909912109375,2.813999891281128
2018-04-18,2709.75,553.3499755859375,5861.39990234375,5380.169921875,,,,,,,8831.8798828125,3490.889892578125,2.867000102996826
2018-04-19,2693.0,551.3099975585938,5881.0,5391.64013671875,,,,,,,8833.1796875,3486.60009765625,2.9140000343322754
2018-04-20,2671.5,550.3800048828125,5868.7998046875,5412.830078125,,,,,,,8807.7998046875,3494.199951171875,2.9509999752044678
2018-04-23,2671.25,554.25,5886.0,5438.5498046875,,,,,,,8806.6298828125,3513.06005859375,2.9730000495910645
2018-04-24,2635.25,556.4400024414062,5921.60009765625,5444.16015625,,,,,,,8796.91015625,3510.8798828125,2.9830000400543213
2018-04-25,2644.5,551.72998046875,,5413.2998046875,,,,,,,8740.9599609375,3485.830078125,3.0239999294281006
2018-04-26,2674.5,554.4099731445312,5910.7998046875,5453.580078125,,,,,,,8835.0302734375,3506.030029296875,2.990000009536743
2018-04-27,2671.5,554.9400024414062,5953.60009765625,5483.18994140625,,,,,,,8843.01953125,3518.780029296875,2.9570000171661377
2018-04-30,2647.0,555.72998046875,5982.7001953125,5520.5,,,,,,,8886.259765625,3536.52001953125,2.936000108718872
2018-05-01,2652.25,,6015.2001953125,,,,,,,,,,2.9760000705718994
2018-05-02,2627.5,555.8599853515625,6050.2001953125,5529.22021484375,,,,,,,8896.2802734375,3553.7900390625,2.9639999866485596
2018-05-03,2631.75,551.72998046875,6098.2998046875,5501.66015625,,,,,,,8842.2900390625,3529.1201171875,2.946000099182129
2018-05-04,2663.0,555.7000122070312,6062.89990234375,5516.0498046875,,,,,,,8903.830078125,3550.590087890625,2.944000005722046
2018-05-07,2670.0,557.8599853515625,6084.5,5531.419921875,,,,,,,8978.650390625,3564.18994140625,2.950000047683716
2018-05-08,2670.25,558.510009765625,6091.89990234375,5521.93017578125,,,,,,,8944.900390625,3557.8798828125,2.9690001010894775
2018-05-09,2696.0,561.510009765625,6108.0,5534.6298828125,,,,,,,8984.099609375,3569.739990234375,3.003999948501587
2018-05-10,2718.75,562.1799926757812,6118.7001953125,5545.9501953125,,,,,,,,,2.9709999561309814
2018-05-11,2729.5,562.27001953125,6116.2001953125,5541.93994140625,,,,,,,8993.509765625,3565.52001953125,2.9709999561309814
2018-05-14,2731.0,563.52001953125,6135.2998046875,5540.68017578125,,,,,,,9000.8896484375,3565.739990234375,2.994999885559082
2018-05-15,2709.0,564.489990234375,6097.7998046875,5553.16015625,,,,,,,8994.2197265625,3564.2900390625,3.0799999237060547
2018-05-16,2723.0,565.1300048828125,6107.0,5567.5400390625,,,,,,,8973.8798828125,3562.85009765625,3.0950000286102295
2018-05-17,2718.75,568.9600219726562,6094.2998046875,5621.919921875,,,,,,,8988.330078125,3592.179931640625,3.1089999675750732
2018-05-18,2713.0,567.030029296875,6087.39990234375,5614.509765625,,,,,,,8940.4599609375,3573.760009765625,3.066999912261963
2018-05-21,2733.0,570.0700073242188,6084.5,5637.509765625,,,,,,,,,3.065000057220459
2018-05-22,2726.0,572.0499877929688,6041.89990234375,5640.10009765625,,,,,,,8936.0703125,3587.25,3.065000057220459
2018-05-23,2730.75,565.0700073242188,6032.5,5565.85009765625,,,,,,,8794.9404296875,3541.820068359375,3.003000020980835
2018-05-24,2727.5,561.6199951171875,6037.10009765625,5548.4501953125,,,,,,,8770.9404296875,3521.760009765625,2.9809999465942383
2018-05-25,2718.25,562.77001953125,6032.7998046875,5542.5498046875,,,,,,,8759.080078125,3515.360107421875,2.930999994277954
2018-05-28,,559.8400268554688,6004.0,5508.93017578125,,,,,,,8775.4501953125,3482.639892578125,
2018-05-29,2692.25,554.77001953125,6013.60009765625,5438.06005859375,,,,,,,8637.2001953125,3428.139892578125,2.7679998874664307
2018-05-30,2724.5,557.5999755859375,5984.7001953125,5427.35009765625,,,,,,,8578.6796875,3441.18994140625,2.8420000076293945
2018-05-31,2705.5,552.8499755859375,6011.89990234375,5398.39990234375,,,,,,,8456.9501953125,3406.64990234375,2.822000026702881
2018-06-01,2733.75,559.1799926757812,5990.39990234375,5465.52978515625,,,,,,,8618.5400390625,3453.5400390625,2.8949999809265137
2018-06-04,2745.5,561.7000122070312,6025.5,5472.91015625,,,,,,,8634.419921875,3469.570068359375,2.937000036239624
2018-06-05,2751.5,562.780029296875,5994.89990234375,5460.9501953125,,,,,,,8538.3095703125,3456.7900390625,2.9189999103546143
2018-06-06,2772.25,562.239990234375,6025.10009765625,5457.56005859375,,,,,,,8544.990234375,3460.820068359375,2.9749999046325684
2018-06-07,2772.25,562.0399780273438,6057.2998046875,5448.35986328125,,,,,,,8548.330078125,3459.77001953125,2.933000087738037
2018-06-08,2778.75,560.030029296875,6045.2001953125,5450.22021484375,,,,,,,8512.0595703125,3447.300048828125,2.937000036239624
2018-06-11,2783.0,564.8400268554688,,5473.91015625,,,,,,,8623.5400390625,3480.219970703125,2.9570000171661377
2018-06-12,2784.0,563.010009765625,6054.39990234375,5453.3701171875,,,,,,,8640.7998046875,3475.580078125,2.9570000171661377
2018-06-13,2774.25,563.9500122070312,6023.5,5452.72998046875,,,,,,,8634.6103515625,3479.56005859375,2.9769999980926514
2018-06-14,2783.25,567.530029296875,6016.60009765625,5528.4599609375,,,,,,,8690.830078125,3527.110107421875,2.946000099182129
2018-06-15,2776.5,561.7100219726562,6094.0,5501.8798828125,,,,,,,8642.599609375,3505.02001953125,2.9240000247955322
2018-06-18,2779.75,559.6799926757812,6104.10009765625,5450.47998046875,,,,,,,8519.5703125,3466.64990234375,2.9260001182556152
2018-06-19,2766.25,554.5700073242188,6102.10009765625,5390.6298828125,,,,,,,8463.41015625,3435.300048828125,2.8929998874664307
2018-06-20,2772.0,554.969970703125,6172.60009765625,5372.31005859375,,,,,,,8557.509765625,3439.60009765625,2.927999973297119
2018-06-21,2752.5,552.5999755859375,6232.10009765625,5316.009765625,,,,,,,8459.9296875,3403.510009765625,2.8970000743865967
2018-06-22,2759.5,560.3400268554688,6225.2001953125,5387.3798828125,,,,,,,8616.5595703125,3441.60009765625,2.9000000953674316
2018-06-25,2722.25,546.8099975585938,6210.39990234375,5283.85986328125,,,,,,,8458.75,3369.2099609375,2.875
2018-06-26,2728.5,547.27001953125,6197.60009765625,5281.2900390625,,,,,,,8477.98046875,3368.719970703125,2.880000114440918
2018-06-27,2705.0,552.1900024414062,6195.89990234375,5327.2001953125,,,,,,,8504.5,3397.1298828125,2.8269999027252197
2018-06-28,2719.5,547.47998046875,6215.39990234375,5275.64013671875,,,,,,,8461.7099609375,3365.52001953125,2.8469998836517334
2018-06-29,2721.5,551.6799926757812,6194.60009765625,5323.52978515625,,,,,,,8609.2998046875,3395.60009765625,2.8489999771118164
2018-07-02,2727.25,546.510009765625,6177.7998046875,5276.759765625,,,,,,,8529.58984375,3372.2099609375,2.865999937057495
2018-07-03,2713.25,550.0599975585938,6210.2001953125,5316.77001953125,,,,,,,8625.490234375,3406.340087890625,2.8380000591278076
2018-07-04,,549.219970703125,6183.39990234375,5320.5,,,,,,,8663.5302734375,3412.030029296875,
2018-07-05,2738.5,552.4400024414062,6215.5,5366.31982421875,,,,,,,8674.0400390625,3440.919921875,2.8399999141693115
2018-07-06,2763.0,553.6199951171875,6272.2998046875,5375.77001953125,,,,,,,8697.419921875,3448.489990234375,2.8310000896453857
2018-07-09,2787.5,557.7100219726562,6286.0,5398.10986328125,,,,,,,8759.919921875,3460.43994140625,2.859999895095825
2018-07-10,2796.75,560.5800170898438,6258.10009765625,5434.35986328125,,,,,,,8768.91015625,3473.31005859375,2.872999906539917
2018-07-11,2774.0,553.25,6215.60009765625,5353.93017578125,,,,,,,8682.9296875,3422.35009765625,2.8420000076293945
2018-07-12,2798.5,557.02001953125,6268.2998046875,5405.89990234375,,,,,,,8818.1904296875,3445.489990234375,2.8529999256134033
2018-07-13,2803.25,560.1199951171875,6268.39990234375,5429.2001953125,,,,,,,8861.0498046875,3454.5400390625,2.8310000896453857
2018-07-16,2796.5,558.3499755859375,6241.5,5409.43017578125,,,,,,,8847.9599609375,3449.080078125,2.8580000400543213
2018-07-17,2811.25,559.1900024414062,6203.60009765625,5422.5400390625,,,,,,,8824.669921875,3457.5,2.864000082015991
2018-07-18,2816.0,568.1900024414062,6245.10009765625,5447.43994140625,,,,,,,8938.1201171875,3485.080078125,2.875
2018-07-19,2805.25,570.2100219726562,6262.7001953125,5417.06982421875,,,,,,,8933.9697265625,3471.639892578125,2.8469998836517334
2018-07-20,2800.75,572.2000122070312,6285.89990234375,5398.31982421875,,,,,,,8991.33984375,3460.030029296875,2.8949999809265137
2018-07-23,2812.0,570.47998046875,6227.60009765625,5378.25,,,,,,,8959.7900390625,3454.050048828125,2.9649999141693115
2018-07-24,2821.0,573.6199951171875,6265.7998046875,5434.18994140625,,,,,,,9005.580078125,3483.31005859375,2.9489998817443848
2018-07-25,2841.25,572.9000244140625,6247.60009765625,5426.41015625,,,,,,,9019.4599609375,3468.449951171875,2.936000108718872
2018-07-26,2842.5,573.6599731445312,6244.5,5480.5498046875,,,,,,,9139.4697265625,3509.260009765625,2.9749999046325684
2018-07-27,2817.5,576.239990234375,6300.2001953125,5511.759765625,,,,,,,9173.2001953125,3527.179931640625,2.9600000381469727
2018-07-30,2803.25,573.1900024414062,6278.39990234375,5491.22021484375,,,,,,,9163.3798828125,3512.31005859375,2.9749999046325684
2018-07-31,2817.0,574.25,6280.2001953125,5511.2998046875,,,,,,,9174.330078125,3525.489990234375,2.9639999866485596
2018-08-01,2810.75,572.8800048828125,6275.7001953125,5498.3701171875,,,,,,,,,3.003000020980835
2018-08-02,2828.5,569.9500122070312,6240.89990234375,5460.97998046875,,,,,,,9155.5703125,3469.2099609375,2.9860000610351562
2018-08-03,2839.5,572.2899780273438,6234.7998046875,5478.97998046875,,,,,,,9158.0,3482.39990234375,2.953000068664551
2018-08-06,2850.0,572.5599975585938,6273.0,5477.18017578125,,,,,,,9149.3603515625,3483.300048828125,2.937999963760376
2018-08-07,2859.75,573.9099731445312,6253.89990234375,5521.31005859375,,,,,,,9201.2197265625,3504.3701171875,2.9730000495910645
2018-08-08,2855.25,573.7000122070312,6268.5,5501.89990234375,,,,,,,9176.150390625,3493.60009765625,2.9709999561309814
2018-08-09,2853.75,572.219970703125,6297.7001953125,5502.25,,,,,,,9145.6796875,3494.1298828125,2.934999942779541
2018-08-10,2836.75,562.97998046875,6278.39990234375,5414.68017578125,,,,,,,9031.330078125,3426.280029296875,2.8570001125335693
2018-08-13,2825.5,561.1900024414062,6252.2001953125,5412.31982421875,,,,,,,9005.349609375,3409.679931640625,2.877000093460083
2018-08-14,2841.0,561.47998046875,6299.60009765625,5403.41015625,,,,,,,9010.1904296875,3409.43994140625,2.8949999809265137
2018-08-15,2821.25,552.7000122070312,6329.0,5305.22021484375,,,,,,,8926.23046875,3359.080078125,2.8519999980926514
2018-08-16,2844.75,556.3800048828125,6328.2998046875,5349.02001953125,,,,,,,8997.7197265625,3377.56005859375,2.871000051498413
2018-08-17,2852.25,552.9500122070312,6339.2001953125,5344.93017578125,,,,,,,9003.91015625,3372.93994140625,2.872999906539917
2018-08-20,2858.5,556.0499877929688,6345.0,5379.64990234375,,,,,,,9059.5302734375,3393.669921875,2.822999954223633
2018-08-21,2861.75,557.2000122070312,6284.39990234375,5408.60009765625,,,,,,,9082.8603515625,3411.659912109375,2.8440001010894775
2018-08-22,2861.25,559.2000122070312,6266.0,5420.60986328125,,,,,,,9048.2001953125,3420.179931640625,2.822999954223633
2018-08-23,2858.0,558.9099731445312,6244.39990234375,5419.330078125,,,,,,,9049.7197265625,3419.260009765625,2.821000099182129
2018-08-24,2876.75,560.2899780273438,6247.2998046875,5432.5,,,,,,,9052.900390625,3427.43994140625,2.8259999752044678
2018-08-27,2898.5,564.1300048828125,6268.89990234375,5479.10009765625,,,,,,,9098.7001953125,3456.010009765625,2.8480000495910645
2018-08-28,2899.25,563.030029296875,6304.7001953125,5484.990234375,,,,,,,9084.259765625,3447.570068359375,2.884000062942505
2018-08-29,2914.75,565.1500244140625,6352.2001953125,5501.330078125,,,,,,,9083.83984375,3456.1298828125,2.884000062942505
2018-08-30,2902.0,563.3699951171875,6351.7998046875,5478.06005859375,,,,,,,9042.0595703125,3430.989990234375,2.859999895095825
2018-08-31,2902.0,558.4199829101562,6319.5,5406.85009765625,,,,,,,8973.5595703125,3392.89990234375,2.8529999256134033
2018-09-03,,559.780029296875,6310.89990234375,5413.7998046875,,,,,,,9003.4697265625,3394.989990234375,
2018-09-04,2898.25,553.4099731445312,6293.10009765625,5342.7001953125,,,,,,,8951.8896484375,3359.360107421875,2.9019999504089355
2018-09-05,2888.25,546.9099731445312,6230.39990234375,5260.22021484375,,,,,,,8868.8603515625,3315.6201171875,2.9019999504089355
2018-09-06,2879.0,539.3699951171875,6160.39990234375,5243.83984375,,,,,,,8818.7197265625,3295.949951171875,2.878999948501587
2018-09-07,2874.75,538.510009765625,6143.7998046875,5252.22021484375,,,,,,,8843.1103515625,3293.360107421875,2.941999912261963
2018-09-10,2880.25,539.7999877929688,6141.7001953125,5269.6298828125,,,,,,,8930.240234375,3309.280029296875,2.937000036239624
2018-09-11,2889.75,539.7899780273438,6179.7001953125,5283.7900390625,,,,,,,8914.9404296875,3311.659912109375,2.9769999980926514
2018-09-12,2888.5,540.27001953125,6175.89990234375,5332.1298828125,,,,,,,8960.1298828125,3326.60009765625,2.9630000591278076
2018-09-13,2905.25,539.52001953125,6128.7001953125,5328.1201171875,,,,,,,8960.080078125,3333.679931640625,2.9630000591278076
2018-09-14,2906.25,540.530029296875,6165.2998046875,5352.56982421875,,,,,,,8970.0,3344.6298828125,2.99399995803833
2018-09-17,2891.0,540.8499755859375,6185.0,5348.8701171875,,,,,,,8936.7099609375,3346.110107421875,3.000999927520752
2018-09-18,2906.5,543.0599975585938,6161.5,5363.7900390625,,,,,,,8915.8701171875,3358.4599609375,3.0480000972747803
2018-09-19,2910.0,543.0700073242188,6190.0,5393.740234375,,,,,,,8939.849609375,3368.56005859375,3.0829999446868896
2018-09-20,2934.0,547.4500122070312,6169.5,5451.58984375,,,,,,,9000.8095703125,3403.1201171875,3.078000068664551
2018-09-21,2943.0,549.7899780273438,6194.60009765625,5494.169921875,,,,,,,8995.3798828125,3430.81005859375,3.068000078201294
2018-09-24,2925.5,548.4299926757812,6186.89990234375,5476.169921875,,,,,,,8946.2197265625,3410.43994140625,3.078000068664551
2018-09-25,2921.25,552.6400146484375,6185.89990234375,5479.10009765625,,,,,,,9021.6103515625,3419.780029296875,3.1019999980926514
2018-09-26,2911.5,552.3499755859375,6192.2998046875,5512.72998046875,,,,,,,9080.1396484375,3433.14990234375,3.061000108718872
2018-09-27,2920.0,553.75,6181.2001953125,5540.41015625,,,,,,,9112.2197265625,3449.7900390625,3.055999994277954
2018-09-28,2919.0,549.6199951171875,6207.60009765625,5493.490234375,,,,,,,9087.990234375,3399.199951171875,3.055999994277954
2018-10-01,2930.0,552.5499877929688,6172.2998046875,5506.81982421875,,,,,,,9127.0498046875,3414.159912109375,3.0799999237060547
2018-10-02,2928.5,549.3300170898438,6126.2001953125,5467.89013671875,,,,,,,9087.3203125,3388.989990234375,3.055999994277954
2018-10-03,2931.5,552.8499755859375,6146.10009765625,5491.39990234375,,,,,,,9175.2099609375,3405.47998046875,3.1610000133514404
2018-10-04,2907.75,544.1199951171875,6176.2998046875,5410.85009765625,,,,,,,9097.51953125,3375.080078125,3.197000026702881
2018-10-05,2894.0,539.510009765625,6185.5,5359.35986328125,,,,,,,9042.080078125,3345.510009765625,3.2249999046325684
2018-10-08,2893.75,533.52001953125,6100.2998046875,5300.25,,,,,,,8964.1396484375,3309.719970703125,3.2330000400543213
2018-10-09,2888.25,536.9500122070312,6041.10009765625,5318.5498046875,,,,,,,8964.1103515625,3321.7900390625,3.2079999446868896
2018-10-10,2781.0,528.030029296875,6049.7998046875,5206.22021484375,,,,,,,8892.8798828125,3266.89990234375,3.2249999046325684
2018-10-11,2745.5,517.8900146484375,5883.7998046875,5106.3701171875,,,,,,,8639.1904296875,3209.18994140625,3.132999897003174
2018-10-12,2768.5,516.2899780273438,5895.7001953125,5095.97998046875,,,,,,,8660.3798828125,3194.409912109375,3.1410000324249268
2018-10-15,2749.0,518.3599853515625,5837.10009765625,5095.06982421875,,,,,,,8653.16015625,3210.3701171875,3.1630001068115234
2018-10-16,2817.75,526.1799926757812,5869.89990234375,5173.0498046875,,,,,,,8794.9697265625,3257.340087890625,3.1559998989105225
2018-10-17,2816.25,527.5800170898438,5939.10009765625,5144.9501953125,,,,,,,8750.349609375,3243.080078125,3.178999900817871
2018-10-18,2772.25,523.8699951171875,5942.39990234375,5116.7900390625,,,,,,,8779.1796875,3211.590087890625,3.174999952316284
2018-10-19,2767.5,525.1699829101562,5939.5,5084.66015625,,,,,,,8872.08984375,3210.820068359375,3.197999954223633
2018-10-22,2756.5,519.0800170898438,5904.89990234375,5053.31005859375,,,,,,,8865.5595703125,3190.090087890625,3.196000099182129
2018-10-23,2746.25,510.8599853515625,5843.10009765625,4967.68994140625,,,,,,,8767.150390625,3140.93994140625,3.1659998893737793
2018-10-24,2664.25,507.79998779296875,5829.0,4953.08984375,,,,,,,8724.6103515625,3130.330078125,3.124000072479248
2018-10-25,2688.25,513.1599731445312,5664.10009765625,5032.2998046875,,,,,,,8706.400390625,3164.39990234375,3.135999917984009
2018-10-26,2669.5,507.5199890136719,5665.2001953125,4967.3701171875,,,,,,,8665.7998046875,3134.889892578125,3.0769999027252197
2018-10-29,2643.5,509.3999938964844,5728.2001953125,4989.35009765625,,,,,,,8759.6201171875,3154.929931640625,3.0869998931884766
2018-10-30,2685.25,510.7300109863281,5805.10009765625,4978.52978515625,,,,,,,8854.2802734375,3147.1298828125,3.109999895095825
2018-10-31,2711.0,518.7100219726562,5830.2998046875,5093.43994140625,,,,,,,9022.16015625,3197.510009765625,3.1589999198913574
2018-11-01,2738.0,520.7999877929688,5840.7998046875,5085.77978515625,,,,,,,9017.25,3204.2099609375,3.1440000534057617
2018-11-02,2724.25,521.7999877929688,5849.2001953125,5102.1298828125,,,,,,,8992.2998046875,3214.409912109375,3.2139999866485596
2018-11-05,2739.5,521.9400024414062,5818.10009765625,5101.39013671875,,,,,,,9008.580078125,3217.3701171875,3.2009999752044678
2018-11-06,2759.0,522.3099975585938,5875.2001953125,5075.18994140625,,,,,,,8992.0703125,3207.419921875,3.2139999866485596
2018-11-07,2816.5,528.5700073242188,5896.89990234375,5137.93994140625,,,,,,,9050.5302734375,3246.159912109375,3.2130000591278076
2018-11-08,2808.75,528.47998046875,5928.2001953125,5131.4501953125,,,,,,,9094.900390625,3237.60009765625,3.2339999675750732
2018-11-09,2779.0,529.5499877929688,5921.7998046875,5106.75,,,,,,,9074.0302734375,3229.489990234375,3.188999891281128
2018-11-12,2727.75,526.0999755859375,5941.2998046875,5059.08984375,,,,,,,8984.0498046875,3194.080078125,3.186000108718872
2018-11-13,2727.5,529.6099853515625,5834.2001953125,5101.85009765625,,,,,,,9015.4296875,3224.820068359375,3.1449999809265137
2018-11-14,2698.5,527.1400146484375,5732.7998046875,5068.85009765625,,,,,,,8931.2001953125,3205.360107421875,3.119999885559082
2018-11-15,2734.5,524.8900146484375,5736.0,5033.6201171875,,,,,,,8870.0302734375,3190.31005859375,3.118000030517578
2018-11-16,2743.0,522.4299926757812,5730.60009765625,5025.2001953125,,,,,,,8907.3896484375,3180.739990234375,3.0739998817443848
2018-11-19,2696.25,518.9000244140625,5693.7001953125,4985.4501953125,,,,,,,8812.6103515625,3160.330078125,3.056999921798706
2018-11-20,2640.0,510.4800109863281,5671.7998046875,4924.89013671875,,,,,,,8769.4501953125,3116.070068359375,3.0480000972747803
2018-11-21,2649.0,517.3400268554688,5642.7998046875,4975.5,,,,,,,8841.48046875,3153.909912109375,3.061000108718872
2018-11-22,,514.0999755859375,5691.2998046875,4938.14013671875,,,,,,,8781.2900390625,3126.669921875,
2018-11-23,2629.5,513.8499755859375,5716.2001953125,4946.9501953125,,,,,,,8845.900390625,3137.2099609375,3.053999900817871
2018-11-26,2670.0,518.9099731445312,5671.60009765625,4994.97998046875,,,,,,,8931.3701171875,3172.7099609375,3.072000026702881
2018-11-27,2683.5,519.5599975585938,5728.2998046875,4983.14990234375,,,,,,,8898.009765625,3166.419921875,3.055000066757202
2018-11-28,2741.5,519.5800170898438,5725.10009765625,4983.240234375,,,,,,,8894.580078125,3168.2900390625,3.0439999103546143
2018-11-29,2744.25,520.280029296875,5758.39990234375,5006.25,,,,,,,9015.58984375,3174.159912109375,3.0350000858306885
2018-11-30,2758.25,519.3699951171875,5667.2001953125,5003.919921875,,,,,,,9037.759765625,3173.1298828125,3.013000011444092
2018-12-03,2790.75,523.8699951171875,5771.2001953125,5053.97998046875,,,,,,,9106.5595703125,3214.989990234375,2.992000102996826
2018-12-04,2701.75,523.22998046875,5713.10009765625,5012.66015625,,,,,,,9085.0,3189.25,2.9240000247955322
2018-12-05,,516.0399780273438,5668.39990234375,4944.3701171875,,,,,,,8939.9599609375,3150.27001953125,
2018-12-06,2691.0,498.9200134277344,5657.60009765625,4780.4599609375,,,,,,,8660.0302734375,3045.93994140625,2.875999927520752
2018-12-07,2636.0,503.9800109863281,5681.5,4813.1298828125,,,,,,,8741.0302734375,3058.530029296875,2.8499999046325684
2018-12-10,2643.0,495.30999755859375,5552.5,4742.3798828125,,,,,,,8551.01953125,3016.989990234375,2.8559999465942383
2018-12-11,2641.25,501.010009765625,5575.89990234375,4806.2001953125,,,,,,,8715.080078125,3055.320068359375,2.878999948501587
2018-12-12,2652.5,509.7200012207031,5653.5,4909.4501953125,,,,,,,8861.1396484375,3107.969970703125,2.9059998989105225
2018-12-13,2645.5,508.2699890136719,5661.60009765625,4896.919921875,,,,,,,8814.7001953125,3112.169921875,2.9110000133514404
2018-12-14,2602.0,506.5299987792969,5602.0,4853.7001953125,,,,,,,8713.6796875,3092.60009765625,2.8910000324249268
2018-12-17,2552.5,500.0799865722656,5658.2998046875,4799.8701171875,,,,,,,8602.6103515625,3063.64990234375,2.8570001125335693
2018-12-18,2535.75,494.45001220703125,5589.5,4754.080078125,,,,,,,8528.26953125,3040.1298828125,2.825000047683716
2018-12-19,2503.25,495.989990234375,5580.60009765625,4777.4501953125,,,,,,,8540.16015625,3051.3798828125,2.7780001163482666
2018-12-20,2485.75,485.9700012207031,5505.7998046875,4692.4599609375,,,,,,,8414.48046875,3000.06005859375,2.7890000343322754
2018-12-21,2467.75,484.80999755859375,5467.60009765625,4694.3798828125,,,,,,,8417.2900390625,3000.610107421875,2.7920000553131104
2018-12-24,2341.75,478.3399963378906,5493.7998046875,4626.39013671875,,,,,,,,,2.749000072479248
2018-12-26,2471.0,,,,,,,,,,,,2.796999931335449
2018-12-27,2495.0,476.0299987792969,5597.2001953125,4598.60986328125,,,,,,,8195.6396484375,2937.360107421875,2.743000030517578
2018-12-28,2486.0,484.1700134277344,5654.2998046875,4678.740234375,,,,,,,8429.2998046875,2986.530029296875,2.7360000610351562
2018-12-31,2505.25,487.8800048828125,5646.39990234375,4730.68994140625,,,,,,,,,2.686000108718872
2019-01-02,2511.0,486.57000732421875,5557.7998046875,4689.39013671875,,,,,,,,,2.6610000133514404
2019-01-03,2447.75,480.4100036621094,5633.39990234375,4611.490234375,,,,,,,8466.009765625,2954.659912109375,2.553999900817871
2019-01-04,2531.25,492.010009765625,5619.39990234375,4737.1201171875,,,,,,,8608.5595703125,3041.85009765625,2.6589999198913574
2019-01-07,2550.5,491.75,5683.2001953125,4719.169921875,,,,,,,8535.9501953125,3033.639892578125,2.681999921798706
2019-01-08,2572.5,493.69000244140625,5722.39990234375,4773.27001953125,,,,,,,8629.48046875,3054.93994140625,2.7160000801086426
2019-01-09,2582.5,496.2099914550781,5778.2998046875,4813.580078125,,,,,,,8687.7099609375,3070.239990234375,2.7279999256134033
2019-01-10,2594.0,497.7699890136719,5795.2998046875,4805.66015625,,,,,,,8801.48046875,3075.72998046875,2.7309999465942383
2019-01-11,2595.0,498.6499938964844,5774.60009765625,4781.33984375,,,,,,,8828.2197265625,3070.0400390625,2.7009999752044678
2019-01-14,2580.5,494.989990234375,5773.39990234375,4762.75,,,,,,,8760.3203125,3055.179931640625,2.7100000381469727
2019-01-15,2605.5,498.20001220703125,5814.60009765625,4786.169921875,,,,,,,8824.73046875,3068.050048828125,2.7109999656677246
2019-01-16,2613.25,499.8699951171875,5835.2001953125,4810.740234375,,,,,,,8873.76953125,3077.219970703125,2.7309999465942383
2019-01-17,2635.25,499.8399963378906,5850.10009765625,4794.3701171875,,,,,,,8914.1396484375,3069.35009765625,2.749000072479248
2019-01-18,2671.5,509.70001220703125,5879.60009765625,4875.93017578125,,,,,,,9023.9599609375,3134.919921875,2.7839999198913574
2019-01-21,,509.8800048828125,5890.39990234375,4867.77978515625,,,,,,,9011.41015625,3125.070068359375,
2019-01-22,2632.0,506.75,5858.7998046875,4847.52978515625,,,,,,,8966.33984375,3112.800048828125,2.7300000190734863
2019-01-23,2638.25,507.4599914550781,5843.7001953125,4840.3798828125,,,,,,,8957.1904296875,3112.1298828125,2.755000114440918
2019-01-24,2634.0,510.0799865722656,5865.7001953125,4871.9599609375,,,,,,,8937.3896484375,3126.31005859375,2.7119998931884766
2019-01-25,2663.5,515.0999755859375,5905.60009765625,4925.81982421875,,,,,,,8922.490234375,3163.239990234375,2.753000020980835
2019-01-28,2642.0,510.8800048828125,,4888.580078125,,,,,,,8857.849609375,3137.27001953125,2.74399995803833
2019-01-29,2640.25,515.0,5874.2001953125,4928.18017578125,,,,,,,8940.51953125,3153.419921875,2.7119998931884766
2019-01-30,2682.5,518.47998046875,5886.7001953125,4974.759765625,,,,,,,8965.7099609375,3161.739990234375,2.694999933242798
2019-01-31,2704.5,520.6300048828125,5864.7001953125,4992.72021484375,,,,,,,8969.26953125,3159.429931640625,2.634999990463257
2019-02-01,2704.25,523.239990234375,5862.7998046875,5019.259765625,,,,,,,8996.3603515625,3171.1201171875,2.690999984741211
2019-02-04,2721.25,525.6799926757812,5891.2001953125,5000.18994140625,,,,,,,9011.48046875,3165.199951171875,2.7239999771118164
2019-02-05,2731.0,532.489990234375,6005.89990234375,5083.33984375,,,,,,,9150.5595703125,3215.0400390625,2.7019999027252197
2019-02-06,2729.5,536.6300048828125,6026.10009765625,5079.0498046875,,,,,,,9143.0,3212.75,2.7019999027252197
2019-02-07,2704.0,530.5,6092.5,4985.56005859375,,,,,,,9035.900390625,3150.760009765625,2.6519999504089355
2019-02-08,2706.25,527.989990234375,6071.5,4961.64013671875,,,,,,,9003.41015625,3135.6201171875,2.631999969482422
2019-02-11,2708.25,531.1199951171875,6060.7998046875,5014.47021484375,,,,,,,9068.6201171875,3165.610107421875,2.6610000133514404
2019-02-12,2744.75,534.3499755859375,6079.10009765625,5056.35009765625,,,,,,,9127.400390625,3190.75,2.684000015258789
2019-02-13,2749.5,536.3300170898438,6063.60009765625,5074.27001953125,,,,,,,9164.0595703125,3202.3701171875,2.7079999446868896
2019-02-14,2743.5,534.239990234375,6059.39990234375,5062.52001953125,,,,,,,9142.7099609375,3182.659912109375,2.6570000648498535
2019-02-15,2777.0,539.6199951171875,6066.10009765625,5153.18994140625,,,,,,,9242.1201171875,3241.25,2.6659998893737793
2019-02-18,,539.6300048828125,6089.7998046875,5168.5400390625,,,,,,,9267.4599609375,3244.7900390625,
2019-02-19,2778.75,538.0700073242188,6106.89990234375,5160.52001953125,,,,,,,9256.169921875,3239.409912109375,2.6470000743865967
2019-02-20,2787.0,540.030029296875,6096.5,5195.9501953125,,,,,,,9315.6298828125,3259.489990234375,2.6540000438690186
2019-02-21,2774.25,540.5700073242188,6139.2001953125,5196.10986328125,,,,,,,9333.5703125,3263.699951171875,2.687999963760376
2019-02-22,2791.25,541.3699951171875,6167.2998046875,5215.85009765625,,,,,,,9348.9296875,3270.550048828125,2.6549999713897705
2019-02-25,2797.0,542.52001953125,6186.2998046875,5231.85009765625,,,,,,,9398.3701171875,3280.010009765625,2.6730000972747803
2019-02-26,2791.5,543.1799926757812,6128.39990234375,5238.72021484375,,,,,,,9461.2099609375,3289.320068359375,2.635999917984009
2019-02-27,2795.0,540.2899780273438,6150.2998046875,5225.35009765625,,,,,,,9412.1904296875,3282.77001953125,2.693000078201294
2019-02-28,2784.75,541.0499877929688,6169.0,5240.52978515625,,,,,,,9388.9404296875,3298.260009765625,2.7109999656677246
2019-03-01,2805.0,538.5900268554688,6192.7001953125,5265.18994140625,,,,,,,9412.01953125,3312.10009765625,2.755000114440918
2019-03-04,2791.5,540.77001953125,6217.39990234375,5286.56982421875,,,,,,,9394.0498046875,3317.1201171875,2.7219998836517334
2019-03-05,2791.5,541.1199951171875,6199.2998046875,5297.52001953125,,,,,,,9399.150390625,3327.18994140625,2.7219998836517334
2019-03-06,2771.5,538.9500122070312,6245.60009765625,5288.81005859375,,,,,,,9403.16015625,3324.669921875,2.691999912261963
2019-03-07,2750.0,536.6799926757812,6263.89990234375,5267.919921875,,,,,,,9324.580078125,3308.85009765625,2.635999917984009
2019-03-08,2747.0,530.5499877929688,6203.7998046875,5231.22021484375,,,,,,,9268.3603515625,3283.60009765625,2.625
2019-03-11,2784.0,535.3800048828125,6180.2001953125,5265.9599609375,,,,,,,9341.349609375,3304.43994140625,2.6429998874664307
2019-03-12,2792.0,535.4099731445312,6174.7998046875,5270.25,,,,,,,9331.6201171875,3303.949951171875,2.6050000190734863
2019-03-13,2814.5,539.260009765625,6161.2001953125,5306.3798828125,,,,,,,9387.4296875,3323.449951171875,2.6110000610351562
2019-03-14,2807.25,544.1900024414062,6179.60009765625,5349.77978515625,,,,,,,9481.900390625,3342.030029296875,2.630000114440918
2019-03-15,2811.889892578125,552.1799926757812,6175.2001953125,5405.31982421875,,,,,,,9483.099609375,3386.080078125,2.5929999351501465
2019-03-18,2840.5,552.22998046875,6190.5,5412.830078125,,,,,,,9496.9296875,3387.93994140625,2.6019999980926514
2019-03-19,2836.5,552.6500244140625,6184.7998046875,5425.89990234375,,,,,,,9525.919921875,3409.0,2.614000082015991
2019-03-20,2827.0,547.4199829101562,6165.2998046875,5382.66015625,,,,,,,9463.3203125,3372.3798828125,2.5350000858306885
2019-03-21,2862.5,550.3900146484375,6167.2001953125,5378.85009765625,,,,,,,9454.0498046875,3367.39990234375,2.5369999408721924
2019-03-22,2810.75,543.9000244140625,6195.2001953125,5269.919921875,,,,,,,9319.419921875,3305.72998046875,2.4549999237060547
2019-03-25,2807.0,541.1599731445312,6126.2001953125,5260.64013671875,,,,,,,9305.5,3300.47998046875,2.4200000762939453
2019-03-26,2823.0,545.3699951171875,6130.60009765625,5307.3798828125,,,,,,,9389.2998046875,3319.530029296875,2.4140000343322754
2019-03-27,2810.5,545.1400146484375,6136.0,5301.240234375,,,,,,,9390.58984375,3322.0400390625,2.374000072479248
2019-03-28,2821.0,543.7100219726562,6176.10009765625,5296.5400390625,,,,,,,9405.9296875,3320.2900390625,2.3889999389648438
2019-03-29,2837.75,548.97998046875,6180.7001953125,5350.52978515625,,,,,,,9477.83984375,3351.7099609375,2.4140000343322754
2019-04-01,2870.5,554.1400146484375,6217.0,5405.52978515625,,,,,,,9538.1103515625,3385.3798828125,2.496999979019165
2019-04-02,2867.0,555.9400024414062,6242.39990234375,5423.47021484375,,,,,,,9536.5703125,3395.699951171875,2.4809999465942383
2019-04-03,2879.75,561.3499755859375,6285.0,5468.91015625,,,,,,,9570.08984375,3435.56005859375,2.5169999599456787
2019-04-04,2882.75,561.5499877929688,6232.7998046875,5463.7998046875,,,,,,,9563.7099609375,3441.929931640625,2.51200008392334
2019-04-05,2896.0,562.5800170898438,6181.2998046875,5476.2001953125,,,,,,,9541.150390625,3447.469970703125,2.500999927520752
2019-04-08,2898.25,562.3200073242188,6221.39990234375,5471.77978515625,,,,,,,9547.330078125,3438.06005859375,2.5190000534057617
2019-04-09,2882.5,559.6599731445312,6221.7998046875,5436.419921875,,,,,,,9582.2197265625,3417.219970703125,2.499000072479248
2019-04-10,2894.5,561.8499755859375,6223.5,5449.8798828125,,,,,,,9556.3095703125,3424.64990234375,2.4769999980926514
2019-04-11,2891.75,561.8300170898438,6198.7001953125,5485.72021484375,,,,,,,9549.259765625,3435.340087890625,2.503999948501587
2019-04-12,2912.5,561.6099853515625,6251.2998046875,5502.7001953125,,,,,,,9484.91015625,3447.830078125,2.559999942779541
2019-04-15,2909.5,562.5700073242188,6251.39990234375,5508.72998046875,,,,,,,9513.7099609375,3450.4599609375,2.552999973297119
2019-04-16,2911.5,565.1900024414062,6277.39990234375,5528.669921875,,,,,,,9579.849609375,3463.360107421875,2.5920000076293945
2019-04-17,2900.5,566.1900024414062,6256.39990234375,5563.08984375,,,,,,,9596.599609375,3477.72998046875,2.5920000076293945
2019-04-18,2910.0,569.6099853515625,6259.7998046875,5580.3798828125,,,,,,,9571.2197265625,3499.22998046875,2.559999942779541
2019-04-22,2912.5,,,,,,,,,,,,2.5899999141693115
2019-04-23,2938.0,570.6400146484375,6319.39990234375,5591.68994140625,,,,,,,9635.0703125,3503.85009765625,2.569999933242798
2019-04-24,2930.75,568.4099731445312,6382.10009765625,5576.06005859375,,,,,,,9655.669921875,3502.6298828125,2.5220000743865967
2019-04-25,2926.25,567.5900268554688,,5557.669921875,,,,,,,9694.0595703125,3491.919921875,2.5339999198913574
2019-04-26,2941.5,567.1799926757812,6385.60009765625,5569.35986328125,,,,,,,9724.26953125,3500.409912109375,2.505000114440918
2019-04-29,2943.0,568.010009765625,6359.5,5580.97998046875,,,,,,,9740.48046875,3501.93994140625,2.5360000133514404
2019-04-30,2948.5,571.5999755859375,6325.5,5586.41015625,,,,,,,9769.740234375,3514.6201171875,2.509000062942505
2019-05-01,2923.0,,6375.89990234375,,,,,,,,,,2.510999917984009
2019-05-02,2917.5,566.510009765625,6338.39990234375,5538.85986328125,,,,,,,9746.0595703125,3488.929931640625,2.552000045776367
2019-05-03,2947.5,568.719970703125,6335.7998046875,5548.83984375,,,,,,,9741.990234375,3502.47998046875,2.5309998989105225
2019-05-06,2932.5,563.75,6283.7001953125,5483.52001953125,,,,,,,9657.240234375,3462.949951171875,2.5
2019-05-07,2890.75,556.8599853515625,6295.7001953125,5395.75,,,,,,,9577.3798828125,3401.159912109375,2.447999954223633
2019-05-08,2887.25,558.9299926757812,6269.10009765625,5417.58984375,,,,,,,9621.9599609375,3417.260009765625,2.4820001125335693
2019-05-09,2872.75,549.5900268554688,6295.2998046875,5313.16015625,,,,,,,9430.2998046875,3350.7099609375,2.4570000171661377
2019-05-10,2887.0,550.8699951171875,6310.89990234375,5327.43994140625,,,,,,,9472.830078125,3361.050048828125,2.4549999237060547
2019-05-13,2807.0,544.27001953125,6297.60009765625,5262.56982421875,,,,,,,9363.1796875,3320.780029296875,2.4049999713897705
2019-05-14,2839.25,550.6500244140625,6239.89990234375,5341.35009765625,,,,,,,9404.080078125,3364.3798828125,2.4189999103546143
2019-05-15,2855.0,553.0800170898438,6284.2001953125,5374.259765625,,,,,,,9480.759765625,3385.780029296875,2.378999948501587
2019-05-16,2878.5,559.1500244140625,6327.7998046875,5448.10986328125,,,,,,,9660.58984375,3438.56005859375,2.4049999713897705
2019-05-17,2862.0,557.9099731445312,6365.2998046875,5438.22998046875,,,,,,,9659.080078125,3425.639892578125,2.3929998874664307
2019-05-20,2844.0,551.3699951171875,6476.10009765625,5358.58984375,,,,,,,9582.080078125,3369.780029296875,2.4159998893737793
2019-05-21,2866.0,553.1400146484375,6500.10009765625,5385.4599609375,,,,,,,9624.16015625,3386.510009765625,2.4260001182556152
2019-05-22,2857.5,552.969970703125,6510.7001953125,5378.97998046875,,,,,,,9645.0400390625,3386.719970703125,2.3929998874664307
2019-05-23,2819.5,543.7100219726562,6491.7998046875,5281.3701171875,,,,,,,9594.3095703125,3327.199951171875,2.2960000038146973
2019-05-24,2831.75,547.2100219726562,6456.0,5316.509765625,,,,,,,9666.8896484375,3350.699951171875,2.3239998817443848
2019-05-27,,549.219970703125,6451.89990234375,5336.18994140625,,,,,,,9712.9599609375,3364.0400390625,
2019-05-28,2805.0,549.0999755859375,6484.7998046875,5312.68994140625,,,,,,,9680.8701171875,3348.860107421875,2.2679998874664307
2019-05-29,2780.0,540.8699951171875,6440.0,5222.1201171875,,,,,,,9541.9697265625,3297.81005859375,2.2360000610351562
2019-05-30,2790.5,545.4299926757812,6392.10009765625,5248.91015625,,,,,,,,,2.2269999980926514
2019-05-31,2752.5,540.489990234375,6396.89990234375,5207.6298828125,,,,,,,9523.98046875,3280.429931640625,2.1419999599456787
2019-06-03,2749.5,540.719970703125,6320.5,5241.4599609375,,,,,,,9602.73046875,3300.219970703125,2.0810000896453857
2019-06-04,2805.0,541.1500244140625,6332.39990234375,5268.259765625,,,,,,,9597.7099609375,3333.489990234375,2.11899995803833
2019-06-05,2827.75,543.6400146484375,6358.5,5292.0,,,,,,,9658.6201171875,3339.949951171875,2.122999906539917
2019-06-06,2845.75,544.3200073242188,6383.0,5278.43017578125,,,,,,,9682.2900390625,3338.409912109375,2.124000072479248
2019-06-07,2875.0,550.239990234375,6443.89990234375,5364.0498046875,,,,,,,9749.1298828125,3378.3798828125,2.0840001106262207
2019-06-10,2889.25,553.4000244140625,,5382.5,,,,,,,,,2.1429998874664307
2019-06-11,2887.0,557.219970703125,6546.2998046875,5408.4501953125,,,,,,,9835.8701171875,3401.10009765625,2.140000104904175
2019-06-12,2881.0,556.1300048828125,6543.7001953125,5374.919921875,,,,,,,9859.73046875,3386.6298828125,2.127000093460083
2019-06-13,2894.5,555.8499755859375,6542.39990234375,5375.6298828125,,,,,,,9861.830078125,3390.5,2.0910000801086426
2019-06-14,2890.5,553.239990234375,6554.0,5367.6201171875,,,,,,,9847.6103515625,3379.18994140625,2.0929999351501465
2019-06-17,2892.0,552.280029296875,6530.89990234375,5390.9501953125,,,,,,,9851.5703125,3383.2099609375,2.0859999656677246
2019-06-18,2921.75,560.2100219726562,6570.0,5509.72998046875,,,,,,,9988.5498046875,3452.889892578125,2.059999942779541
2019-06-19,2929.0,561.4500122070312,6648.10009765625,5518.4501953125,,,,,,,9961.650390625,3454.699951171875,2.0290000438690186
2019-06-20,2955.75,563.7100219726562,6687.39990234375,5535.56982421875,,,,,,,9978.51953125,3468.080078125,2.000999927520752
2019-06-21,2953.89990234375,562.3900146484375,6650.7998046875,5528.330078125,,,,,,,9922.830078125,3466.919921875,2.068000078201294
2019-06-24,2952.0,560.0700073242188,6665.39990234375,5521.7099609375,,,,,,,9898.849609375,3455.570068359375,2.0209999084472656
2019-06-25,2922.0,558.3200073242188,6658.0,5514.56982421875,,,,,,,9898.900390625,3444.360107421875,1.99399995803833
2019-06-26,2918.0,558.239990234375,6640.5,5500.72021484375,,,,,,,9838.1298828125,3442.949951171875,2.0490000247955322
2019-06-27,2931.0,557.530029296875,6666.2998046875,5493.60986328125,,,,,,,9859.759765625,3442.3798828125,2.005000114440918
2019-06-28,2944.25,561.760009765625,6618.7998046875,5538.97021484375,,,,,,,9898.240234375,3473.68994140625,2.0
2019-07-01,2967.75,568.27001953125,6648.10009765625,5567.91015625,,,,,,,9970.0,3497.590087890625,2.0339999198913574
2019-07-02,2979.5,570.0599975585938,6653.2001953125,5576.81982421875,,,,,,,10020.9296875,3507.97998046875,1.9759999513626099
2019-07-03,3000.25,572.9299926757812,6685.5,5618.81005859375,,,,,,,10066.5302734375,3540.6298828125,1.9529999494552612
2019-07-04,,573.530029296875,6718.0,5620.72998046875,,,,,,,10066.48046875,3544.14990234375,
2019-07-05,2990.5,570.4600219726562,6751.2998046875,5593.72021484375,,,,,,,9980.2197265625,3527.97998046875,2.0480000972747803
2019-07-08,2978.5,569.3599853515625,6672.2001953125,5589.18994140625,,,,,,,9994.099609375,3523.760009765625,2.0339999198913574
2019-07-09,2982.0,566.280029296875,6665.7001953125,5572.10009765625,,,,,,,9961.33984375,3509.75,2.053999900817871
2019-07-10,2997.5,565.5700073242188,6689.7998046875,5567.58984375,,,,,,,9937.5595703125,3501.52001953125,2.061000108718872
2019-07-11,3004.0,566.989990234375,6716.10009765625,5551.9501953125,,,,,,,9879.5302734375,3496.72998046875,2.119999885559082
2019-07-12,3015.5,567.4099731445312,6696.5,5572.85986328125,,,,,,,9762.98046875,3497.6298828125,2.1059999465942383
2019-07-15,3017.25,569.260009765625,6653.0,5578.2099609375,,,,,,,9808.580078125,3502.219970703125,2.0920000076293945
2019-07-16,3007.0,571.2100219726562,6641.0,5614.3798828125,,,,,,,9850.51953125,3521.360107421875,2.121999979019165
2019-07-17,2985.0,572.3400268554688,6673.2998046875,5571.7099609375,,,,,,,9942.009765625,3501.580078125,2.061000108718872
2019-07-18,2997.5,571.5700073242188,6649.10009765625,5550.5498046875,,,,,,,10010.150390625,3482.830078125,2.0380001068115234
2019-07-19,2977.0,571.8400268554688,6700.2998046875,5552.33984375,,,,,,,9937.0302734375,3480.179931640625,2.0480000972747803
2019-07-22,2989.0,576.0,6691.2001953125,5567.02001953125,,,,,,,9922.3701171875,3489.919921875,2.0429999828338623
2019-07-23,3008.0,582.0800170898438,6724.60009765625,5618.16015625,,,,,,,9965.150390625,3532.8701171875,2.0739998817443848
2019-07-24,3021.5,583.260009765625,6776.7001953125,5605.8701171875,,,,,,,9907.6796875,3532.89990234375,2.049999952316284
2019-07-25,3006.5,578.8200073242188,6818.0,5578.0498046875,,,,,,,9877.0302734375,3510.14990234375,2.0739998817443848
2019-07-26,3024.5,580.0800170898438,6793.39990234375,5610.0498046875,,,,,,,9968.080078125,3524.469970703125,2.0810000896453857
2019-07-29,3021.75,579.5499877929688,6825.7998046875,5601.10009765625,,,,,,,9970.8701171875,3523.580078125,2.055000066757202
2019-07-30,3012.25,574.3400268554688,6845.10009765625,5511.06982421875,,,,,,,9890.900390625,3462.85009765625,2.061000108718872
2019-07-31,2982.25,572.0900268554688,6812.60009765625,5518.89990234375,,,,,,,9919.26953125,3466.85009765625,2.0209999084472656
2019-08-01,2952.0,572.4600219726562,6788.89990234375,5557.41015625,,,,,,,,,1.8940000534057617
2019-08-02,2932.5,554.3200073242188,6768.60009765625,5359.0,,,,,,,9803.6904296875,3376.1201171875,1.8550000190734863
2019-08-05,2830.0,540.9400024414062,6640.2998046875,5241.5498046875,,,,,,,9599.4296875,3310.929931640625,1.7350000143051147
2019-08-06,2876.0,537.280029296875,6478.10009765625,5234.64990234375,,,,,,,9553.8798828125,3291.659912109375,1.7389999628067017
2019-08-07,2880.5,539.5700073242188,6519.5,5266.509765625,,,,,,,9533.98046875,3309.989990234375,1.684000015258789
2019-08-08,2940.0,548.8800048828125,6568.10009765625,5387.9599609375,,,,,,,9751.5498046875,3375.3798828125,1.715999960899353
2019-08-09,2919.75,542.219970703125,6584.39990234375,5327.919921875,,,,,,,9749.919921875,3333.739990234375,1.7339999675750732
2019-08-12,2880.25,542.1400146484375,6590.2998046875,5310.31005859375,,,,,,,9760.01953125,3326.550048828125,1.6390000581741333
2019-08-13,2932.0,545.6900024414062,6568.5,5363.06982421875,,,,,,,9786.240234375,3357.159912109375,1.6799999475479126
2019-08-14,2840.75,536.6599731445312,6595.89990234375,5251.2998046875,,,,,,,9628.48046875,3288.699951171875,1.5809999704360962
2019-08-15,2848.5,534.8400268554688,6408.10009765625,5236.93017578125,,,,,,,9606.259765625,3282.780029296875,1.5290000438690186
2019-08-16,2891.5,541.9400024414062,6405.5,5300.7900390625,,,,,,,9728.3896484375,3329.080078125,1.5390000343322754
2019-08-19,2923.75,547.9099731445312,6467.39990234375,5371.56005859375,,,,,,,9825.58984375,3369.18994140625,1.5980000495910645
2019-08-20,2898.25,545.22998046875,6545.0,5344.64013671875,,,,,,,9770.3896484375,3350.22998046875,1.5609999895095825
2019-08-21,2929.25,550.4199829101562,6483.2998046875,5435.47998046875,,,,,,,9848.1103515625,3394.889892578125,1.5770000219345093
2019-08-22,2922.25,546.9000244140625,6501.7998046875,5388.25,,,,,,,9805.5,3373.669921875,1.6100000143051147
2019-08-23,2855.5,542.0900268554688,6523.10009765625,5326.8701171875,,,,,,,9744.98046875,3334.25,1.527999997138977
2019-08-26,2883.25,543.3200073242188,6440.10009765625,5351.02001953125,,,,,,,9715.830078125,3348.840087890625,1.5449999570846558
2019-08-27,2865.5,547.280029296875,6471.2001953125,5387.08984375,,,,,,,9786.080078125,3370.469970703125,1.4900000095367432
2019-08-28,2889.75,548.3800048828125,6500.60009765625,5368.7998046875,,,,,,,9758.1904296875,3365.3798828125,1.465999960899353
2019-08-29,2926.75,554.280029296875,6507.39990234375,5449.97021484375,,,,,,,9838.48046875,3411.330078125,1.5160000324249268
2019-08-30,2924.75,558.3499755859375,6604.2001953125,5480.47998046875,,,,,,,9895.650390625,3426.760009765625,1.50600004196167
2019-09-02,,559.7100219726562,6579.39990234375,5493.0400390625,,,,,,,9924.5400390625,3432.5400390625,
2019-09-03,2906.0,559.010009765625,6573.39990234375,5466.06982421875,,,,,,,9852.7001953125,3420.739990234375,1.465999960899353
2019-09-04,2938.5,563.4600219726562,6553.0,5532.06982421875,,,,,,,9894.599609375,3450.830078125,1.4589999914169312
2019-09-05,2972.0,569.0999755859375,6613.2001953125,5593.3701171875,,,,,,,9983.0703125,3484.699951171875,1.565000057220459
2019-09-06,2980.75,569.8400268554688,6647.2998046875,5603.990234375,,,,,,,10073.8203125,3495.18994140625,1.5499999523162842
2019-09-09,2978.25,568.1300048828125,6648.0,5588.9501953125,,,,,,,10059.3701171875,3495.02001953125,1.621999979019165
2019-09-10,2978.5,568.489990234375,6614.10009765625,5593.2099609375,,,,,,,10020.48046875,3498.989990234375,1.7020000219345093
2019-09-11,3002.0,573.1699829101562,6638.0,5618.06005859375,,,,,,,10098.58984375,3516.820068359375,1.7330000400543213
2019-09-12,3011.75,574.7899780273438,6654.89990234375,5642.85986328125,,,,,,,10094.08984375,3538.860107421875,1.7910000085830688
2019-09-13,3006.5,576.8300170898438,6669.2001953125,5655.4599609375,,,,,,,10047.33984375,3550.110107421875,1.902999997138977
2019-09-16,2999.0,573.4600219726562,6673.5,5602.22998046875,,,,,,,9969.1904296875,3518.449951171875,1.840999960899353
2019-09-17,3005.5,574.9299926757812,6695.2998046875,5615.509765625,,,,,,,10013.8203125,3521.260009765625,1.812000036239624
2019-09-18,3006.25,576.6900024414062,6681.60009765625,5620.64990234375,,,,,,,10018.83984375,3528.0400390625,1.7860000133514404
2019-09-19,3006.0,579.0800170898438,6717.5,5659.080078125,,,,,,,10064.4599609375,3552.64990234375,1.7740000486373901
2019-09-20,3013.610107421875,577.4400024414062,6730.7998046875,5690.77978515625,,,,,,,10056.830078125,3571.389892578125,1.7549999952316284
2019-09-23,2997.0,574.6699829101562,6749.7001953125,5630.759765625,,,,,,,9997.3896484375,3536.969970703125,1.7079999446868896
2019-09-24,2970.25,574.8400268554688,6748.89990234375,5628.330078125,,,,,,,9991.3095703125,3532.050048828125,1.6349999904632568
2019-09-25,2986.25,573.4199829101562,6710.2001953125,5583.7998046875,,,,,,,9914.8203125,3513.030029296875,1.7319999933242798
2019-09-26,2980.5,577.719970703125,6677.60009765625,5620.56982421875,,,,,,,10010.7099609375,3532.179931640625,1.684999942779541
2019-09-27,2963.75,578.3099975585938,6716.10009765625,5640.580078125,,,,,,,10037.8095703125,3545.8798828125,1.6749999523162842
2019-09-30,2978.5,580.22998046875,6688.2998046875,5677.7900390625,,,,,,,10078.3203125,3569.449951171875,1.6749999523162842
2019-10-01,2937.75,573.8900146484375,6742.7998046875,5597.6298828125,,,,,,,9952.5,3518.25,1.6440000534057617
2019-10-02,2880.5,558.010009765625,6639.89990234375,5422.77001953125,,,,,,,9757.2802734375,3413.31005859375,1.5959999561309814
2019-10-03,2911.75,558.5,,5438.77001953125,,,,,,,9760.4404296875,3417.3701171875,1.5360000133514404
2019-10-04,2951.0,564.5900268554688,6517.10009765625,5488.31982421875,,,,,,,9827.7197265625,3446.7099609375,1.5149999856948853
2019-10-07,2937.5,569.5999755859375,6563.60009765625,5521.60986328125,,,,,,,9914.0595703125,3471.239990234375,1.5529999732971191
2019-10-08,2892.5,562.719970703125,6593.39990234375,5456.6201171875,,,,,,,9800.240234375,3432.760009765625,1.5369999408721924
2019-10-09,2919.0,565.75,6546.7001953125,5499.14013671875,,,,,,,9830.0498046875,3462.110107421875,1.5889999866485596
2019-10-10,2941.0,568.3699951171875,6547.10009765625,5569.0498046875,,,,,,,9903.01953125,3493.9599609375,1.6579999923706055
2019-10-11,2970.75,577.4199829101562,6606.7998046875,5665.47998046875,,,,,,,10017.3896484375,3569.919921875,1.7519999742507935
2019-10-14,2965.5,575.2100219726562,6642.60009765625,5643.080078125,,,,,,,9964.240234375,3556.260009765625,1.7330000400543213
2019-10-15,2997.75,579.8699951171875,6652.0,5702.0498046875,,,,,,,10048.75,3598.64990234375,1.7710000276565552
2019-10-16,2991.5,576.8599853515625,6736.5,5696.89990234375,,,,,,,10032.490234375,3599.25,1.7480000257492065
2019-10-17,2998.0,576.27001953125,6684.7001953125,5673.06982421875,,,,,,,10008.9404296875,3588.6201171875,1.7569999694824219
2019-10-18,2988.25,572.719970703125,6649.7001953125,5636.25,,,,,,,9965.490234375,3579.409912109375,1.746999979019165
2019-10-21,3006.5,575.9199829101562,6652.5,5648.35009765625,,,,,,,9991.419921875,3600.080078125,1.7920000553131104
2019-10-22,2994.5,576.4099731445312,6672.2001953125,5657.68994140625,,,,,,,10017.349609375,3604.820068359375,1.7680000066757202
2019-10-23,3005.75,575.969970703125,6673.10009765625,5653.43994140625,,,,,,,10023.51953125,3606.889892578125,1.7589999437332153
2019-10-24,3004.25,582.3699951171875,6693.60009765625,5684.330078125,,,,,,,10106.5302734375,3621.3701171875,1.7660000324249268
2019-10-25,3020.25,583.8099975585938,6739.2001953125,5722.14990234375,,,,,,,10197.08984375,3624.679931640625,1.8009999990463257
2019-10-28,3036.25,583.6799926757812,6740.7001953125,5730.56982421875,,,,,,,10231.7998046875,3625.68994140625,1.8530000448226929
2019-10-29,3035.75,581.8200073242188,6745.39990234375,5740.14013671875,,,,,,,10257.6904296875,3622.090087890625,1.8350000381469727
2019-10-30,3047.75,581.6099853515625,6689.5,5765.8701171875,,,,,,,10254.9501953125,3620.2900390625,1.7979999780654907
2019-10-31,3035.75,576.6300048828125,6663.39990234375,5729.85986328125,,,,,,,10219.8203125,3604.409912109375,1.690999984741211
2019-11-01,3063.25,580.780029296875,6669.10009765625,5761.89013671875,,,,,,,10252.240234375,3623.739990234375,1.7280000448226929
2019-11-04,3075.75,585.5499877929688,6686.89990234375,5824.2998046875,,,,,,,10337.0703125,3665.2099609375,1.7860000133514404
2019-11-05,3072.0,590.6500244140625,6697.10009765625,5846.89013671875,,,,,,,10272.98046875,3676.52001953125,1.8660000562667847
2019-11-06,3075.5,594.9299926757812,6660.2001953125,5866.740234375,,,,,,,10318.099609375,3688.739990234375,1.8140000104904175
2019-11-07,3086.0,597.1099853515625,6726.60009765625,5890.990234375,,,,,,,10326.7802734375,3706.679931640625,1.9259999990463257
2019-11-08,3090.5,596.5,6724.10009765625,5889.7001953125,,,,,,,10309.23046875,3699.64990234375,1.9329999685287476
2019-11-11,3087.5,596.3900146484375,6772.5,5893.81982421875,,,,,,,10305.26953125,3696.820068359375,1.9429999589920044
2019-11-12,3092.0,599.030029296875,6753.0,5919.75,,,,,,,10314.16015625,3712.199951171875,1.909000039100647
2019-11-13,3095.5,597.5599975585938,6698.39990234375,5907.08984375,,,,,,,10299.2197265625,3699.5,1.8700000047683716
2019-11-14,3097.0,595.260009765625,6735.10009765625,5901.080078125,,,,,,,10233.23046875,3688.81005859375,1.815000057220459
2019-11-15,3118.25,598.9600219726562,6793.7001953125,5939.27001953125,,,,,,,10310.1201171875,3711.610107421875,1.8339999914169312
2019-11-18,3121.75,598.1699829101562,6766.7998046875,5929.7900390625,,,,,,,10347.1796875,3704.919921875,1.8079999685287476
2019-11-19,3118.5,596.6699829101562,6814.2001953125,5909.0498046875,,,,,,,10366.01953125,3696.56005859375,1.7860000133514404
2019-11-20,3109.0,594.1599731445312,6722.39990234375,5894.02978515625,,,,,,,10385.740234375,3683.8798828125,1.7380000352859497
2019-11-21,3104.0,589.8499755859375,6672.89990234375,5881.2099609375,,,,,,,10338.349609375,3679.659912109375,1.7719999551773071
2019-11-22,3111.5,592.7100219726562,6709.7998046875,5893.1298828125,,,,,,,10369.4404296875,3687.320068359375,1.7740000486373901
2019-11-25,3132.75,596.6599731445312,6731.39990234375,5924.85986328125,,,,,,,10468.6201171875,3707.679931640625,1.7640000581741333
2019-11-26,3143.75,597.5900268554688,6787.5,5929.6201171875,,,,,,,10506.9296875,3705.550048828125,1.7400000095367432
2019-11-27,3153.75,598.3699951171875,6850.60009765625,5926.83984375,,,,,,,10529.259765625,3712.85009765625,1.7669999599456787
2019-11-28,,597.8699951171875,6864.0,5912.72021484375,,,,,,,10529.1396484375,3704.47998046875,
2019-11-29,3143.75,597.2899780273438,6846.0,5905.169921875,,,,,,,10493.240234375,3703.580078125,1.7760000228881836
2019-12-02,3114.25,587.1199951171875,6862.2998046875,5786.740234375,,,,,,,10348.4404296875,3626.659912109375,1.8359999656677246
2019-12-03,3091.0,582.9299926757812,6712.2998046875,5727.22021484375,,,,,,,10232.9296875,3610.989990234375,1.7089999914169312
2019-12-04,3111.0,590.989990234375,6606.5,5799.68017578125,,,,,,,10334.5595703125,3660.02001953125,1.781000018119812
2019-12-05,3117.75,591.4400024414062,6683.0,5801.5498046875,,,,,,,10363.5,3648.1298828125,1.7970000505447388
2019-12-06,3146.0,602.2999877929688,6707.0,5871.91015625,,,,,,,10463.8798828125,3692.340087890625,1.8420000076293945
2019-12-09,3134.5,602.260009765625,6730.0,5837.25,,,,,,,10434.8896484375,3672.179931640625,1.8289999961853027
2019-12-10,3136.0,599.9299926757812,6706.89990234375,5848.02978515625,,,,,,,10390.5302734375,3671.780029296875,1.8329999446868896
2019-12-11,3143.0,598.9600219726562,6752.60009765625,5860.8798828125,,,,,,,10405.3095703125,3687.449951171875,1.7899999618530273
2019-12-12,3168.0,599.7100219726562,6708.7998046875,5884.259765625,,,,,,,10451.3603515625,3706.35009765625,1.8969999551773071
2019-12-13,3172.0,602.8599853515625,6739.7001953125,5919.02001953125,,,,,,,10429.26953125,3731.070068359375,1.819000005722046
2019-12-16,3194.25,610.6699829101562,6849.7001953125,5991.66015625,,,,,,,10541.669921875,3772.739990234375,1.8919999599456787
2019-12-17,3192.0,606.22998046875,6847.2998046875,5968.259765625,,,,,,,10538.8896484375,3745.280029296875,1.8890000581741333
2019-12-18,3194.75,606.0399780273438,6851.39990234375,5959.60009765625,,,,,,,10556.740234375,3739.0,1.9240000247955322
2019-12-19,3207.0,605.77001953125,6833.10009765625,5972.27978515625,,,,,,,10575.150390625,3739.169921875,1.9079999923706055
2019-12-20,3231.02001953125,609.260009765625,6816.2998046875,6021.52978515625,,,,,,,10679.3701171875,3776.56005859375,1.9170000553131104
2019-12-23,3227.25,609.219970703125,6785.10009765625,6029.3701171875,,,,,,,10724.33984375,3776.659912109375,1.934999942779541
2019-12-24,3225.75,609.3300170898438,6794.2001953125,6029.5498046875,,,,,,,,,1.909999966621399
2019-12-26,3244.5,,,,,,,,,,,,1.9049999713897705
2019-12-27,3237.5,611.010009765625,6821.7001953125,6037.39013671875,,,,,,,10730.150390625,3782.27001953125,1.8739999532699585
2019-12-30,3223.5,605.8300170898438,6804.89990234375,5982.22021484375,,,,,,,10616.9404296875,3748.469970703125,1.8949999809265137
2019-12-31,3231.0,604.5800170898438,6684.10009765625,5978.06005859375,,,,,,,,,1.9190000295639038
2020-01-02,3259.0,612.8699951171875,6690.60009765625,6041.5,,,,,,,,,1.8819999694824219
2020-01-03,3235.5,611.0599975585938,6733.5,6044.16015625,,,,,,,10699.8203125,3773.3701171875,1.7879999876022339
2020-01-06,3243.5,607.239990234375,6735.7001953125,6013.58984375,,,,,,,10665.41015625,3752.52001953125,1.8109999895095825
2020-01-07,3235.25,609.7100219726562,6826.39990234375,6012.35009765625,,,,,,,10686.7998046875,3759.25,1.8270000219345093
2020-01-08,3260.25,610.47998046875,6817.60009765625,6031.0,,,,,,,10652.16015625,3772.56005859375,1.8739999532699585
2020-01-09,3276.0,612.5499877929688,6874.2001953125,6042.5498046875,,,,,,,10650.9697265625,3795.8798828125,1.8580000400543213
2020-01-10,3264.75,610.4299926757812,6929.0,6037.10986328125,,,,,,,10639.490234375,3789.52001953125,1.8250000476837158
2020-01-13,3289.75,608.9000244140625,6903.7001953125,6036.14013671875,,,,,,,10622.41015625,3779.679931640625,1.8480000495910645
2020-01-14,3288.0,611.1500244140625,6962.2001953125,6040.89013671875,,,,,,,10655.8203125,3774.8798828125,1.8179999589920044
2020-01-15,3293.75,611.5599975585938,6994.7998046875,6032.60986328125,,,,,,,10670.740234375,3768.9599609375,1.7879999876022339
2020-01-16,3316.5,612.0599975585938,7041.7998046875,6039.02978515625,,,,,,,10693.51953125,3774.139892578125,1.809000015258789
2020-01-17,3325.0,615.5700073242188,7064.10009765625,6100.72021484375,,,,,,,10841.8203125,3808.260009765625,1.8359999656677246
2020-01-20,,614.22998046875,7079.5,6078.5400390625,,,,,,,10846.2900390625,3799.030029296875,
2020-01-21,3319.5,611.8900146484375,7066.2998046875,6045.990234375,,,,,,,10884.509765625,3789.1201171875,1.7690000534057617
2020-01-22,3319.75,611.5599975585938,7132.7001953125,6010.97998046875,,,,,,,10895.0703125,3769.7900390625,1.7690000534057617
2020-01-23,3326.0,605.6199951171875,7088.0,5971.7900390625,,,,,,,10813.9404296875,3736.85009765625,1.7400000095367432
2020-01-24,3293.5,614.239990234375,7090.5,6024.259765625,,,,,,,10849.75,3779.159912109375,1.680999994277954
2020-01-27,3239.5,598.6900024414062,,5863.02001953125,,,,,,,10675.9599609375,3677.840087890625,1.6050000190734863
2020-01-28,3278.25,602.9600219726562,7023.5,5925.81982421875,,,,,,,10781.98046875,3719.219970703125,1.6410000324249268
2020-01-29,3272.5,605.219970703125,7031.5,5954.89013671875,,,,,,,10859.8798828125,3736.360107421875,1.593999981880188
2020-01-30,3289.75,598.9500122070312,7008.39990234375,5871.77001953125,,,,,,,10748.919921875,3690.780029296875,1.5579999685287476
2020-01-31,3224.0,589.5,7017.2001953125,5806.33984375,,,,,,,10627.8798828125,3640.909912109375,1.5199999809265137
2020-02-03,3245.5,592.3599853515625,6923.2998046875,5832.509765625,,,,,,,10664.9501953125,3661.27001953125,1.5199999809265137
2020-02-04,3299.5,605.4000244140625,6948.7001953125,5935.0498046875,,,,,,,10800.6396484375,3732.280029296875,1.6030000448226929
2020-02-05,3335.0,613.4099731445312,6976.10009765625,5985.39990234375,,,,,,,10994.150390625,3777.840087890625,1.6490000486373901
2020-02-06,3345.25,618.75,7049.2001953125,6038.18017578125,,,,,,,11012.3603515625,3805.52001953125,1.6440000534057617
2020-02-07,3325.5,616.4600219726562,7022.60009765625,6029.75,,,,,,,11001.5302734375,3798.489990234375,1.5779999494552612
2020-02-10,3353.0,617.0999755859375,7012.5,6015.669921875,,,,,,,11039.7802734375,3793.179931640625,1.5470000505447388
2020-02-11,3357.5,623.8499755859375,7055.2998046875,6054.759765625,,,,,,,11101.169921875,3825.840087890625,1.590000033378601
2020-02-12,3380.5,629.030029296875,7088.2001953125,6104.72998046875,,,,,,,11089.240234375,3854.429931640625,1.6299999952316284
2020-02-13,3377.5,629.1400146484375,7103.2001953125,6093.14013671875,,,,,,,11092.349609375,3846.739990234375,1.6169999837875366
2020-02-14,3381.0,629.22998046875,7130.2001953125,6069.35009765625,,,,,,,11128.8095703125,3840.969970703125,1.5880000591278076
2020-02-17,,629.1699829101562,7125.10009765625,6085.9501953125,,,,,,,11168.4501953125,3853.27001953125,
2020-02-18,3369.25,625.4299926757812,7113.7001953125,6056.81982421875,,,,,,,11146.2802734375,3836.5400390625,1.555999994277954
2020-02-19,3387.25,628.760009765625,7144.60009765625,6111.240234375,,,,,,,11263.009765625,3865.179931640625,1.5700000524520874
2020-02-20,3369.25,622.1199951171875,7162.5,6062.2998046875,,,,,,,11154.5302734375,3822.97998046875,1.524999976158142
2020-02-21,3339.25,617.3300170898438,7139.0,6029.72021484375,,,,,,,11110.7802734375,3800.3798828125,1.4709999561309814
2020-02-24,3226.25,593.2999877929688,6978.2998046875,5791.8701171875,,,,,,,10712.83984375,3647.97998046875,1.3769999742507935
2020-02-25,3132.5,582.7100219726562,6866.60009765625,5679.68017578125,,,,,,,10478.509765625,3572.510009765625,1.3300000429153442
2020-02-26,3110.25,581.780029296875,6708.10009765625,5684.5498046875,,,,,,,10512.150390625,3577.679931640625,1.309999942779541
2020-02-27,2957.0,559.97998046875,6657.89990234375,5495.60009765625,,,,,,,10205.4599609375,3455.919921875,1.2990000247955322
2020-02-28,2951.0,539.3800048828125,6441.2001953125,5309.89990234375,,,,,,,9831.0302734375,3329.489990234375,1.1269999742507935
2020-03-02,3065.0,542.1699829101562,6391.5,5333.52001953125,,,,,,,9950.830078125,3338.830078125,1.0880000591278076
2020-03-03,2997.0,550.219970703125,6435.7001953125,5393.169921875,,,,,,,10087.400390625,3371.969970703125,1.0099999904632568
2020-03-04,3114.75,557.72998046875,6325.39990234375,5464.89013671875,,,,,,,10251.3896484375,3420.56005859375,0.9919999837875366
2020-03-05,3015.5,552.5399780273438,6395.7001953125,5361.10009765625,,,,,,,10143.5703125,3363.580078125,0.9259999990463257
2020-03-06,2964.0,531.2899780273438,6216.2001953125,5139.10986328125,,,,,,,9736.8203125,3232.070068359375,0.7059999704360962
2020-03-09,2747.75,490.6600036621094,5760.60009765625,4707.91015625,,,,,,,9196.599609375,2959.070068359375,0.49900001287460327
2020-03-10,2865.75,484.70001220703125,5939.60009765625,4636.60986328125,,,,,,,9195.9296875,2910.02001953125,0.7480000257492065
2020-03-11,2740.25,484.1600036621094,5725.89990234375,4610.25,,,,,,,9152.5,2905.56005859375,0.8199999928474426
2020-03-12,2469.0,432.1000061035156,5304.60009765625,4044.260009765625,,,,,,,8270.4404296875,2545.22998046875,0.8489999771118164
2020-03-13,2696.0,432.8500061035156,5539.2998046875,4118.35986328125,,,,,,,8367.5595703125,2586.02001953125,0.9509999752044678
2020-03-16,2416.25,416.7699890136719,5002.0,3881.4599609375,,,,,,,8227.080078125,2450.3701171875,0.7279999852180481
2020-03-17,2495.5,424.260009765625,5293.39990234375,3991.780029296875,,,,,,,8493.0400390625,2530.5,0.996999979019165
2020-03-18,2414.0,404.1000061035156,4953.2001953125,3754.840087890625,,,,,,,8338.740234375,2385.820068359375,1.2660000324249268
2020-03-19,2403.25,422.75,4782.89990234375,3855.5,,,,,,,8782.240234375,2454.080078125,1.11899995803833
2020-03-20,2437.97998046875,431.9800109863281,4816.60009765625,4048.800048828125,,,,,,,8623.8603515625,2548.5,0.9380000233650208
2020-03-23,2220.5,423.7200012207031,4546.0,3914.31005859375,,,,,,,8160.7900390625,2485.5400390625,0.7639999985694885
2020-03-24,2438.0,461.7300109863281,4735.7001953125,4242.7001953125,,,,,,,8733.3203125,2715.110107421875,0.8159999847412109
2020-03-25,2467.0,475.3999938964844,4998.10009765625,4432.2998046875,,,,,,,8989.16015625,2800.139892578125,0.8579999804496765
2020-03-26,2608.0,482.989990234375,5113.2998046875,4543.580078125,,,,,,,9203.98046875,2847.780029296875,0.8109999895095825
2020-03-27,2524.0,464.92999267578125,4842.39990234375,4351.490234375,,,,,,,8996.3701171875,2728.64990234375,0.7490000128746033
2020-03-30,2611.25,475.9800109863281,5181.39990234375,4378.509765625,,,,,,,9174.3896484375,2765.6201171875,0.6700000166893005
2020-03-31,2569.75,483.44000244140625,5076.7998046875,4396.1201171875,,,,,,,9311.919921875,2786.89990234375,0.6980000138282776
2020-04-01,2448.0,471.29998779296875,5258.60009765625,4207.240234375,,,,,,,9168.98046875,2680.300048828125,0.6349999904632568
2020-04-02,2516.5,478.2799987792969,5154.2998046875,4220.9599609375,,,,,,,9270.9599609375,2688.489990234375,0.6269999742507935
2020-04-03,2482.75,471.4599914550781,5067.5,4154.580078125,,,,,,,9242.4404296875,2662.989990234375,0.5870000123977661
2020-04-06,2644.5,489.82000732421875,5286.7998046875,4346.14013671875,,,,,,,9462.33984375,2795.969970703125,0.6759999990463257
2020-04-07,2642.0,499.8500061035156,5252.2998046875,4438.27001953125,,,,,,,9514.599609375,2857.669921875,0.7360000014305115
2020-04-08,2735.0,500.7099914550781,5206.89990234375,4442.75,,,,,,,9432.3896484375,2851.27001953125,0.7639999985694885
2020-04-09,2779.75,508.0400085449219,5387.2998046875,4506.85009765625,,,,,,,9452.830078125,2892.7900390625,0.7289999723434448
2020-04-13,2759.25,,,,,,,,,,,,0.7490000128746033
2020-04-14,2843.0,507.739990234375,5488.10009765625,4523.91015625,,,,,,,9538.6103515625,2917.739990234375,0.7519999742507935
2020-04-15,2775.0,491.1300048828125,5466.7001953125,4353.72021484375,,,,,,,9320.2001953125,2808.199951171875,0.6380000114440918
2020-04-16,2787.5,496.0799865722656,5416.2998046875,4350.16015625,,,,,,,9439.91015625,2812.35009765625,0.609000027179718
2020-04-17,2870.0,505.82000732421875,5487.5,4499.009765625,,,,,,,9612.830078125,2888.300048828125,0.6539999842643738
2020-04-20,2806.5,512.760009765625,5353.0,4528.2998046875,,,,,,,9785.26953125,2909.5,0.6259999871253967
2020-04-21,2732.0,495.760009765625,5221.2998046875,4357.4599609375,,,,,,,9547.849609375,2791.340087890625,0.5709999799728394
2020-04-22,2788.5,509.6199951171875,5221.2001953125,4411.7998046875,,,,,,,9630.5595703125,2834.89990234375,0.6190000176429749
2020-04-23,2780.75,512.72998046875,5217.10009765625,4451.0,,,,,,,9625.48046875,2852.4599609375,0.6129999756813049
2020-04-24,2829.5,504.94000244140625,5242.60009765625,4393.31982421875,,,,,,,9625.650390625,2809.070068359375,0.5960000157356262
2020-04-27,2869.0,512.1900024414062,5321.39990234375,4505.259765625,,,,,,,9758.8203125,2882.090087890625,0.656000018119812
2020-04-28,2867.25,519.969970703125,5313.10009765625,4569.7900390625,,,,,,,9889.4599609375,2932.06005859375,0.6100000143051147
2020-04-29,2941.0,526.9600219726562,5393.39990234375,4671.10986328125,,,,,,,9865.3203125,2996.080078125,0.6269999742507935
2020-04-30,2902.5,512.9199829101562,5522.39990234375,4572.18017578125,,,,,,,9629.400390625,2927.929931640625,0.621999979019165
2020-05-01,2821.75,,5245.89990234375,,,,,,,,,,0.6420000195503235
2020-05-04,2825.25,496.30999755859375,5319.7998046875,4378.22998046875,,,,,,,9390.26953125,2816.47998046875,0.6370000243186951
2020-05-05,2858.25,509.8299865722656,5407.10009765625,4483.1298828125,,,,,,,9512.169921875,2875.909912109375,0.6570000052452087
2020-05-06,2833.5,505.54998779296875,5384.60009765625,4433.3798828125,,,,,,,9571.7001953125,2843.760009765625,0.7110000252723694
2020-05-07,2880.0,516.260009765625,5364.2001953125,4501.43994140625,,,,,,,9617.98046875,2880.60009765625,0.6309999823570251
2020-05-08,2928.5,520.5700073242188,5391.10009765625,4549.64013671875,,,,,,,9665.349609375,2908.110107421875,0.6819999814033508
2020-05-11,2922.75,520.3300170898438,5461.2001953125,4490.22021484375,,,,,,,9689.7099609375,2883.75,0.7260000109672546
2020-05-12,2852.5,520.4400024414062,5403.0,4472.5,,,,,,,9733.5302734375,2884.199951171875,0.6779999732971191
2020-05-13,2813.0,512.1900024414062,5421.89990234375,4344.9501953125,,,,,,,9631.6201171875,2810.550048828125,0.6489999890327454
2020-05-14,2847.0,499.0299987792969,5328.7001953125,4273.1298828125,,,,,,,9448.1396484375,2760.22998046875,0.6190000176429749
2020-05-15,2846.5,500.30999755859375,5404.7998046875,4277.6298828125,,,,,,,9483.099609375,2770.699951171875,0.6399999856948853
2020-05-18,2948.0,519.8900146484375,5460.5,4498.33984375,,,,,,,9740.76953125,2911.8798828125,0.7440000176429749
2020-05-19,2918.75,520.4500122070312,5559.5,4458.16015625,,,,,,,9764.23046875,2902.580078125,0.7110000252723694
2020-05-20,2968.5,531.0599975585938,5573.0,4496.97998046875,,,,,,,9790.849609375,2942.389892578125,0.6800000071525574
2020-05-21,2937.0,522.8099975585938,5550.39990234375,4445.4501953125,,,,,,,,,0.6769999861717224
2020-05-22,2953.0,524.3800048828125,5497.0,4444.56005859375,,,,,,,9688.990234375,2905.469970703125,0.6570000052452087
2020-05-25,,532.8200073242188,5615.60009765625,4539.91015625,,,,,,,9824.5400390625,2971.35009765625,
2020-05-26,2994.5,531.2999877929688,5780.0,4606.240234375,,,,,,,9830.830078125,2999.219970703125,0.6980000138282776
2020-05-27,3035.5,528.9600219726562,5775.0,4688.740234375,,,,,,,9716.51953125,3051.080078125,0.6800000071525574
2020-05-28,3038.0,538.6199951171875,5851.10009765625,4771.39013671875,,,,,,,9926.0302734375,3094.469970703125,0.7049999833106995
2020-05-29,3042.0,532.5700073242188,5755.7001953125,4695.43994140625,,,,,,,9831.490234375,3050.199951171875,0.6480000019073486
2020-06-01,3054.0,539.5399780273438,5819.2001953125,4762.77978515625,,,,,,,,,0.6620000004768372
2020-06-02,3077.0,546.1199951171875,5835.10009765625,4858.97021484375,,,,,,,9951.4501953125,3159.02001953125,0.6800000071525574
2020-06-03,3117.75,561.2999877929688,5941.60009765625,5022.3798828125,,,,,,,10183.76953125,3269.590087890625,0.7609999775886536
2020-06-04,3110.5,559.1300048828125,5991.7998046875,5011.97998046875,,,,,,,10075.6796875,3261.669921875,0.8199999928474426
2020-06-05,3186.75,572.7999877929688,5998.7001953125,5197.7900390625,,,,,,,10190.3701171875,3384.2900390625,0.9039999842643738
2020-06-08,3227.5,566.2000122070312,,5175.52001953125,,,,,,,10152.76953125,3366.2900390625,0.8840000033378601
2020-06-09,3205.5,561.75,6144.89990234375,5095.10986328125,,,,,,,10184.8203125,3320.7099609375,0.8289999961853027
2020-06-10,3186.0,559.280029296875,6148.39990234375,5053.419921875,,,,,,,10147.1796875,3293.7099609375,0.7480000257492065
2020-06-11,3010.25,540.260009765625,5960.60009765625,4815.60009765625,,,,,,,9828.580078125,3144.570068359375,0.652999997138977
2020-06-12,3034.75,545.1599731445312,5847.7998046875,4839.259765625,,,,,,,9796.3701171875,3153.739990234375,0.6990000009536743
2020-06-15,3073.0,541.9199829101562,5719.7998046875,4815.72021484375,,,,,,,9842.5595703125,3136.39990234375,0.7020000219345093
2020-06-16,3128.75,560.010009765625,5942.2998046875,4952.4599609375,,,,,,,10034.2900390625,3242.64990234375,0.7559999823570251
2020-06-17,3118.0,566.47998046875,5991.7998046875,4995.97021484375,,,,,,,10202.1904296875,3267.260009765625,0.7329999804496765
2020-06-18,3109.0,562.6099853515625,5936.5,4958.75,,,,,,,10186.5,3249.89990234375,0.6940000057220459
2020-06-19,3161.260009765625,567.8300170898438,5942.60009765625,4979.4501953125,,,,,,,10266.2900390625,3269.10009765625,0.6970000267028809
2020-06-22,3110.75,565.0700073242188,5944.5,4948.7001953125,,,,,,,10151.1298828125,3241.68994140625,0.7039999961853027
2020-06-23,3118.5,574.1900024414062,5954.39990234375,5017.68017578125,,,,,,,10246.5595703125,3298.830078125,0.7089999914169312
2020-06-24,3049.0,557.3300170898438,5965.7001953125,4871.35986328125,,,,,,,10021.990234375,3196.1201171875,0.6840000152587891
2020-06-25,3070.75,560.4099731445312,5817.7001953125,4918.580078125,,,,,,,10089.830078125,3218.909912109375,0.6740000247955322
2020-06-26,3007.0,559.8200073242188,5904.10009765625,4909.64013671875,,,,,,,10041.91015625,3204.169921875,0.6359999775886536
2020-06-29,3047.75,560.1599731445312,5815.0,4945.4599609375,,,,,,,10060.4599609375,3232.02001953125,0.6359999775886536
2020-06-30,3090.25,559.72998046875,5897.89990234375,4935.990234375,,,,,,,10045.2998046875,3234.070068359375,0.652999997138977
2020-07-01,3103.0,562.6699829101562,5934.39990234375,4926.93994140625,,,,,,,10089.669921875,3228.449951171875,0.6819999814033508
2020-07-02,3129.0,570.75,6032.7001953125,5049.3798828125,,,,,,,10187.5595703125,3320.090087890625,0.6690000295639038
2020-07-03,,568.6300048828125,6057.89990234375,5007.14013671875,,,,,,,10125.83984375,3294.3798828125,
2020-07-06,3172.0,578.52001953125,6014.60009765625,5081.509765625,,,,,,,10253.3798828125,3350.030029296875,0.6840000152587891
2020-07-07,3136.5,575.52001953125,6012.89990234375,5043.72998046875,,,,,,,10207.9599609375,3321.56005859375,0.6499999761581421
2020-07-08,3163.5,572.1799926757812,5920.2998046875,4981.1298828125,,,,,,,10178.41015625,3286.090087890625,0.652999997138977
2020-07-09,3141.0,567.3800048828125,5955.5,4921.009765625,,,,,,,10143.3798828125,3261.169921875,0.6050000190734863
2020-07-10,3178.5,570.52001953125,5919.2001953125,4970.47998046875,,,,,,,10229.9697265625,3296.219970703125,0.6330000162124634
2020-07-13,3148.25,578.8499755859375,5977.5,5056.22998046875,,,,,,,10300.9599609375,3350.0,0.6399999856948853
2020-07-14,3183.5,572.510009765625,5941.10009765625,5007.4599609375,,,,,,,10259.5,3321.389892578125,0.6150000095367432
2020-07-15,3219.5,577.5599975585938,6052.89990234375,5108.97998046875,,,,,,,10460.009765625,3378.2099609375,0.6299999952316284
2020-07-16,3194.5,573.9400024414062,6010.89990234375,5085.27978515625,,,,,,,10433.4296875,3365.35009765625,0.6119999885559082
2020-07-17,3214.0,573.7999877929688,6033.60009765625,5069.419921875,,,,,,,10410.51953125,3365.60009765625,0.628000020980835
2020-07-20,3245.25,579.1400146484375,6001.60009765625,5093.18017578125,,,,,,,10470.919921875,3388.340087890625,0.6200000047683716
2020-07-21,3251.25,581.2899780273438,6156.2998046875,5104.27978515625,,,,,,,10444.0498046875,3405.35009765625,0.6069999933242798
2020-07-22,3265.5,572.9000244140625,6075.10009765625,5037.1201171875,,,,,,,10439.0400390625,3370.760009765625,0.5950000286102295
2020-07-23,3227.5,576.6699829101562,6094.5,5033.759765625,,,,,,,10383.3798828125,3371.739990234375,0.5820000171661377
2020-07-24,3204.0,563.9500122070312,6024.0,4956.43017578125,,,,,,,10214.2099609375,3310.889892578125,0.5889999866485596
2020-07-27,3232.25,564.3699951171875,6044.2001953125,4939.6201171875,,,,,,,10272.33984375,3302.840087890625,0.609000027179718
2020-07-28,3213.0,566.3300170898438,6020.5,4928.93994140625,,,,,,,10277.2001953125,3303.56005859375,0.5809999704360962
2020-07-29,3252.5,564.1099853515625,6006.39990234375,4958.740234375,,,,,,,10272.8095703125,3300.159912109375,0.5789999961853027
2020-07-30,3248.75,549.2000122070312,6051.10009765625,4852.93994140625,,,,,,,10095.33984375,3208.199951171875,0.5410000085830688
2020-07-31,3263.5,545.2899780273438,5927.7998046875,4783.68994140625,,,,,,,10005.900390625,3174.320068359375,0.5360000133514404
2020-08-03,3288.5,557.72998046875,5926.10009765625,4875.93017578125,,,,,,,10229.669921875,3248.280029296875,0.5630000233650208
2020-08-04,3300.0,557.9400024414062,6037.60009765625,4889.52001953125,,,,,,,10162.0400390625,3254.2900390625,0.5149999856948853
2020-08-05,3316.0,563.0499877929688,6001.2998046875,4933.33984375,,,,,,,10097.9697265625,3268.3798828125,0.5429999828338623
2020-08-06,3344.25,558.4600219726562,6042.2001953125,4885.1298828125,,,,,,,10067.1298828125,3240.389892578125,0.5360000133514404
2020-08-07,3344.75,559.5700073242188,6004.7998046875,4889.52001953125,,,,,,,10068.0302734375,3252.64990234375,0.5619999766349792
2020-08-10,3352.75,557.0800170898438,6110.2001953125,4909.509765625,,,,,,,10090.91015625,3259.7099609375,0.5740000009536743
2020-08-11,3330.0,565.5599975585938,6138.7001953125,5027.990234375,,,,,,,10153.240234375,3332.1201171875,0.6579999923706055
2020-08-12,3370.0,575.0599975585938,6132.0,5073.31005859375,,,,,,,10278.66015625,3363.179931640625,0.6700000166893005
2020-08-13,3367.75,569.9500122070312,6091.0,5042.3798828125,,,,,,,10260.1103515625,3342.85009765625,0.7160000205039978
2020-08-14,3361.5,560.8400268554688,6126.2001953125,4962.93017578125,,,,,,,10163.599609375,3305.050048828125,0.7089999914169312
2020-08-17,3379.75,562.9400024414062,6076.39990234375,4971.93994140625,,,,,,,10228.0595703125,3305.85009765625,0.6830000281333923
2020-08-18,3387.0,559.4400024414062,6123.39990234375,4938.06005859375,,,,,,,10168.400390625,3289.639892578125,0.6690000295639038
2020-08-19,3372.75,560.22998046875,6167.60009765625,4977.22998046875,,,,,,,10310.009765625,3317.6201171875,0.675000011920929
2020-08-20,3380.75,552.4400024414062,6120.0,4911.240234375,,,,,,,10229.919921875,3273.97998046875,0.6439999938011169
2020-08-21,3392.5,551.3699951171875,6111.2001953125,4896.330078125,,,,,,,10218.2001953125,3259.75,0.6399999856948853
2020-08-24,3427.5,560.989990234375,6129.60009765625,5007.89013671875,,,,,,,10308.3896484375,3331.739990234375,0.6460000276565552
2020-08-25,3443.0,559.8099975585938,6161.39990234375,5008.27001953125,,,,,,,10231.25,3329.7099609375,0.6819999814033508
2020-08-26,3480.25,566.22998046875,6116.39990234375,5048.43017578125,,,,,,,10309.650390625,3356.760009765625,0.6869999766349792
2020-08-27,3485.25,562.4099731445312,6126.2001953125,5015.97021484375,,,,,,,10240.4599609375,3331.0400390625,0.7459999918937683
2020-08-28,3504.5,556.7999877929688,6073.7998046875,5002.93994140625,,,,,,,10164.490234375,3315.5400390625,0.7289999723434448
2020-08-31,3499.0,549.2000122070312,6060.5,4947.22021484375,,,,,,,10135.5595703125,3272.510009765625,0.6930000185966492
2020-09-01,3527.0,552.219970703125,5953.39990234375,4938.10009765625,,,,,,,10188.849609375,3277.580078125,0.671999990940094
2020-09-02,3579.25,561.27001953125,6063.2001953125,5031.740234375,,,,,,,10384.83984375,3337.77001953125,0.6510000228881836
2020-09-03,3461.5,549.5999755859375,6112.60009765625,5009.52001953125,,,,,,,10220.6396484375,3304.219970703125,0.621999979019165
2020-09-04,3417.5,540.27001953125,5925.5,4965.06982421875,,,,,,,10153.08984375,3260.590087890625,0.7210000157356262
2020-09-07,,547.1400146484375,5944.7998046875,5053.72021484375,,,,,,,10297.7998046875,3314.070068359375,
2020-09-08,3335.5,540.7899780273438,6007.7998046875,4973.52001953125,,,,,,,10250.4404296875,3267.3701171875,0.6840000152587891
2020-09-09,3400.25,552.0499877929688,5878.60009765625,5042.97998046875,,,,,,,10406.5703125,3324.830078125,0.703000009059906
2020-09-10,3340.5,550.5,5908.5,5023.93017578125,,,,,,,10387.4404296875,3312.77001953125,0.6850000023841858
2020-09-11,3333.75,552.010009765625,5859.39990234375,5034.14013671875,,,,,,,10439.51953125,3315.81005859375,0.6690000295639038
2020-09-14,3382.5,552.4400024414062,5899.5,5051.8798828125,,,,,,,10457.4296875,3316.7900390625,0.6710000038146973
2020-09-15,3405.25,555.9500122070312,5894.7998046875,5067.93017578125,,,,,,,10520.0,3332.260009765625,0.6790000200271606
2020-09-16,3389.5,558.4299926757812,5956.10009765625,5074.419921875,,,,,,,10552.0400390625,3338.840087890625,0.6869999766349792
2020-09-17,3361.5,552.47998046875,5883.2001953125,5039.5,,,,,,,10519.330078125,3316.570068359375,0.6840000152587891
2020-09-18,3353.60009765625,550.8499755859375,5864.5,4978.18017578125,,,,,,,10539.169921875,3283.68994140625,0.6940000057220459
2020-09-21,3275.0,536.010009765625,5822.60009765625,4792.0400390625,,,,,,,10325.4404296875,3160.949951171875,0.6710000038146973
2020-09-22,3299.25,540.780029296875,5784.10009765625,4772.83984375,,,,,,,10355.5703125,3164.1298828125,0.6639999747276306
2020-09-23,3231.25,545.6799926757812,5923.89990234375,4802.259765625,,,,,,,10330.0595703125,3180.110107421875,0.6759999990463257
2020-09-24,3238.0,541.1099853515625,5875.89990234375,4762.6201171875,,,,,,,10211.5302734375,3159.639892578125,0.6660000085830688
2020-09-25,3287.25,540.9099731445312,5964.89990234375,4729.66015625,,,,,,,10216.2802734375,3137.06005859375,0.6589999794960022
2020-09-28,3346.0,551.6699829101562,5952.2998046875,4843.27001953125,,,,,,,10308.669921875,3223.18994140625,0.6629999876022339
2020-09-29,3333.75,548.9199829101562,5952.10009765625,4832.06982421875,,,,,,,10229.2998046875,3214.300048828125,0.6449999809265137
2020-09-30,3352.0,547.7000122070312,5815.89990234375,4803.43994140625,,,,,,,10187.0,3193.610107421875,0.6769999861717224
2020-10-01,3367.75,550.5399780273438,5872.89990234375,4824.0400390625,,,,,,,10238.1201171875,3194.090087890625,0.6769999861717224
2020-10-02,3339.25,553.1199951171875,5791.5,4824.8798828125,,,,,,,10252.400390625,3190.929931640625,0.6959999799728394
2020-10-05,3393.0,557.9199829101562,5941.60009765625,4871.8701171875,,,,,,,10303.0595703125,3220.219970703125,0.7620000243186951
2020-10-06,3353.25,555.3800048828125,5962.10009765625,4895.4599609375,,,,,,,10233.16015625,3233.300048828125,0.7419999837875366
2020-10-07,3406.75,554.5999755859375,6036.39990234375,4882.0,,,,,,,10187.8798828125,3233.429931640625,0.7850000262260437
2020-10-08,3437.5,559.9400024414062,6102.0,4911.93994140625,,,,,,,10270.240234375,3255.760009765625,0.7649999856948853
2020-10-09,3473.25,567.1699829101562,6102.2001953125,4946.81005859375,,,,,,,10320.0302734375,3273.1201171875,0.7749999761581421
2020-10-12,3532.75,572.3099975585938,6132.0,4979.2900390625,,,,,,,10364.099609375,3298.1201171875,0.7770000100135803
2020-10-13,3504.75,572.469970703125,6195.7001953125,4947.60986328125,,,,,,,10336.3603515625,3279.18994140625,0.7269999980926514
2020-10-14,3481.0,571.97998046875,6179.2001953125,4941.66015625,,,,,,,10292.66015625,3273.280029296875,0.722000002861023
2020-10-15,3475.5,560.469970703125,6210.2998046875,4837.419921875,,,,,,,10067.9599609375,3192.68994140625,0.7310000061988831
2020-10-16,3462.25,568.1799926757812,6176.7998046875,4935.85986328125,,,,,,,10207.1298828125,3245.469970703125,0.7440000176429749
2020-10-19,3422.75,565.25,6229.39990234375,4942.6201171875,,,,,,,10184.3603515625,3242.510009765625,0.7609999775886536
2020-10-20,3432.25,564.0,6184.60009765625,4929.27978515625,,,,,,,10146.23046875,3227.8701171875,0.796999990940094
2020-10-21,3432.5,557.4000244140625,6191.7998046875,4853.9501953125,,,,,,,9989.75,3180.699951171875,0.8159999847412109
2020-10-22,3449.25,554.2000122070312,6173.7998046875,4851.3798828125,,,,,,,9999.0498046875,3171.409912109375,0.8479999899864197
2020-10-23,3451.75,554.3400268554688,6167.0,4909.64013671875,,,,,,,10023.900390625,3198.860107421875,0.8410000205039978
2020-10-26,3393.5,545.9500122070312,6155.60009765625,4816.1201171875,,,,,,,9985.6201171875,3105.25,0.8009999990463257
2020-10-27,3383.0,545.6500244140625,6051.0,4730.66015625,,,,,,,9887.490234375,3070.60009765625,0.777999997138977
2020-10-28,3263.5,534.0900268554688,6057.7001953125,4571.1201171875,,,,,,,9618.650390625,2963.5400390625,0.781000018119812
2020-10-29,3302.25,534.4299926757812,5960.2998046875,4569.669921875,,,,,,,9556.1396484375,2960.030029296875,0.8349999785423279
2020-10-30,3264.75,533.8800048828125,5927.60009765625,4594.240234375,,,,,,,9587.150390625,2958.2099609375,0.8600000143051147
2020-11-02,3300.5,543.9099731445312,5951.2998046875,4691.14013671875,,,,,,,9791.6796875,3019.5400390625,0.8489999771118164
2020-11-03,3361.5,554.47998046875,6066.39990234375,4805.60986328125,,,,,,,10003.8203125,3098.719970703125,0.8820000290870667
2020-11-04,3435.0,565.260009765625,6062.10009765625,4922.85009765625,,,,,,,10286.7900390625,3161.070068359375,0.7680000066757202
2020-11-05,3504.75,571.5999755859375,6139.60009765625,4983.990234375,,,,,,,10306.349609375,3215.56005859375,0.7760000228881836
2020-11-06,3500.75,572.9000244140625,6190.2001953125,4960.8798828125,,,,,,,10322.5703125,3204.050048828125,0.8199999928474426
2020-11-09,3544.0,593.9299926757812,6298.7998046875,5336.31982421875,,,,,,,10417.990234375,3407.909912109375,0.9580000042915344
2020-11-10,3541.0,591.8699951171875,6340.5,5418.97021484375,,,,,,,10360.6904296875,3442.6201171875,0.972000002861023
2020-11-11,3568.0,599.2100219726562,6449.7001953125,5445.2099609375,,,,,,,10532.26953125,3467.300048828125,0.9580000042915344
2020-11-12,3532.5,600.0499877929688,6418.2001953125,5362.56982421875,,,,,,,10496.2001953125,3428.199951171875,0.8849999904632568
2020-11-13,3582.0,596.8699951171875,6405.2001953125,5380.16015625,,,,,,,10492.6103515625,3432.070068359375,0.8930000066757202
2020-11-16,3623.0,601.6699829101562,6484.2998046875,5471.47998046875,,,,,,,10586.740234375,3466.2099609375,0.906000018119812
2020-11-17,3606.75,600.9400024414062,6498.2001953125,5483.0,,,,,,,10565.1201171875,3468.47998046875,0.871999979019165
2020-11-18,3565.0,600.8800048828125,6531.10009765625,5511.4501953125,,,,,,,10563.8896484375,3482.169921875,0.8820000290870667
2020-11-19,3580.0,596.010009765625,6547.2001953125,5474.66015625,,,,,,,10490.76953125,3451.969970703125,0.8539999723434448
2020-11-20,3554.25,601.6199951171875,6539.2001953125,5495.89013671875,,,,,,,10495.650390625,3467.60009765625,0.8289999961853027
2020-11-23,3576.0,601.3699951171875,6561.60009765625,5492.14990234375,,,,,,,10464.400390625,3463.0400390625,0.8569999933242798
2020-11-24,3632.75,607.4600219726562,6644.10009765625,5558.419921875,,,,,,,10491.58984375,3507.97998046875,0.8820000290870667
2020-11-25,3627.25,606.3900146484375,6683.2998046875,5571.2900390625,,,,,,,10488.26953125,3511.89990234375,0.878000020980835
2020-11-26,,607.3900146484375,6636.39990234375,5566.7900390625,,,,,,,10497.7900390625,3510.93994140625,
2020-11-27,3636.5,611.6699829101562,6601.10009765625,5598.18017578125,,,,,,,10501.1796875,3527.7900390625,0.8420000076293945
2020-11-30,3623.25,606.02001953125,6517.7998046875,5518.5498046875,,,,,,,10476.4296875,3492.5400390625,0.843999981880188
2020-12-01,3660.5,611.4099731445312,6588.5,5581.64013671875,,,,,,,10449.2099609375,3525.239990234375,0.9340000152587891
2020-12-02,3667.25,610.9400024414062,6590.2001953125,5583.009765625,,,,,,,10435.3603515625,3521.320068359375,0.9480000138282776
2020-12-03,3664.5,610.47998046875,6615.2998046875,5574.35986328125,,,,,,,10342.6298828125,3517.10009765625,0.9200000166893005
2020-12-04,3698.0,615.6699829101562,6634.10009765625,5609.14990234375,,,,,,,10364.5,3539.27001953125,0.968999981880188
2020-12-07,3690.75,616.2000122070312,6675.0,5573.3798828125,,,,,,,10375.3798828125,3530.080078125,0.9279999732971191
2020-12-08,3702.0,616.5900268554688,6687.7001953125,5560.669921875,,,,,,,10394.099609375,3525.8701171875,0.9129999876022339
2020-12-09,3672.5,619.719970703125,6728.5,5546.81982421875,,,,,,,10430.01953125,3529.02001953125,0.9409999847412109
2020-12-10,3668.5,618.0999755859375,6683.10009765625,5549.64990234375,,,,,,,10395.9599609375,3522.31005859375,0.9079999923706055
2020-12-11,3661.25,614.4600219726562,6642.60009765625,5507.5498046875,,,,,,,10391.759765625,3485.840087890625,0.8930000066757202
2020-12-14,3646.5,612.8800048828125,6660.2001953125,5527.83984375,,,,,,,10373.0302734375,3503.9599609375,0.8920000195503235
2020-12-15,3694.5,617.3400268554688,6631.2998046875,5530.31005859375,,,,,,,10341.1796875,3521.5,0.9229999780654907
2020-12-16,3700.75,621.8599853515625,6679.2001953125,5547.68017578125,,,,,,,10456.7802734375,3543.0,0.9200000166893005
2020-12-17,3721.25,624.75,6756.7001953125,5549.4599609375,,,,,,,10540.3603515625,3560.8701171875,0.9300000071525574
2020-12-18,3726.25,625.25,6675.5,5527.83984375,,,,,,,10523.8603515625,3545.739990234375,0.9480000138282776
2020-12-21,3685.75,609.3900146484375,6669.89990234375,5393.33984375,,,,,,,10305.51953125,3448.679931640625,0.9409999847412109
2020-12-22,3677.25,617.5,6599.60009765625,5466.85986328125,,,,,,,10403.3701171875,3497.489990234375,0.9179999828338623
2020-12-23,3681.5,622.4199829101562,6643.10009765625,5527.58984375,,,,,,,10411.919921875,3539.260009765625,0.9549999833106995
2020-12-24,3695.0,626.3699951171875,6664.7998046875,5522.009765625,,,,,,,,,0.9279999732971191
2020-12-28,3727.5,627.5900268554688,,5588.3798828125,,,,,,,10603.490234375,3575.409912109375,0.9330000281333923
2020-12-29,3720.0,629.1400146484375,6700.2998046875,5611.7900390625,,,,,,,10682.0400390625,3581.3701171875,0.9350000023841858
2020-12-30,3724.25,628.0599975585938,6682.39990234375,5599.41015625,,,,,,,10703.509765625,3571.590087890625,0.9259999990463257
2020-12-31,3748.75,624.6099853515625,6587.10009765625,5551.41015625,,,,,,,,,0.9169999957084656
2021-01-04,3692.25,631.030029296875,6684.2001953125,5588.9599609375,,,,,,,,3564.389892578125,0.9169999957084656
2021-01-05,3718.25,633.6199951171875,6681.89990234375,5564.60009765625,,,,,,,10694.08984375,3547.85009765625,0.9549999833106995
2021-01-06,3740.5,639.1599731445312,6607.10009765625,5630.60009765625,,,,,,,10747.080078125,3611.080078125,1.0420000553131104
2021-01-07,3795.5,637.4099731445312,6712.0,5669.85009765625,,,,,,,10778.669921875,3622.419921875,1.0709999799728394
2021-01-08,3817.5,645.5999755859375,6757.89990234375,5706.8798828125,,,,,,,10797.990234375,3645.050048828125,1.1050000190734863
2021-01-11,3792.0,642.4199829101562,6697.2001953125,5662.43017578125,,,,,,,10870.419921875,3620.6201171875,1.1319999694824219
2021-01-12,3794.5,643.5800170898438,6679.10009765625,5650.97021484375,,,,,,,10875.25,3612.1298828125,1.1380000114440918
2021-01-13,3803.75,644.3800048828125,6686.60009765625,5662.669921875,,,,,,,10846.8798828125,3616.510009765625,1.0880000591278076
2021-01-14,3791.25,656.6599731445312,6715.2998046875,5681.14013671875,,,,,,,10850.8095703125,3641.3701171875,1.128999948501587
2021-01-15,3762.25,651.72998046875,6715.39990234375,5611.68994140625,,,,,,,10877.0595703125,3599.550048828125,1.097000002861023
2021-01-18,,650.2999877929688,6663.0,5617.27001953125,,,,,,,10888.5400390625,3602.669921875,
2021-01-19,3790.5,651.280029296875,6742.60009765625,5598.60986328125,,,,,,,10876.98046875,3595.419921875,1.0920000076293945
2021-01-20,3845.0,659.2999877929688,6770.39990234375,5628.43994140625,,,,,,,10945.4599609375,3624.0400390625,1.090000033378601
2021-01-21,3846.0,663.8800048828125,6823.7001953125,5590.7900390625,,,,,,,10913.1103515625,3618.35009765625,1.1089999675750732
2021-01-22,3834.25,660.530029296875,6800.39990234375,5559.56982421875,,,,,,,,3602.409912109375,1.090999960899353
2021-01-25,3848.5,658.239990234375,6824.7001953125,5472.35986328125,,,,,,,10925.7001953125,3553.139892578125,1.0399999618530273
2021-01-26,3842.5,658.5399780273438,,5523.52001953125,,,,,,,10964.0498046875,3592.830078125,1.0399999618530273
2021-01-27,3744.25,647.9199829101562,6780.60009765625,5459.6201171875,,,,,,,10904.240234375,3536.3798828125,1.0140000581741333
2021-01-28,3779.25,649.0,6649.7001953125,5510.52001953125,,,,,,,10849.8203125,3557.0400390625,1.0570000410079956
2021-01-29,3705.25,637.1099853515625,6607.39990234375,5399.2099609375,,,,,,,10591.0595703125,3481.43994140625,1.093000054359436
2021-02-01,3765.75,647.3400268554688,6663.0,5461.68017578125,,,,,,,10740.2197265625,3530.85009765625,1.0770000219345093
2021-02-02,3818.25,652.8699951171875,6762.60009765625,5563.10986328125,,,,,,,10803.5703125,3590.4599609375,1.1050000190734863
2021-02-03,3823.5,654.8900146484375,6824.60009765625,5563.0498046875,,,,,,,10775.6796875,3609.75,1.13100004196167
2021-02-04,3864.5,654.3800048828125,6765.5,5608.5400390625,,,,,,,10860.9501953125,3642.1201171875,1.1390000581741333
2021-02-05,3880.25,653.239990234375,6840.5,5659.259765625,,,,,,,10755.4697265625,3655.77001953125,1.1699999570846558
2021-02-08,3908.0,656.3900146484375,6880.7001953125,5686.02978515625,,,,,,,10778.830078125,3665.510009765625,1.159999966621399
2021-02-09,3905.5,657.0700073242188,6821.2001953125,5691.5400390625,,,,,,,10803.669921875,3661.1298828125,1.156999945640564
2021-02-10,3903.0,657.22998046875,6856.89990234375,5670.7998046875,,,,,,,10825.75,3648.3701171875,1.1330000162124634
2021-02-11,3912.0,664.3400268554688,6850.10009765625,5669.81982421875,,,,,,,10852.91015625,3671.679931640625,1.1579999923706055
2021-02-12,3931.0,676.8300170898438,6806.7001953125,5703.669921875,,,,,,,10880.3701171875,3695.610107421875,1.2000000476837158
2021-02-15,,685.1799926757812,6868.89990234375,5786.25,,,,,,,,3734.199951171875,
2021-02-16,3927.75,687.4299926757812,6917.2998046875,5786.52978515625,,,,,,,10907.599609375,3726.39990234375,1.2990000247955322
2021-02-17,3928.0,681.0399780273438,6885.2001953125,5765.83984375,,,,,,,,3699.85009765625,1.3009999990463257
2021-02-18,3909.5,672.8099975585938,6885.89990234375,5728.330078125,,,,,,,10717.7099609375,3681.0400390625,1.2869999408721924
2021-02-19,3903.0,678.47998046875,6793.7998046875,5773.5498046875,,,,,,,10704.75,3713.4599609375,1.3450000286102295
2021-02-22,3873.5,671.75,6780.89990234375,5767.43994140625,,,,,,,10697.3798828125,3699.85009765625,1.3700000047683716
2021-02-23,3878.0,664.0599975585938,6839.2001953125,5779.83984375,,,,,,,10609.0302734375,3689.10009765625,1.3619999885559082
2021-02-24,3922.5,664.5399780273438,6777.7998046875,5797.97998046875,,,,,,,10727.7001953125,3705.989990234375,1.3890000581741333
2021-02-25,3828.0,664.47998046875,6834.0,5783.89013671875,,,,,,,10658.8701171875,3685.280029296875,1.5180000066757202
2021-02-26,3809.25,651.260009765625,6673.2998046875,5703.22021484375,,,,,,,10522.2197265625,3636.43994140625,1.4600000381469727
2021-03-01,3898.75,664.5800170898438,6789.60009765625,5792.7900390625,,,,,,,10706.58984375,3706.6201171875,1.4459999799728394
2021-03-02,3867.5,663.260009765625,6762.2998046875,5809.72998046875,,,,,,,10817.150390625,3707.719970703125,1.4149999618530273
2021-03-03,3816.75,663.3499755859375,6818.0,5830.06005859375,,,,,,,,3712.780029296875,1.4700000286102295
2021-03-04,3765.5,657.6699829101562,6760.7001953125,5830.64990234375,,,,,,,10750.08984375,3704.85009765625,1.5499999523162842
2021-03-05,3839.0,653.8699951171875,6710.7998046875,5782.64990234375,,,,,,,10607.7900390625,3669.5400390625,1.5540000200271606
2021-03-08,3819.25,665.6500244140625,6739.60009765625,5902.990234375,,,,,,,10830.3798828125,3763.239990234375,1.5959999561309814
2021-03-09,3873.25,675.0999755859375,6771.2001953125,5924.97021484375,,,,,,,10857.9697265625,3786.050048828125,1.5460000038146973
2021-03-10,3896.5,678.030029296875,6714.10009765625,5990.5498046875,,,,,,,10909.76953125,3819.919921875,1.5199999809265137
2021-03-11,3936.75,683.7100219726562,6713.89990234375,6033.759765625,,,,,,,10883.23046875,3845.639892578125,1.5269999504089355
2021-03-12,3942.25,677.4099731445312,6766.7998046875,6046.5498046875,,,,,,,10839.9296875,3833.360107421875,1.6349999904632568
2021-03-15,3967.5,678.7999877929688,6773.0,6035.97021484375,,,,,,,10867.330078125,3829.840087890625,1.6069999933242798
2021-03-16,3962.5,683.6500244140625,6827.10009765625,6055.43017578125,,,,,,,10944.48046875,3850.9599609375,1.621000051498413
2021-03-17,3974.0,680.7100219726562,6795.2001953125,6054.81982421875,,,,,,,10922.490234375,3849.739990234375,1.6410000324249268
2021-03-18,3916.5,682.3900146484375,6745.89990234375,6062.7900390625,,,,,,,10973.759765625,3867.5400390625,1.7300000190734863
2021-03-19,3912.6201171875,681.7000122070312,6708.2001953125,5997.9599609375,,,,,,,10967.3701171875,3837.02001953125,1.7319999933242798
2021-03-22,3930.0,684.2100219726562,6752.5,5968.47998046875,,,,,,,11048.580078125,3833.840087890625,1.684000015258789
2021-03-23,3899.75,681.739990234375,6745.39990234375,5945.2998046875,,,,,,,11098.66015625,3827.02001953125,1.6380000114440918
2021-03-24,3880.75,686.1300048828125,6778.7998046875,5947.2900390625,,,,,,,11063.8701171875,3832.550048828125,1.6139999628067017
2021-03-25,3900.5,685.3300170898438,6790.60009765625,5952.41015625,,,,,,,11098.8095703125,3832.570068359375,1.6139999628067017
2021-03-26,3964.75,696.6199951171875,6824.2001953125,5988.81005859375,,,,,,,11116.8095703125,3866.679931640625,1.659999966621399
2021-03-29,3959.0,697.9400024414062,6799.5,6015.509765625,,,,,,,11089.599609375,3882.8701171875,1.7209999561309814
2021-03-30,3947.75,701.1199951171875,6738.39990234375,6088.0400390625,,,,,,,11121.419921875,3926.199951171875,1.7259999513626099
2021-03-31,3967.5,699.8499755859375,6790.7001953125,6067.22998046875,,,,,,,11047.3701171875,3919.2099609375,1.746000051498413
2021-04-01,4010.0,708.4299926757812,6828.7001953125,6102.9599609375,,,,,,,11118.0302734375,3945.9599609375,1.6790000200271606
2021-04-05,4067.75,,,,,,,,,,,,1.7200000286102295
2021-04-06,4064.0,713.280029296875,6885.89990234375,6131.33984375,,,,,,,11182.9501953125,3970.419921875,1.656000018119812
2021-04-07,4070.0,710.0800170898438,6928.0,6130.66015625,,,,,,,11128.1796875,3956.77001953125,1.652999997138977
2021-04-08,4089.0,713.3800048828125,6998.7998046875,6165.72021484375,,,,,,,11206.8798828125,3977.830078125,1.6319999694824219
2021-04-09,4119.5,713.3599853515625,6995.2001953125,6169.41015625,,,,,,,11238.51953125,3978.840087890625,1.6660000085830688
2021-04-12,4120.25,707.3499755859375,6974.0,6161.68017578125,,,,,,,11181.349609375,3961.89990234375,1.6749999523162842
2021-04-13,4132.75,708.5999755859375,6976.89990234375,6184.10009765625,,,,,,,11122.3701171875,3966.989990234375,1.6230000257492065
2021-04-14,4118.0,712.5499877929688,7023.10009765625,6208.580078125,,,,,,,11156.2099609375,3976.280029296875,1.6380000114440918
2021-04-15,4162.5,713.7999877929688,7058.60009765625,6234.14013671875,,,,,,,11198.7001953125,3993.429931640625,1.5299999713897705
2021-04-16,4176.25,716.7999877929688,7063.5,6287.06982421875,,,,,,,11262.9697265625,4032.989990234375,1.5729999542236328
2021-04-19,4155.5,711.9400024414062,7065.60009765625,6296.68994140625,,,,,,,11209.83984375,4019.909912109375,1.6009999513626099
2021-04-20,4126.5,700.1900024414062,7017.7998046875,6165.10986328125,,,,,,,11078.98046875,3940.4599609375,1.562000036239624
2021-04-21,4164.75,709.3599853515625,6997.5,6210.5498046875,,,,,,,11209.08984375,3976.409912109375,1.5640000104904175
2021-04-22,4127.75,712.9400024414062,7055.39990234375,6267.27978515625,,,,,,,11224.900390625,4014.800048828125,1.5540000200271606
2021-04-23,4171.5,715.77001953125,7060.7001953125,6257.93994140625,,,,,,,11200.5400390625,4013.340087890625,1.5670000314712524
2021-04-26,4179.5,715.4600219726562,7045.60009765625,6275.52001953125,,,,,,,11162.08984375,4020.830078125,1.5700000524520874
2021-04-27,4179.0,712.219970703125,7033.7998046875,6273.759765625,,,,,,,11092.080078125,4011.909912109375,1.621999979019165
2021-04-28,4176.25,711.8400268554688,7064.7001953125,6306.97998046875,,,,,,,11103.4599609375,4015.030029296875,1.6200000047683716
2021-04-29,4203.5,710.469970703125,7082.2998046875,6302.56982421875,,,,,,,11079.509765625,3996.89990234375,1.6399999856948853
2021-04-30,4174.5,707.5599975585938,7025.7998046875,6269.47998046875,,,,,,,11022.33984375,3974.739990234375,1.63100004196167
2021-05-03,4185.75,712.1300048828125,7028.7998046875,6307.89990234375,,,,,,,11119.0,4000.25,1.6069999933242798
2021-05-04,4158.25,696.97998046875,7067.89990234375,6251.75,,,,,,,10970.9296875,3924.800048828125,1.5920000076293945
2021-05-05,4160.0,714.1400146484375,7095.7998046875,6339.47021484375,,,,,,,,4002.7900390625,1.5839999914169312
2021-05-06,4194.25,712.4600219726562,7061.7001953125,6357.08984375,,,,,,,11111.099609375,3999.43994140625,1.5609999895095825
2021-05-07,4225.25,718.4099731445312,7080.7998046875,6385.509765625,,,,,,,11173.5703125,4034.25,1.5770000219345093
2021-05-10,4183.5,711.9099731445312,7172.7998046875,6385.990234375,,,,,,,11123.669921875,4023.35009765625,1.6019999980926514
2021-05-11,4146.25,695.9400024414062,7097.0,6267.39013671875,,,,,,,,3946.06005859375,1.6239999532699585
2021-05-12,4058.75,694.760009765625,7044.89990234375,6279.35009765625,,,,,,,11033.900390625,3947.429931640625,1.6950000524520874
2021-05-13,4107.0,694.219970703125,6982.7001953125,6288.330078125,,,,,,,,,1.6679999828338623
2021-05-14,4169.0,703.3300170898438,7014.2001953125,6385.14013671875,,,,,,,11120.76953125,4017.43994140625,1.6349999904632568
2021-05-17,4157.75,703.219970703125,7023.60009765625,6367.35009765625,,,,,,,11135.3701171875,4006.840087890625,1.6399999856948853
2021-05-18,4123.0,705.010009765625,7066.0,6353.669921875,,,,,,,11141.75,4005.340087890625,1.6419999599456787
2021-05-19,4111.5,693.719970703125,6931.7001953125,6262.5498046875,,,,,,,11045.2001953125,3936.739990234375,1.6829999685287476
2021-05-20,4154.25,704.0900268554688,7019.60009765625,6343.580078125,,,,,,,11152.080078125,3999.909912109375,1.6339999437332153
2021-05-21,4151.75,706.9600219726562,7030.2998046875,6386.41015625,,,,,,,11225.580078125,4025.780029296875,1.6319999694824219
2021-05-24,4193.75,710.4600219726562,7045.89990234375,6408.490234375,,,,,,,,,1.6080000400543213
2021-05-25,4185.5,712.25,7115.2001953125,6390.27001953125,,,,,,,,4036.0400390625,1.5640000104904175
2021-05-26,4193.0,711.1699829101562,7092.5,6391.60009765625,,,,,,,11348.740234375,4031.669921875,1.5740000009536743
2021-05-27,4199.0,708.3599853515625,7094.89990234375,6435.7099609375,,,,,,,11340.26953125,4039.2099609375,1.6100000143051147
2021-05-28,4202.5,713.280029296875,7179.5,6484.10986328125,,,,,,,11426.150390625,4070.56005859375,1.5809999704360962
2021-05-31,,709.3599853515625,7161.60009765625,6447.169921875,,,,,,,,4039.4599609375,
2021-06-01,4198.5,715.9400024414062,7142.60009765625,6489.39990234375,,,,,,,11434.8798828125,4071.75,1.6150000095367432
2021-06-02,4206.25,718.9299926757812,7217.7998046875,6521.52001953125,,,,,,,11470.349609375,4088.5,1.590999960899353
2021-06-03,4191.25,717.0800170898438,7260.10009765625,6507.919921875,,,,,,,11510.599609375,4079.239990234375,1.625
2021-06-04,4228.25,720.1799926757812,7295.39990234375,6515.66015625,,,,,,,11570.6796875,4089.3798828125,1.559999942779541
2021-06-07,4225.5,718.6099853515625,7281.89990234375,6543.56005859375,,,,,,,11630.66015625,4097.64990234375,1.569000005722046
2021-06-08,4225.75,719.4299926757812,7292.60009765625,6551.009765625,,,,,,,11656.8896484375,4096.009765625,1.527999997138977
2021-06-09,4218.5,722.7100219726562,7270.2001953125,6563.4501953125,,,,,,,11788.099609375,4096.85009765625,1.4889999628067017
2021-06-10,4238.0,725.4500122070312,7302.5,6546.490234375,,,,,,,,4096.06982421875,1.4589999914169312
2021-06-11,4245.75,728.47998046875,7312.2998046875,6600.66015625,,,,,,,11841.2998046875,4126.7001953125,1.4620000123977661
2021-06-14,4254.75,730.0999755859375,,6616.35009765625,,,,,,,11866.41015625,4132.669921875,1.5010000467300415
2021-06-15,4246.5,730.97998046875,7379.5,6639.52001953125,,,,,,,11921.9697265625,4143.52001953125,1.4989999532699585
2021-06-16,4223.0,733.5,7386.2001953125,6652.64990234375,,,,,,,11982.0302734375,4151.759765625,1.569000005722046
2021-06-17,4222.25,734.8900146484375,7359.0,6666.259765625,,,,,,,12011.1103515625,4158.14013671875,1.5110000371932983
2021-06-18,4187.25,719.6300048828125,7368.89990234375,6569.16015625,,,,,,,11941.25,4083.3701171875,1.4500000476837158
2021-06-21,4213.75,723.77001953125,7235.2998046875,6602.5400390625,,,,,,,11995.6298828125,4112.330078125,1.4839999675750732
2021-06-22,4236.25,728.5900268554688,7342.2001953125,6611.5,,,,,,,11982.48046875,4123.1298828125,1.472000002861023
2021-06-23,4231.5,725.0499877929688,7298.5,6551.06982421875,,,,,,,11898.6201171875,4075.93994140625,1.4869999885559082
2021-06-24,4256.0,732.7000122070312,7275.2998046875,6631.14990234375,,,,,,,11993.6396484375,4122.43017578125,1.4869999885559082
2021-06-25,4271.25,733.1400146484375,7308.0,6622.8701171875,,,,,,,11999.7001953125,4120.66015625,1.5360000133514404
2021-06-28,4280.5,730.8599853515625,7307.2998046875,6558.02001953125,,,,,,,12009.169921875,4089.909912109375,1.4780000448226929
2021-06-29,4282.0,734.1900024414062,7301.2001953125,6567.43017578125,,,,,,,12028.4501953125,4107.509765625,1.4800000190734863
2021-06-30,4288.5,729.52001953125,7313.0,6507.830078125,,,,,,,11942.7197265625,4064.300048828125,1.4429999589920044
2021-07-01,4310.75,731.3300170898438,7265.60009765625,6553.81982421875,,,,,,,11977.0302734375,4078.889892578125,1.4800000190734863
2021-07-02,4342.75,733.5499877929688,7308.60009765625,6552.85986328125,,,,,,,11964.83984375,4084.31005859375,1.430999994277954
2021-07-05,,733.989990234375,7315.0,6567.5400390625,,,,,,,,4087.3701171875,
2021-07-06,4334.0,731.47998046875,7261.7998046875,6507.47998046875,,,,,,,11965.2197265625,4052.669921875,1.3700000047683716
2021-07-07,4349.75,737.6400146484375,7326.89990234375,6527.72021484375,,,,,,,12085.509765625,4078.530029296875,1.3209999799728394
2021-07-08,4313.0,723.1099853515625,7341.39990234375,6396.72998046875,,,,,,,11924.66015625,3991.659912109375,1.2879999876022339
2021-07-09,4360.0,732.1500244140625,7251.7998046875,6529.419921875,,,,,,,11989.8095703125,4068.090087890625,1.3559999465942383
2021-07-12,4376.5,738.4400024414062,7333.5,6559.25,,,,,,,12081.6201171875,4093.3798828125,1.3630000352859497
2021-07-13,4361.25,742.8599853515625,7332.10009765625,6558.47021484375,,,,,,,12071.0498046875,4094.56005859375,1.4149999618530273
2021-07-14,4367.75,744.9500122070312,7354.7001953125,6558.3798828125,,,,,,,12043.349609375,4099.5,1.3559999465942383
2021-07-15,4352.0,739.4199829101562,7335.89990234375,6493.35986328125,,,,,,,11976.7900390625,4056.389892578125,1.2970000505447388
2021-07-16,4318.5,736.52001953125,7348.10009765625,6460.080078125,,,,,,,12026.5,4035.77001953125,1.2999999523162842
2021-07-19,4251.25,721.0900268554688,7286.0,6295.97021484375,,,,,,,11862.080078125,3928.530029296875,1.180999994277954
2021-07-20,4315.5,722.030029296875,7252.2001953125,6346.85009765625,,,,,,,11945.6796875,3956.340087890625,1.2089999914169312
2021-07-21,4350.5,733.739990234375,7308.7001953125,6464.47998046875,,,,,,,12021.580078125,4026.679931640625,1.2799999713897705
2021-07-22,4359.5,739.030029296875,7386.39990234375,6481.58984375,,,,,,,11977.0,4059.050048828125,1.2649999856948853
2021-07-23,4403.0,749.4199829101562,7394.39990234375,6568.81982421875,,,,,,,12130.830078125,4109.10009765625,1.2860000133514404
2021-07-26,4414.25,745.0999755859375,7394.2998046875,6578.60009765625,,,,,,,12049.6298828125,4102.58984375,1.2760000228881836
2021-07-27,4394.5,737.239990234375,7431.39990234375,6531.919921875,,,,,,,12021.08984375,4064.830078125,1.2339999675750732
2021-07-28,4393.75,747.6599731445312,7379.2998046875,6609.31005859375,,,,,,,12073.23046875,4103.02978515625,1.2610000371932983
2021-07-29,4411.75,758.0800170898438,7417.39990234375,6633.77001953125,,,,,,,12086.740234375,4116.77001953125,1.2690000534057617
2021-07-30,4389.5,754.3099975585938,7392.60009765625,6612.759765625,,,,,,,12116.8203125,4089.300048828125,1.2389999628067017
2021-08-02,4379.75,758.219970703125,7491.39990234375,6675.89990234375,,,,,,,12171.01953125,4116.6201171875,1.1740000247955322
2021-08-03,4415.0,760.0800170898438,7474.5,6723.81005859375,,,,,,,12163.2197265625,4117.9501953125,1.1759999990463257
2021-08-04,4394.75,766.239990234375,7503.2001953125,6746.22998046875,,,,,,,12178.740234375,4144.89990234375,1.184000015258789
2021-08-05,4421.5,768.22998046875,7511.10009765625,6781.18994140625,,,,,,,12199.8203125,4161.080078125,1.2170000076293945
2021-08-06,4429.5,767.8200073242188,7538.39990234375,6816.9599609375,,,,,,,12176.2998046875,4174.5400390625,1.2899999618530273
2021-08-09,4425.75,771.7999877929688,7538.39990234375,6813.18017578125,,,,,,,12310.75,4177.14990234375,1.3170000314712524
2021-08-10,4430.0,775.1199951171875,7562.60009765625,6820.2099609375,,,,,,,12361.6904296875,4187.81982421875,1.3420000076293945
2021-08-11,4440.5,775.8400268554688,7584.2998046875,6857.990234375,,,,,,,12387.900390625,4206.330078125,1.3289999961853027
2021-08-12,4454.5,775.239990234375,7588.2001953125,6882.47021484375,,,,,,,12429.169921875,4226.330078125,1.3669999837875366
2021-08-13,4462.5,774.8300170898438,7628.89990234375,6896.0400390625,,,,,,,12464.4404296875,4229.7001953125,1.2970000505447388
2021-08-16,4474.0,769.780029296875,7582.5,6838.77001953125,,,,,,,12419.1396484375,4202.43994140625,1.2569999694824219
2021-08-17,4443.5,770.7899780273438,7511.0,6819.83984375,,,,,,,12477.4404296875,4196.39990234375,1.2580000162124634
2021-08-18,4394.5,771.47998046875,7502.10009765625,6770.10986328125,,,,,,,12545.349609375,4189.419921875,1.2730000019073486
2021-08-19,4401.5,765.8300170898438,7464.60009765625,6605.89013671875,,,,,,,12403.580078125,4124.7099609375,1.2419999837875366
2021-08-20,4437.0,771.4099731445312,7460.89990234375,6626.10986328125,,,,,,,12415.66015625,4147.5,1.2599999904632568
2021-08-23,4475.5,780.280029296875,7489.89990234375,6683.10009765625,,,,,,,12476.8701171875,4176.419921875,1.2549999952316284
2021-08-24,4482.5,783.1500244140625,7503.0,6664.31005859375,,,,,,,12436.66015625,4178.080078125,1.2899999618530273
2021-08-25,4493.0,781.9299926757812,7531.89990234375,6676.47998046875,,,,,,,12364.5703125,4181.1201171875,1.3420000076293945
2021-08-26,4466.5,780.3099975585938,7491.2001953125,6666.02978515625,,,,,,,12409.0302734375,4169.8701171875,1.3420000076293945
2021-08-27,4505.5,787.0399780273438,7488.2998046875,6681.919921875,,,,,,,12439.0,4190.97998046875,1.312000036239624
2021-08-30,4525.25,789.1400146484375,7504.5,6687.2998046875,,,,,,,12436.580078125,4198.7998046875,1.284999966621399
2021-08-31,4520.5,787.6199951171875,7534.89990234375,6680.18017578125,,,,,,,12411.1103515625,4196.41015625,1.3040000200271606
2021-09-01,4521.25,790.0,7527.10009765625,6758.68994140625,,,,,,,12432.7900390625,4227.27001953125,1.3020000457763672
2021-09-02,4535.25,793.3200073242188,7485.7001953125,6763.080078125,,,,,,,12432.4599609375,4232.10009765625,1.2940000295639038
2021-09-03,4534.5,789.5499877929688,7522.89990234375,6689.990234375,,,,,,,12351.83984375,4201.97998046875,1.3220000267028809
2021-09-06,,798.5499877929688,7528.5,6743.5,,,,,,,12430.23046875,4246.1298828125,
2021-09-07,4519.25,794.72998046875,7530.2998046875,6726.06982421875,,,,,,,12344.3798828125,4225.009765625,1.3700000047683716
2021-09-08,4512.5,789.0,7512.0,6668.89013671875,,,,,,,12215.1396484375,4177.14990234375,1.3339999914169312
2021-09-09,4492.25,787.1699829101562,7369.5,6684.72021484375,,,,,,,12116.4296875,4177.10986328125,1.2990000247955322
2021-09-10,4458.25,788.489990234375,7406.60009765625,6663.77001953125,,,,,,,12060.6396484375,4170.35009765625,1.340999960899353
2021-09-13,4469.0,791.4500122070312,7425.2001953125,6676.93017578125,,,,,,,12074.8095703125,4189.52978515625,1.3240000009536743
2021-09-14,4444.5,797.7100219726562,7437.2998046875,6652.97021484375,,,,,,,12097.2802734375,4191.669921875,1.2769999504089355
2021-09-15,4481.75,794.1900024414062,7417.0,6583.6201171875,,,,,,,11984.830078125,4145.93994140625,1.3040000200271606
2021-09-16,4474.25,798.1500244140625,7460.2001953125,6622.58984375,,,,,,,12028.4404296875,4169.8701171875,1.3309999704360962
2021-09-17,4464.330078125,789.489990234375,7403.7001953125,6570.18994140625,,,,,,,11935.5302734375,4130.83984375,1.3700000047683716
2021-09-20,4348.25,778.280029296875,7248.2001953125,6455.81005859375,,,,,,,11766.419921875,4043.6298828125,1.309000015258789
2021-09-21,4343.25,786.3099975585938,7273.7998046875,6552.72998046875,,,,,,,11789.169921875,4097.509765625,1.3240000009536743
2021-09-22,4384.0,792.4000244140625,7296.89990234375,6637.0,,,,,,,11837.5703125,4150.18994140625,1.3359999656677246
2021-09-23,4438.0,800.6099853515625,7370.2001953125,6701.97998046875,,,,,,,11938.6201171875,4194.919921875,1.409999966621399
2021-09-24,4445.75,791.4500122070312,7342.60009765625,6638.4599609375,,,,,,,11817.2001953125,4158.509765625,1.4600000381469727
2021-09-27,4433.0,788.6699829101562,7384.2001953125,6650.91015625,,,,,,,11691.1796875,4165.47998046875,1.4839999675750732
2021-09-28,4343.5,773.7100219726562,7275.60009765625,6506.5,,,,,,,11485.580078125,4058.820068359375,1.534000039100647
2021-09-29,4349.75,775.8400268554688,7196.7001953125,6560.7998046875,,,,,,,11628.330078125,4080.219970703125,1.5410000085830688
2021-09-30,4297.75,771.9400024414062,7332.2001953125,6520.009765625,,,,,,,11642.4501953125,4048.080078125,1.5290000438690186
2021-10-01,4343.75,766.6900024414062,7185.5,6517.68994140625,,,,,,,11575.3701171875,4035.300048828125,1.4789999723434448
2021-10-04,4291.25,757.2000122070312,7278.5,6477.66015625,,,,,,,11582.349609375,3996.409912109375,1.4809999465942383
2021-10-05,4334.0,771.1900024414062,7248.39990234375,6576.27978515625,,,,,,,11587.0,4065.429931640625,1.5290000438690186
2021-10-06,4354.0,761.219970703125,7206.5,6493.1201171875,,,,,,,11569.3896484375,4012.64990234375,1.5240000486373901
2021-10-07,4390.0,777.1799926757812,7256.7001953125,6600.18994140625,,,,,,,11763.6396484375,4098.33984375,1.5709999799728394
2021-10-08,4382.25,772.0499877929688,7320.10009765625,6559.990234375,,,,,,,11764.990234375,4073.2900390625,1.6050000190734863
2021-10-11,4351.0,773.7899780273438,7299.7998046875,6570.5400390625,,,,,,,11771.5703125,4072.52001953125,1.6139999628067017
2021-10-12,4340.75,771.469970703125,7280.7001953125,6548.10986328125,,,,,,,11756.759765625,4055.090087890625,1.5800000429153442
2021-10-13,4355.0,777.52001953125,7272.5,6597.3798828125,,,,,,,11814.58984375,4083.280029296875,1.5490000247955322
2021-10-14,4429.0,790.8400268554688,7311.7001953125,6685.2099609375,,,,,,,11892.51953125,4149.06005859375,1.5190000534057617
2021-10-15,4462.5,800.4099731445312,7362.0,6727.52001953125,,,,,,,11961.33984375,4182.91015625,1.5759999752044678
2021-10-18,4477.5,796.739990234375,7381.10009765625,6673.10009765625,,,,,,,11968.080078125,4151.39990234375,1.5839999914169312
2021-10-19,4511.25,802.489990234375,7374.89990234375,6669.85009765625,,,,,,,11942.740234375,4166.830078125,1.6349999904632568
2021-10-20,4528.0,805.469970703125,7413.7001953125,6705.60986328125,,,,,,,12013.150390625,4172.169921875,1.6360000371932983
2021-10-21,4541.75,807.6400146484375,7415.39990234375,6686.169921875,,,,,,,12039.1396484375,4155.72998046875,1.6759999990463257
2021-10-22,4536.5,812.969970703125,7415.5,6733.68994140625,,,,,,,12056.2099609375,4188.81005859375,1.6549999713897705
2021-10-25,4558.0,813.02001953125,7441.0,6712.8701171875,,,,,,,12063.169921875,4188.31005859375,1.6349999904632568
2021-10-26,4565.25,816.9099731445312,7443.39990234375,6766.509765625,,,,,,,12146.51953125,4223.97021484375,1.61899995803833
2021-10-27,4544.5,815.2899780273438,7448.7001953125,6753.52001953125,,,,,,,12087.4501953125,4220.8798828125,1.5290000438690186
2021-10-28,4587.5,812.22998046875,7430.39990234375,6804.22021484375,,,,,,,12153.099609375,4233.8701171875,1.5679999589920044
2021-10-29,4597.0,810.9099731445312,7323.7001953125,6830.33984375,,,,,,,12108.169921875,4250.56005859375,1.5570000410079956
2021-11-01,4605.75,811.739990234375,7370.7998046875,6893.2900390625,,,,,,,12216.330078125,4280.47021484375,1.5750000476837158
2021-11-02,4623.5,812.2899780273438,7324.2998046875,6927.02978515625,,,,,,,12321.0,4296.22021484375,1.5490000247955322
2021-11-03,4652.25,816.010009765625,7392.7001953125,6950.64990234375,,,,,,,12383.26953125,4309.60986328125,1.5789999961853027
2021-11-04,4673.25,820.3800048828125,7428.0,6987.7900390625,,,,,,,12403.0498046875,4333.33984375,1.5240000486373901
2021-11-05,4690.25,819.719970703125,7456.89990234375,7040.7900390625,,,,,,,12321.849609375,4363.0400390625,1.4529999494552612
2021-11-08,4694.0,817.5900268554688,7452.2001953125,7047.47998046875,,,,,,,12353.349609375,4352.52978515625,1.496999979019165
2021-11-09,4678.25,815.1699829101562,7434.2001953125,7043.27001953125,,,,,,,12367.51953125,4344.6298828125,1.4320000410079956
2021-11-10,4642.0,814.6300048828125,7423.89990234375,7045.16015625,,,,,,,12401.400390625,4348.81982421875,1.559999942779541
2021-11-11,4643.0,816.3499755859375,7381.89990234375,7059.5498046875,,,,,,,12421.080078125,4358.0,1.559999942779541
2021-11-12,4678.25,820.2999877929688,7443.0,7091.39990234375,,,,,,,12516.0498046875,4370.330078125,1.5820000171661377
2021-11-15,4679.0,823.2100219726562,7470.10009765625,7128.6298828125,,,,,,,12517.1201171875,4386.18994140625,1.6230000257492065
2021-11-16,4696.0,826.5,7420.39990234375,7152.60009765625,,,,,,,12557.33984375,4401.490234375,1.6339999437332153
2021-11-17,4686.25,827.5700073242188,7369.89990234375,7156.85009765625,,,,,,,12600.150390625,4400.81005859375,1.6039999723434448
2021-11-18,4701.5,825.0599975585938,7379.2001953125,7141.97998046875,,,,,,,12553.1904296875,4383.7001953125,1.5889999866485596
2021-11-19,4694.5,821.7999877929688,7396.5,7112.2900390625,,,,,,,12545.009765625,4356.47021484375,1.5360000133514404
2021-11-22,4679.75,815.3400268554688,7353.10009765625,7105.0,,,,,,,12510.8095703125,4338.68994140625,1.625
2021-11-23,4688.5,802.239990234375,7410.60009765625,7044.6201171875,,,,,,,12366.73046875,4283.81982421875,1.6670000553131104
2021-11-24,4699.0,802.9600219726562,7399.39990234375,7042.22998046875,,,,,,,12395.7197265625,4276.25,1.6449999809265137
2021-11-25,,807.5499877929688,7407.2998046875,7075.8701171875,,,,,,,12449.6796875,4293.240234375,
2021-11-26,4595.75,781.6300048828125,7279.2998046875,6739.72998046875,,,,,,,12199.2099609375,4089.580078125,1.4819999933242798
2021-11-29,4651.0,787.010009765625,7239.7998046875,6776.25,,,,,,,12220.740234375,4109.509765625,1.5299999713897705
2021-11-30,4566.25,777.3900146484375,7256.0,6721.16015625,,,,,,,12159.6904296875,4063.06005859375,1.4429999589920044
2021-12-01,4508.5,790.7000122070312,7235.89990234375,6881.8701171875,,,,,,,12266.4599609375,4179.14990234375,1.434000015258789
2021-12-02,4575.75,778.7999877929688,7225.2001953125,6795.75,,,,,,,12177.51953125,4108.02001953125,1.4479999542236328
2021-12-03,4537.5,772.219970703125,7241.2001953125,6765.52001953125,,,,,,,12175.76953125,4080.14990234375,1.343000054359436
2021-12-06,4590.0,778.4299926757812,7245.10009765625,6865.77978515625,,,,,,,12375.349609375,4137.10986328125,1.434000015258789
2021-12-07,4685.0,805.780029296875,7313.89990234375,7065.39013671875,,,,,,,12513.6201171875,4276.2001953125,1.4800000190734863
2021-12-08,4699.0,797.719970703125,7405.39990234375,7014.56982421875,,,,,,,12597.4296875,4233.08984375,1.5089999437332153
2021-12-09,4667.0,791.9099731445312,7384.5,7008.22998046875,,,,,,,12607.6298828125,4208.2998046875,1.4869999885559082
2021-12-10,4711.0,788.010009765625,7353.5,6991.68017578125,,,,,,,12607.73046875,4199.16015625,1.4889999628067017
2021-12-13,4668.75,783.0,7379.2998046875,6942.91015625,,,,,,,12551.2802734375,4183.0400390625,1.4240000247955322
2021-12-14,4637.0,775.75,7378.39990234375,6895.31005859375,,,,,,,12411.580078125,4144.509765625,1.437999963760376
2021-12-15,4709.5,775.4600219726562,7327.10009765625,6927.6298828125,,,,,,,12530.9501953125,4159.68017578125,1.4630000591278076
2021-12-16,4668.75,781.5900268554688,7295.7001953125,7005.06982421875,,,,,,,12790.8896484375,4201.8701171875,1.4220000505447388
2021-12-17,4636.4599609375,771.7000122070312,7304.0,6926.6298828125,,,,,,,12715.48046875,4161.35009765625,1.4019999504089355
2021-12-20,4558.5,763.030029296875,7292.2001953125,6870.10009765625,,,,,,,12589.8896484375,4107.1298828125,1.4190000295639038
2021-12-21,4640.75,774.9500122070312,7355.0,6964.990234375,,,,,,,12682.5302734375,4174.990234375,1.4869999885559082
2021-12-22,4686.0,782.0800170898438,7364.7998046875,7051.669921875,,,,,,,12713.900390625,4217.06005859375,1.4570000171661377
2021-12-23,4715.75,792.2999877929688,7387.60009765625,7106.14990234375,,,,,,,12785.3203125,4265.85986328125,1.4930000305175781
2021-12-24,,790.47998046875,7420.2998046875,7086.580078125,,,,,,,,,
2021-12-27,4782.25,797.2999877929688,,7140.39013671875,,,,,,,12866.900390625,4287.97998046875,1.4809999465942383
2021-12-28,4778.5,800.9500122070312,,7181.10986328125,,,,,,,12970.5302734375,4311.93017578125,1.4809999465942383
2021-12-29,4784.5,796.1199951171875,7509.7998046875,7161.52001953125,,,,,,,12926.5595703125,4284.830078125,1.5429999828338623
2021-12-30,4772.25,800.25,7513.39990234375,7173.22998046875,,,,,,,12875.66015625,4306.06982421875,1.5149999856948853
2021-12-31,4758.5,797.9299926757812,7444.60009765625,7153.02978515625,,,,,,,,,1.5119999647140503
2022-01-03,4786.0,803.3099975585938,,7217.22021484375,,,,,,,12939.169921875,4331.81982421875,1.628000020980835
2022-01-04,4784.25,804.280029296875,7589.7998046875,7317.41015625,,,,,,,12900.9697265625,4367.6201171875,1.6679999828338623
2022-01-05,4692.5,800.75,7565.7998046875,7376.3701171875,,,,,,,12906.3701171875,4392.14990234375,1.7050000429153442
2022-01-06,4687.5,785.9000244140625,7358.2998046875,7249.66015625,,,,,,,12792.2802734375,4324.81005859375,1.7330000400543213
2022-01-07,4667.75,788.4299926757812,7453.2998046875,7219.47998046875,,,,,,,12797.9404296875,4305.830078125,1.7710000276565552
2022-01-10,4662.25,773.1300048828125,7447.10009765625,7115.77001953125,,,,,,,12597.349609375,4239.52001953125,1.7799999713897705
2022-01-11,4705.0,782.3499755859375,7390.10009765625,7183.3798828125,,,,,,,12709.7099609375,4281.5400390625,1.746000051498413
2022-01-12,4716.25,790.4400024414062,7438.89990234375,7237.18994140625,,,,,,,12670.4697265625,4316.39013671875,1.725000023841858
2022-01-13,4652.0,791.3300170898438,7474.39990234375,7201.14013671875,,,,,,,12620.4404296875,4315.89990234375,1.7109999656677246
2022-01-14,4654.75,783.530029296875,7393.89990234375,7143.0,,,,,,,12525.6298828125,4272.18994140625,1.7719999551773071
2022-01-17,,781.3200073242188,7417.2998046875,7201.64013671875,,,,,,,12633.2099609375,4302.14013671875,
2022-01-18,4571.25,769.7000122070312,7408.7998046875,7133.830078125,,,,,,,12529.5595703125,4257.81982421875,1.8650000095367432
2022-01-19,4524.25,772.5599975585938,7332.5,7172.97998046875,,,,,,,12525.6904296875,4268.27978515625,1.8270000219345093
2022-01-20,4474.75,778.260009765625,7342.39990234375,7194.16015625,,,,,,,12560.7001953125,4299.60986328125,1.8329999446868896
2022-01-21,4390.0,763.7000122070312,7175.7998046875,7068.58984375,,,,,,,12355.5400390625,4229.56005859375,1.746999979019165
2022-01-24,4403.75,738.6599731445312,7139.5,6787.7900390625,,,,,,,11881.2998046875,4054.360107421875,1.7350000143051147
2022-01-25,4349.0,739.8599853515625,6961.60009765625,6837.9599609375,,,,,,,11945.6904296875,4078.260009765625,1.7829999923706055
2022-01-26,4341.5,752.4299926757812,,6981.9599609375,,,,,,,12098.259765625,4164.60009765625,1.8480000495910645
2022-01-27,4317.75,753.7899780273438,6838.2998046875,7023.7998046875,,,,,,,12176.900390625,4184.97021484375,1.8070000410079956
2022-01-28,4423.25,744.260009765625,6988.10009765625,6965.8798828125,,,,,,,12104.4404296875,4136.91015625,1.781999945640564
2022-01-31,4504.25,755.2000122070312,6971.60009765625,6999.2001953125,,,,,,,12226.7001953125,4174.60009765625,1.781999945640564
2022-02-01,4535.0,765.219970703125,7006.0,7099.490234375,,,,,,,12359.7998046875,4224.4501953125,1.7999999523162842
2022-02-02,4577.25,765.5599975585938,7087.7001953125,7115.27001953125,,,,,,,12360.3701171875,4222.0498046875,1.7660000324249268
2022-02-03,4469.0,748.8099975585938,7078.0,7005.6298828125,,,,,,,12234.150390625,4141.02001953125,1.8270000219345093
2022-02-04,4492.5,747.1699829101562,7120.2001953125,6951.3798828125,,,,,,,12140.25,4086.580078125,1.9299999475479126
2022-02-07,4475.75,755.6900024414062,7110.7998046875,7009.25,,,,,,,12193.8095703125,4120.56005859375,1.9160000085830688
2022-02-08,4512.5,755.7899780273438,7186.7001953125,7028.41015625,,,,,,,12155.66015625,4129.25,1.9539999961853027
2022-02-09,4577.75,769.9400024414062,7268.2998046875,7130.8798828125,,,,,,,12367.8203125,4204.08984375,1.9290000200271606
2022-02-10,4497.5,762.6500244140625,7288.5,7101.5498046875,,,,,,,12313.16015625,4197.06982421875,2.0309998989105225
2022-02-11,4409.5,761.5,7217.2998046875,7011.60009765625,,,,,,,12231.9697265625,4155.22998046875,1.9550000429153442
2022-02-14,4394.0,747.8900146484375,7243.89990234375,6852.2001953125,,,,,,,12026.3701171875,4064.449951171875,1.996000051498413
2022-02-15,4464.5,755.219970703125,7206.89990234375,6979.97021484375,,,,,,,12181.8603515625,4143.7099609375,2.0450000762939453
2022-02-16,4470.0,758.9199829101562,7284.89990234375,6964.97998046875,,,,,,,12191.5703125,4137.22021484375,2.046999931335449
2022-02-17,4374.5,751.2000122070312,7296.2001953125,6946.81982421875,,,,,,,12075.26953125,4113.18994140625,1.972000002861023
2022-02-18,4343.5,744.8900146484375,7221.7001953125,6929.6298828125,,,,,,,12010.08984375,4074.280029296875,1.9320000410079956
2022-02-21,,729.72998046875,7233.60009765625,6788.33984375,,,,,,,11891.8798828125,3985.7099609375,
2022-02-22,4300.0,731.9600219726562,7161.2998046875,6787.60009765625,,,,,,,11959.3896484375,3985.469970703125,1.9479999542236328
2022-02-23,4222.0,727.9099731445312,7205.7001953125,6780.669921875,,,,,,,11941.8896484375,3973.409912109375,1.9769999980926514
2022-02-24,4284.0,708.5499877929688,6990.60009765625,6521.0498046875,,,,,,,11636.759765625,3829.2900390625,1.968999981880188
2022-02-25,4380.0,727.8499755859375,6997.7998046875,6752.43017578125,,,,,,,11987.3095703125,3970.68994140625,1.9859999418258667
2022-02-28,4368.0,729.719970703125,7049.10009765625,6658.830078125,,,,,,,11986.7802734375,3924.22998046875,1.8389999866485596
2022-03-01,4303.75,713.4600219726562,7096.5,6396.490234375,,,,,,,11862.2802734375,3765.85009765625,1.7070000171661377
2022-03-02,4381.75,721.0,7116.7001953125,6498.02001953125,,,,,,,11871.58984375,3820.590087890625,1.8650000095367432
2022-03-03,4359.25,705.4199829101562,7151.39990234375,6378.3701171875,,,,,,,11675.7001953125,3741.780029296875,1.843999981880188
2022-03-04,4327.25,671.72998046875,7110.7998046875,6061.66015625,,,,,,,11300.1298828125,3556.010009765625,1.7239999771118164
2022-03-07,4198.5,669.0399780273438,7038.60009765625,5982.27001953125,,,,,,,11204.669921875,3512.219970703125,1.7510000467300415
2022-03-08,4168.75,656.739990234375,6980.2998046875,5962.9599609375,,,,,,,11057.0595703125,3505.2900390625,1.871999979019165
2022-03-09,4275.25,688.3300170898438,7053.0,6387.830078125,,,,,,,11493.3603515625,3766.02001953125,1.9479999542236328
2022-03-10,4257.25,671.8499755859375,7130.7998046875,6207.2001953125,,,,,,,11391.099609375,3651.389892578125,2.010999917984009
2022-03-11,4201.5,674.7999877929688,7063.60009765625,6260.25,,,,,,,11495.6904296875,3686.780029296875,2.003999948501587
2022-03-14,4172.0,674.2999877929688,7149.39990234375,6369.93994140625,,,,,,,11678.9404296875,3741.10009765625,2.140000104904175
2022-03-15,4262.0,676.3800048828125,7097.39990234375,6355.0,,,,,,,11682.2197265625,3738.110107421875,2.1600000858306885
2022-03-16,4358.0,703.52001953125,7175.2001953125,6588.64013671875,,,,,,,11900.9599609375,3889.68994140625,2.187999963760376
2022-03-17,4410.25,707.4500122070312,7250.7998046875,6612.52001953125,,,,,,,12061.8701171875,3885.320068359375,2.191999912261963
2022-03-18,4409.35009765625,716.3599853515625,7294.39990234375,6620.240234375,,,,,,,12184.990234375,3902.43994140625,2.1480000019073486
2022-03-21,4452.25,718.3699951171875,7278.5,6582.330078125,,,,,,,12171.2802734375,3881.800048828125,2.315000057220459
2022-03-22,4505.0,728.27001953125,7341.10009765625,6659.41015625,,,,,,,12202.6201171875,3926.1201171875,2.372999906539917
2022-03-23,4447.5,721.8099975585938,7377.89990234375,6581.43017578125,,,,,,,12099.5,3869.219970703125,2.321000099182129
2022-03-24,4512.5,720.8499755859375,7387.10009765625,6555.77001953125,,,,,,,12131.4501953125,3863.389892578125,2.3410000801086426
2022-03-25,4536.5,723.9000244140625,7406.2001953125,6553.68017578125,,,,,,,12121.669921875,3867.72998046875,2.492000102996826
2022-03-28,4568.0,720.3599853515625,7412.39990234375,6589.10986328125,,,,,,,12155.9501953125,3887.10009765625,2.4769999980926514
2022-03-29,4625.5,735.1500244140625,7464.2998046875,6792.16015625,,,,,,,12325.580078125,4002.179931640625,2.4000000953674316
2022-03-30,4596.0,733.8800048828125,7514.5,6741.58984375,,,,,,,12243.73046875,3959.139892578125,2.3580000400543213
2022-03-31,4530.75,724.2000122070312,7499.60009765625,6659.8701171875,,,,,,,12161.5302734375,3902.52001953125,2.3269999027252197
2022-04-01,4539.25,728.0,7493.7998046875,6684.31005859375,,,,,,,12179.080078125,3918.679931640625,2.377000093460083
2022-04-04,4577.75,737.7999877929688,7513.7001953125,6731.3701171875,,,,,,,12340.8701171875,3951.1201171875,2.4119999408721924
2022-04-05,4520.25,736.02001953125,7527.89990234375,6645.509765625,,,,,,,12376.9697265625,3917.85009765625,2.555999994277954
2022-04-06,4475.75,719.6699829101562,7490.10009765625,6498.830078125,,,,,,,12320.099609375,3824.68994140625,2.6089999675750732
2022-04-07,4496.25,716.530029296875,7442.7998046875,6461.68017578125,,,,,,,12372.4599609375,3802.010009765625,2.6519999504089355
2022-04-08,4483.5,724.75,7478.0,6548.22021484375,,,,,,,12507.6904296875,3858.3701171875,2.7130000591278076
2022-04-11,4409.0,714.739990234375,7485.2001953125,6555.81005859375,,,,,,,12528.6103515625,3839.6201171875,2.7799999713897705
2022-04-12,4393.0,716.3800048828125,7454.0,6537.41015625,,,,,,,12378.8701171875,3831.469970703125,2.7249999046325684
2022-04-13,4442.25,718.0700073242188,7479.0,6542.14013671875,,,,,,,12378.6796875,3827.9599609375,2.687000036239624
2022-04-14,4387.5,719.7000122070312,7523.39990234375,6589.35009765625,,,,,,,12475.080078125,3848.679931640625,2.828000068664551
2022-04-18,4386.75,,,,,,,,,,,,2.861999988555908
2022-04-19,4459.25,716.5700073242188,7565.2001953125,6534.7900390625,,,,,,,12281.419921875,3830.760009765625,2.9130001068115234
2022-04-20,4455.5,725.6099853515625,7569.2001953125,6624.91015625,,,,,,,12310.169921875,3896.81005859375,2.8399999141693115
2022-04-21,4390.5,729.0499877929688,7592.7998046875,6715.10009765625,,,,,,,12301.330078125,3928.030029296875,2.9170000553131104
2022-04-22,4267.25,717.260009765625,7473.2998046875,6581.419921875,,,,,,,12258.330078125,3840.010009765625,2.9059998989105225
2022-04-25,4292.75,699.1699829101562,,6449.3798828125,,,,,,,12084.98046875,3757.590087890625,2.8259999752044678
2022-04-26,4170.5,695.5700073242188,7318.0,6414.56982421875,,,,,,,11933.2802734375,3721.360107421875,2.7720000743865967
2022-04-27,4180.25,696.3499755859375,7261.2001953125,6445.259765625,,,,,,,12051.48046875,3734.639892578125,2.818000078201294
2022-04-28,4283.5,705.9299926757812,7356.89990234375,6508.14013671875,,,,,,,12068.41015625,3777.02001953125,2.86299991607666
2022-04-29,4127.5,710.97998046875,7435.0,6533.77001953125,,,,,,,12128.759765625,3802.860107421875,2.88700008392334
2022-05-02,4151.0,694.4400024414062,7347.0,6425.60986328125,,,,,,,11971.73046875,3732.43994140625,2.996000051498413
2022-05-03,4169.25,705.9500122070312,7316.2001953125,6476.18017578125,,,,,,,12001.8798828125,3761.18994140625,2.9600000381469727
2022-05-04,4295.25,698.6799926757812,7304.7001953125,6395.68017578125,,,,,,,11880.240234375,3724.989990234375,2.9170000553131104
2022-05-05,4143.25,696.1900024414062,7364.7001953125,6368.39990234375,,,,,,,11877.26953125,3696.6298828125,3.065999984741211
2022-05-06,4119.5,682.1900024414062,7205.60009765625,6258.35986328125,,,,,,,11730.419921875,3629.169921875,3.122999906539917
2022-05-09,3987.5,666.1699829101562,7120.7001953125,6086.02001953125,,,,,,,11444.1796875,3526.860107421875,3.0789999961853027
2022-05-10,3996.75,669.739990234375,7051.2001953125,6116.91015625,,,,,,,11541.7197265625,3554.800048828125,2.993000030517578
2022-05-11,3930.25,682.7000122070312,7064.7001953125,6269.72998046875,,,,,,,11553.66015625,3647.8701171875,2.9210000038146973
2022-05-12,3927.25,675.0900268554688,6941.0,6206.259765625,,,,,,,11506.1298828125,3613.429931640625,2.816999912261963
2022-05-13,4019.75,694.1300048828125,7075.10009765625,6362.68017578125,,,,,,,11650.419921875,3703.419921875,2.934999942779541
2022-05-16,4004.75,694.6199951171875,7093.0,6347.77001953125,,,,,,,11672.23046875,3685.340087890625,2.877000093460083
2022-05-17,4084.75,702.5800170898438,7112.5,6430.18994140625,,,,,,,11730.4404296875,3741.510009765625,2.9679999351501465
2022-05-18,3922.75,693.030029296875,7182.7001953125,6352.93994140625,,,,,,,11579.1396484375,3690.739990234375,2.885999917984009
2022-05-19,3897.75,678.3499755859375,7064.5,6272.7099609375,,,,,,,11309.490234375,3633.330078125,2.8550000190734863
2022-05-20,3899.5,682.9600219726562,7145.60009765625,6285.240234375,,,,,,,11308.98046875,3657.030029296875,2.7869999408721924
2022-05-23,3971.75,694.02001953125,7148.89990234375,6358.740234375,,,,,,,11466.2802734375,3708.389892578125,2.8589999675750732
2022-05-24,3940.5,679.8800048828125,7128.7998046875,6253.14013671875,,,,,,,11483.5595703125,3647.56005859375,2.759999990463257
2022-05-25,3976.75,684.1099853515625,7155.2001953125,6298.64013671875,,,,,,,11491.7998046875,3677.10009765625,2.749000072479248
2022-05-26,4055.75,692.7999877929688,7105.89990234375,6410.580078125,,,,,,,,,2.75600004196167
2022-05-27,4155.75,702.280029296875,7182.7001953125,6515.75,,,,,,,11647.169921875,3808.860107421875,2.743000030517578
2022-05-30,,708.3400268554688,7286.60009765625,6562.39013671875,,,,,,,11736.259765625,3841.6201171875,
2022-05-31,4131.25,712.8800048828125,7211.2001953125,6468.7998046875,,,,,,,11611.3798828125,3789.2099609375,2.8440001010894775
2022-06-01,4099.0,701.1900024414062,7234.0,6418.89013671875,,,,,,,11494.1201171875,3759.5400390625,2.930999994277954
2022-06-02,4175.25,703.4400024414062,7175.89990234375,6500.43994140625,,,,,,,11550.2001953125,3795.1298828125,2.9130001068115234
2022-06-03,4107.0,700.6900024414062,7238.7998046875,6485.2998046875,,,,,,,11529.16015625,3783.659912109375,2.9570000171661377
2022-06-06,4120.5,711.8200073242188,7206.2998046875,6548.77978515625,,,,,,,,,3.0380001068115234
2022-06-07,4158.75,709.1400146484375,7095.7001953125,6500.35009765625,,,,,,,11534.1796875,3806.739990234375,2.9719998836517334
2022-06-08,4114.0,710.989990234375,7121.10009765625,6448.6298828125,,,,,,,11467.3896484375,3788.929931640625,3.0290000438690186
2022-06-09,4016.25,699.5800170898438,7019.7001953125,6358.4599609375,,,,,,,11322.4296875,3724.449951171875,3.0439999103546143
2022-06-10,3899.0,681.969970703125,6932.0,6187.22998046875,,,,,,,11084.6201171875,3599.199951171875,3.1559998989105225
2022-06-13,3750.5,661.5399780273438,,6022.31982421875,,,,,,,10896.25,3502.5,3.365999937057495
2022-06-14,3736.75,652.8699951171875,6686.0,5949.83984375,,,,,,,10699.0703125,3475.179931640625,3.4830000400543213
2022-06-15,3789.25,663.2100219726562,6601.0,6030.1298828125,,,,,,,10783.58984375,3532.320068359375,3.3949999809265137
2022-06-16,3668.25,638.3400268554688,6591.10009765625,5886.240234375,,,,,,,10475.3701171875,3427.909912109375,3.306999921798706
2022-06-17,3663.760009765625,635.75,6474.7998046875,5882.64990234375,,,,,,,10451.3095703125,3438.4599609375,3.239000082015991
2022-06-20,,641.4299926757812,6433.39990234375,5920.08984375,,,,,,,10485.91015625,3469.830078125,
2022-06-21,3767.75,648.030029296875,6523.7998046875,5964.66015625,,,,,,,10479.83984375,3494.0,3.306999921798706
2022-06-22,3762.75,641.8699951171875,6508.5,5916.6298828125,,,,,,,10528.33984375,3464.639892578125,3.1559998989105225
2022-06-23,3799.75,635.9299926757812,6528.39990234375,5883.330078125,,,,,,,10453.3095703125,3436.2900390625,3.068000078201294
2022-06-24,3916.25,660.3200073242188,6578.7001953125,6073.35009765625,,,,,,,10823.1201171875,3533.169921875,3.125
2022-06-27,3903.75,670.530029296875,6706.0,6047.31005859375,,,,,,,10906.8203125,3538.8798828125,3.194000005722046
2022-06-28,3825.5,669.010009765625,6763.60009765625,6086.02001953125,,,,,,,10809.5703125,3549.2900390625,3.2060000896453857
2022-06-29,3821.25,666.5700073242188,6700.2001953125,6031.47998046875,,,,,,,10811.75,3514.320068359375,3.0929999351501465
2022-06-30,3789.5,659.22998046875,6568.10009765625,5922.85986328125,,,,,,,10741.2099609375,3454.860107421875,2.9719998836517334
2022-07-01,3827.25,655.6799926757812,6539.89990234375,5931.06005859375,,,,,,,10770.400390625,3448.31005859375,2.8889999389648438
2022-07-04,,659.6099853515625,6612.60009765625,5954.64990234375,,,,,,,10881.9697265625,3452.419921875,
2022-07-05,3834.0,644.219970703125,6629.2998046875,5794.9599609375,,,,,,,10702.5,3359.830078125,2.809000015258789
2022-07-06,3848.25,656.7100219726562,6594.5,5912.3798828125,,,,,,,10840.599609375,3421.840087890625,2.9130001068115234
2022-07-07,3905.0,671.4199829101562,6648.0,6006.7001953125,,,,,,,10940.98046875,3488.5,3.007999897003174
2022-07-08,3901.25,674.219970703125,6678.0,6033.1298828125,,,,,,,11015.0302734375,3506.550048828125,3.1010000705718994
2022-07-11,3856.75,669.1699829101562,6602.2001953125,5996.2998046875,,,,,,,11027.16015625,3471.68994140625,2.990999937057495
2022-07-12,3823.75,670.6799926757812,6606.2998046875,6044.2001953125,,,,,,,11069.830078125,3487.050048828125,2.9579999446868896
2022-07-13,3804.5,665.9099731445312,6621.60009765625,6000.240234375,,,,,,,10904.849609375,3453.969970703125,2.9040000438690186
2022-07-14,3793.25,659.7100219726562,6650.60009765625,5915.41015625,,,,,,,10799.51953125,3396.610107421875,2.9600000381469727
2022-07-15,3865.0,671.9199829101562,6605.60009765625,6036.0,,,,,,,10982.08984375,3477.199951171875,2.930000066757202
2022-07-18,3833.75,681.0999755859375,6687.10009765625,6091.91015625,,,,,,,11010.1796875,3511.860107421875,2.9600000381469727
2022-07-19,3937.5,689.469970703125,6649.60009765625,6201.22021484375,,,,,,,11122.080078125,3587.43994140625,3.0190000534057617
2022-07-20,3962.5,694.4099731445312,6759.2001953125,6184.66015625,,,,,,,11059.490234375,3585.239990234375,3.0360000133514404
2022-07-21,4001.25,704.6099853515625,6794.2998046875,6201.10986328125,,,,,,,11134.740234375,3596.510009765625,2.9100000858306885
2022-07-22,3965.0,705.0399780273438,6791.5,6216.81982421875,,,,,,,11096.1201171875,3596.489990234375,2.7829999923706055
2022-07-25,3970.0,707.010009765625,6789.89990234375,6237.5498046875,,,,,,,11129.349609375,3604.159912109375,2.819999933242798
2022-07-26,3923.25,706.260009765625,6807.2998046875,6211.4501953125,,,,,,,11102.3095703125,3575.360107421875,2.7869999408721924
2022-07-27,4024.5,713.530029296875,6823.2001953125,6257.93994140625,,,,,,,11056.740234375,3607.780029296875,2.7339999675750732
2022-07-28,4073.5,722.3800048828125,6889.7001953125,6339.2099609375,,,,,,,11129.330078125,3652.199951171875,2.680999994277954
2022-07-29,4133.5,729.4400024414062,6945.2001953125,6448.5,,,,,,,11145.91015625,3708.10009765625,2.6419999599456787
2022-08-01,4120.5,728.1799926757812,6993.0,6436.85986328125,,,,,,,,,2.6059999465942383
2022-08-02,4093.75,725.75,6998.10009765625,6409.7998046875,,,,,,,11118.099609375,3684.6298828125,2.740999937057495
2022-08-03,4156.25,734.530029296875,6975.89990234375,6472.06005859375,,,,,,,11178.990234375,3732.5400390625,2.747999906539917
2022-08-04,4152.25,731.5800170898438,6974.89990234375,6513.39013671875,,,,,,,11202.66015625,3754.60009765625,2.6760001182556152
2022-08-05,4146.75,722.739990234375,7015.60009765625,6472.35009765625,,,,,,,11123.0703125,3725.389892578125,2.8399999141693115
2022-08-08,4141.75,727.8699951171875,7020.60009765625,6524.43994140625,,,,,,,11166.3203125,3757.219970703125,2.765000104904175
2022-08-09,4124.5,716.9299926757812,7029.7998046875,6490.0,,,,,,,11132.48046875,3715.3701171875,2.796999931335449
2022-08-10,4210.0,724.27001953125,6992.7001953125,6523.43994140625,,,,,,,11155.099609375,3749.35009765625,2.7860000133514404
2022-08-11,4209.75,725.7899780273438,7071.0,6544.669921875,,,,,,,11154.580078125,3757.050048828125,2.888000011444092
2022-08-12,4281.0,725.760009765625,7032.5,6553.85986328125,,,,,,,11128.240234375,3776.81005859375,2.8489999771118164
2022-08-15,4298.25,728.8800048828125,7064.2998046875,6569.9501953125,,,,,,,11171.5400390625,3789.6201171875,2.7909998893737793
2022-08-16,4307.75,728.1099853515625,7105.39990234375,6592.580078125,,,,,,,11130.4404296875,3805.219970703125,2.8239998817443848
2022-08-17,4276.75,723.0900268554688,7127.7001953125,6528.31982421875,,,,,,,11128.1904296875,3756.06005859375,2.8929998874664307
2022-08-18,4286.5,725.8599853515625,7112.7998046875,6557.39990234375,,,,,,,11167.58984375,3777.3798828125,2.880000114440918
2022-08-19,4231.5,719.52001953125,7114.5,6495.830078125,,,,,,,11156.7197265625,3730.320068359375,2.989000082015991
2022-08-22,4141.25,711.0399780273438,7046.89990234375,6378.740234375,,,,,,,11085.83984375,3658.219970703125,3.0369999408721924
2022-08-23,4130.5,710.8699951171875,6961.7998046875,6362.02001953125,,,,,,,10933.0595703125,3652.52001953125,3.053999900817871
2022-08-24,4142.75,713.8099975585938,6998.10009765625,6386.759765625,,,,,,,11012.8701171875,3667.4599609375,3.1059999465942383
2022-08-25,4201.0,718.25,7048.10009765625,6381.56005859375,,,,,,,11063.8798828125,3674.5400390625,3.0260000228881836
2022-08-26,4059.5,705.0800170898438,7104.10009765625,6274.259765625,,,,,,,10942.16015625,3603.679931640625,3.0350000858306885
2022-08-29,4031.25,698.3300170898438,6965.5,6222.27978515625,,,,,,,10896.740234375,3570.510009765625,3.109999895095825
2022-08-30,3987.5,690.3099975585938,6998.2998046875,6210.22021484375,,,,,,,10884.9501953125,3561.919921875,3.109999895095825
2022-08-31,3956.5,680.3099975585938,6986.7998046875,6125.10009765625,,,,,,,10855.0302734375,3517.25,3.132999897003174
2022-09-01,3968.75,666.9400024414062,6845.60009765625,6034.31005859375,,,,,,,10663.4404296875,3456.699951171875,3.265000104904175
2022-09-02,3924.5,678.5700073242188,6828.7001953125,6167.509765625,,,,,,,10891.7099609375,3544.3798828125,3.193000078201294
2022-09-05,,674.1199951171875,6852.2001953125,6093.22021484375,,,,,,,10819.5400390625,3490.010009765625,
2022-09-06,3910.5,675.27001953125,6826.5,6104.60986328125,,,,,,,10834.1796875,3500.139892578125,3.3399999141693115
2022-09-07,3980.0,671.27001953125,6729.2998046875,6105.919921875,,,,,,,10805.16015625,3502.090087890625,3.265000104904175
2022-09-08,4005.5,674.4000244140625,6848.7001953125,6125.89990234375,,,,,,,10790.3203125,3512.3798828125,3.2920000553131104
2022-09-09,4067.25,685.969970703125,6894.2001953125,6212.330078125,,,,,,,10900.240234375,3570.0400390625,3.321000099182129
2022-09-12,4110.75,696.8699951171875,6964.5,6333.58984375,,,,,,,10990.75,3646.510009765625,3.361999988555908
2022-09-13,3931.25,684.22998046875,7009.7001953125,6245.68994140625,,,,,,,10891.5400390625,3586.179931640625,3.421999931335449
2022-09-14,3947.5,680.8599853515625,6828.60009765625,6222.41015625,,,,,,,10754.400390625,3567.56005859375,3.4119999408721924
2022-09-15,3902.0,674.739990234375,6842.89990234375,6157.83984375,,,,,,,10746.7001953125,3541.7900390625,3.4590001106262207
2022-09-16,3871.239990234375,664.8300170898438,6739.10009765625,6077.2998046875,,,,,,,10610.650390625,3500.409912109375,3.447999954223633
2022-09-19,3917.25,665.4299926757812,6719.89990234375,6061.58984375,,,,,,,10617.009765625,3499.489990234375,3.490000009536743
2022-09-20,3872.75,661.6099853515625,6806.39990234375,5979.47021484375,,,,,,,10476.5400390625,3467.090087890625,3.571000099182129
2022-09-21,3806.25,669.7899780273438,6700.2001953125,6031.330078125,,,,,,,10429.400390625,3491.8701171875,3.509999990463257
2022-09-22,3772.0,657.4000244140625,,5918.5,,,,,,,10297.650390625,3427.139892578125,3.7079999446868896
2022-09-23,3709.0,639.280029296875,6574.7001953125,5783.41015625,,,,,,,10137.7802734375,3348.60009765625,3.697000026702881
2022-09-26,3670.0,640.4099731445312,6469.39990234375,5769.39013671875,,,,,,,10072.6201171875,3342.56005859375,3.878000020980835
2022-09-27,3661.0,642.719970703125,6496.2001953125,5753.81982421875,,,,,,,10126.4296875,3328.64990234375,3.9639999866485596
2022-09-28,3732.0,641.0900268554688,6462.0,5765.009765625,,,,,,,10220.759765625,3335.300048828125,3.7049999237060547
2022-09-29,3654.25,633.5499877929688,6555.0,5676.8701171875,,,,,,,10126.990234375,3279.0400390625,3.746999979019165
2022-09-30,3601.5,640.6199951171875,6474.2001953125,5762.33984375,,,,,,,10267.5498046875,3318.199951171875,3.803999900817871
2022-10-03,3690.25,645.7999877929688,6456.89990234375,5794.14990234375,,,,,,,10290.7099609375,3342.169921875,3.6510000228881836
2022-10-04,3803.25,669.5900268554688,6699.2998046875,6039.68994140625,,,,,,,10590.919921875,3484.47998046875,3.617000102996826
2022-10-05,3794.0,664.4500122070312,6815.7001953125,5985.4599609375,,,,,,,10477.6904296875,3447.719970703125,3.759000062942505
2022-10-06,3756.75,661.3800048828125,6817.5,5936.419921875,,,,,,,10391.1298828125,3433.449951171875,3.8259999752044678
2022-10-07,3653.25,647.1099853515625,6762.7998046875,5866.93994140625,,,,,,,10308.5703125,3375.4599609375,3.882999897003174
2022-10-10,3625.25,641.2100219726562,6667.7998046875,5840.5498046875,,,,,,,10262.51953125,3356.8798828125,3.888000011444092
2022-10-11,3599.25,636.3099975585938,6645.0,5833.2001953125,,,,,,,10207.830078125,3340.35009765625,3.938999891281128
2022-10-12,3588.5,631.1799926757812,6647.5,5818.47021484375,,,,,,,10199.3203125,3331.530029296875,3.9019999504089355
2022-10-13,3681.75,633.010009765625,6642.60009765625,5879.18994140625,,,,,,,10227.900390625,3362.39990234375,3.9519999027252197
2022-10-14,3597.5,630.5800170898438,6758.7998046875,5931.919921875,,,,,,,10329.33984375,3381.72998046875,4.010000228881836
2022-10-17,3689.25,640.9500122070312,6664.39990234375,6040.66015625,,,,,,,10498.7099609375,3441.639892578125,4.014999866485596
2022-10-18,3732.75,642.47998046875,6779.2001953125,6067.0,,,,,,,10578.759765625,3463.830078125,3.997999906539917
2022-10-19,3707.25,645.3900146484375,6800.10009765625,6040.72021484375,,,,,,,10484.1396484375,3471.239990234375,4.126999855041504
2022-10-20,3675.25,652.0399780273438,6730.7001953125,6086.89990234375,,,,,,,10473.4501953125,3492.85009765625,4.22599983215332
2022-10-21,3764.0,652.4600219726562,6676.7998046875,6035.39013671875,,,,,,,10418.599609375,3476.6298828125,4.2129998207092285
2022-10-24,3809.25,653.5399780273438,6779.39990234375,6131.35986328125,,,,,,,10595.5302734375,3527.7900390625,4.234000205993652
2022-10-25,3870.25,666.2100219726562,6798.60009765625,6250.5498046875,,,,,,,10773.33984375,3585.580078125,4.107999801635742
2022-10-26,3841.0,665.6300048828125,6810.89990234375,6276.31005859375,,,,,,,10817.2099609375,3605.31005859375,4.014999866485596
2022-10-27,3819.5,669.4000244140625,6845.10009765625,6244.02978515625,,,,,,,10706.6201171875,3604.510009765625,3.937000036239624
2022-10-28,3911.25,667.52001953125,6785.7001953125,6273.0498046875,,,,,,,10772.3701171875,3613.02001953125,4.010000228881836
2022-10-31,3883.0,670.6199951171875,6863.5,6266.77001953125,,,,,,,10827.9296875,3617.5400390625,4.077000141143799
2022-11-01,3866.0,673.3200073242188,6976.89990234375,6328.25,,,,,,,10783.650390625,3651.02001953125,4.052000045776367
2022-11-02,3768.75,667.239990234375,6986.7001953125,6276.8798828125,,,,,,,10806.23046875,3622.010009765625,4.059000015258789
2022-11-03,3727.75,661.1799926757812,6857.89990234375,6243.27978515625,,,,,,,10710.58984375,3593.179931640625,4.124000072479248
2022-11-04,3779.5,671.8800048828125,6892.5,6416.43994140625,,,,,,,10787.76953125,3688.330078125,4.156000137329102
2022-11-07,3815.25,676.0599975585938,6933.7001953125,6416.60986328125,,,,,,,10750.3896484375,3708.800048828125,4.214000225067139
2022-11-08,3835.25,683.9600219726562,6958.89990234375,6441.5,,,,,,,10827.0400390625,3739.280029296875,4.125999927520752
2022-11-09,3755.5,677.260009765625,6999.2998046875,6430.56982421875,,,,,,,10904.330078125,3728.030029296875,4.151000022888184
2022-11-10,3961.0,700.6500244140625,6964.0,6556.830078125,,,,,,,11120.490234375,3846.56005859375,3.8289999961853027
2022-11-11,4000.25,702.9099731445312,7158.0,6594.6201171875,,,,,,,11127.150390625,3868.5,3.812999963760376
2022-11-14,3966.0,706.6699829101562,7146.2998046875,6609.169921875,,,,,,,10999.58984375,3887.510009765625,3.865000009536743
2022-11-15,3999.5,716.4299926757812,7141.60009765625,6641.66015625,,,,,,,11026.2197265625,3915.090087890625,3.7990000247955322
2022-11-16,3968.5,709.1099853515625,7122.2001953125,6607.22021484375,,,,,,,10936.6201171875,3882.780029296875,3.691999912261963
2022-11-17,3955.25,708.3800048828125,7135.7001953125,6576.1201171875,,,,,,,10917.8798828125,3878.419921875,3.7750000953674316
2022-11-18,3974.0,712.5499877929688,7151.7998046875,6644.4599609375,,,,,,,11045.490234375,3924.840087890625,3.818000078201294
2022-11-21,3958.0,710.3800048828125,7139.2998046875,6634.4501953125,,,,,,,11085.0400390625,3909.280029296875,3.825000047683716
2022-11-22,4010.25,716.3300170898438,7181.2998046875,6657.52978515625,,,,,,,11074.2998046875,3929.89990234375,3.757999897003174
2022-11-23,4033.0,721.4500122070312,7247.39990234375,6679.08984375,,,,,,,11094.4599609375,3946.43994140625,3.7060000896453857
2022-11-24,,722.739990234375,7241.7998046875,6707.31982421875,,,,,,,11157.5595703125,3961.989990234375,
2022-11-25,4032.5,722.9299926757812,7259.5,6712.47998046875,,,,,,,11168.0302734375,3962.409912109375,3.690999984741211
2022-11-28,3970.25,720.510009765625,7229.10009765625,6665.2001953125,,,,,,,11162.16015625,3935.510009765625,3.703000068664551
2022-11-29,3962.0,717.739990234375,7253.2998046875,6668.97021484375,,,,,,,11077.8095703125,3934.43994140625,3.747999906539917
2022-11-30,4081.25,724.0999755859375,7284.2001953125,6738.5498046875,,,,,,,11127.76953125,3964.719970703125,3.703000068664551
2022-12-01,4081.75,731.739990234375,7354.39990234375,6753.97021484375,,,,,,,11238.2001953125,3984.5,3.5290000438690186
2022-12-02,4075.5,731.0399780273438,7301.5,6742.25,,,,,,,11198.1298828125,3977.89990234375,3.50600004196167
2022-12-05,4003.25,727.0900268554688,7325.60009765625,6696.9599609375,,,,,,,11194.669921875,3956.530029296875,3.5989999771118164
2022-12-06,3945.0,723.6799926757812,7291.2998046875,6687.7900390625,,,,,,,11109.330078125,3939.18994140625,3.513000011444092
2022-12-07,3936.75,718.3400268554688,7229.39990234375,6660.58984375,,,,,,,11009.9501953125,3920.89990234375,3.4079999923706055
2022-12-08,3965.75,719.8300170898438,7175.5,6647.31005859375,,,,,,,11004.5302734375,3921.27001953125,3.490999937057495
2022-12-09,3936.25,724.1699829101562,7213.2001953125,6677.64013671875,,,,,,,11068.2998046875,3942.6201171875,3.566999912261963
2022-12-12,3991.75,720.6900024414062,7180.7998046875,6650.5498046875,,,,,,,11033.6396484375,3921.820068359375,3.6110000610351562
2022-12-13,4022.25,732.9500122070312,7203.2998046875,6744.97998046875,,,,,,,11136.6201171875,3986.830078125,3.500999927520752
2022-12-14,3998.0,730.8699951171875,7251.2998046875,6730.7900390625,,,,,,,11160.6904296875,3975.260009765625,3.503000020980835
2022-12-15,3897.0,707.5999755859375,7204.7998046875,6522.77001953125,,,,,,,10880.1396484375,3835.699951171875,3.450000047683716
2022-12-16,3871.469970703125,700.0,7148.7001953125,6452.6298828125,,,,,,,10770.3798828125,3804.02001953125,3.4820001125335693
2022-12-19,3845.5,700.7100219726562,7133.89990234375,6473.2900390625,,,,,,,10773.23046875,3811.239990234375,3.5810000896453857
2022-12-20,3849.25,697.25,7024.2998046875,6450.43017578125,,,,,,,10659.1904296875,3802.489990234375,3.684000015258789
2022-12-21,3905.75,709.5800170898438,7115.10009765625,6580.240234375,,,,,,,10845.58984375,3872.14990234375,3.684000015258789
2022-12-22,3849.25,700.4000244140625,7152.5,6517.97021484375,,,,,,,10774.6396484375,3823.2900390625,3.6689999103546143
2022-12-23,3869.75,701.0599975585938,7107.7001953125,6504.89990234375,,,,,,,10804.6796875,3817.010009765625,3.750999927520752
2022-12-27,3855.0,701.0599975585938,,6550.66015625,,,,,,,10839.2197265625,3832.889892578125,3.859999895095825
2022-12-28,3807.5,694.8400268554688,7086.39990234375,6510.490234375,,,,,,,10812.669921875,3808.820068359375,3.88700008392334
2022-12-29,3871.75,701.010009765625,7020.10009765625,6573.47021484375,,,,,,,10857.349609375,3850.070068359375,3.8350000381469727
2022-12-30,3861.0,689.010009765625,7038.7001953125,6473.759765625,,,,,,,10729.400390625,3793.6201171875,3.878999948501587
2023-01-02,,701.1599731445312,,6594.56982421875,,,,,,,,,
2023-01-03,3846.0,707.6300048828125,6946.2001953125,6623.89013671875,,,,,,,10978.6396484375,3882.2900390625,3.7929999828338623
2023-01-04,3874.5,717.510009765625,7059.2001953125,6776.43017578125,,,,,,,11140.26953125,3973.969970703125,3.7090001106262207
2023-01-05,3829.0,714.3200073242188,7063.60009765625,6761.5,,,,,,,11057.3896484375,3959.47998046875,3.7200000286102295
2023-01-06,3915.5,724.260009765625,7109.60009765625,6860.9501953125,,,,,,,11144.5400390625,4017.830078125,3.569000005722046
2023-01-09,3913.75,736.1799926757812,7151.2998046875,6907.35986328125,,,,,,,11212.5703125,4068.6201171875,3.5169999599456787
2023-01-10,3940.75,733.030029296875,7131.0,6869.14013671875,,,,,,,11162.150390625,4057.4599609375,3.621000051498413
2023-01-11,3990.0,738.8300170898438,7195.2998046875,6924.18994140625,,,,,,,11246.009765625,4099.759765625,3.553999900817871
2023-01-12,4003.5,741.9000244140625,7280.39990234375,6975.68017578125,,,,,,,11287.8203125,4126.68017578125,3.4489998817443848
2023-01-13,4018.25,748.0399780273438,7328.10009765625,7023.5,,,,,,,11290.7900390625,4150.7998046875,3.510999917984009
2023-01-16,,748.3499755859375,7388.2001953125,7043.31005859375,,,,,,,11435.990234375,4157.0,
2023-01-17,4009.5,748.8099975585938,7386.2998046875,7077.16015625,,,,,,,11401.990234375,4174.330078125,3.5350000858306885
2023-01-18,3945.75,749.1199951171875,7393.39990234375,7083.39013671875,,,,,,,11366.6201171875,4174.33984375,3.375
2023-01-19,3915.5,735.6799926757812,7435.2998046875,6951.8701171875,,,,,,,11258.9697265625,4094.280029296875,3.3970000743865967
2023-01-20,3988.5,738.6400146484375,7452.2001953125,6995.990234375,,,,,,,11295.01953125,4119.89990234375,3.4839999675750732
2023-01-23,4036.5,747.8699951171875,7457.2998046875,7032.02001953125,,,,,,,11406.26953125,4150.81982421875,3.5250000953674316
2023-01-24,4032.75,746.4000244140625,7490.39990234375,7050.47998046875,,,,,,,11406.2900390625,4153.02001953125,3.4690001010894775
2023-01-25,4032.0,741.3400268554688,7468.2998046875,7043.8798828125,,,,,,,11404.76953125,4148.10986328125,3.4619998931884766
2023-01-26,4075.5,747.2100219726562,,7095.990234375,,,,,,,11317.5595703125,4173.97998046875,3.493000030517578
2023-01-27,4084.25,750.6699829101562,7493.7998046875,7097.2099609375,,,,,,,11332.2998046875,4178.009765625,3.5179998874664307
2023-01-30,4032.5,744.8300170898438,7481.7001953125,7082.009765625,,,,,,,11379.6396484375,4158.6298828125,3.5510001182556152
2023-01-31,4090.0,745.1900024414062,7476.7001953125,7082.419921875,,,,,,,11285.7802734375,4163.4501953125,3.5290000438690186
2023-02-01,4132.25,747.6799926757812,7501.7001953125,7077.10986328125,,,,,,,11200.9296875,4171.43994140625,3.3970000743865967
2023-02-02,4191.5,758.6099853515625,7511.60009765625,7166.27001953125,,,,,,,11188.419921875,4241.1201171875,3.3959999084472656
2023-02-03,4147.75,763.8599853515625,7558.10009765625,7233.93994140625,,,,,,,11349.3896484375,4257.97998046875,3.5320000648498535
2023-02-06,4123.5,752.4000244140625,7539.0,7137.10009765625,,,,,,,11283.25,4205.4501953125,3.634000062942505
2023-02-07,4175.75,753.0900268554688,7504.10009765625,7132.35009765625,,,,,,,11233.8701171875,4209.31005859375,3.6740000247955322
2023-02-08,4130.5,748.4000244140625,7530.10009765625,7119.830078125,,,,,,,11276.2802734375,4209.14990234375,3.6530001163482666
2023-02-09,4091.75,757.0499877929688,7490.2998046875,7188.35986328125,,,,,,,11217.73046875,4250.14013671875,3.683000087738037
2023-02-10,4099.75,752.219970703125,7433.7001953125,7129.72998046875,,,,,,,11130.4599609375,4197.93994140625,3.74399995803833
2023-02-13,4147.25,762.6400146484375,7417.7998046875,7208.58984375,,,,,,,11209.33984375,4241.35986328125,3.7170000076293945
2023-02-14,4145.5,762.969970703125,7430.89990234375,7213.81005859375,,,,,,,11231.91015625,4238.759765625,3.760999917984009
2023-02-15,4158.25,769.72998046875,7352.2001953125,7300.85986328125,,,,,,,11272.669921875,4280.0400390625,3.809000015258789
2023-02-16,4099.75,771.6900024414062,7410.2998046875,7366.16015625,,,,,,,11194.91015625,4297.240234375,3.8429999351501465
2023-02-17,4087.5,765.0399780273438,7346.7998046875,7347.72021484375,,,,,,,11256.2900390625,4274.919921875,3.828000068664551
2023-02-20,,762.6300048828125,7351.5,7335.60986328125,,,,,,,11266.6796875,4271.18017578125,
2023-02-21,4005.75,757.6599731445312,7336.2998046875,7308.64990234375,,,,,,,11282.16015625,4250.39990234375,3.9549999237060547
2023-02-22,3999.0,756.6300048828125,7314.5,7299.259765625,,,,,,,11300.2900390625,4242.8798828125,3.9230000972747803
2023-02-23,4018.75,755.719970703125,7285.39990234375,7317.43017578125,,,,,,,11247.75,4258.16015625,3.878999948501587
2023-02-24,3975.75,746.4099731445312,7307.0,7187.27001953125,,,,,,,11181.76953125,4178.81982421875,3.9489998817443848
2023-02-27,3988.0,756.989990234375,7224.7998046875,7295.5498046875,,,,,,,11219.9296875,4248.009765625,3.921999931335449
2023-02-28,3975.5,752.9299926757812,7258.39990234375,7267.93017578125,,,,,,,11098.349609375,4238.3798828125,3.9159998893737793
2023-03-01,3956.5,749.3800048828125,7251.60009765625,7234.25,,,,,,,11056.080078125,4215.75,3.99399995803833
2023-03-02,3984.75,755.1699829101562,7255.39990234375,7284.22021484375,,,,,,,11165.580078125,4240.58984375,4.072999954223633
2023-03-03,4049.75,760.5700073242188,7283.60009765625,7348.1201171875,,,,,,,11190.08984375,4294.7998046875,3.9639999866485596
2023-03-06,4052.5,759.8300170898438,7328.60009765625,7373.2099609375,,,,,,,11147.25,4313.77978515625,3.9830000400543213
2023-03-07,3989.75,751.52001953125,7364.7001953125,7339.27001953125,,,,,,,11064.080078125,4278.9599609375,3.9749999046325684
2023-03-08,3995.0,753.3499755859375,7307.7998046875,7324.759765625,,,,,,,11025.259765625,4288.4501953125,3.9760000705718994
2023-03-09,3920.0,753.2000122070312,7311.10009765625,7315.8798828125,,,,,,,10948.849609375,4286.1201171875,3.924999952316284
2023-03-10,3862.75,743.030029296875,7144.7001953125,7220.669921875,,,,,,,10765.259765625,4229.52978515625,3.694999933242798
2023-03-13,3856.75,727.25,7108.7998046875,7011.5,,,,,,,10632.0498046875,4096.5400390625,3.515000104904175
2023-03-14,3920.5,737.52001953125,7008.89990234375,7141.56982421875,,,,,,,10716.7197265625,4179.47021484375,3.638000011444092
2023-03-15,3892.75,716.469970703125,7068.89990234375,6885.7099609375,,,,,,,10516.400390625,4034.919921875,3.492000102996826
2023-03-16,3960.5,727.0599975585938,6965.5,7025.72021484375,,,,,,,10719.099609375,4116.97998046875,3.5850000381469727
2023-03-17,3957.050048828125,722.4299926757812,6994.7998046875,6925.39990234375,,,,,,,10613.5498046875,4064.989990234375,3.3949999809265137
2023-03-20,3983.0,729.0499877929688,6898.5,7013.14013671875,,,,,,,10643.6396484375,4119.419921875,3.4809999465942383
2023-03-21,4035.75,736.1799926757812,6955.39990234375,7112.91015625,,,,,,,10792.580078125,4181.60009765625,3.6059999465942383
2023-03-22,3970.5,741.7999877929688,7015.60009765625,7131.1201171875,,,,,,,10782.2802734375,4195.7001953125,3.5
2023-03-23,3978.0,743.5900268554688,6968.60009765625,7139.25,,,,,,,10718.5400390625,4207.14013671875,3.4059998989105225
2023-03-24,4001.25,731.8099975585938,6955.2001953125,7015.10009765625,,,,,,,10634.0400390625,4130.6201171875,3.380000114440918
2023-03-27,4007.25,735.9099731445312,6962.0,7078.27001953125,,,,,,,10786.2197265625,4164.6201171875,3.5280001163482666
2023-03-28,4001.5,733.8099975585938,7034.10009765625,7088.33984375,,,,,,,10839.1103515625,4168.2099609375,3.563999891281128
2023-03-29,4057.5,745.5399780273438,7050.2998046875,7186.990234375,,,,,,,10963.3095703125,4231.27001953125,3.565999984741211
2023-03-30,4080.0,752.4600219726562,7122.2998046875,7263.3701171875,,,,,,,11032.2099609375,4285.419921875,3.5510001182556152
2023-03-31,4137.75,756.1799926757812,7177.7998046875,7322.39013671875,,,,,,,11106.240234375,4315.0498046875,3.49399995803833
2023-04-03,4153.75,758.4099731445312,7223.0,7345.9599609375,,,,,,,11093.08984375,4311.0498046875,3.430000066757202
2023-04-04,4129.0,758.3599853515625,7236.0,7344.9599609375,,,,,,,11073.48046875,4315.31982421875,3.3369998931884766
2023-04-05,4117.25,755.760009765625,7237.2001953125,7316.2998046875,,,,,,,11115.400390625,4298.35986328125,3.2869999408721924
2023-04-06,4132.0,759.8400268554688,7219.0,7324.75,,,,,,,11230.0703125,4309.4501953125,3.2880001068115234
2023-04-10,4136.25,,,,,,,,,,,,3.4149999618530273
2023-04-11,4136.5,763.3200073242188,7309.89990234375,7390.27978515625,,,,,,,11265.2998046875,4333.2900390625,3.434000015258789
2023-04-12,4119.0,759.5399780273438,7343.89990234375,7396.93994140625,,,,,,,11231.990234375,4334.02978515625,3.4210000038146973
2023-04-13,4172.75,760.5700073242188,7324.10009765625,7480.830078125,,,,,,,11258.9501953125,4363.240234375,3.4519999027252197
2023-04-14,4163.75,761.4000244140625,7361.60009765625,7519.60986328125,,,,,,,11342.8603515625,4390.75,3.5220000743865967
2023-04-17,4176.75,758.5,7381.5,7498.18017578125,,,,,,,11311.759765625,4367.60986328125,3.5910000801086426
2023-04-18,4180.0,763.1500244140625,7360.2001953125,7533.6298828125,,,,,,,11358.98046875,4393.9501953125,3.572000026702881
2023-04-19,4178.5,760.219970703125,7365.5,7549.43994140625,,,,,,,11366.2197265625,4393.56982421875,3.6019999980926514
2023-04-20,4152.5,761.0999755859375,7362.2001953125,7538.7099609375,,,,,,,11390.6396484375,4384.85986328125,3.5450000762939453
2023-04-21,4156.75,762.1900024414062,7330.39990234375,7577.0,,,,,,,11460.580078125,4408.58984375,3.569999933242798
2023-04-24,4159.5,762.489990234375,7322.0,7573.85986328125,,,,,,,11467.2001953125,4401.7998046875,3.515000104904175
2023-04-25,4093.25,755.4500122070312,,7531.60986328125,,,,,,,11513.1201171875,4377.85009765625,3.3959999084472656
2023-04-26,4076.0,749.5999755859375,7316.2998046875,7466.66015625,,,,,,,11364.91015625,4347.7099609375,3.431999921798706
2023-04-27,4153.75,752.5999755859375,7292.7001953125,7483.83984375,,,,,,,11361.8896484375,4358.0498046875,3.5280001163482666
2023-04-28,4188.5,758.489990234375,7309.2001953125,7491.5,,,,,,,11437.1396484375,4359.31005859375,3.4519999027252197
2023-05-01,4185.75,,7334.60009765625,,,,,,,,,,3.5739998817443848
2023-05-02,4136.75,744.3099975585938,7267.39990234375,7383.2001953125,,,,,,,11423.330078125,4294.85009765625,3.438999891281128
2023-05-03,4107.5,744.239990234375,7197.39990234375,7403.830078125,,,,,,,11506.1904296875,4310.18017578125,3.4030001163482666
2023-05-04,4075.75,741.219970703125,7193.10009765625,7340.77001953125,,,,,,,11456.3701171875,4287.02978515625,3.3510000705718994
2023-05-05,4150.25,750.47998046875,7220.0,7432.93017578125,,,,,,,11554.240234375,4340.43017578125,3.446000099182129
2023-05-08,4152.75,752.6799926757812,7276.5,7440.91015625,,,,,,,11595.25,4348.64990234375,3.5209999084472656
2023-05-09,4134.0,748.3800048828125,7264.10009765625,7397.169921875,,,,,,,11546.0400390625,4323.08984375,3.5209999084472656
2023-05-10,4152.0,748.2899780273438,7255.7001953125,7361.2001953125,,,,,,,11447.23046875,4306.759765625,3.438999891281128
2023-05-11,4143.75,751.1199951171875,7251.89990234375,7381.77978515625,,,,,,,11522.9697265625,4309.75,3.3970000743865967
2023-05-12,4138.0,752.989990234375,7256.7001953125,7414.85009765625,,,,,,,11564.73046875,4317.8798828125,3.4630000591278076
2023-05-15,4150.0,756.1799926757812,7267.10009765625,7418.2099609375,,,,,,,11578.25,4316.41015625,3.507999897003174
2023-05-16,4123.0,756.219970703125,7234.7001953125,7406.009765625,,,,,,,11519.8701171875,4315.509765625,3.5490000247955322
2023-05-17,4171.5,758.280029296875,7199.2001953125,7399.43994140625,,,,,,,11437.7802734375,4323.22998046875,3.5810000896453857
2023-05-18,4212.0,765.280029296875,7236.7998046875,7446.89013671875,,,,,,,,,3.6480000019073486
2023-05-19,4204.75,767.0999755859375,7279.5,7491.9599609375,,,,,,,11571.16015625,4395.2998046875,3.691999912261963
2023-05-22,4205.0,767.6099853515625,7263.2998046875,7478.16015625,,,,,,,11553.23046875,4385.6298828125,3.7190001010894775
2023-05-23,4158.75,765.97998046875,7259.89990234375,7378.7099609375,,,,,,,11484.900390625,4342.3798828125,3.697999954223633
2023-05-24,4126.0,754.1300048828125,7213.7998046875,7253.4599609375,,,,,,,11383.1396484375,4263.740234375,3.7190001010894775
2023-05-25,4159.75,755.2100219726562,7138.2001953125,7229.27001953125,,,,,,,11325.259765625,4269.64013671875,3.813999891281128
2023-05-26,4213.25,767.8599853515625,7154.7998046875,7319.18017578125,,,,,,,11434.240234375,4337.5,3.809999942779541
2023-05-29,,764.0999755859375,7217.39990234375,7303.81005859375,,,,,,,,,
2023-05-30,4215.0,756.6699829101562,7209.2998046875,7209.75,,,,,,,11282.4501953125,4291.580078125,3.700000047683716
2023-05-31,4190.5,748.8599853515625,7091.2998046875,7098.7001953125,,,,,,,11217.8896484375,4218.0400390625,3.63700008392334
2023-06-01,4228.0,756.3499755859375,7110.7998046875,7137.43017578125,,,,,,,11296.2802734375,4257.60986328125,3.6080000400543213
2023-06-02,4288.0,764.9199829101562,7145.10009765625,7270.68994140625,,,,,,,11443.349609375,4323.52001953125,3.690999984741211
2023-06-05,4281.0,763.3400268554688,7216.2998046875,7200.91015625,,,,,,,11415.0,4293.240234375,3.693000078201294
2023-06-06,4289.75,762.219970703125,7129.60009765625,7209.0,,,,,,,11468.26953125,4295.22021484375,3.6989998817443848
2023-06-07,4274.25,761.6099853515625,7118.0,7202.7900390625,,,,,,,11348.1103515625,4291.91015625,3.7839999198913574
2023-06-08,4298.25,760.9400024414062,7099.7001953125,7222.14990234375,,,,,,,11308.900390625,4297.68017578125,3.7139999866485596
2023-06-09,4304.75,759.3200073242188,7122.5,7213.14013671875,,,,,,,11254.419921875,4289.7900390625,3.744999885559082
2023-06-12,4342.75,760.3400268554688,,7250.35009765625,,,,,,,11301.25,4316.490234375,3.765000104904175
2023-06-13,4371.75,767.7100219726562,7138.89990234375,7290.7998046875,,,,,,,11327.26953125,4347.5498046875,3.8389999866485596
2023-06-14,4374.25,771.4099731445312,7161.7001953125,7328.52978515625,,,,,,,11278.2998046875,4375.97998046875,3.7960000038146973
2023-06-15,4426.5,772.6400146484375,7175.2998046875,7290.91015625,,,,,,,11302.830078125,4365.1201171875,3.7279999256134033
2023-06-16,4453.35009765625,772.719970703125,7251.2001953125,7388.64990234375,,,,,,,11386.259765625,4394.81982421875,3.7690000534057617
2023-06-19,,768.97998046875,7294.89990234375,7314.0498046875,,,,,,,11306.6396484375,4362.3798828125,
2023-06-20,4434.75,763.0900268554688,7357.7998046875,7294.169921875,,,,,,,11215.91015625,4343.14013671875,3.7290000915527344
2023-06-21,4409.25,759.1599731445312,7314.89990234375,7260.97021484375,,,,,,,11173.650390625,4322.75,3.7230000495910645
2023-06-22,4423.75,759.1699829101562,7195.5,7203.27978515625,,,,,,,11183.419921875,4304.47021484375,3.7990000247955322
2023-06-23,4389.0,756.5999755859375,7099.2001953125,7163.419921875,,,,,,,11221.2197265625,4271.60986328125,3.739000082015991
2023-06-26,4370.25,757.5,7078.7001953125,7184.35009765625,,,,,,,11141.900390625,4280.56982421875,3.7190001010894775
2023-06-27,4418.75,760.5599975585938,7118.2001953125,7215.580078125,,,,,,,11142.650390625,4305.259765625,3.7679998874664307
2023-06-28,4417.5,767.77001953125,7196.5,7286.31982421875,,,,,,,11183.5498046875,4344.75,3.7100000381469727
2023-06-29,4435.75,768.9400024414062,7194.89990234375,7312.72998046875,,,,,,,11170.509765625,4354.68994140625,3.8540000915527344
2023-06-30,4488.25,773.9400024414062,7203.2998046875,7400.06005859375,,,,,,,11280.2900390625,4399.08984375,3.819000005722046
2023-07-03,4492.25,776.4400024414062,7246.10009765625,7386.7001953125,,,,,,,11219.150390625,4398.14990234375,3.8580000400543213
2023-07-04,,778.719970703125,7279.0,7369.93017578125,,,,,,,11217.33984375,4390.990234375,
2023-07-05,4483.75,769.8900146484375,7253.2001953125,7310.81005859375,,,,,,,11193.919921875,4350.7099609375,3.944999933242798
2023-07-06,4447.0,753.3400268554688,7163.39990234375,7082.2900390625,,,,,,,10986.7802734375,4223.08984375,4.040999889373779
2023-07-07,4434.0,753.52001953125,7042.2998046875,7111.8798828125,,,,,,,10874.900390625,4236.60009765625,4.050000190734863
2023-07-10,4444.25,755.760009765625,7004.0,7143.68994140625,,,,,,,10922.009765625,4256.509765625,4.00600004196167
2023-07-11,4473.5,755.8200073242188,7108.89990234375,7220.009765625,,,,,,,10962.58984375,4286.56005859375,3.9800000190734863
2023-07-12,4507.5,768.1400146484375,7135.7001953125,7333.009765625,,,,,,,11019.0302734375,4360.4599609375,3.8610000610351562
2023-07-13,4543.5,774.7999877929688,7246.89990234375,7369.7998046875,,,,,,,11021.66015625,4391.759765625,3.760999917984009
2023-07-14,4536.75,778.9299926757812,7303.10009765625,7374.5400390625,,,,,,,11110.1904296875,4400.10986328125,3.819000005722046
2023-07-17,4553.75,773.4500122070312,7298.5,7291.66015625,,,,,,,10976.2001953125,4356.7900390625,3.796999931335449
2023-07-18,4587.75,774.47998046875,7283.7998046875,7319.18017578125,,,,,,,11103.5498046875,4369.72998046875,3.7890000343322754
2023-07-19,4597.0,775.030029296875,7323.7001953125,7326.93994140625,,,,,,,11120.150390625,4362.27978515625,3.742000102996826
2023-07-20,4565.5,769.6199951171875,7325.0,7384.91015625,,,,,,,11201.5498046875,4373.72998046875,3.8540000915527344
2023-07-21,4564.75,773.75,7313.89990234375,7432.77001953125,,,,,,,11207.3798828125,4391.41015625,3.8369998931884766
2023-07-24,4583.5,771.5499877929688,7306.39990234375,7427.31005859375,,,,,,,11177.6796875,4383.02978515625,3.8570001125335693
2023-07-25,4596.0,779.8099975585938,7339.7001953125,7415.4501953125,,,,,,,11231.41015625,4391.2998046875,3.9119999408721924
2023-07-26,4595.25,775.4600219726562,7402.0,7315.06982421875,,,,,,,11183.5498046875,4346.14990234375,3.8510000705718994
2023-07-27,4564.25,792.0599975585938,7455.89990234375,7465.240234375,,,,,,,11373.2099609375,4447.43994140625,4.01200008392334
2023-07-28,4606.5,794.27001953125,7403.60009765625,7476.47021484375,,,,,,,11317.740234375,4466.5,3.9690001010894775
2023-07-31,4614.5,792.0,7410.39990234375,7497.77978515625,,,,,,,11309.25,4471.31005859375,3.9590001106262207
2023-08-01,4601.25,786.1400146484375,7450.7001953125,7406.080078125,,,,,,,,,4.051000118255615
2023-08-02,4537.25,775.030029296875,7354.60009765625,7312.83984375,,,,,,,11212.7001953125,4336.5,4.078000068664551
2023-08-03,4521.75,770.0700073242188,7311.7001953125,7260.52978515625,,,,,,,11087.1796875,4304.6298828125,4.189000129699707
2023-08-04,4498.0,772.7100219726562,7325.2998046875,7315.06982421875,,,,,,,11098.48046875,4332.91015625,4.059999942779541
2023-08-07,4537.75,772.1300048828125,7309.2001953125,7319.759765625,,,,,,,11107.4697265625,4337.5,4.078000068664551
2023-08-08,4518.5,767.0,7311.10009765625,7269.47021484375,,,,,,,11057.3203125,4288.85009765625,4.026000022888184
2023-08-09,4485.75,770.219970703125,7338.0,7322.0400390625,,,,,,,11081.5400390625,4317.330078125,4.01200008392334
2023-08-10,4485.75,777.7899780273438,7357.39990234375,7433.6201171875,,,,,,,11149.7900390625,4384.0400390625,4.079999923706055
2023-08-11,4480.75,765.1599731445312,7340.10009765625,7340.18994140625,,,,,,,11081.6298828125,4321.330078125,4.168000221252441
2023-08-14,4506.0,766.2100219726562,7277.0,7348.83984375,,,,,,,11110.1103515625,4330.22998046875,4.184000015258789
2023-08-15,4454.0,759.280029296875,7305.0,7267.7001953125,,,,,,,10985.2197265625,4288.56982421875,4.2210001945495605
2023-08-16,4420.0,756.8499755859375,7195.2001953125,7260.25,,,,,,,10992.3095703125,4284.27001953125,4.257999897003174
2023-08-17,4384.5,737.6300048828125,7146.0,7191.740234375,,,,,,,10884.8896484375,4227.830078125,4.308000087738037
2023-08-18,4382.75,735.0399780273438,7148.10009765625,7164.10986328125,,,,,,,10839.0595703125,4212.9501953125,4.250999927520752
2023-08-21,4412.5,733.5900268554688,7115.5,7198.06005859375,,,,,,,10848.33984375,4224.8701171875,4.3420000076293945
2023-08-22,4399.25,738.2100219726562,7121.60009765625,7240.8798828125,,,,,,,10875.6796875,4260.3701171875,4.328000068664551
2023-08-23,4447.0,740.72998046875,7148.39990234375,7246.6201171875,,,,,,,10973.6396484375,4266.669921875,4.197999954223633
2023-08-24,4386.0,733.989990234375,7182.10009765625,7214.4599609375,,,,,,,10976.830078125,4232.22021484375,4.235000133514404
2023-08-25,4414.25,733.3699951171875,7115.2001953125,7229.60009765625,,,,,,,10956.900390625,4236.25,4.238999843597412
2023-08-28,4442.25,741.760009765625,7159.7998046875,7324.7099609375,,,,,,,11032.759765625,4293.68994140625,4.211999893188477
2023-08-29,4506.75,745.8900146484375,7210.5,7373.43017578125,,,,,,,11106.240234375,4326.47021484375,4.122000217437744
2023-08-30,4524.25,745.4299926757812,7297.7001953125,7364.39990234375,,,,,,,11090.2197265625,4315.31005859375,4.118000030517578
2023-08-31,4516.0,743.6199951171875,7305.2998046875,7316.7001953125,,,,,,,11125.9501953125,4297.10986328125,4.0929999351501465
2023-09-01,4521.5,746.0499877929688,7278.2998046875,7296.77001953125,,,,,,,11075.150390625,4282.64013671875,4.172999858856201
2023-09-04,,747.4299926757812,7318.7998046875,7279.509765625,,,,,,,11053.58984375,4279.8701171875,
2023-09-05,4502.5,747.1099853515625,7314.2998046875,7254.72021484375,,,,,,,10958.900390625,4269.16015625,4.26800012588501
2023-09-06,4471.5,745.4299926757812,7257.10009765625,7194.08984375,,,,,,,10924.419921875,4238.259765625,4.289999961853027
2023-09-07,4456.25,739.7100219726562,7171.0,7196.10009765625,,,,,,,10993.4296875,4221.02001953125,4.260000228881836
2023-09-08,4461.75,739.0900268554688,7156.7001953125,7240.77001953125,,,,,,,10948.58984375,4237.18994140625,4.257999897003174
2023-09-11,4490.25,738.8900146484375,7192.2998046875,7278.27001953125,,,,,,,10972.2099609375,4254.330078125,4.288000106811523
2023-09-12,4465.0,736.6900024414062,7206.89990234375,7252.8798828125,,,,,,,10987.1298828125,4242.27001953125,4.263999938964844
2023-09-13,4468.75,734.9299926757812,7153.89990234375,7222.56982421875,,,,,,,10976.3798828125,4223.47998046875,4.249000072479248
2023-09-14,4506.0,744.4600219726562,7186.5,7308.669921875,,,,,,,11098.3203125,4279.75,4.288000106811523
2023-09-15,4491.72021484375,741.510009765625,7279.0,7378.81982421875,,,,,,,11197.7197265625,4295.0498046875,4.322000026702881
2023-09-18,4501.5,735.8499755859375,7230.39990234375,7276.14013671875,,,,,,,11090.6103515625,4245.8798828125,4.318999767303467
2023-09-19,4490.0,734.9299926757812,7196.60009765625,7282.1201171875,,,,,,,11068.7001953125,4242.7001953125,4.364999771118164
2023-09-20,4447.0,738.3200073242188,7163.2998046875,7330.7900390625,,,,,,,11154.1103515625,4275.97998046875,4.348999977111816
2023-09-21,4372.0,731.719970703125,7065.2001953125,7213.89990234375,,,,,,,11084.740234375,4212.58984375,4.480000019073486
2023-09-22,4361.0,730.0900268554688,7068.7998046875,7184.81982421875,,,,,,,11014.759765625,4207.16015625,4.438000202178955
2023-09-25,4378.75,726.6400146484375,7076.5,7123.8798828125,,,,,,,11014.259765625,4167.3701171875,4.541999816894531
2023-09-26,4314.75,721.4299926757812,7038.2001953125,7074.02001953125,,,,,,,10953.7001953125,4129.18017578125,4.558000087738037
2023-09-27,4313.5,721.739990234375,7030.2998046875,7071.7900390625,,,,,,,10882.3095703125,4131.68017578125,4.625999927520752
2023-09-28,4337.5,725.989990234375,7024.7998046875,7116.240234375,,,,,,,10917.7900390625,4161.56005859375,4.5970001220703125
2023-09-29,4325.5,728.7899780273438,7048.60009765625,7135.06005859375,,,,,,,10963.5,4174.66015625,4.572999954223633
2023-10-02,4324.25,724.1799926757812,7033.2001953125,7068.16015625,,,,,,,10863.650390625,4137.6298828125,4.683000087738037
2023-10-03,4264.75,719.6699829101562,6943.39990234375,6997.0498046875,,,,,,,10763.3701171875,4095.590087890625,4.802000045776367
2023-10-04,4297.75,720.8599853515625,6890.2001953125,6996.72998046875,,,,,,,10756.1904296875,4099.85009765625,4.735000133514404
2023-10-05,4290.75,721.75,6925.5,6998.25,,,,,,,10783.150390625,4099.81005859375,4.7170000076293945
2023-10-06,4341.5,726.7000122070312,6954.2001953125,7060.14990234375,,,,,,,10837.58984375,4144.43017578125,4.783999919891357
2023-10-09,4368.75,726.0,6970.2001953125,7021.39990234375,,,,,,,10822.240234375,4112.56982421875,4.796999931335449
2023-10-10,4391.5,738.8900146484375,7040.60009765625,7162.43017578125,,,,,,,11001.6904296875,4205.22998046875,4.65500020980835
2023-10-11,4409.75,737.780029296875,7088.39990234375,7131.2099609375,,,,,,,11038.2998046875,4200.7998046875,4.59499979019165
2023-10-12,4380.5,741.52001953125,7091.0,7104.52978515625,,,,,,,10979.76953125,4198.22998046875,4.711999893188477
2023-10-13,4357.25,733.9000244140625,7051.0,7003.52978515625,,,,,,,10900.2998046875,4136.1201171875,4.629000186920166
2023-10-16,4401.0,735.3900146484375,7026.5,7022.18994140625,,,,,,,10889.0302734375,4149.85986328125,4.711999893188477
2023-10-17,4401.75,736.77001953125,7056.10009765625,7029.7001953125,,,,,,,10814.01953125,4152.31982421875,4.8470001220703125
2023-10-18,4342.25,729.5700073242188,7077.60009765625,6965.990234375,,,,,,,10675.4404296875,4105.85986328125,4.9039998054504395
2023-10-19,4303.0,727.6099853515625,6981.60009765625,6921.3701171875,,,,,,,10448.23046875,4090.330078125,4.98799991607666
2023-10-20,4248.5,716.239990234375,6900.7001953125,6816.22021484375,,,,,,,10348.599609375,4024.679931640625,4.923999786376953
2023-10-23,4241.75,719.1799926757812,6844.10009765625,6850.47021484375,,,,,,,10331.919921875,4041.75,4.8379998207092285
2023-10-24,4271.25,721.72998046875,6856.89990234375,6893.64990234375,,,,,,,10376.8095703125,4065.3701171875,4.840000152587891
2023-10-25,4209.75,722.239990234375,6854.2998046875,6915.06982421875,,,,,,,10400.9296875,4073.35009765625,4.953000068664551
2023-10-26,4156.5,719.2999877929688,6812.2998046875,6888.9599609375,,,,,,,10367.6904296875,4049.39990234375,4.84499979019165
2023-10-27,4137.75,714.25,6826.89990234375,6795.3798828125,,,,,,,10323.7099609375,4014.360107421875,4.84499979019165
2023-10-30,4185.75,714.0499877929688,6772.89990234375,6825.06982421875,,,,,,,10382.1904296875,4028.320068359375,4.875
2023-10-31,4212.25,718.5999755859375,6780.7001953125,6885.64990234375,,,,,,,10391.16015625,4061.1201171875,4.875
2023-11-01,4256.0,722.22998046875,6838.2998046875,6932.6298828125,,,,,,,10503.8896484375,4091.7099609375,4.789000034332275
2023-11-02,4335.75,736.030029296875,6899.7001953125,7060.68994140625,,,,,,,10591.98046875,4169.6201171875,4.669000148773193
2023-11-03,4376.0,736.3099975585938,6978.2001953125,7047.5,,,,,,,10579.669921875,4174.669921875,4.558000087738037
2023-11-06,4384.25,735.3400268554688,6997.39990234375,7013.72998046875,,,,,,,10576.75,4158.64013671875,4.6620001792907715
2023-11-07,4396.0,735.739990234375,6977.10009765625,6986.22998046875,,,,,,,10571.0302734375,4153.3701171875,4.571000099182129
2023-11-08,4399.5,734.6400146484375,6995.39990234375,7034.16015625,,,,,,,10595.0595703125,4178.490234375,4.5229997634887695
2023-11-09,4362.25,749.1599731445312,7014.89990234375,7113.66015625,,,,,,,10644.990234375,4229.2001953125,4.630000114440918
2023-11-10,4430.5,746.3099975585938,6976.5,7045.0400390625,,,,,,,10555.349609375,4197.35986328125,4.627999782562256
2023-11-13,4425.25,753.4099731445312,6948.7998046875,7087.06005859375,,,,,,,10590.3896484375,4232.18994140625,4.631999969482422
2023-11-14,4511.0,758.1500244140625,7006.7001953125,7185.68017578125,,,,,,,10715.73046875,4291.72021484375,4.440999984741211
2023-11-15,4519.25,762.8200073242188,7105.89990234375,7209.60986328125,,,,,,,10708.1904296875,4315.52978515625,4.534999847412109
2023-11-16,4523.25,753.9099731445312,7058.39990234375,7168.39990234375,,,,,,,10643.0703125,4302.4501953125,4.445000171661377
2023-11-17,4527.5,758.5900268554688,7049.39990234375,7233.91015625,,,,,,,10737.3701171875,4340.77001953125,4.440999984741211
2023-11-20,4562.25,759.469970703125,7058.39990234375,7246.93017578125,,,,,,,10740.26953125,4342.41015625,4.421999931335449
2023-11-21,4551.25,758.5599975585938,7078.2001953125,7229.4501953125,,,,,,,10782.23046875,4331.89990234375,4.418000221252441
2023-11-22,4567.25,760.0399780273438,7073.39990234375,7260.72998046875,,,,,,,10832.3896484375,4352.02001953125,4.415999889373779
2023-11-23,4569.5,762.3200073242188,7029.2001953125,7277.93017578125,,,,,,,10851.6201171875,4361.31982421875,
2023-11-24,4568.25,765.6599731445312,7040.7998046875,7292.7998046875,,,,,,,10879.51953125,4372.10009765625,4.4720001220703125
2023-11-27,4561.0,764.219970703125,6987.60009765625,7265.490234375,,,,,,,10821.0595703125,4354.41015625,4.388999938964844
2023-11-28,4563.0,761.3699951171875,7015.2001953125,7250.1298828125,,,,,,,10760.3798828125,4348.02001953125,4.335999965667725
2023-11-29,4559.25,761.989990234375,7035.2998046875,7267.64013671875,,,,,,,10802.8798828125,4370.52978515625,4.270999908447266
2023-11-30,4576.75,765.0399780273438,7087.2998046875,7310.77001953125,,,,,,,10854.3203125,4382.47021484375,4.3520002365112305
2023-12-01,4600.75,771.3699951171875,7073.2001953125,7346.14990234375,,,,,,,10887.3603515625,4418.509765625,4.22599983215332
2023-12-04,4576.5,770.6099853515625,7124.7001953125,7332.58984375,,,,,,,10952.4404296875,4414.9501953125,4.288000106811523
2023-12-05,4575.0,774.0700073242188,7061.60009765625,7386.990234375,,,,,,,10964.8095703125,4452.77001953125,4.171000003814697
2023-12-06,4556.0,776.1799926757812,7178.39990234375,7435.990234375,,,,,,,11001.6201171875,4483.259765625,4.120999813079834
2023-12-07,4589.5,776.3400268554688,7173.2998046875,7428.52001953125,,,,,,,10968.099609375,4473.77001953125,4.129000186920166
2023-12-08,4607.5,781.8499755859375,7194.89990234375,7526.5498046875,,,,,,,11071.76953125,4523.31005859375,4.244999885559082
2023-12-11,4626.0,786.4500122070312,7199.0,7551.52978515625,,,,,,,11130.3603515625,4540.18994140625,4.238999843597412
2023-12-12,4645.75,786.1300048828125,7235.2998046875,7543.5498046875,,,,,,,11151.2197265625,4536.60986328125,4.205999851226807
2023-12-13,4708.25,787.02001953125,7257.7998046875,7531.22021484375,,,,,,,11188.91015625,4530.18994140625,4.0329999923706055
2023-12-14,4721.75,789.9099731445312,7377.89990234375,7575.85009765625,,,,,,,11209.9501953125,4539.16015625,3.930000066757202
2023-12-15,4694.27001953125,793.1300048828125,7442.7001953125,7596.91015625,,,,,,,11191.8896484375,4549.43994140625,3.927999973297119
2023-12-18,4793.0,789.1500244140625,7426.39990234375,7568.85986328125,,,,,,,11155.7998046875,4521.1298828125,3.9539999961853027
2023-12-19,4820.25,792.47998046875,7489.10009765625,7574.669921875,,,,,,,11146.4296875,4535.39990234375,3.921999931335449
2023-12-20,4749.75,793.6900024414062,7537.89990234375,7583.43017578125,,,,,,,11144.8798828125,4533.81982421875,3.877000093460083
2023-12-21,4796.75,789.8800048828125,7504.10009765625,7571.39990234375,,,,,,,11132.599609375,4524.85986328125,3.8940000534057617
2023-12-22,4805.25,785.4500122070312,7501.60009765625,7568.81982421875,,,,,,,11153.08984375,4521.47021484375,3.9010000228881836
2023-12-26,4825.0,,,,,,,,,,,,3.885999917984009
2023-12-27,4833.5,786.8400268554688,7561.2001953125,7571.81982421875,,,,,,,11113.98046875,4528.3798828125,3.7890000343322754
2023-12-28,4832.25,787.0399780273438,7614.2998046875,7535.16015625,,,,,,,11057.5498046875,4514.3798828125,3.8499999046325684
2023-12-29,4820.0,786.8200073242188,7590.7998046875,7543.18017578125,,,,,,,11137.7900390625,4521.64990234375,3.865999937057495
2024-01-02,4787.25,783.1099853515625,7627.7998046875,7530.85986328125,,,,,,,,,3.946000099182129
2024-01-03,4746.5,779.75,7523.2001953125,7411.85986328125,,,,,,,11170.259765625,4448.1298828125,3.9070000648498535
2024-01-04,4729.5,780.3099975585938,7494.10009765625,7450.6298828125,,,,,,,11224.3701171875,4474.009765625,3.990999937057495
2024-01-05,4734.75,778.7000122070312,7489.10009765625,7420.68994140625,,,,,,,11185.900390625,4463.509765625,4.041999816894531
2024-01-08,4801.25,779.0900268554688,7451.5,7450.240234375,,,,,,,11230.400390625,4485.47998046875,4.001999855041504
2024-01-09,4792.75,777.5800170898438,7520.5,7426.6201171875,,,,,,,11248.650390625,4467.169921875,4.019000053405762
2024-01-10,4820.25,775.02001953125,7468.5,7426.080078125,,,,,,,11255.0,4468.97998046875,4.03000020980835
2024-01-11,4815.5,774.5399780273438,7506.0,7387.6201171875,,,,,,,11153.6201171875,4442.27978515625,3.9769999980926514
2024-01-12,4816.5,781.8599853515625,7498.2998046875,7465.14013671875,,,,,,,11226.400390625,4480.02001953125,3.950000047683716
2024-01-15,,779.489990234375,7496.2998046875,7411.68017578125,,,,,,,11207.509765625,4454.68017578125,
2024-01-16,4798.5,778.5399780273438,7414.7998046875,7398.0,,,,,,,11229.650390625,4446.509765625,4.065999984741211
2024-01-17,4771.25,771.4299926757812,7393.10009765625,7318.68994140625,,,,,,,11148.5595703125,4403.080078125,4.105999946594238
2024-01-18,4811.25,778.1699829101562,7346.5,7401.35009765625,,,,,,,11185.8798828125,4453.0498046875,4.144000053405762
2024-01-19,4869.5,778.8900146484375,7421.2001953125,7371.64013671875,,,,,,,11150.51953125,4448.830078125,4.145999908447266
2024-01-22,4881.0,785.5999755859375,7476.60009765625,7413.25,,,,,,,11275.349609375,4480.31982421875,4.093999862670898
2024-01-23,4895.0,787.77001953125,7514.89990234375,7388.0400390625,,,,,,,11149.259765625,4465.91015625,4.142000198364258
2024-01-24,4898.0,806.9299926757812,7519.2001953125,7455.64013671875,,,,,,,11196.8203125,4564.10986328125,4.177999973297119
2024-01-25,4923.25,814.8699951171875,7555.39990234375,7464.2001953125,,,,,,,11209.01953125,4582.259765625,4.131999969482422
2024-01-26,4916.25,817.739990234375,,7634.14013671875,,,,,,,11390.1298828125,4635.47021484375,4.159999847412109
2024-01-29,4954.5,819.9099731445312,7578.39990234375,7640.81005859375,,,,,,,11429.830078125,4639.35986328125,4.091000080108643
2024-01-30,4951.0,820.6400146484375,7600.2001953125,7677.47021484375,,,,,,,11443.1298828125,4662.7001953125,4.059000015258789
2024-01-31,4870.5,818.2100219726562,7680.7001953125,7656.75,,,,,,,11333.3798828125,4648.39990234375,3.9670000076293945
2024-02-01,4928.5,822.0900268554688,7588.2001953125,7588.75,,,,,,,11213.91015625,4638.60009765625,3.86299991607666
2024-02-02,4980.25,822.530029296875,7699.39990234375,7592.259765625,,,,,,,11239.6796875,4654.5498046875,4.0329999923706055
2024-02-05,4962.0,824.2899780273438,7625.89990234375,7589.9599609375,,,,,,,11274.4697265625,4655.27001953125,4.164000034332275
2024-02-06,4974.75,831.0900268554688,7581.60009765625,7638.97021484375,,,,,,,11245.0302734375,4690.8701171875,4.090000152587891
2024-02-07,5015.25,830.1300048828125,7624.89990234375,7611.259765625,,,,,,,11210.25,4678.85009765625,4.110000133514404
2024-02-08,5017.75,843.75,7639.2001953125,7665.6298828125,,,,,,,11138.849609375,4710.77978515625,4.170000076293945
2024-02-09,5044.0,851.77001953125,7644.7998046875,7647.52001953125,,,,,,,11091.580078125,4715.8701171875,4.186999797821045
2024-02-12,5041.25,854.8800048828125,7614.89990234375,7689.7998046875,,,,,,,11179.2998046875,4746.35009765625,4.171999931335449
2024-02-13,4971.25,842.6199951171875,7603.60009765625,7625.31005859375,,,,,,,11142.7900390625,4689.27978515625,4.315999984741211
2024-02-14,5018.0,843.6699829101562,7547.7001953125,7677.35009765625,,,,,,,11213.6396484375,4709.22021484375,4.267000198364258
2024-02-15,5046.5,847.5900268554688,7605.7001953125,7743.419921875,,,,,,,11284.1796875,4743.169921875,4.239999771118164
2024-02-16,5019.75,858.1099853515625,7658.2998046875,7768.18017578125,,,,,,,11310.6103515625,4765.64990234375,4.295000076293945
2024-02-19,,855.8499755859375,7665.10009765625,7768.5498046875,,,,,,,,4763.06982421875,
2024-02-20,4991.5,848.280029296875,7659.0,7795.22021484375,,,,,,,11456.9599609375,4760.27978515625,4.275000095367432
2024-02-21,4996.25,846.7899780273438,7597.7998046875,7812.08984375,,,,,,,11428.740234375,4775.31005859375,4.324999809265137
2024-02-22,5097.75,857.510009765625,7611.2001953125,7911.60009765625,,,,,,,11386.169921875,4855.35986328125,4.327000141143799
2024-02-23,5101.5,854.969970703125,7643.60009765625,7966.68017578125,,,,,,,11496.759765625,4872.56982421875,4.260000228881836
2024-02-26,5080.25,852.8699951171875,7652.7998046875,7929.81982421875,,,,,,,11452.8798828125,4864.2900390625,4.298999786376953
2024-02-27,5090.0,852.97998046875,7663.0,7948.39990234375,,,,,,,11440.4501953125,4885.740234375,4.315000057220459
2024-02-28,5081.0,847.4600219726562,7660.39990234375,7954.39013671875,,,,,,,11414.3798828125,4883.77001953125,4.27400016784668
2024-02-29,5103.75,848.4400024414062,7698.7001953125,7927.43017578125,,,,,,,11438.8603515625,4877.77001953125,4.251999855041504
2024-03-01,5146.0,854.0999755859375,7745.60009765625,7934.169921875,,,,,,,11493.919921875,4894.85986328125,4.179999828338623
2024-03-04,5138.25,856.5499877929688,7735.7998046875,7956.41015625,,,,,,,11477.7998046875,4912.919921875,4.218999862670898
2024-03-05,5085.75,851.1599731445312,7724.2001953125,7932.81982421875,,,,,,,11463.740234375,4893.06982421875,4.13700008392334
2024-03-06,5111.75,857.02001953125,7733.5,7954.740234375,,,,,,,11546.4697265625,4915.490234375,4.104000091552734
2024-03-07,5161.75,868.739990234375,7763.7001953125,8016.22021484375,,,,,,,11575.3701171875,4974.22021484375,4.0920000076293945
2024-03-08,5129.0,861.9600219726562,7847.0,8028.009765625,,,,,,,11647.1396484375,4961.10986328125,4.089000225067139
2024-03-11,5123.0,852.3200073242188,7704.2001953125,8019.72998046875,,,,,,,11685.1904296875,4930.419921875,4.104000091552734
2024-03-12,5177.25,860.969970703125,7712.5,8087.47998046875,,,,,,,11762.0498046875,4983.2001953125,4.15500020980835
2024-03-13,5168.0,860.3300170898438,7729.39990234375,8137.580078125,,,,,,,11790.4599609375,5000.5498046875,4.191999912261963
2024-03-14,5153.75,858.75,7713.60009765625,8161.419921875,,,,,,,11720.7001953125,4993.1201171875,4.297999858856201
2024-03-15,5101.669921875,851.780029296875,7670.2998046875,8164.35009765625,,,,,,,11676.1298828125,4986.02001953125,4.303999900817871
2024-03-18,5214.75,853.760009765625,7675.7998046875,8148.14013671875,,,,,,,11623.6298828125,4982.759765625,4.340000152587891
2024-03-19,5241.75,860.6900024414062,7703.2001953125,8201.0498046875,,,,,,,11577.7998046875,5007.919921875,4.296999931335449
2024-03-20,5286.75,860.5399780273438,7695.7998046875,8161.41015625,,,,,,,11618.6298828125,5000.31005859375,4.2729997634887695
2024-03-21,5302.5,875.4199829101562,7782.0,8179.72021484375,,,,,,,11703.66015625,5052.31005859375,4.270999908447266
2024-03-22,5293.25,876.3400268554688,7770.60009765625,8151.919921875,,,,,,,11651.990234375,5031.14990234375,4.2179999351501465
2024-03-25,5278.25,877.1500244140625,7811.89990234375,8151.60009765625,,,,,,,11637.0498046875,5044.18994140625,4.252999782562256
2024-03-26,5265.25,878.4000244140625,7780.2001953125,8184.75,,,,,,,11680.3603515625,5064.18017578125,4.234000205993652
2024-03-27,5308.25,879.0999755859375,7819.60009765625,8204.8095703125,,,,,,,11705.7099609375,5081.740234375,4.196000099182129
2024-03-28,5308.5,881.780029296875,7896.89990234375,8205.8095703125,,,,,,,11730.4296875,5083.419921875,4.205999851226807
2024-04-01,5295.25,,,,,,,,,,,,4.328999996185303
2024-04-02,5260.5,881.4199829101562,7887.89990234375,8130.0498046875,,,,,,,11595.0,5042.0,4.364999771118164
2024-04-03,5266.5,884.0499877929688,7782.5,8153.22998046875,,,,,,,11616.8701171875,5069.25,4.355000019073486
2024-04-04,5197.25,884.1699829101562,7817.2998046875,8151.5498046875,,,,,,,11691.1298828125,5070.759765625,4.309000015258789
2024-04-05,5253.0,880.6300048828125,7773.2998046875,8061.31005859375,,,,,,,11495.7900390625,5014.75,4.377999782562256
2024-04-08,5253.25,884.8599853515625,7789.10009765625,8119.2998046875,,,,,,,11547.1396484375,5046.0498046875,4.423999786376953
2024-04-09,5260.25,881.030029296875,7824.2001953125,8049.169921875,,,,,,,11506.0400390625,4990.89990234375,4.366000175476074
2024-04-10,5207.75,886.6699829101562,7848.5,8045.3798828125,,,,,,,11495.2099609375,5000.830078125,4.559999942779541
2024-04-11,5243.25,883.7899780273438,7813.60009765625,8023.740234375,,,,,,,11465.740234375,4966.68017578125,4.576000213623047
2024-04-12,5167.5,883.4500122070312,7788.10009765625,8010.830078125,,,,,,,11379.580078125,4955.009765625,4.499000072479248
2024-04-15,5104.0,884.0700073242188,7752.5,8045.10986328125,,,,,,,11395.8095703125,4984.47998046875,4.627999782562256
2024-04-16,5092.5,874.6699829101562,7612.5,7932.60986328125,,,,,,,11196.669921875,4916.990234375,4.658999919891357
2024-04-17,5062.25,865.3499755859375,7605.60009765625,7981.509765625,,,,,,,11231.830078125,4914.1298828125,4.585000038146973
2024-04-18,5049.0,865.3599853515625,7642.10009765625,8023.259765625,,,,,,,11230.4296875,4936.56982421875,4.646999835968018
2024-04-19,5003.75,860.010009765625,7567.2998046875,8022.41015625,,,,,,,11296.400390625,4918.08984375,4.614999771118164
2024-04-22,5047.5,866.510009765625,7649.2001953125,8040.35986328125,,,,,,,11327.76953125,4936.85009765625,4.623000144958496
2024-04-23,5106.5,874.7899780273438,7683.5,8105.77978515625,,,,,,,11469.150390625,5008.169921875,4.5980000495910645
2024-04-24,5107.5,874.02001953125,7683.0,8091.85986328125,,,,,,,11370.740234375,4989.8798828125,4.6519999504089355
2024-04-25,5082.25,870.27001953125,,8016.64990234375,,,,,,,11260.6103515625,4939.009765625,4.705999851226807
2024-04-26,5131.5,882.6300048828125,7575.89990234375,8088.240234375,,,,,,,11344.3203125,5006.85009765625,4.669000148773193
2024-04-29,5147.0,882.27001953125,7637.39990234375,8065.14990234375,,,,,,,11332.3603515625,4981.08984375,4.613999843597412
2024-04-30,5067.0,878.8300170898438,7664.10009765625,7984.93017578125,,,,,,,11260.91015625,4921.22021484375,4.685999870300293
2024-05-01,5046.5,,7569.89990234375,,,,,,,,,,4.59499979019165
2024-05-02,5091.5,878.7100219726562,7587.0,7914.64990234375,,,,,,,11257.6103515625,4890.60986328125,4.571000099182129
2024-05-03,5154.75,887.4400024414062,7629.0,7957.56982421875,,,,,,,11272.9501953125,4921.47998046875,4.5
2024-05-06,5206.5,891.1300048828125,7682.39990234375,7996.64013671875,,,,,,,11327.66015625,4956.9599609375,4.488999843597412
2024-05-07,5213.75,900.0599975585938,7793.2998046875,8075.68017578125,,,,,,,11512.9697265625,5016.10009765625,4.4629998207092285
2024-05-08,5212.75,899.5999755859375,7804.5,8131.41015625,,,,,,,11602.2099609375,5038.169921875,4.492000102996826
2024-05-09,5239.0,904.2100219726562,7721.60009765625,8187.64990234375,,,,,,,,,4.448999881744385
2024-05-10,5246.25,910.5900268554688,7749.0,8219.1396484375,,,,,,,11753.7001953125,5085.080078125,4.504000186920166
2024-05-13,5245.5,911.9099731445312,7750.0,8209.2802734375,,,,,,,11768.080078125,5078.9599609375,4.480999946594238
2024-05-14,5269.5,910.6300048828125,7726.7998046875,8225.7998046875,,,,,,,11784.0703125,5080.2900390625,4.445000171661377
2024-05-15,5333.0,913.3900146484375,7753.7001953125,8239.990234375,,,,,,,11899.259765625,5100.89990234375,4.355999946594238
2024-05-16,5320.25,913.5599975585938,7881.2998046875,8188.490234375,,,,,,,11946.66015625,5072.4501953125,4.376999855041504
2024-05-17,5327.25,913.25,7814.39990234375,8167.5,,,,,,,12037.990234375,5064.14013671875,4.420000076293945
2024-05-20,5331.75,914.9500122070312,7863.7001953125,8195.9697265625,,,,,,,,,4.436999797821045
2024-05-21,5345.25,911.510009765625,7851.7001953125,8141.4599609375,,,,,,,12001.5,5046.990234375,4.414000034332275
2024-05-22,5328.0,910.52001953125,7848.10009765625,8092.10986328125,,,,,,,11958.669921875,5025.169921875,4.434000015258789
2024-05-23,5285.25,914.27001953125,7811.7998046875,8102.330078125,,,,,,,11966.75,5037.60009765625,4.474999904632568
2024-05-24,5321.5,915.2100219726562,7727.60009765625,8094.97021484375,,,,,,,11931.7001953125,5035.41015625,4.4670000076293945
2024-05-27,,916.0399780273438,7788.2998046875,8132.490234375,,,,,,,11960.5703125,5059.2001953125,
2024-05-28,5324.75,912.22998046875,7766.7001953125,8057.7998046875,,,,,,,11854.5,5030.35009765625,4.541999816894531
2024-05-29,5284.0,905.8300170898438,7665.60009765625,7935.02978515625,,,,,,,11793.73046875,4963.2001953125,4.624000072479248
2024-05-30,5253.0,905.5800170898438,7628.2001953125,7978.509765625,,,,,,,11869.900390625,4982.18017578125,4.553999900817871
2024-05-31,5295.5,903.6099853515625,7701.7001953125,7992.8701171875,,,,,,,12000.8603515625,4983.669921875,4.513999938964844
2024-06-03,5297.25,905.0999755859375,7761.0,7998.02001953125,,,,,,,12007.0400390625,5003.5400390625,4.4019999504089355
2024-06-04,5304.0,901.6799926757812,7737.10009765625,7937.89990234375,,,,,,,12008.9404296875,4953.3701171875,4.335999965667725
2024-06-05,5366.0,918.6699829101562,7769.0,8006.56982421875,,,,,,,12150.01953125,5035.66015625,4.289000034332275
2024-06-06,5364.0,923.3599853515625,7821.7998046875,8040.1201171875,,,,,,,12241.25,5069.08984375,4.281000137329102
2024-06-07,5355.75,923.7100219726562,7860.0,8001.7998046875,,,,,,,12254.759765625,5051.31005859375,4.429999828338623
2024-06-10,5371.25,924.7000122070312,,7893.97998046875,,,,,,,12137.740234375,5016.47998046875,4.468999862670898
2024-06-11,5384.0,921.25,7755.39990234375,7789.2099609375,,,,,,,12072.919921875,4965.08984375,4.4039998054504395
2024-06-12,5427.5,931.7899780273438,7715.5,7864.7001953125,,,,,,,12167.58984375,5034.43017578125,4.295000076293945
2024-06-13,5438.5,924.6099853515625,7749.7001953125,7708.02001953125,,,,,,,12095.990234375,4935.5,4.23799991607666
2024-06-14,5437.5,918.719970703125,7724.2998046875,7503.27001953125,,,,,,,12044.58984375,4839.14013671875,4.2129998207092285
2024-06-17,5478.5,923.1199951171875,7700.2998046875,7571.56982421875,,,,,,,12003.51953125,4880.419921875,4.2789998054504395
2024-06-18,5491.0,928.1900024414062,7778.10009765625,7628.7998046875,,,,,,,12046.6103515625,4915.47021484375,4.2170000076293945
2024-06-19,,924.780029296875,7769.7001953125,7570.2001953125,,,,,,,12060.240234375,4885.4501953125,
2024-06-20,5476.75,933.8400268554688,7769.39990234375,7671.33984375,,,,,,,12128.16015625,4947.72998046875,4.254000186920166
2024-06-21,5471.89013671875,925.22998046875,7796.0,7628.56982421875,,,,,,,12012.8701171875,4907.2998046875,4.256999969482422
2024-06-24,5517.0,926.4000244140625,7733.7001953125,7706.89013671875,,,,,,,12157.2900390625,4950.97998046875,4.248000144958496
2024-06-25,5537.0,926.6400146484375,7838.7998046875,7662.2998046875,,,,,,,12086.3095703125,4935.97021484375,4.23799991607666
2024-06-26,5543.5,923.1300048828125,7783.0,7609.14990234375,,,,,,,12015.7197265625,4915.93994140625,4.315999984741211
2024-06-27,5546.0,925.1099853515625,7759.60009765625,7530.72021484375,,,,,,,12004.3095703125,4902.60009765625,4.288000106811523
2024-06-28,5521.5,923.8499755859375,7767.5,7479.39990234375,,,,,,,11993.830078125,4894.02001953125,4.3429999351501465
2024-07-01,5533.75,923.0499877929688,7750.7001953125,7561.1298828125,,,,,,,12049.6103515625,4929.990234375,4.479000091552734
2024-07-02,5568.75,924.6099853515625,7718.2001953125,7538.2900390625,,,,,,,12011.01953125,4906.330078125,4.435999870300293
2024-07-03,5590.25,931.0900268554688,7739.89990234375,7632.080078125,,,,,,,12018.2998046875,4965.7998046875,4.355000019073486
2024-07-04,,934.8200073242188,7831.7998046875,7695.77978515625,,,,,,,12068.7998046875,4987.47998046875,
2024-07-05,5621.5,933.760009765625,7822.2998046875,7675.6201171875,,,,,,,12006.1396484375,4979.39013671875,4.271999835968018
2024-07-08,5625.25,932.8499755859375,7763.2001953125,7627.4501953125,,,,,,,12051.66015625,4969.830078125,4.269000053405762
2024-07-09,5631.25,930.7000122070312,7829.7001953125,7508.66015625,,,,,,,12037.3603515625,4903.6201171875,4.300000190734863
2024-07-10,5688.0,939.6199951171875,7816.7998046875,7573.5498046875,,,,,,,12151.1904296875,4958.85986328125,4.28000020980835
2024-07-11,5639.75,936.0599975585938,7889.60009765625,7627.1298828125,,,,,,,12255.7802734375,4976.1298828125,4.192999839782715
2024-07-12,5664.75,944.9099731445312,7959.2998046875,7724.31982421875,,,,,,,12365.1796875,5043.02001953125,4.189000129699707
2024-07-15,5683.0,937.469970703125,8017.60009765625,7632.7099609375,,,,,,,12279.8603515625,4983.10986328125,4.229000091552734
2024-07-16,5717.25,933.469970703125,7999.2998046875,7580.02978515625,,,,,,,12260.9296875,4947.830078125,4.166999816894531
2024-07-17,5639.0,916.5399780273438,8057.89990234375,7570.81005859375,,,,,,,12333.9296875,4891.4599609375,4.145999908447266
2024-07-18,5594.5,916.0399780273438,8036.5,7586.5498046875,,,,,,,12247.6103515625,4870.1201171875,4.189000129699707
2024-07-19,5553.75,907.3099975585938,7971.60009765625,7534.52001953125,,,,,,,12173.4404296875,4827.240234375,4.238999843597412
2024-07-22,5610.75,916.9500122070312,7931.7001953125,7622.02001953125,,,,,,,12296.740234375,4897.43994140625,4.260000228881836
2024-07-23,5599.25,914.969970703125,7971.10009765625,7598.6298828125,,,,,,,12278.8203125,4916.7998046875,4.238999843597412
2024-07-24,5472.0,903.4600219726562,7963.7001953125,7513.72998046875,,,,,,,12203.169921875,4861.8701171875,4.285999774932861
2024-07-25,5441.25,898.5700073242188,7861.2001953125,7427.02001953125,,,,,,,12105.5400390625,4811.27978515625,4.25600004196167
2024-07-26,5499.0,906.6400146484375,7921.2998046875,7517.68017578125,,,,,,,12241.490234375,4862.5,4.199999809265137
2024-07-29,5503.0,904.1199951171875,7989.60009765625,7443.83984375,,,,,,,12214.900390625,4815.39013671875,4.177999973297119
2024-07-30,5472.5,907.989990234375,7953.2001953125,7474.93994140625,,,,,,,12282.01953125,4841.0,4.14300012588501
2024-07-31,5558.0,920.6199951171875,8092.2998046875,7531.490234375,,,,,,,12317.4404296875,4872.93994140625,4.109000205993652
2024-08-01,5480.25,907.1400146484375,8114.7001953125,7370.4501953125,,,,,,,,,3.9760000705718994
2024-08-02,5376.0,878.9099731445312,7943.2001953125,7251.7998046875,,,,,,,11875.51953125,4638.7001953125,3.7920000553131104
2024-08-05,5217.5,860.4400024414062,7649.60009765625,7148.990234375,,,,,,,11543.25,4571.60009765625,3.7850000858306885
2024-08-06,5266.25,866.7000122070312,7680.60009765625,7130.0400390625,,,,,,,11510.4599609375,4575.22021484375,3.888000011444092
2024-08-07,5227.5,886.0800170898438,7699.7998046875,7266.009765625,,,,,,,11843.1796875,4668.06005859375,3.9679999351501465
2024-08-08,5348.25,884.489990234375,7682.0,7247.4501953125,,,,,,,11827.4296875,4668.740234375,3.996999979019165
2024-08-09,5370.25,883.3699951171875,7777.7001953125,7269.7099609375,,,,,,,11865.9296875,4675.27978515625,3.941999912261963
2024-08-12,5369.75,885.6500244140625,7813.7001953125,7250.669921875,,,,,,,11873.7099609375,4671.8798828125,3.9089999198913574
2024-08-13,5459.0,888.9099731445312,7826.7998046875,7275.8701171875,,,,,,,11928.1396484375,4694.919921875,3.8519999980926514
2024-08-14,5477.0,890.239990234375,7850.7001953125,7333.35986328125,,,,,,,12071.830078125,4727.60009765625,3.819999933242798
2024-08-15,5567.5,905.8599853515625,7865.5,7423.3701171875,,,,,,,12150.2197265625,4807.77001953125,3.9260001182556152
2024-08-16,5578.25,905.6699829101562,7971.10009765625,7449.7001953125,,,,,,,12188.73046875,4840.52001953125,3.8919999599456787
2024-08-19,5630.0,908.8499755859375,7980.39990234375,7484.169921875,,,,,,,12275.240234375,4871.41015625,3.867000102996826
2024-08-20,5619.75,903.0399780273438,7997.7001953125,7485.72998046875,,,,,,,12266.5595703125,4857.580078125,3.818000078201294
2024-08-21,5641.5,907.6500244140625,8010.5,7524.72021484375,,,,,,,12250.1103515625,4885.27978515625,3.7780001163482666
2024-08-22,5594.0,908.3599853515625,8027.0,7524.10986328125,,,,,,,12305.4501953125,4885.0,3.861999988555908
2024-08-23,5652.5,908.5599975585938,8023.89990234375,7577.0400390625,,,,,,,12347.4599609375,4909.2001953125,3.806999921798706
2024-08-26,5637.0,907.489990234375,8084.5,7590.3701171875,,,,,,,12354.349609375,4896.68994140625,3.818000078201294
2024-08-27,5644.75,907.9400024414062,8071.2001953125,7565.77978515625,,,,,,,12296.7197265625,4898.77978515625,3.8329999446868896
2024-08-28,5610.25,910.739990234375,8071.39990234375,7577.669921875,,,,,,,12348.7001953125,4913.02978515625,3.8410000801086426
2024-08-29,5610.0,923.780029296875,8045.10009765625,7640.9501953125,,,,,,,12417.7197265625,4966.27001953125,3.867000102996826
2024-08-30,5661.0,918.6599731445312,8091.89990234375,7630.9501953125,,,,,,,12436.58984375,4957.97998046875,3.9110000133514404
2024-09-02,,920.6900024414062,8109.89990234375,7646.419921875,,,,,,,12451.48046875,4973.06982421875,
2024-09-03,5541.75,908.8499755859375,8103.2001953125,7575.10009765625,,,,,,,12348.1904296875,4912.52001953125,3.8440001010894775
2024-09-04,5530.0,896.97998046875,7950.5,7500.97021484375,,,,,,,12176.169921875,4848.18017578125,3.7679998874664307
2024-09-05,5512.25,891.8599853515625,7982.39990234375,7431.9599609375,,,,,,,12031.33984375,4815.14990234375,3.7309999465942383
2024-09-06,5419.5,879.2899780273438,8013.39990234375,7352.2998046875,,,,,,,11908.240234375,4738.06005859375,3.7100000381469727
2024-09-09,5479.5,888.3099975585938,7988.10009765625,7425.259765625,,,,,,,11980.6396484375,4778.66015625,3.697000026702881
2024-09-10,5504.0,881.8400268554688,8011.89990234375,7407.5498046875,,,,,,,11964.7099609375,4747.2001953125,3.6459999084472656
2024-09-11,5561.25,884.5,7987.89990234375,7396.830078125,,,,,,,11922.91015625,4763.580078125,3.6530001163482666
2024-09-12,5602.25,893.25,8075.7001953125,7435.06982421875,,,,,,,11982.33984375,4814.080078125,3.680000066757202
2024-09-13,5629.75,899.5999755859375,8099.89990234375,7465.25,,,,,,,12037.2802734375,4843.990234375,3.6500000953674316
2024-09-16,5638.0,895.75,8121.60009765625,7449.43994140625,,,,,,,12005.4697265625,4827.6298828125,3.621000051498413
2024-09-17,5639.0,900.3200073242188,8140.89990234375,7487.419921875,,,,,,,12042.7802734375,4860.77978515625,3.6419999599456787
2024-09-18,5620.75,892.6300048828125,8142.10009765625,7444.89990234375,,,,,,,11982.2998046875,4835.2998046875,3.684999942779541
2024-09-19,5717.75,908.4199829101562,8191.89990234375,7615.41015625,,,,,,,12058.2998046875,4943.3798828125,3.740000009536743
2024-09-20,5699.990234375,897.5499877929688,8209.5,7500.259765625,,,,,,,11934.0703125,4871.5400390625,3.7279999256134033
2024-09-23,5776.75,903.469970703125,8152.89990234375,7508.080078125,,,,,,,11965.349609375,4885.56982421875,3.739000082015991
2024-09-24,5792.0,907.1599731445312,8142.0,7604.009765625,,,,,,,12048.849609375,4940.72021484375,3.7360000610351562
2024-09-25,5779.0,906.030029296875,8126.39990234375,7565.6201171875,,,,,,,12148.3798828125,4916.89013671875,3.7809998989105225
2024-09-26,5804.5,911.6599731445312,8203.7001953125,7742.08984375,,,,,,,12209.6201171875,5032.58984375,3.7909998893737793
2024-09-27,5791.25,917.4299926757812,8212.2001953125,7791.7900390625,,,,,,,12234.0498046875,5067.4501953125,3.749000072479248
2024-09-30,5814.25,910.1199951171875,8269.7998046875,7635.75,,,,,,,12168.8701171875,5000.4501953125,3.802000045776367
2024-10-01,5759.75,910.1300048828125,8208.900390625,7574.06982421875,,,,,,,12086.66015625,4954.14990234375,3.743000030517578
2024-10-02,5760.25,916.8599853515625,8198.2001953125,7577.58984375,,,,,,,12122.08984375,4963.2900390625,3.7850000858306885
2024-10-03,5749.5,910.3499755859375,8205.2001953125,7477.77978515625,,,,,,,12012.3203125,4921.330078125,3.8499999046325684
2024-10-04,5800.0,911.8099975585938,8150.0,7541.35986328125,,,,,,,11997.08984375,4954.93994140625,3.9809999465942383
2024-10-07,5744.75,912.77001953125,8205.400390625,7576.02001953125,,,,,,,12008.7001953125,4969.7099609375,4.026000022888184
2024-10-08,5800.5,910.1900024414062,8176.89990234375,7521.31982421875,,,,,,,12010.990234375,4949.0,4.0329999923706055
2024-10-09,5841.25,915.6799926757812,8187.39990234375,7560.08984375,,,,,,,12122.9296875,4982.56982421875,4.066999912261963
2024-10-10,5829.0,911.3200073242188,8223.0,7541.58984375,,,,,,,12077.759765625,4970.33984375,4.0960001945495605
2024-10-11,5859.75,915.9600219726562,8214.5,7577.89013671875,,,,,,,12154.1904296875,5003.919921875,4.072999954223633
2024-10-14,5908.25,922.6300048828125,8252.7998046875,7602.06005859375,,,,,,,12259.23046875,5041.009765625,4.0980000495910645
2024-10-15,5862.75,899.4199829101562,8318.400390625,7521.97021484375,,,,,,,12218.849609375,4946.72998046875,4.038000106811523
2024-10-16,5887.0,892.739990234375,8284.7001953125,7492.0,,,,,,,12193.0703125,4908.7099609375,4.015999794006348
2024-10-17,5887.0,898.6300048828125,8355.900390625,7583.72998046875,,,,,,,12304.26953125,4947.2998046875,4.0960001945495605
2024-10-18,5906.0,903.4099731445312,8283.2001953125,7613.0498046875,,,,,,,12326.759765625,4986.27001953125,4.072999954223633
2024-10-21,5896.25,898.3300170898438,8344.400390625,7536.22998046875,,,,,,,12261.8701171875,4941.22021484375,4.182000160217285
2024-10-22,5892.5,897.2999877929688,8205.7001953125,7535.10009765625,,,,,,,12163.330078125,4939.31005859375,4.203999996185303
2024-10-23,5837.75,889.969970703125,8216.0,7497.47998046875,,,,,,,12147.099609375,4922.5498046875,4.242000102996826
2024-10-24,5849.0,895.9000244140625,8206.2998046875,7503.27978515625,,,,,,,12173.0400390625,4935.4501953125,4.199999809265137
2024-10-25,5846.0,898.8200073242188,8211.2998046875,7497.5400390625,,,,,,,12184.0,4943.08984375,4.23199987411499
2024-10-28,5861.5,896.8099975585938,8221.5,7556.93994140625,,,,,,,12237.9697265625,4969.830078125,4.2779998779296875
2024-10-29,5871.0,894.6400146484375,8249.2001953125,7511.10986328125,,,,,,,12100.5703125,4950.02001953125,4.27400016784668
2024-10-30,5852.0,881.27001953125,8180.39990234375,7428.35986328125,,,,,,,11967.7001953125,4885.75,4.265999794006348
2024-10-31,5738.5,874.1799926757812,8160.0,7350.3701171875,,,,,,,11792.919921875,4827.6298828125,4.283999919891357
2024-11-01,5758.25,883.6199951171875,8118.7998046875,7409.10986328125,,,,,,,11967.2001953125,4877.75,4.361000061035156
2024-11-04,5743.25,879.510009765625,8164.60009765625,7371.7099609375,,,,,,,11896.9404296875,4852.10009765625,4.309000015258789
2024-11-05,5812.25,882.760009765625,8131.7998046875,7407.14990234375,,,,,,,11866.009765625,4870.330078125,4.289000034332275
2024-11-06,5958.25,875.4099731445312,8199.5,7369.60986328125,,,,,,,11847.2900390625,4800.6298828125,4.426000118255615
2024-11-07,6003.75,878.5399780273438,8285.599609375,7425.60009765625,,,,,,,11917.0,4851.9599609375,4.341000080108643
2024-11-08,6025.25,874.1799926757812,8295.099609375,7338.669921875,,,,,,,11797.7197265625,4802.759765625,4.306000232696533
2024-11-11,6031.75,878.2899780273438,8266.2001953125,7426.8798828125,,,,,,,11902.7900390625,4854.02978515625,4.308000087738037
2024-11-12,6013.0,865.1900024414062,8255.599609375,7226.97998046875,,,,,,,11712.08984375,4744.68994140625,4.432000160217285
2024-11-13,6016.0,862.97998046875,8193.400390625,7216.830078125,,,,,,,11703.8095703125,4740.33984375,4.451000213623047
2024-11-14,5978.25,874.47998046875,8224.0,7311.7998046875,,,,,,,11783.650390625,4833.52978515625,4.418000221252441
2024-11-15,5896.5,862.5,8285.2001953125,7269.6298828125,,,,,,,11627.0400390625,4794.85009765625,4.427999973297119
2024-11-18,5920.0,865.3699951171875,8300.2001953125,7278.22998046875,,,,,,,11639.599609375,4790.330078125,4.414000034332275
2024-11-19,5938.75,861.97998046875,8374.0,7229.64013671875,,,,,,,11541.4296875,4751.22998046875,4.379000186920166
2024-11-20,5937.75,858.5700073242188,8326.2998046875,7198.4501953125,,,,,,,11539.6396484375,4729.7099609375,4.406000137329102
2024-11-21,5970.5,866.1300048828125,8323.0,7213.31982421875,,,,,,,11591.58984375,4755.830078125,4.432000160217285
2024-11-22,5987.0,879.7999877929688,8393.7998046875,7255.009765625,,,,,,,11716.5,4789.080078125,4.409999847412109
2024-11-25,6006.5,879.4000244140625,8417.599609375,7257.47021484375,,,,,,,11678.58984375,4799.8701171875,4.264999866485596
2024-11-26,6038.25,875.1400146484375,8359.400390625,7194.509765625,,,,,,,11632.8798828125,4761.990234375,4.302000045776367
2024-11-27,6015.0,874.47998046875,8406.7001953125,7143.02978515625,,,,,,,11644.009765625,4733.14990234375,4.242000102996826
2024-11-28,,876.5800170898438,8444.2998046875,7179.25,,,,,,,11709.7998046875,4758.64990234375,
2024-11-29,6051.5,881.72998046875,8436.2001953125,7235.10986328125,,,,,,,11764.2001953125,4804.39990234375,4.177999973297119
2024-12-02,6061.75,887.6500244140625,8447.900390625,7236.89013671875,,,,,,,11829.240234375,4846.72998046875,4.196000099182129
2024-12-03,6063.25,889.9199829101562,8495.2001953125,7255.419921875,,,,,,,11834.3203125,4878.509765625,4.2230000495910645
2024-12-04,6098.5,891.6300048828125,8462.599609375,7303.27978515625,,,,,,,11783.6103515625,4919.02001953125,4.179999828338623
2024-12-05,6088.75,894.4000244140625,8474.900390625,7330.5400390625,,,,,,,11790.7900390625,4951.580078125,4.179999828338623
2024-12-06,6099.0,891.6699829101562,8420.900390625,7426.8798828125,,,,,,,11780.650390625,4977.77978515625,4.151000022888184
2024-12-09,6065.75,894.719970703125,8423.0,7480.14013671875,,,,,,,11761.7197265625,4985.4599609375,4.198999881744385
2024-12-10,6046.25,893.4199829101562,8393.0,7394.77978515625,,,,,,,11642.3896484375,4951.740234375,4.2210001945495605
2024-12-11,6092.75,896.1400146484375,8353.599609375,7423.39990234375,,,,,,,11681.8701171875,4959.35009765625,4.270999908447266
2024-12-12,6060.75,894.4199829101562,8330.2998046875,7420.93994140625,,,,,,,11715.849609375,4965.52978515625,4.323999881744385
2024-12-13,6055.5,893.5499877929688,8296.0,7409.56982421875,,,,,,,11694.4296875,4967.9501953125,4.39900016784668
2024-12-16,6080.5,891.47998046875,8249.5,7357.080078125,,,,,,,11701.509765625,4947.02978515625,4.396999835968018
2024-12-17,6053.75,889.6599731445312,8314.0,7365.7001953125,,,,,,,11740.51953125,4942.580078125,4.385000228881836
2024-12-18,5872.25,892.6599731445312,8309.400390625,7384.6201171875,,,,,,,11638.91015625,4957.27978515625,4.49399995803833
2024-12-19,5868.75,878.8300170898438,8168.2001953125,7294.3701171875,,,,,,,11414.83984375,4879.0,4.570000171661377
2024-12-20,5840.259765625,875.4400024414062,8067.0,7274.47998046875,,,,,,,11384.919921875,4862.27978515625,4.52400016784668
2024-12-23,6036.0,872.219970703125,8201.599609375,7272.31982421875,,,,,,,11488.2802734375,4852.93017578125,4.598999977111816
2024-12-24,6098.0,876.260009765625,8220.900390625,7282.68994140625,,,,,,,,,4.591000080108643
2024-12-26,6095.25,,,,,,,,,,,,4.578999996185303
2024-12-27,6027.0,879.7000122070312,8261.7998046875,7355.3701171875,,,,,,,11589.33984375,4898.8798828125,4.61899995803833
2024-12-30,5958.75,871.7999877929688,8235.0,7313.56005859375,,,,,,,11600.900390625,4869.27978515625,4.545000076293945
2024-12-31,5935.75,878.6300048828125,8159.10009765625,7380.740234375,,,,,,,,,4.572999954223633
2025-01-02,5916.5,887.1699829101562,8201.2001953125,7393.759765625,,,,,,,,,4.574999809265137
2025-01-03,5989.5,884.5900268554688,8250.5,7282.22021484375,,,,,,,11624.01953125,4871.4501953125,4.5960001945495605
2025-01-06,6020.5,891.5599975585938,8288.5,7445.68994140625,,,,,,,11691.1298828125,4986.64013671875,4.618000030517578
2025-01-07,5954.25,893.9600219726562,8285.099609375,7489.35009765625,,,,,,,11830.76953125,5011.81982421875,4.683000087738037
2025-01-08,5959.25,889.0,8349.099609375,7452.419921875,,,,,,,11876.2099609375,4996.39013671875,4.692999839782715
2025-01-09,5944.75,895.8300170898438,8329.2001953125,7490.27978515625,,,,,,,11927.1103515625,5017.91015625,
2025-01-10,5866.25,890.2999877929688,8294.099609375,7431.0400390625,,,,,,,11791.91015625,4977.259765625,4.776000022888184
2025-01-13,5874.5,885.280029296875,8191.89990234375,7408.64013671875,,,,,,,11701.7197265625,4954.2099609375,4.802999973297119
2025-01-14,5882.25,884.97998046875,8231.0,7423.669921875,,,,,,,11702.5703125,4980.47021484375,4.788000106811523
2025-01-15,5989.0,893.9400024414062,8213.2998046875,7474.58984375,,,,,,,11781.740234375,5032.31005859375,4.6529998779296875
2025-01-16,5975.5,907.6599731445312,8327.0,7634.740234375,,,,,,,11942.0,5106.93017578125,4.605999946594238
2025-01-17,6033.5,914.239990234375,8310.400390625,7709.75,,,,,,,11990.26953125,5148.2998046875,4.609000205993652
2025-01-20,,917.510009765625,8402.0,7733.5,,,,,,,12037.2197265625,5164.43994140625,
2025-01-21,6084.25,914.6400146484375,8420.2998046875,7770.9501953125,,,,,,,12111.16015625,5165.9599609375,4.573999881744385
2025-01-22,6120.5,914.4500122070312,8429.7998046875,7837.39990234375,,,,,,,12207.8896484375,5205.830078125,4.598999977111816
2025-01-23,6152.0,909.1099853515625,8378.7001953125,7892.60986328125,,,,,,,12265.400390625,5217.5,4.638000011444092
2025-01-24,6133.25,901.3300170898438,8408.900390625,7927.6201171875,,,,,,,12287.2802734375,5219.3701171875,4.625999927520752
2025-01-27,6046.75,894.8400268554688,,7906.580078125,,,,,,,12416.6103515625,5188.4501953125,4.5279998779296875
2025-01-28,6097.0,898.4099731445312,8399.099609375,7897.3701171875,,,,,,,12455.4404296875,5195.7099609375,4.551000118255615
2025-01-29,6067.5,904.9400024414062,8447.0,7872.47998046875,,,,,,,12530.3203125,5230.66015625,4.554999828338623
2025-01-30,6099.25,919.0,8550.099609375,7941.64013671875,,,,,,,12604.5400390625,5282.2099609375,4.51200008392334
2025-01-31,6067.25,921.9400024414062,8532.2998046875,7950.169921875,,,,,,,12597.08984375,5286.8701171875,4.568999767303467
2025-02-03,6022.25,916.27001953125,8379.400390625,7854.919921875,,,,,,,12546.76953125,5217.91015625,4.543000221252441
2025-02-04,6063.0,919.469970703125,8374.0,7906.39990234375,,,,,,,12475.490234375,5264.58984375,4.513000011444092
2025-02-05,6086.5,919.4500122070312,8416.900390625,7891.68017578125,,,,,,,12579.4404296875,5271.1201171875,4.421999931335449
2025-02-06,6106.0,925.1300048828125,8520.7001953125,8007.6201171875,,,,,,,12624.2001953125,5356.6298828125,4.440000057220459
2025-02-07,6049.5,924.0999755859375,8511.400390625,7973.02978515625,,,,,,,12593.33984375,5325.39990234375,4.486999988555908
2025-02-10,6088.75,931.72998046875,8482.7998046875,8006.22021484375,,,,,,,12627.83984375,5358.2998046875,4.493000030517578
2025-02-11,6092.25,938.9199829101562,8484.0,8028.89990234375,,,,,,,12694.16015625,5390.91015625,4.5370001792907715
2025-02-12,6072.75,942.6099853515625,8535.2998046875,8042.18994140625,,,,,,,12713.900390625,5405.64990234375,4.63700008392334
2025-02-13,6135.25,946.5800170898438,8540.0,8164.10986328125,,,,,,,12949.0595703125,5500.5,4.525000095367432
2025-02-14,6132.0,946.6099853515625,8555.7998046875,8178.5400390625,,,,,,,12839.8701171875,5493.39990234375,4.4720001220703125
2025-02-17,,948.5399780273438,8505.7998046875,8189.1298828125,,,,,,,12875.080078125,5519.830078125,
2025-02-18,6146.75,947.0599975585938,8481.0,8206.5595703125,,,,,,,12893.98046875,5533.83984375,4.544000148773193
2025-02-19,6163.0,942.280029296875,8419.2001953125,8110.5400390625,,,,,,,12798.51953125,5461.169921875,4.534999847412109
2025-02-20,6136.5,938.5800170898438,8322.7998046875,8122.580078125,,,,,,,12808.080078125,5461.02978515625,4.5
2025-02-21,6029.0,937.5800170898438,8296.2001953125,8154.509765625,,,,,,,12948.599609375,5474.85009765625,4.420000076293945
2025-02-24,6000.75,934.4199829101562,8308.2001953125,8090.990234375,,,,,,,12953.169921875,5453.759765625,4.39300012588501
2025-02-25,5970.0,929.780029296875,8251.900390625,8051.06982421875,,,,,,,13025.009765625,5447.89990234375,4.297999858856201
2025-02-26,5970.75,932.0900268554688,8240.7001953125,8143.919921875,,,,,,,13042.509765625,5527.990234375,4.249000072479248
2025-02-27,5876.25,925.9099731445312,8268.2001953125,8102.52001953125,,,,,,,12958.33984375,5472.56005859375,4.284999847412109
2025-02-28,5963.25,921.9199829101562,8172.39990234375,8111.6298828125,,,,,,,13004.48046875,5463.5400390625,4.230999946594238
2025-03-03,5860.75,930.4099731445312,8245.7001953125,8199.7099609375,,,,,,,13166.6796875,5540.68994140625,4.179999828338623
2025-03-04,5789.5,914.0499877929688,8198.099609375,8047.919921875,,,,,,,13006.740234375,5387.31005859375,4.210000038146973
2025-03-05,5851.25,909.510009765625,8141.10009765625,8173.75,,,,,,,13112.75,5489.1201171875,4.264999866485596
2025-03-06,5746.25,910.719970703125,8094.7001953125,8197.669921875,,,,,,,13029.3896484375,5520.47021484375,4.285999774932861
2025-03-07,5776.0,911.3400268554688,7948.2001953125,8120.7998046875,,,,,,,13076.6796875,5468.41015625,4.316999912261963
2025-03-10,5620.75,902.5399780273438,7962.2998046875,8047.60009765625,,,,,,,13013.4501953125,5386.97998046875,4.2129998207092285
2025-03-11,5577.0,889.6900024414062,7890.10009765625,7941.91015625,,,,,,,12692.25,5309.89990234375,4.288000106811523
2025-03-12,5604.75,899.239990234375,7786.2001953125,7988.9599609375,,,,,,,12868.4296875,5359.419921875,4.317999839782715
2025-03-13,5527.5,897.969970703125,7749.10009765625,7938.2099609375,,,,,,,12836.1904296875,5328.39013671875,4.27400016784668
2025-03-14,5640.0,905.6300048828125,7789.7001953125,8028.27978515625,,,,,,,12916.8095703125,5404.18017578125,4.308000087738037
2025-03-17,5680.25,913.9500122070312,7854.10009765625,8073.97998046875,,,,,,,13058.1201171875,5445.5498046875,4.306000232696533
2025-03-18,5618.0,913.969970703125,7860.39990234375,8114.56982421875,,,,,,,13062.1103515625,5485.009765625,4.281000137329102
2025-03-19,5678.5,922.75,7828.2998046875,8171.47021484375,,,,,,,13040.919921875,5507.35986328125,4.25600004196167
2025-03-20,5662.5,919.260009765625,7918.89990234375,8094.2001953125,,,,,,,13097.0498046875,5450.93017578125,4.232999801635742
2025-03-21,5617.7998046875,914.8300170898438,7931.2001953125,8042.9501953125,,,,,,,13075.400390625,5423.830078125,4.251999855041504
2025-03-24,5815.5,915.6699829101562,7936.89990234375,8022.330078125,,,,,,,13000.240234375,5415.7900390625,4.330999851226807
2025-03-25,5826.5,921.0,7942.5,8108.58984375,,,,,,,13013.150390625,5475.080078125,4.307000160217285
2025-03-26,5759.5,917.0900268554688,7999.0,8030.68017578125,,,,,,,12953.7998046875,5411.68994140625,4.3379998207092285
2025-03-27,5739.25,914.6799926757812,7969.0,7990.10986328125,,,,,,,12867.23046875,5381.080078125,4.36899995803833
2025-03-28,5623.0,907.4600219726562,7982.0,7916.080078125,,,,,,,12840.4296875,5331.39990234375,4.255000114440918
2025-03-31,5653.25,898.7999877929688,7843.39990234375,7790.7099609375,,,,,,,12598.1201171875,5248.39013671875,4.245999813079834
2025-04-01,5674.5,905.239990234375,7925.2001953125,7876.35986328125,,,,,,,12686.6201171875,5320.2998046875,4.156000137329102
2025-04-02,5712.25,901.52001953125,7934.5,7858.830078125,,,,,,,12588.3095703125,5303.9501953125,4.196000099182129
2025-04-03,5432.75,877.4199829101562,7859.7001953125,7598.97998046875,,,,,,,12279.48046875,5113.27978515625,4.054999828338623
2025-04-04,5110.25,841.2899780273438,7667.7998046875,7274.9501953125,,,,,,,11648.830078125,4878.31005859375,3.984999895095825
2025-04-07,5097.25,801.260009765625,7343.2998046875,6927.1201171875,,,,,,,11047.48046875,4656.41015625,4.15500020980835
2025-04-08,5020.25,823.8900146484375,7510.0,7100.419921875,,,,,,,11359.1201171875,4773.64990234375,4.26200008392334
2025-04-09,5491.0,796.4500122070312,7375.0,6863.02001953125,,,,,,,10887.73046875,4622.14013671875,4.400000095367432
2025-04-10,5302.0,819.239990234375,7709.60009765625,7126.02001953125,,,,,,,11244.58984375,4818.919921875,4.394000053405762
2025-04-11,5391.25,819.5599975585938,7646.5,7104.7998046875,,,,,,,11239.830078125,4787.22998046875,4.493000030517578
2025-04-14,5440.75,839.2899780273438,7748.60009765625,7273.1201171875,,,,,,,11499.4599609375,4911.39013671875,4.363999843597412
2025-04-15,5428.25,857.1199951171875,7761.7001953125,7335.39990234375,,,,,,,11609.83984375,4970.43017578125,4.322999954223633
2025-04-16,5305.75,853.5599975585938,7758.89990234375,7329.97021484375,,,,,,,11598.6201171875,4966.5,4.2789998054504395
2025-04-17,5312.75,852.2000122070312,7819.10009765625,7285.85986328125,,,,,,,11660.9599609375,4935.33984375,4.333000183105469
2025-04-21,5184.75,,,,,,,,,,,,4.40500020980835
2025-04-22,5314.75,857.2100219726562,7816.7001953125,7326.47021484375,,,,,,,11646.3203125,4961.4501953125,4.388999938964844
2025-04-23,5401.75,869.6699829101562,7920.5,7482.35986328125,,,,,,,11808.7099609375,5098.740234375,4.38700008392334
2025-04-24,5511.25,871.989990234375,7968.2001953125,7502.77978515625,,,,,,,11917.58984375,5114.97998046875,4.304999828338623
2025-04-25,5549.75,872.8400268554688,,7536.259765625,,,,,,,11942.0498046875,5154.1201171875,4.265999794006348
2025-04-28,5553.0,872.6900024414062,7997.10009765625,7573.759765625,,,,,,,12028.25,5170.490234375,4.216000080108643
2025-04-29,5583.75,874.739990234375,8070.60009765625,7555.8701171875,,,,,,,12066.6904296875,5161.89990234375,4.172999858856201
2025-04-30,5587.0,877.8900146484375,8126.2001953125,7593.8701171875,,,,,,,12116.98046875,5160.22021484375,4.177000045776367
2025-05-01,5623.25,,8145.60009765625,,,,,,,,,,4.230999946594238
2025-05-02,5709.0,897.6300048828125,8238.0,7770.47998046875,,,,,,,12253.7900390625,5285.18994140625,4.322000026702881
2025-05-05,5671.75,896.4400024414062,8157.7998046875,7727.93017578125,,,,,,,12233.0302734375,5283.0498046875,4.3429999351501465
2025-05-06,5625.75,895.5800170898438,8151.39990234375,7696.919921875,,,,,,,12230.580078125,5263.3798828125,4.308000087738037
2025-05-07,5652.0,896.02001953125,8178.2998046875,7626.83984375,,,,,,,12113.759765625,5230.18994140625,4.275000095367432
2025-05-08,5684.5,901.9000244140625,8191.7001953125,7694.43994140625,,,,,,,12061.7197265625,5288.93994140625,4.373000144958496
2025-05-09,5678.0,905.739990234375,8231.2001953125,7743.75,,,,,,,12087.3203125,5309.740234375,4.375
2025-05-12,5865.0,922.0800170898438,8233.5,7850.10009765625,,,,,,,12219.6298828125,5392.35986328125,4.456999778747559
2025-05-13,5904.5,927.4600219726562,8269.0,7873.830078125,,,,,,,12165.26953125,5416.2099609375,4.499000072479248
2025-05-14,5908.5,929.239990234375,8279.599609375,7836.7900390625,,,,,,,12132.1904296875,5403.43994140625,4.5279998779296875
2025-05-15,5933.25,929.0,8297.5,7853.47021484375,,,,,,,12227.2802734375,5412.080078125,4.454999923706055
2025-05-16,5975.5,930.9000244140625,8343.7001953125,7886.68994140625,,,,,,,12335.08984375,5427.52978515625,4.440999984741211
2025-05-19,5982.5,929.52001953125,8295.099609375,7883.6298828125,,,,,,,12356.76953125,5427.22998046875,4.474999904632568
2025-05-20,5959.75,931.0499877929688,8343.2998046875,7942.419921875,,,,,,,12408.0302734375,5454.64990234375,4.480999946594238
2025-05-21,5861.25,933.3200073242188,8386.7998046875,7910.490234375,,,,,,,12380.3603515625,5454.4599609375,4.5960001945495605
2025-05-22,5856.75,926.9099731445312,8348.7001953125,7864.43994140625,,,,,,,12269.9501953125,5424.47998046875,4.552999973297119
2025-05-23,5817.0,917.3900146484375,8360.900390625,7734.39990234375,,,,,,,12198.6904296875,5326.31005859375,4.508999824523926
2025-05-26,,924.8800048828125,8361.0,7828.1298828125,,,,,,,12317.0703125,5395.330078125,
2025-05-27,5934.25,930.0599975585938,8407.599609375,7826.7900390625,,,,,,,12324.7802734375,5415.4501953125,4.434000015258789
2025-05-28,5902.75,924.4099731445312,8396.900390625,7788.10009765625,,,,,,,12186.740234375,5378.39013671875,4.4770002365112305
2025-05-29,5922.75,924.219970703125,8409.7998046875,7779.72021484375,,,,,,,,,4.423999786376953
2025-05-30,5916.0,922.9299926757812,8434.7001953125,7751.89013671875,,,,,,,12227.080078125,5366.58984375,4.415999889373779
2025-06-02,5947.25,918.3599853515625,8414.099609375,7737.2001953125,,,,,,,12198.1796875,5355.56005859375,4.461999893188477
2025-06-03,5981.5,920.2999877929688,8466.7001953125,7763.83984375,,,,,,,12239.6201171875,5375.7001953125,4.460000038146973
2025-06-04,5981.0,924.010009765625,8541.7998046875,7804.669921875,,,,,,,12298.5,5405.14990234375,4.364999771118164
2025-06-05,5946.0,925.530029296875,8538.900390625,7790.27001953125,,,,,,,12317.6201171875,5410.5498046875,4.394000053405762
2025-06-06,6006.75,929.9299926757812,8515.7001953125,7804.8701171875,,,,,,,12366.169921875,5430.169921875,4.510000228881836
2025-06-09,6010.25,932.1099853515625,,7791.47021484375,,,,,,,,,4.48199987411499
2025-06-10,6045.0,938.6300048828125,8587.2001953125,7804.330078125,,,,,,,12351.8896484375,5415.3798828125,4.473999977111816
2025-06-11,6029.0,935.5,8592.099609375,7775.89990234375,,,,,,,12315.8095703125,5393.14990234375,4.4120001792907715
2025-06-12,6049.5,930.47998046875,8565.099609375,7765.10986328125,,,,,,,12323.400390625,5360.81982421875,4.35699987411499
2025-06-13,5979.25,922.6199951171875,8547.400390625,7684.68017578125,,,,,,,12146.01953125,5290.47021484375,4.423999786376953
2025-06-16,6035.75,924.9299926757812,8548.400390625,7742.240234375,,,,,,,12090.8701171875,5339.56982421875,4.452000141143799
2025-06-17,5985.0,920.6300048828125,8541.2998046875,7683.72998046875,,,,,,,12007.0595703125,5288.68017578125,4.39300012588501
2025-06-18,5981.5,917.0999755859375,8531.2001953125,7656.1201171875,,,,,,,11959.4697265625,5266.91015625,4.396999835968018
2025-06-19,,909.2999877929688,8523.7001953125,7553.4501953125,,,,,,,11871.51953125,5197.02978515625,
2025-06-20,6010.2099609375,908.52001953125,8505.5,7589.66015625,,,,,,,11871.3203125,5233.580078125,4.375
2025-06-23,6077.0,916.7899780273438,8474.900390625,7537.56982421875,,,,,,,11854.9599609375,5221.89990234375,4.320000171661377
2025-06-24,6146.25,924.6199951171875,8555.5,7615.990234375,,,,,,,11988.919921875,5297.06982421875,4.293000221252441
2025-06-25,6147.0,917.8599853515625,8559.2001953125,7558.16015625,,,,,,,11880.1201171875,5252.009765625,4.293000221252441
2025-06-26,6195.0,910.6900024414062,8550.7998046875,7557.31005859375,,,,,,,11880.0,5244.02978515625,4.252999782562256
2025-06-27,6223.75,920.1400146484375,8514.2001953125,7691.5498046875,,,,,,,11980.3798828125,5325.64013671875,4.2829999923706055
2025-06-30,6253.75,913.280029296875,8542.2998046875,7665.91015625,,,,,,,11921.4599609375,5303.240234375,4.230000019073486
2025-07-01,6248.75,909.1900024414062,8541.099609375,7662.58984375,,,,,,,11963.3095703125,5282.43017578125,4.250999927520752
2025-07-02,6275.0,910.52001953125,8597.7001953125,7738.419921875,,,,,,,11992.240234375,5318.72021484375,4.293000221252441
2025-07-03,6324.25,915.2899780273438,8595.7998046875,7754.5498046875,,,,,,,11978.3603515625,5343.14990234375,4.3480000495910645
2025-07-04,6283.5,908.4400024414062,8603.0,7696.27001953125,,,,,,,11972.41015625,5288.81005859375,
2025-07-07,6276.0,913.97998046875,8589.2998046875,7723.47021484375,,,,,,,11954.5400390625,5341.5400390625,4.394999980926514
2025-07-08,6272.0,916.760009765625,8590.7001953125,7766.7099609375,,,,,,,11970.650390625,5371.9501953125,4.414999961853027
2025-07-09,6307.25,918.77001953125,8538.599609375,7878.4599609375,,,,,,,12006.8603515625,5445.64990234375,4.3420000076293945
2025-07-10,6324.25,927.3200073242188,8589.2001953125,7902.25,,,,,,,12131.9404296875,5438.27001953125,4.3460001945495605
2025-07-11,6300.0,921.489990234375,8580.099609375,7829.2900390625,,,,,,,11937.419921875,5383.47998046875,4.422999858856201
2025-07-14,6311.0,920.5,8570.400390625,7808.169921875,,,,,,,11939.8896484375,5370.85009765625,4.427000045776367
2025-07-15,6284.0,923.2899780273438,8630.2998046875,7766.2099609375,,,,,,,11901.3203125,5354.169921875,4.488999843597412
2025-07-16,6303.25,902.1099853515625,8561.7998046875,7722.08984375,,,,,,,11910.8095703125,5298.06982421875,4.454999923706055
2025-07-17,6340.5,914.469970703125,8639.0,7822.0,,,,,,,11961.8701171875,5377.14990234375,4.4629998207092285
2025-07-18,6334.75,911.8499755859375,8757.2001953125,7822.669921875,,,,,,,11982.91015625,5359.22998046875,4.432000160217285
2025-07-21,6344.75,908.4199829101562,8668.2001953125,7798.22021484375,,,,,,,11936.8896484375,5342.97998046875,4.372000217437744
2025-07-22,6346.75,901.1900024414062,8677.2001953125,7744.41015625,,,,,,,11893.8203125,5290.47998046875,4.335999965667725
2025-07-23,6396.25,908.1500244140625,8737.2001953125,7850.43017578125,,,,,,,12077.0703125,5344.25,4.388000011444092
2025-07-24,6401.5,914.010009765625,8709.400390625,7818.27978515625,,,,,,,12045.7802734375,5355.2001953125,4.4079999923706055
2025-07-25,6425.0,905.3699951171875,8666.900390625,7834.580078125,,,,,,,11955.73046875,5352.16015625,4.386000156402588
2025-07-28,6422.75,908.0399780273438,8697.7001953125,7800.8798828125,,,,,,,11914.9501953125,5337.580078125,4.420000076293945
2025-07-29,6406.0,909.989990234375,8704.599609375,7857.35986328125,,,,,,,11958.91015625,5379.2001953125,4.329999923706055
2025-07-30,6396.25,909.4099731445312,8756.400390625,7861.9599609375,,,,,,,11931.98046875,5393.18017578125,4.375999927520752
2025-07-31,6374.25,902.0599975585938,8742.7998046875,7771.97021484375,,,,,,,11836.0,5319.919921875,4.360000133514404
2025-08-01,6264.5,884.8699951171875,8662.0,7546.16015625,,,,,,,,,4.21999979019165
2025-08-04,6356.0,888.75,8663.7001953125,7632.009765625,,,,,,,11818.6298828125,5242.31982421875,4.199999809265137
2025-08-05,6325.25,887.0700073242188,8770.400390625,7621.0400390625,,,,,,,11858.330078125,5249.58984375,4.196000099182129
2025-08-06,6371.0,883.9299926757812,8843.7001953125,7635.02978515625,,,,,,,11755.3203125,5263.2900390625,4.21999979019165
2025-08-07,6366.5,892.510009765625,8831.400390625,7709.31982421875,,,,,,,11849.580078125,5332.06982421875,4.24399995803833
2025-08-08,6413.5,891.3599853515625,8807.099609375,7743.0,,,,,,,11866.849609375,5347.740234375,4.284999847412109
2025-08-11,6399.75,894.1300048828125,8844.7998046875,7698.52001953125,,,,,,,11869.990234375,5331.85009765625,4.2729997634887695
2025-08-12,6468.5,895.1099853515625,8880.7998046875,7753.419921875,,,,,,,11886.41015625,5335.97021484375,4.293000221252441
2025-08-13,6488.75,900.1099853515625,8827.099609375,7804.97021484375,,,,,,,11978.849609375,5388.25,4.23799991607666
2025-08-14,6490.5,898.3400268554688,8873.7998046875,7870.33984375,,,,,,,12001.6103515625,5434.7001953125,4.293000221252441
2025-08-15,6471.5,895.77001953125,8938.599609375,7923.4501953125,,,,,,,12074.330078125,5448.60986328125,4.328000068664551
2025-08-18,6469.25,896.9500122070312,8959.2998046875,7884.0498046875,,,,,,,12071.8798828125,5434.64013671875,4.341000080108643
2025-08-19,6432.5,901.9500122070312,8896.2001953125,7979.080078125,,,,,,,12212.1904296875,5483.27978515625,4.302000045776367
2025-08-20,6413.25,908.7899780273438,8918.0,7973.02978515625,,,,,,,12276.259765625,5472.31982421875,4.296000003814697
2025-08-21,6388.25,907.530029296875,9019.099609375,7938.2900390625,,,,,,,12241.669921875,5462.16015625,4.329999923706055
2025-08-22,6483.25,912.9199829101562,8967.400390625,7969.68994140625,,,,,,,12264.849609375,5488.22998046875,4.260000228881836
2025-08-25,6455.5,911.1099853515625,8972.400390625,7843.0400390625,,,,,,,12206.3603515625,5443.9599609375,4.275000095367432
2025-08-26,6482.5,904.9099731445312,8935.599609375,7709.81005859375,,,,,,,12160.8896484375,5383.68017578125,4.257999897003174
2025-08-27,6496.0,907.7000122070312,8960.5,7743.93017578125,,,,,,,12207.1201171875,5393.06982421875,4.23799991607666
2025-08-28,6517.5,903.4600219726562,8980.0,7762.60009765625,,,,,,,12219.2001953125,5396.72998046875,4.206999778747559
2025-08-29,6472.75,896.6199951171875,8973.099609375,7703.89990234375,,,,,,,12187.580078125,5351.72998046875,4.2270002365112305
2025-09-01,,896.260009765625,8927.7001953125,7707.89990234375,,,,,,,12176.51953125,5367.080078125,
2025-09-02,6425.5,883.8900146484375,8900.599609375,7654.25,,,,,,,12088.3603515625,5291.0400390625,4.2769999504089355
2025-09-03,6457.25,888.27001953125,8738.7998046875,7719.7099609375,,,,,,,12200.0,5325.009765625,4.210999965667725
2025-09-04,6510.75,900.1900024414062,8826.5,7698.919921875,,,,,,,12383.4697265625,5346.7099609375,4.176000118255615
2025-09-05,6489.75,898.6799926757812,8871.2001953125,7674.77978515625,,,,,,,12370.5703125,5318.14990234375,4.085999965667725
2025-09-08,6506.0,904.6799926757812,8849.599609375,7734.83984375,,,,,,,12312.650390625,5362.81005859375,4.046000003814697
2025-09-09,6521.75,907.6900024414062,8803.5,7749.39013671875,,,,,,,12281.08984375,5368.81982421875,4.073999881744385
2025-09-10,6539.75,901.510009765625,8830.400390625,7761.31982421875,,,,,,,12217.4599609375,5361.47021484375,4.0320000648498535
2025-09-11,6592.5,905.72998046875,8805.0,7823.52001953125,,,,,,,12292.7197265625,5386.77001953125,4.011000156402588
2025-09-12,6588.25,908.8900146484375,8864.900390625,7825.240234375,,,,,,,12193.8603515625,5390.7099609375,4.060999870300293
2025-09-15,6621.5,919.1300048828125,8853.0,7896.93017578125,,,,,,,12144.3203125,5440.39990234375,4.033999919891357
2025-09-16,6610.75,911.52001953125,8877.7001953125,7818.22021484375,,,,,,,12018.66015625,5372.31005859375,4.026000022888184
2025-09-17,6601.25,914.8099975585938,8818.5,7786.97998046875,,,,,,,11998.9599609375,5369.7001953125,4.076000213623047
2025-09-18,6635.0,933.2999877929688,8745.2001953125,7854.60986328125,,,,,,,12049.1298828125,5456.669921875,4.104000091552734
2025-09-19,6658.77001953125,929.9400024414062,8773.5,7853.58984375,,,,,,,12109.669921875,5458.419921875,4.138999938964844
2025-09-22,6752.5,930.6199951171875,8810.900390625,7830.10986328125,,,,,,,12126.1396484375,5442.0498046875,4.14300012588501
2025-09-23,6715.0,934.6599731445312,8845.900390625,7872.02001953125,,,,,,,12102.6103515625,5472.39013671875,4.119999885559082
2025-09-24,6692.25,935.4000244140625,8764.5,7827.4501953125,,,,,,,11978.830078125,5464.56005859375,4.146999835968018
2025-09-25,6659.75,934.3599853515625,8773.0,7795.419921875,,,,,,,11875.7998046875,5444.89013671875,4.171999931335449
2025-09-26,6696.5,938.3499755859375,8787.7001953125,7870.68017578125,,,,,,,11929.7998046875,5499.7001953125,4.186999797821045
2025-09-29,6713.5,941.72998046875,8862.7998046875,7880.8701171875,,,,,,,12006.7099609375,5506.85009765625,4.140999794006348
2025-09-30,6738.75,942.780029296875,8848.7998046875,7895.93994140625,,,,,,,12109.419921875,5529.9599609375,4.1479997634887695
2025-10-01,6761.5,948.1799926757812,8845.7001953125,7966.9501953125,,,,,,,12360.1298828125,5581.2099609375,4.105999946594238
2025-10-02,6766.75,958.9400024414062,8945.900390625,8056.6298828125,,,,,,,12427.1796875,5645.81005859375,4.0879998207092285
2025-10-03,6764.0,961.510009765625,8987.400390625,8081.5400390625,,,,,,,12507.169921875,5651.7099609375,4.11899995803833
2025-10-06,6788.75,966.9400024414062,8981.400390625,7971.77978515625,,,,,,,12551.3603515625,5628.72021484375,4.1620001792907715
2025-10-07,6761.5,960.7100219726562,8956.7998046875,7974.85009765625,,,,,,,12521.7900390625,5613.6201171875,4.126999855041504
2025-10-08,6801.25,960.6199951171875,8947.599609375,8060.1298828125,,,,,,,12648.1103515625,5649.72998046875,4.129000186920166
2025-10-09,6779.25,958.4000244140625,8969.7998046875,8041.35986328125,,,,,,,12609.150390625,5625.56005859375,4.1479997634887695
2025-10-10,6595.25,940.4600219726562,8958.2998046875,7918.0,,,,,,,12481.41015625,5531.31982421875,4.051000118255615
2025-10-13,6694.75,951.8300170898438,8882.7998046875,7934.259765625,,,,,,,12484.7998046875,5568.18994140625,4.051000118255615
2025-10-14,6686.5,949.4199829101562,8899.400390625,7919.6201171875,,,,,,,12434.8095703125,5552.0498046875,4.021999835968018
2025-10-15,6715.0,955.2100219726562,8990.900390625,8077.0,,,,,,,12529.580078125,5605.02978515625,4.046000003814697
2025-10-16,6668.75,959.0,9068.400390625,8188.58984375,,,,,,,12702.080078125,5652.009765625,3.9760000705718994
2025-10-17,6702.5,955.8599853515625,8995.2998046875,8174.2001953125,,,,,,,12644.490234375,5607.39013671875,4.006999969482422
2025-10-20,6773.75,966.4199829101562,9031.900390625,8206.0703125,,,,,,,12635.01953125,5680.93017578125,3.9860000610351562
2025-10-21,6773.25,966.5800170898438,9094.7001953125,8258.8603515625,,,,,,,12622.7001953125,5686.830078125,3.9630000591278076
2025-10-22,6737.0,966.0,9030.0,8206.8701171875,,,,,,,12614.4296875,5639.2099609375,3.953000068664551
2025-10-23,6775.0,973.9199829101562,9032.7998046875,8225.7802734375,,,,,,,12557.26953125,5668.330078125,3.990999937057495
2025-10-24,6827.0,978.969970703125,9019.0,8225.6298828125,,,,,,,12568.1796875,5674.5,3.996999979019165
2025-10-27,6908.25,982.0,9055.599609375,8239.1796875,,,,,,,12527.58984375,5711.06005859375,3.996999979019165
2025-10-28,6925.75,974.5999755859375,9012.5,8216.580078125,,,,,,,12360.150390625,5704.35009765625,3.9830000400543213
2025-10-29,6922.75,975.3499755859375,8926.2001953125,8200.8798828125,,,,,,,12314.099609375,5705.81005859375,4.058000087738037
2025-10-30,6855.5,981.6099853515625,8885.5,8157.2900390625,,,,,,,12309.6298828125,5699.18017578125,4.0929999351501465
2025-10-31,6874.0,971.4600219726562,8881.900390625,8121.06982421875,,,,,,,12234.5,5662.0400390625,4.10099983215332
2025-11-03,6882.75,970.969970703125,8894.7998046875,8109.7900390625,,,,,,,12235.5400390625,5679.25,4.105999946594238
2025-11-04,6801.75,969.2000122070312,8813.7001953125,8067.52978515625,,,,,,,12306.8896484375,5660.2001953125,4.089000225067139
2025-11-05,6825.25,970.8900146484375,8802.0,8074.22998046875,,,,,,,12363.5302734375,5669.1298828125,4.1570000648498535
2025-11-06,6747.5,961.0599975585938,8831.7998046875,7964.77001953125,,,,,,,12298.8603515625,5611.18017578125,4.0929999351501465
2025-11-07,6753.75,950.77001953125,8769.7001953125,7950.18017578125,,,,,,,12298.349609375,5566.52978515625,4.0929999351501465
2025-11-10,6856.75,961.0800170898438,8830.900390625,8055.509765625,,,,,,,12455.2001953125,5664.4599609375,4.110000133514404
2025-11-11,6871.5,970.5900268554688,8818.7998046875,8156.22998046875,,,,,,,12702.080078125,5725.7001953125,4.119999885559082
2025-11-12,6875.75,968.510009765625,8799.5,8241.240234375,,,,,,,12793.740234375,5787.31005859375,4.065000057220459
2025-11-13,6760.0,961.510009765625,8753.400390625,8232.490234375,,,,,,,12740.91015625,5742.7900390625,4.111999988555908
2025-11-14,6755.25,951.9199829101562,8634.5,8170.08984375,,,,,,,12634.2998046875,5693.77001953125,4.1479997634887695
2025-11-17,6692.0,945.3699951171875,8636.400390625,8119.02001953125,,,,,,,12597.8203125,5640.93994140625,4.132999897003174
2025-11-18,6639.75,930.8800048828125,8469.099609375,7967.93017578125,,,,,,,12481.9501953125,5534.7099609375,4.123000144958496
2025-11-19,6661.5,933.3400268554688,8447.900390625,7953.77001953125,,,,,,,12530.6201171875,5542.0498046875,4.132999897003174
2025-11-20,6557.5,934.9299926757812,8552.7001953125,7981.06982421875,,,,,,,12543.0595703125,5569.919921875,4.105999946594238
2025-11-21,6620.25,926.6900024414062,8416.5,7982.64990234375,,,,,,,12632.669921875,5515.08984375,4.063000202178955
2025-11-24,6721.25,926.9199829101562,8525.099609375,7959.669921875,,,,,,,12654.1201171875,5528.669921875,4.038000106811523
2025-11-25,6781.5,932.760009765625,8537.0,8025.7998046875,,,,,,,12771.6298828125,5573.91015625,4.001999855041504
2025-11-26,6828.0,943.6799926757812,8606.5,8096.43017578125,,,,,,,12822.240234375,5655.580078125,3.997999906539917
2025-11-27,,939.8300170898438,8619.2001953125,8099.47021484375,,,,,,,12831.0498046875,5653.169921875,
2025-11-28,6859.5,943.3699951171875,8614.099609375,8122.7099609375,,,,,,,12833.9599609375,5668.169921875,4.017000198364258
2025-12-01,6826.75,947.6400146484375,8565.2001953125,8097.0,,,,,,,12850.73046875,5667.47998046875,4.0960001945495605
2025-12-02,6840.25,944.8400268554688,8579.7001953125,8074.60986328125,,,,,,,12890.25,5686.169921875,4.085999965667725
2025-12-03,6862.0,949.6400146484375,8595.2001953125,8087.419921875,,,,,,,12858.330078125,5694.56005859375,4.057000160217285
2025-12-04,6866.75,947.77001953125,8618.400390625,8122.02978515625,,,,,,,12893.6103515625,5718.080078125,4.107999801635742
2025-12-05,6878.25,947.5,8634.599609375,8114.740234375,,,,,,,12936.2998046875,5723.93017578125,4.138999938964844
2025-12-08,6855.75,945.1199951171875,8624.400390625,8108.43017578125,,,,,,,12981.419921875,5725.58984375,4.171999931335449
2025-12-09,6848.25,947.0800170898438,8585.900390625,8052.509765625,,,,,,,12931.16015625,5718.31982421875,4.185999870300293
2025-12-10,6891.75,943.739990234375,8579.400390625,8022.68994140625,,,,,,,12921.48046875,5708.1201171875,4.164000034332275
2025-12-11,6907.25,947.02001953125,8592.0,8085.759765625,,,,,,,12905.169921875,5753.9599609375,4.140999794006348
2025-12-12,6830.75,939.5900268554688,8697.2998046875,8068.6201171875,,,,,,,12887.48046875,5720.7099609375,4.193999767303467
2025-12-15,6823.0,945.77001953125,8635.0,8124.8798828125,,,,,,,13036.7998046875,5752.52001953125,4.182000160217285
2025-12-16,6801.0,935.1400146484375,8598.900390625,8106.16015625,,,,,,,13056.740234375,5717.830078125,4.14900016784668
2025-12-17,6726.5,929.5999755859375,8585.2001953125,8086.0498046875,,,,,,,13028.6201171875,5681.669921875,4.151000022888184
2025-12-18,6778.25,940.0499877929688,8588.2001953125,8150.64013671875,,,,,,,13136.080078125,5741.7099609375,4.116000175476074
2025-12-19,6796.5400390625,944.5900268554688,8621.400390625,8151.3798828125,,,,,,,13171.849609375,5760.35009765625,4.151000022888184
2025-12-22,6930.25,942.7000122070312,8699.900390625,8121.06982421875,,,,,,,13163.66015625,5743.68994140625,4.169000148773193
2025-12-23,6961.0,942.260009765625,8795.7001953125,8103.85009765625,,,,,,,13242.7998046875,5749.27978515625,4.169000148773193
2025-12-24,6982.5,941.3699951171875,8762.7001953125,8103.580078125,,,,,,,,,4.136000156402588
2025-12-26,6979.25,,,,,,,,,,,,4.136000156402588
2025-12-29,6955.0,946.1599731445312,8725.7001953125,8112.02001953125,,,,,,,13240.58984375,5751.7099609375,4.116000175476074
2025-12-30,6944.25,951.27001953125,8717.099609375,8168.14990234375,,,,,,,13267.48046875,5796.22021484375,4.130000114440918
2025-12-31,6892.5,951.2899780273438,8714.2998046875,8149.5,,,,,,,,,4.163000106811523
2026-01-02,6900.5,967.5900268554688,8727.7998046875,8195.2099609375,,,,,,,,,4.186999797821045
2026-01-05,6943.75,985.1199951171875,8728.599609375,8211.5,,,,,,,13247.3203125,5923.68994140625,4.164999961853027
2026-01-06,6987.75,991.6699829101562,8714.599609375,8237.4296875,,,,,,,13322.150390625,5931.7900390625,4.178999900817871
2026-01-07,6963.25,979.1500244140625,8695.599609375,8233.919921875,,,,,,,13324.0302734375,5923.56982421875,4.138000011444092
2026-01-08,6962.0,965.030029296875,8720.7998046875,8243.4697265625,,,,,,,13350.8203125,5904.31982421875,4.183000087738037
2026-01-09,7005.0,988.1699829101562,8717.7998046875,8362.08984375,,,,,,,13421.8203125,5997.47021484375,4.171000003814697
2026-01-12,7016.5,993.5399780273438,8759.400390625,8358.759765625,,,,,,,13426.98046875,6016.2998046875,4.186999797821045
2026-01-13,7001.75,997.1699829101562,8808.5,8347.2001953125,,,,,,,13364.73046875,6029.830078125,4.171000003814697
2026-01-14,6966.25,996.75,8820.599609375,8330.9697265625,,,,,,,13464.83984375,6005.0498046875,4.139999866485596
2026-01-15,6981.75,1011.010009765625,8861.7001953125,8313.1201171875,,,,,,,13476.3203125,6041.14013671875,4.159999847412109
2026-01-16,6976.75,1010.2100219726562,8903.900390625,8258.9404296875,,,,,,,13413.58984375,6029.4501953125,4.230999946594238
2026-01-19,,992.72998046875,8874.5,8112.02001953125,,,,,,,13277.0400390625,5925.81982421875,
2026-01-20,6829.5,991.1699829101562,8815.900390625,8062.580078125,,,,,,,13169.9599609375,5892.080078125,4.295000076293945
2026-01-21,6910.0,993.9400024414062,8782.900390625,8069.169921875,,,,,,,13156.8095703125,5882.8798828125,4.252999782562256
2026-01-22,6945.0,1000.219970703125,8848.7001953125,8148.89013671875,,,,,,,13228.400390625,5956.169921875,4.249000072479248
2026-01-23,6945.75,1000.1199951171875,8860.099609375,8143.0498046875,,,,,,,13147.1298828125,5948.2001953125,4.238999843597412
2026-01-26,6981.25,998.739990234375,,8131.14990234375,,,,,,,13142.01953125,5957.7998046875,4.2129998207092285
2026-01-27,7008.5,1001.6799926757812,8941.599609375,8152.81982421875,,,,,,,13216.23046875,5994.58984375,4.2230000495910645
2026-01-28,7007.25,997.1300048828125,8933.900390625,8066.68017578125,,,,,,,13023.8095703125,5933.2001953125,4.250999927520752
2026-01-29,6992.75,996.9299926757812,8966.099609375,8071.35986328125,,,,,,,13147.9296875,5891.9501953125,4.2270002365112305
2026-01-30,6965.75,1001.6500244140625,8869.099609375,8126.52978515625,,,,,,,13188.259765625,5947.81005859375,4.241000175476074
2026-02-02,7002.5,1009.510009765625,8778.599609375,8181.169921875,,,,,,,13409.1103515625,6007.509765625,4.275000095367432
2026-02-03,6941.75,993.989990234375,8857.099609375,8179.5,,,,,,,13372.580078125,5995.35009765625,4.27400016784668
2026-02-04,6906.25,990.3200073242188,8927.7998046875,8262.16015625,,,,,,,13508.1201171875,5970.47021484375,4.275000095367432
2026-02-05,6820.75,985.1400146484375,8889.2001953125,8238.169921875,,,,,,,13466.0400390625,5925.7001953125,4.210000038146973
2026-02-06,6952.75,995.3499755859375,8708.7998046875,8273.83984375,,,,,,,13431.650390625,5998.39990234375,4.205999851226807
2026-02-09,6983.25,999.030029296875,8912.099609375,8323.2802734375,,,,,,,13517.73046875,6059.009765625,4.197999954223633
2026-02-10,6961.5,1004.1400146484375,8867.400390625,8327.8798828125,,,,,,,13518.2197265625,6047.06005859375,4.146999835968018
2026-02-11,6960.5,1008.9600219726562,9014.7998046875,8313.240234375,,,,,,,13547.080078125,6035.64013671875,4.171999931335449
2026-02-12,6851.0,988.030029296875,9043.5,8340.5595703125,,,,,,,13529.919921875,6011.2900390625,4.104000091552734
2026-02-13,6850.5,993.8200073242188,8917.599609375,8311.740234375,,,,,,,13600.669921875,5985.22998046875,4.056000232696533
2026-02-16,,993.0999755859375,8966.7998046875,8316.5,,,,,,,13656.0,5978.8798828125,
2026-02-17,6860.5,995.7999877929688,8958.900390625,8361.4599609375,,,,,,,13752.83984375,6021.85009765625,4.052000045776367
2026-02-18,6893.0,1010.5399780273438,9007.0,8429.0302734375,,,,,,,13807.0400390625,6103.3701171875,4.078999996185303
