date,ff_Mkt_RF,ff_SMB,ff_HML,ff_RMW,ff_CMA,ff_RF,ff_Mom,wg_dp,wg_dy,wg_ep,wg_de,wg_bm,wg_ntis,wg_tbl,wg_lty,wg_ltr,wg_infl,wg_svar,wg_dfy,wg_dfr,wg_tms,wg_mkt_lag1,jkp_accruals,jkp_debt_issuance,jkp_investment,jkp_low_leverage,jkp_low_risk,jkp_momentum,jkp_profit_growth,jkp_profitability,jkp_quality,jkp_seasonality,jkp_short_term_reversal,jkp_size,jkp_value
1871-01-01,,,,,,,,-2.837728024410743,,-2.4069451083182885,-0.4307829160924542,,,,,,,,,,,,,,,,,,,,,,,,
1871-02-01,,,,,,,,-2.8511510447428834,-2.837728024410743,-2.4203681286504293,-0.4307829160924542,,,,,,,,,,,,,,,,,,,,,,,,
1871-03-01,,,,,,,,-2.8753015049751665,-2.8511510447428834,-2.4445185888827123,-0.4307829160924542,,,,,,,,,,,0.013513513513513375,,,,,,,,,,,,,
1871-04-01,,,,,,,,-2.9031107836735943,-2.8753015049751665,-2.47232786758114,-0.4307829160924542,,,,,,,,,,,0.02444444444444449,,,,,,,,,,,,,
1871-05-01,,,,,,,,-2.928112085879012,-2.9031107836735943,-2.4973291697865574,-0.4307829160924542,,,,,,,,,,,0.02819956616052055,,,,,,,,,,,,,
1871-06-01,,,,,,,,-2.9198475760291185,-2.928112085879012,-2.489064659936664,-0.4307829160924542,,,,,,,,,,,0.025316455696202445,,,,,,,,,,,,,
1871-07-01,,,,,,,,-2.900998850470451,-2.9198475760291185,-2.470215934377997,-0.4307829160924542,,,,,,,,,,,-0.008230452674897082,,,,,,,,,,,,,
1871-08-01,,,,,,,,-2.9136040593894332,-2.900998850470451,-2.4828211432969787,-0.4307829160924542,,,,,,,,,,,-0.018672199170124415,,,,,,,,,,,,,
1871-09-01,,,,,,,,-2.9239883686951496,-2.9136040593894332,-2.4932054526026954,-0.4307829160924542,,,,,,,,,,,0.012684989429175397,,,,,,,,,,,,,
1871-10-01,,,,,,,,-2.8709536720390627,-2.9239883686951496,-2.4401707559466086,-0.4307829160924542,,,,,,,,,,,0.010438413361169019,,,,,,,,,,,,,
1871-11-01,,,,,,,,-2.881788014204773,-2.8709536720390627,-2.451005098112319,-0.4307829160924542,,,,,,,,,,,-0.051652892561983466,,,,,,,,,,,,,
1871-12-01,,,,,,,,-2.9031107836735943,-2.881788014204773,-2.47232786758114,-0.4307829160924542,,,,,,,,,,,0.01089324618736387,,,,,,,,,,,,,
1872-01-01,,,,,,,,-2.9154996503922757,-2.8904983481868585,-2.4910986200359213,-0.42440103035635446,,,,,,,,,,,0.02155172413793105,,,,,,,,,,,,,
1872-02-01,,,,,,,,-2.9067760676592242,-2.902669285706571,-2.489013431740654,-0.41776263591857066,,,,,,,,,,,0.025316455696202445,,,,,,,,,,,,,
1872-03-01,,,,,,,,-2.9267394020670396,-2.894478539848818,-2.515120428384497,-0.4116189736825425,,,,,,,,,,,0.00411522633744843,,,,,,,,,,,,,
1872-04-01,,,,,,,,-2.9419902423195063,-2.914591268131392,-2.5364031755551752,-0.4055870667643311,,,,,,,,,,,0.032786885245901676,,,,,,,,,,,,,
1872-05-01,,,,,,,,-2.9296264484606485,-2.9296264484606485,-2.5303241294787933,-0.3993023189818554,,,,,,,,,,,0.02777777777777768,,,,,,,,,,,,,
1872-06-01,,,,,,,,-2.9080713349955656,-2.917770732084279,-2.514582417934117,-0.3934889170614485,,,,,,,,,,,0.0,,,,,,,,,,,,,
1872-07-01,,,,,,,,-2.8904894118759463,-2.8963545313283445,-2.502711274421507,-0.38777813745443934,,,,,,,,,,,-0.009652509652509633,,,,,,,,,,,,,
1872-08-01,,,,,,,,-2.86672498817609,-2.878559445823093,-2.4849066497880004,-0.3818183383880899,,,,,,,,,,,-0.005847953216374324,,,,,,,,,,,,,
1872-09-01,,,,,,,,-2.8372619325822166,-2.8552804380848946,-2.4609534087655076,-0.3763085238167089,,,,,,,,,,,-0.0117647058823529,,,,,,,,,,,,,
1872-10-01,,,,,,,,-2.829979143107269,-2.8259468795793303,-2.4590859501662576,-0.3708931929410114,,,,,,,,,,,-0.017857142857142794,,,,,,,,,,,,,
1872-11-01,,,,,,,,-2.8144213282659596,-2.818453591793898,-2.4491885671859213,-0.36523276108003866,,,,,,,,,,,0.004040404040403844,,,,,,,,,,,,,
1872-12-01,,,,,,,,-2.827313621929028,-2.8033603809065353,-2.4673108878976207,-0.36000273403140715,,,,,,,,,,,-0.004024144869215207,,,,,,,,,,,,,
1873-01-01,,,,,,,,-2.826873405726854,-2.819014819114333,-2.469372356825816,-0.35750104890103795,,,,,,,,,,,0.024242424242424176,,,,,,,,,,,,,
1873-02-01,,,,,,,,-2.8264402170503704,-2.8186429065903384,-2.4714059625690976,-0.35503425448127246,,,,,,,,,,,0.007889546351084853,,,,,,,,,,,,,
1873-03-01,,,,,,,,-2.8104795959511772,-2.818276906411209,-2.4578779774000807,-0.3526016185510965,,,,,,,,,,,0.007827788649706457,,,,,,,,,,,,,
1873-04-01,,,,,,,,-2.7885890635862225,-2.802382385718558,-2.4383866341531073,-0.35020242943311486,,,,,,,,,,,-0.007766990291262155,,,,,,,,,,,,,
1873-05-01,,,,,,,,-2.7825390530929495,-2.780556891888958,-2.4347030578214213,-0.347835995271528,,,,,,,,,,,-0.013698630136986356,,,,,,,,,,,,,
1873-06-01,,,,,,,,-2.7606125311930656,-2.774570883443772,-2.4151108878524585,-0.3455016433406072,,,,,,,,,,,0.001984126984126977,,,,,,,,,,,,,
1873-07-01,,,,,,,,-2.750697300757928,-2.7527073516859524,-2.4074985813757643,-0.34319871938216373,,,,,,,,,,,-0.013861386138613763,,,,,,,,,,,,,
1873-08-01,,,,,,,,-2.742854123296902,-2.742854123296902,-2.401927536326309,-0.3409265869705932,,,,,,,,,,,-0.002008032128514192,,,,,,,,,,,,,
1873-09-01,,,,,,,,-2.6555321668187633,-2.735071982854847,-2.31684753991461,-0.3386846269041536,,,,,,,,,,,0.0,,,,,,,,,,,,,
1873-10-01,,,,,,,,-2.556630830586446,-2.647810120724853,-2.220158593965233,-0.33647223662121295,,,,,,,,,,,-0.07645875251509049,,,,,,,,,,,,,
1873-11-01,,,,,,,,-2.512511915879889,-2.548967957840877,-2.17822308623962,-0.3342888296402693,,,,,,,,,,,-0.08714596949891051,,,,,,,,,,,,,
1873-12-01,,,,,,,,-2.594802320611218,-2.50490731649467,-2.262668485588603,-0.33213383502261484,,,,,,,,,,,-0.0357995226730311,,,,,,,,,,,,,
1874-01-01,,,,,,,,-2.6476780726591658,-2.594802320611218,-2.315544237636551,-0.33213383502261484,,,,,,,,,,,0.09405940594059414,,,,,,,,,,,,,
1874-02-01,,,,,,,,-2.6772785424354564,-2.6476780726591658,-2.3451447074128415,-0.33213383502261484,,,,,,,,,,,0.05429864253393668,,,,,,,,,,,,,
1874-03-01,,,,,,,,-2.662587827025453,-2.6772785424354564,-2.330453992002838,-0.33213383502261484,,,,,,,,,,,0.030042918454935563,,,,,,,,,,,,,
1874-04-01,,,,,,,,-2.6347189280166603,-2.662587827025453,-2.3025850929940455,-0.33213383502261484,,,,,,,,,,,-0.01458333333333317,,,,,,,,,,,,,
1874-05-01,,,,,,,,-2.608285670948505,-2.6347189280166603,-2.27615183592589,-0.33213383502261484,,,,,,,,,,,-0.02748414376321373,,,,,,,,,,,,,
1874-06-01,,,,,,,,-2.6038113905535836,-2.608285670948505,-2.271677555530969,-0.33213383502261484,,,,,,,,,,,-0.02608695652173898,,,,,,,,,,,,,
1874-07-01,,,,,,,,-2.6038113905535836,-2.6038113905535836,-2.271677555530969,-0.33213383502261484,,,,,,,,,,,-0.0044642857142858094,,,,,,,,,,,,,
1874-08-01,,,,,,,,-2.6060510331470885,-2.6038113905535836,-2.2739171981244737,-0.33213383502261484,,,,,,,,,,,0.0,,,,,,,,,,,,,
1874-09-01,,,,,,,,-2.6215896365748677,-2.6060510331470885,-2.289455801552253,-0.33213383502261484,,,,,,,,,,,0.0022421524663676085,,,,,,,,,,,,,
1874-10-01,,,,,,,,-2.6193845640165536,-2.6215896365748677,-2.287250728993939,-0.33213383502261484,,,,,,,,,,,0.015659955257270708,,,,,,,,,,,,,
1874-11-01,,,,,,,,-2.6281758294277244,-2.6193845640165536,-2.2960419944051096,-0.33213383502261484,,,,,,,,,,,-0.0022026431718060735,,,,,,,,,,,,,
1874-12-01,,,,,,,,-2.6215896365748677,-2.6281758294277244,-2.289455801552253,-0.33213383502261484,,,,,,,,,,,0.008830022075055233,,,,,,,,,,,,,
1875-01-01,,,,,,,,-2.629194235960087,-2.629194235960087,-2.307664048374835,-0.32153018758525176,,,,,,,,,,,-0.006564551422319487,,,,,,,,,,,,,
1875-02-01,,,,,,,,-2.634652036147342,-2.636857108705656,-2.324230476726072,-0.31042155942127037,,,,,,,,,,,0.0,,,,,,,,,,,,,
1875-03-01,,,,,,,,-2.6555321668187633,-2.6423740822412523,-2.3562892719659065,-0.2992428948528568,,,,,,,,,,,-0.0022026431718060735,,,,,,,,,,,,,
1875-04-01,,,,,,,,-2.67630150278763,-2.6633143072608183,-2.3885413083874476,-0.2877601944001821,,,,,,,,,,,0.013245033112582627,,,,,,,,,,,,,
1875-05-01,,,,,,,,-2.644665869274868,-2.6841446802486555,-2.3689448091594616,-0.2757210601154064,,,,,,,,,,,0.013071895424836777,,,,,,,,,,,,,
1875-06-01,,,,,,,,-2.6322313645448587,-2.652571048781981,-2.3686468436721384,-0.26358452087272033,,,,,,,,,,,-0.03870967741935494,,,,,,,,,,,,,
1875-07-01,,,,,,,,-2.642480036892761,-2.6401995341940356,-2.3913789647039803,-0.2511010721887803,,,,,,,,,,,-0.020134228187919434,,,,,,,,,,,,,
1875-08-01,,,,,,,,-2.6550576709616998,-2.6505122085900252,-2.417057289003128,-0.23800038195857187,,,,,,,,,,,0.0022831050228309113,,,,,,,,,,,,,
1875-09-01,,,,,,,,-2.654043200843063,-2.663154881194319,-2.4292749538018517,-0.22476824704121157,,,,,,,,,,,0.004555808656036442,,,,,,,,,,,,,
1875-10-01,,,,,,,,-2.646058525074242,-2.662206511482224,-2.4349211869836584,-0.21113733809058366,,,,,,,,,,,-0.009070294784580546,,,,,,,,,,,,,
1875-11-01,,,,,,,,-2.67043701061874,-2.6542890242107577,-2.473620464638616,-0.19681654598012366,,,,,,,,,,,-0.016018306636155666,,,,,,,,,,,,,
1875-12-01,,,,,,,,-2.678735813433435,-2.678735813433435,-2.49641425663948,-0.18232155679395468,,,,,,,,,,,0.016279069767441978,,,,,,,,,,,,,
1876-01-01,,,,,,,,-2.699121570357909,-2.678735813433435,-2.53558649064901,-0.16353507970889858,,,,,,,,,,,0.0,,,,,,,,,,,,,
1876-02-01,,,,,,,,-2.7124847981700757,-2.699121570357909,-2.567807420135299,-0.14467737803477676,,,,,,,,,,,0.020594965675057253,,,,,,,,,,,,,
1876-03-01,,,,,,,,-2.710269957840523,-2.7124847981700757,-2.585106814886517,-0.12516314295400632,,,,,,,,,,,0.013452914798206095,,,,,,,,,,,,,
1876-04-01,,,,,,,,-2.6718471524382497,-2.710269957840523,-2.5665866417807566,-0.10526051065749309,,,,,,,,,,,-0.0022123893805309214,,,,,,,,,,,,,
1876-05-01,,,,,,,,-2.6342840508626013,-2.6718471524382497,-2.5490242069117777,-0.08525984395082342,,,,,,,,,,,-0.037694013303769425,,,,,,,,,,,,,
1876-06-01,,,,,,,,-2.627081138568543,-2.6342840508626013,-2.562542617430972,-0.0645385211375713,,,,,,,,,,,-0.03686635944700467,,,,,,,,,,,,,
1876-07-01,,,,,,,,-2.614959778036198,-2.627081138568543,-2.571581054734253,-0.043378723301945143,,,,,,,,,,,-0.007177033492822837,,,,,,,,,,,,,
1876-08-01,,,,,,,,-2.572612230207106,-2.614959778036198,-2.550524633743101,-0.02208759646400482,,,,,,,,,,,-0.012048192771084487,,,,,,,,,,,,,
1876-09-01,,,,,,,,-2.509599262378372,-2.572612230207106,-2.509599262378372,0.0,,,,,,,,,,,-0.04146341463414627,,,,,,,,,,,,,
1876-10-01,,,,,,,,-2.5041644663924147,-2.509599262378372,-2.5267509650652107,0.022586498672795496,,,,,,,,,,,-0.06106870229007644,,,,,,,,,,,,,
1876-11-01,,,,,,,,-2.4849066497880004,-2.5041644663924147,-2.530252751554877,0.04534610176687681,,,,,,,,,,,-0.005420054200542035,,,,,,,,,,,,,
1876-12-01,,,,,,,,-2.4793356047385453,-2.4849066497880004,-2.548328476225496,0.06899287148695121,,,,,,,,,,,-0.019073569482288777,,,,,,,,,,,,,
1877-01-01,,,,,,,,-2.502067136810097,-2.5104823337353817,-2.533860207587135,0.031793070777037524,,,,,,,,,,,-0.005555555555555536,,,,,,,,,,,,,
1877-02-01,,,,,,,,-2.4728834110884192,-2.533860207587135,-2.467219679134275,-0.005663731954143936,,,,,,,,,,,-0.008379888268156499,,,,,,,,,,,,,
1877-03-01,,,,,,,,-2.4538482527680276,-2.5060874718674473,-2.408997686602676,-0.044850566165351546,,,,,,,,,,,-0.05915492957746482,,,,,,,,,,,,,
1877-04-01,,,,,,,,-2.4128707938304634,-2.4881928003690623,-2.3277284874434034,-0.08514230638706044,,,,,,,,,,,-0.050898203592814384,,,,,,,,,,,,,
1877-05-01,,,,,,,,-2.4480435015773736,-2.4480435015773736,-2.3221632556883707,-0.12588024588900293,,,,,,,,,,,-0.0725552050473186,,,,,,,,,,,,,
1877-06-01,,,,,,,,-2.4107986776342782,-2.4849066497880004,-2.242175965198486,-0.16862271243579263,,,,,,,,,,,0.0,,,,,,,,,,,,,
1877-07-01,,,,,,,,-2.4920902851594255,-2.449072900075735,-2.2793483963890204,-0.21274188877040512,,,,,,,,,,,-0.0714285714285714,,,,,,,,,,,,,
1877-08-01,,,,,,,,-2.5992693120879737,-2.5314467157492127,-2.341700893618052,-0.25756841846992207,,,,,,,,,,,0.04395604395604402,,,,,,,,,,,,,
1877-09-01,,,,,,,,-2.701129758257636,-2.6406980190727185,-2.3963532524465556,-0.30477650581108096,,,,,,,,,,,0.07017543859649122,,,,,,,,,,,,,
1877-10-01,,,,,,,,-2.7657241201041822,-2.744349260519449,-2.411981941074332,-0.35374217902984983,,,,,,,,,,,0.06229508196721323,,,,,,,,,,,,,
1877-11-01,,,,,,,,-2.795173129210255,-2.8103941232206107,-2.3913827828400502,-0.40379034637020506,,,,,,,,,,,0.021604938271604812,,,,,,,,,,,,,
1877-12-01,,,,,,,,-2.839386203163297,-2.842458402200267,-2.3826278006675823,-0.45675840249571475,,,,,,,,,,,-0.015105740181268978,,,,,,,,,,,,,
1878-01-01,,,,,,,,-2.8436056187060053,-2.8436056187060053,-2.3799646832480983,-0.46364093545790674,,,,,,,,,,,-0.0030674846625766694,,,,,,,,,,,,,
1878-02-01,,,,,,,,-2.826600040111116,-2.8483738396606766,-2.355203329609207,-0.4713967105019088,,,,,,,,,,,0.0,,,,,,,,,,,,,
1878-03-01,,,,,,,,-2.8495497633759097,-2.830857630363757,-2.3712473313154794,-0.47830243206043055,,,,,,,,,,,-0.021538461538461506,,,,,,,,,,,,,
1878-04-01,,,,,,,,-2.8812245324268124,-2.8538255582386984,-2.396005168279954,-0.4852193641468585,,,,,,,,,,,0.018867924528301883,,,,,,,,,,,,,
1878-05-01,,,,,,,,-2.889055259591008,-2.8860567565947512,-2.3960407061455538,-0.4930145534454544,,,,,,,,,,,0.02777777777777768,,,,,,,,,,,,,
1878-06-01,,,,,,,,-2.9141117451992375,-2.8933702608924214,-2.414155793670151,-0.4999559515290868,,,,,,,,,,,0.0030030030030030463,,,,,,,,,,,,,
1878-07-01,,,,,,,,-2.938765448947313,-2.9184454464563556,-2.431856279273558,-0.5069091696737553,,,,,,,,,,,0.020958083832335328,,,,,,,,,,,,,
1878-08-01,,,,,,,,-2.9350053551797464,-2.9436634179228607,-2.4202594389052,-0.5147459162745465,,,,,,,,,,,0.02052785923753664,,,,,,,,,,,,,
1878-09-01,,,,,,,,-2.9594660955695966,-2.939379337002859,-2.43774118134557,-0.5217249142240266,,,,,,,,,,,-0.008620689655172376,,,,,,,,,,,,,
1878-10-01,,,,,,,,-2.9524305973663942,-2.9638592931900174,-2.423714237876415,-0.5287163594899793,,,,,,,,,,,0.020289855072463725,,,,,,,,,,,,,
1878-11-01,,,,,,,,-2.9545184249828287,-2.957396124810444,-2.417921556227638,-0.5365968687551907,,,,,,,,,,,-0.011363636363636354,,,,,,,,,,,,,
1878-12-01,,,,,,,,-2.9531726591351948,-2.9589530220506948,-2.4095572125462135,-0.5436154465889815,,,,,,,,,,,-0.002873563218390718,,,,,,,,,,,,,
1879-01-01,,,,,,,,-2.9807611039926205,-2.94377253462328,-2.4280089775732043,-0.5527521264194162,,,,,,,,,,,-0.0057636887608069065,,,,,,,,,,,,,
1879-02-01,,,,,,,,-3.0076630007558216,-2.9719939245490865,-2.4451677213565004,-0.5624952793993214,,,,,,,,,,,0.03768115942028971,,,,,,,,,,,,,
1879-03-01,,,,,,,,-2.982126621498212,-2.998431330523156,-2.41099439150123,-0.5711322299969819,,,,,,,,,,,0.03631284916201105,,,,,,,,,,,,,
1879-04-01,,,,,,,,-3.0053272298943794,-2.97297939602886,-2.4257872951283623,-0.5795399347660171,,,,,,,,,,,-0.016172506738544534,,,,,,,,,,,,,
1879-05-01,,,,,,,,-3.040899566628873,-2.9967938447789497,-2.452346098374232,-0.5885534682546414,,,,,,,,,,,0.03287671232876721,,,,,,,,,,,,,
1879-06-01,,,,,,,,-3.0369752320880403,-3.0319119301314936,-2.4404548872171663,-0.5965203448708736,,,,,,,,,,,0.04509283819628651,,,,,,,,,,,,,
1879-07-01,,,,,,,,-3.048068320903597,-3.0280676541969274,-2.4437837104571676,-0.604284610446429,,,,,,,,,,,0.0050761421319796,,,,,,,,,,,,,
1879-08-01,,,,,,,,-3.0471548922223555,-3.0397565847409105,-2.4345031860717947,-0.6126517061505607,,,,,,,,,,,0.02020202020202011,,,,,,,,,,,,,
1879-09-01,,,,,,,,-3.0745908484663107,-3.0383987198728937,-2.4545659327353277,-0.6200249157309827,,,,,,,,,,,0.007425742574257432,,,,,,,,,,,,,
1879-10-01,,,,,,,,-3.169373663516679,-3.065910681635044,-2.5421555654606727,-0.6272180980560063,,,,,,,,,,,0.03685503685503666,,,,,,,,,,,,,
1879-11-01,,,,,,,,-3.2133132315109854,-3.161272353385942,-2.5783038531967466,-0.6350093783142388,,,,,,,,,,,0.1090047393364928,,,,,,,,,,,,,
1879-12-01,,,,,,,,-3.202746442938317,-3.204776900488699,-2.560892556765922,-0.6418538861723947,,,,,,,,,,,0.05341880341880345,,,,,,,,,,,,,
1880-01-01,,,,,,,,-3.215944704059342,-3.1780538303479458,-2.5748613328859,-0.6410833711734419,,,,,,,,,,,-0.0020283975659228792,,,,,,,,,,,,,
1880-02-01,,,,,,,,-3.20930637385205,-3.1918471524802814,-2.56920841438192,-0.6400979594701298,,,,,,,,,,,0.03861788617886197,,,,,,,,,,,,,
1880-03-01,,,,,,,,-3.2048240714125504,-3.185775876441856,-2.565421166859296,-0.6394029045532547,,,,,,,,,,,0.017612524461839474,,,,,,,,,,,,,
1880-04-01,,,,,,,,-3.158932788901167,-3.1818345531878514,-2.520193796825121,-0.6387389920760462,,,,,,,,,,,0.019230769230769162,,,,,,,,,,,,,
1880-05-01,,,,,,,,-3.0540011816779664,-3.1364599330491085,-2.416131831423008,-0.6378693502549589,,,,,,,,,,,-0.02264150943396226,,,,,,,,,,,,,
1880-06-01,,,,,,,,-3.0362063814817652,-3.0320222749591914,-2.3989396593162766,-0.6372667221654887,,,,,,,,,,,-0.07915057915057921,,,,,,,,,,,,,
1880-07-01,,,,,,,,-3.0596056799347515,-3.014700176260802,-2.4229162826185835,-0.636689397316168,,,,,,,,,,,0.004192872117400492,,,,,,,,,,,,,
1880-08-01,,,,,,,,-3.073850052817943,-3.0385522707369192,-2.437934818213131,-0.6359152346048124,,,,,,,,,,,0.045929018789143905,,,,,,,,,,,,,
1880-09-01,,,,,,,,-3.0513021247088017,-3.0532307656152073,-2.4159137783010487,-0.635388346407753,,,,,,,,,,,0.03592814371257491,,,,,,,,,,,,,
1880-10-01,,,,,,,,-3.0596455992976437,-3.031099417391282,-2.424763326869674,-0.6348822724279696,,,,,,,,,,,-0.0019267822736032114,,,,,,,,,,,,,
1880-11-01,,,,,,,,-3.091042453358316,-3.039842972001464,-2.456854615295744,-0.6341878380625716,,,,,,,,,,,0.02895752895752901,,,,,,,,,,,,,
1880-12-01,,,,,,,,-3.1118044448067446,-3.0716243675012143,-2.4780806847176002,-0.6337237600891444,,,,,,,,,,,0.05253283302063805,,,,,,,,,,,,,
1881-01-01,,,,,,,,-3.1509605396924196,-3.09275624983605,-2.54489334911057,-0.6060671905818499,,,,,,,,,,,0.04099821746880572,,,,,,,,,,,,,
1881-02-01,,,,,,,,-3.129032157901059,-3.132268406680267,-2.5501326032632585,-0.5788995546378003,,,,,,,,,,,0.05993150684931514,,,,,,,,,,,,,
1881-03-01,,,,,,,,-3.121964363696902,-3.1106830192328623,-2.5701713014426883,-0.5517930622542134,,,,,,,,,,,-0.003231017770597866,,,,,,,,,,,,,
1881-04-01,,,,,,,,-3.100735582563975,-3.1039458581942236,-2.575795748821023,-0.5249398337429526,,,,,,,,,,,0.011345218800648427,,,,,,,,,,,,,
1881-05-01,,,,,,,,-3.127068275615078,-3.0830360054645745,-2.628528339104408,-0.4985399365106701,,,,,,,,,,,-0.0032051282051283048,,,,,,,,,,,,,
1881-06-01,,,,,,,,-3.1219091013388436,-3.109676532903209,-2.6497526187320064,-0.47215648260683674,,,,,,,,,,,0.045016077170418,,,,,,,,,,,,,
1881-07-01,,,,,,,,-3.0692347355469174,-3.104814667979543,-2.623245982505056,-0.4459887530418617,,,,,,,,,,,0.012307692307692353,,,,,,,,,,,,,
1881-08-01,,,,,,,,-3.028522096376982,-3.0524276172305362,-2.6082778508422297,-0.42024424553475237,,,,,,,,,,,-0.0349544072948329,,,,,,,,,,,,,
1881-09-01,,,,,,,,-3.0200249661230356,-3.0119927944257716,-2.6255489795904663,-0.3944759865325692,,,,,,,,,,,-0.023622047244094446,,,,,,,,,,,,,
1881-10-01,,,,,,,,-2.9876350633213717,-3.0037644452512553,-2.61874470963917,-0.3688903536822018,,,,,,,,,,,0.008064516129032251,,,,,,,,,,,,,
1881-11-01,,,,,,,,-2.978117726853009,-2.9716347219749304,-2.634415454218315,-0.3437022726346939,,,,,,,,,,,-0.015999999999999903,,,,,,,,,,,,,
1881-12-01,,,,,,,,-2.932859031735481,-2.9623693698848697,-2.6144053006169465,-0.3184537311185346,,,,,,,,,,,0.006504065040650486,,,,,,,,,,,,,
1882-01-01,,,,,,,,-2.9177707320842794,-2.932859031735481,-2.6011368376827306,-0.31663389440154854,,,,,,,,,,,-0.029079159935379795,,,,,,,,,,,,,
1882-02-01,,,,,,,,-2.8955665747732686,-2.9177707320842794,-2.5809839631422773,-0.3145826116309913,,,,,,,,,,,-0.014975041597337757,,,,,,,,,,,,,
1882-03-01,,,,,,,,-2.8938379658726507,-2.8955665747732686,-2.581082255868754,-0.3127557100038969,,,,,,,,,,,-0.02195945945945943,,,,,,,,,,,,,
1882-04-01,,,,,,,,-2.8938379658726507,-2.8938379658726507,-2.582912501174908,-0.31092546469774296,,,,,,,,,,,-0.0017271157167529916,,,,,,,,,,,,,
1882-05-01,,,,,,,,-2.8816533068562835,-2.8938379658726507,-2.5727908801395363,-0.30886242671674735,,,,,,,,,,,0.0,,,,,,,,,,,,,
1882-06-01,,,,,,,,-2.8763855159214247,-2.8816533068562835,-2.569360480626513,-0.3070250352949119,,,,,,,,,,,-0.01211072664359869,,,,,,,,,,,,,
1882-07-01,,,,,,,,-2.9311937524164198,-2.8763855159214247,-2.6260094907660005,-0.3051842616504191,,,,,,,,,,,-0.005253940455341555,,,,,,,,,,,,,
1882-08-01,,,,,,,,-2.9607525546579643,-2.9311937524164198,-2.6576432217058725,-0.3031093329520915,,,,,,,,,,,0.05633802816901423,,,,,,,,,,,,,
1882-09-01,,,,,,,,-2.970414465569701,-2.9607525546579643,-2.6691531349915394,-0.30126133057816173,,,,,,,,,,,0.030000000000000027,,,,,,,,,,,,,
1882-10-01,,,,,,,,-2.942792888259772,-2.970414465569701,-2.6433829814921124,-0.29940990676765955,,,,,,,,,,,0.009708737864077666,,,,,,,,,,,,,
1882-11-01,,,,,,,,-2.8990148540521847,-2.942792888259772,-2.6016919045637232,-0.2973229494884613,,,,,,,,,,,-0.027243589743589758,,,,,,,,,,,,,
1882-12-01,,,,,,,,-2.9041650800285,-2.8990148540521847,-2.6087008671346643,-0.29546421289383584,,,,,,,,,,,-0.042833607907743154,,,,,,,,,,,,,
1883-01-01,,,,,,,,-2.896517973853597,-2.9016681998299134,-2.609381561469142,-0.2871364123844554,,,,,,,,,,,0.005163511187607606,,,,,,,,,,,,,
1883-02-01,,,,,,,,-2.871087077470216,-2.8937164156009763,-2.59261734279078,-0.27846973467943614,,,,,,,,,,,-0.005136986301369939,,,,,,,,,,,,,
1883-03-01,,,,,,,,-2.8808519975555686,-2.8686033754793696,-2.6107656869941676,-0.2700863105614012,,,,,,,,,,,-0.022375215146299476,,,,,,,,,,,,,
1883-04-01,,,,,,,,-2.899029228090755,-2.8783744490600087,-2.6373552015447284,-0.26167402654602656,,,,,,,,,,,0.012323943661971981,,,,,,,,,,,,,
1883-05-01,,,,,,,,-2.8790667502005696,-2.8962493035205665,-2.626142815211235,-0.2529239349893344,,,,,,,,,,,0.02086956521739136,,,,,,,,,,,,,
1883-06-01,,,,,,,,-2.885230358395746,-2.8766021771724075,-2.6407770204947854,-0.2444533379009607,,,,,,,,,,,-0.017035775127768438,,,,,,,,,,,,,
1883-07-01,,,,,,,,-2.8671871135408407,-2.8827718445575385,-2.6312346039340495,-0.23595250960679093,,,,,,,,,,,0.008665511265164794,,,,,,,,,,,,,
1883-08-01,,,,,,,,-2.8179915768090025,-2.8644284911017612,-2.590876735717673,-0.22711484109132907,,,,,,,,,,,-0.015463917525773141,,,,,,,,,,,,,
1883-09-01,,,,,,,,-2.8264550394410737,-2.81554584034072,-2.607902161835463,-0.2185528776056106,,,,,,,,,,,-0.04537521815008738,,,,,,,,,,,,,
1883-10-01,,,,,,,,-2.796515828648283,-2.8240152700088332,-2.5865565860492907,-0.20995924259899224,,,,,,,,,,,0.010968921389396868,,,,,,,,,,,,,
1883-11-01,,,,,,,,-2.808538599936036,-2.7937781843529157,-2.6075089718803324,-0.20102962805570346,,,,,,,,,,,-0.027124773960217063,,,,,,,,,,,,,
1883-12-01,,,,,,,,-2.7838882774937144,-2.8061114142784245,-2.5915163848462583,-0.19237189264745613,,,,,,,,,,,0.014869888475836479,,,,,,,,,,,,,
1884-01-01,,,,,,,,-2.758632510745982,-2.7890531074466933,-2.5800237980310654,-0.17860871271491618,,,,,,,,,,,-0.02197802197802201,,,,,,,,,,,,,
1884-02-01,,,,,,,,-2.790186263728666,-2.763518016646504,-2.625985248047906,-0.16420101568075984,,,,,,,,,,,-0.029962546816479474,,,,,,,,,,,,,
1884-03-01,,,,,,,,-2.7916369172104756,-2.7954034000059527,-2.641891530851134,-0.14974538635934187,,,,,,,,,,,0.027027027027027195,,,,,,,,,,,,,
1884-04-01,,,,,,,,-2.750541077550124,-2.7968814148088255,-2.615618756643241,-0.13492232090688272,,,,,,,,,,,-0.00375939849624074,,,,,,,,,,,,,
1884-05-01,,,,,,,,-2.6710030643364213,-2.7555023280365303,-2.5515980242866725,-0.11940504004974883,,,,,,,,,,,-0.04528301886792452,,,,,,,,,,,,,
1884-06-01,,,,,,,,-2.6345830492203373,-2.67630150278763,-2.530786255538694,-0.10379679368164352,,,,,,,,,,,-0.08102766798418959,,,,,,,,,,,,,
1884-07-01,,,,,,,,-2.6399097107260623,-2.6399097107260623,-2.5521393800092627,-0.08777033071679963,,,,,,,,,,,-0.04086021505376347,,,,,,,,,,,,,
1884-08-01,,,,,,,,-2.705837461144528,-2.644949091469516,-2.634846797078915,-0.07099066406561327,,,,,,,,,,,0.0,,,,,,,,,,,,,
1884-09-01,,,,,,,,-2.6790626642289577,-2.711219775863489,-2.624995442958682,-0.054067221270275745,,,,,,,,,,,0.06278026905829592,,,,,,,,,,,,,
1884-10-01,,,,,,,,-2.6512484574681245,-2.6844741050964447,-2.6145844730965333,-0.03666398437159146,,,,,,,,,,,-0.03164556962025322,,,,,,,,,,,,,
1884-11-01,,,,,,,,-2.6358899373094387,-2.656368468652979,-2.6174533057499834,-0.018436631559455074,,,,,,,,,,,-0.03267973856209139,,,,,,,,,,,,,
1884-12-01,,,,,,,,-2.639057329615259,-2.641358826603538,-2.639057329615259,0.0,,,,,,,,,,,-0.020270270270270396,,,,,,,,,,,,,
1885-01-01,,,,,,,,-2.6346331684008106,-2.657944247269258,-2.6264484771057974,-0.008184691295013202,,,,,,,,,,,-0.0022988505747125743,,,,,,,,,,,,,
1885-02-01,,,,,,,,-2.684418596568933,-2.6542188567053007,-2.6677958733951,-0.01662272317383251,,,,,,,0.0015390211,,,,-0.02304147465437778,,,,,,,,,,,,,
1885-03-01,,,,,,,,-2.706339336698581,-2.7040536214177244,-2.681021528714291,-0.02531780798428973,,,,,,,0.0015445583,,,,0.030660377358490587,,,,,,,,,,,,,
1885-04-01,,,,,,,,-2.724081915200312,-2.7263676304811675,-2.6897967607928597,-0.034285154407452056,,,,,,,0.0017984027,,,,0.0022883295194506825,,,,,,,,,,,,,
1885-05-01,,,,,,,,-2.7333680090865,-2.74487561593798,-2.6898147052547507,-0.04355330383174949,,,,,,,0.0018053802,,,,-0.0022831050228310223,,,,,,,,,,,,,
1885-06-01,,,,,,,,-2.749599204015082,-2.7542395835715845,-2.696489378701134,-0.053109825313948145,,,,,,,0.0010968395,,,,-0.011441647597253968,,,,,,,,,,,,,
1885-07-01,,,,,,,,-2.807449447243537,-2.770915703911081,-2.7444676721247854,-0.06298177511875136,,,,,,,0.0029360528,,,,-0.004629629629629761,,,,,,,,,,,,,
1885-08-01,,,,,,,,-2.8841491205081997,-2.8296099785118463,-2.810936780173993,-0.0732123403342071,,,,,,,0.0024502347,,,,0.037209302325581506,,,,,,,,,,,,,
1885-09-01,,,,,,,,-2.8936027784776113,-2.9064234669066726,-2.8098328954121525,-0.08376988306545896,,,,,,,0.0017322996,,,,0.056053811659192876,,,,,,,,,,,,,
1885-10-01,,,,,,,,-2.972825907345084,-2.916384596440132,-2.8781299226934736,-0.09469598465161022,,,,,,,0.0029958516,,,,-0.0127388535031846,,,,,,,,,,,,,
1885-11-01,,,,,,,,-3.0595585801831535,-2.9965456123544194,-2.9535066843810656,-0.10605189580208796,,,,,,,0.0028138303,,,,0.05806451612903207,,,,,,,,,,,,,
1885-12-01,,,,,,,,-3.0757749812275277,-3.0834378539730967,-2.957991945571144,-0.1177830356563836,,,,,,,0.0030264326,,,,0.0650406504065042,,,,,,,,,,,,,
1886-01-01,,,,,,,,-3.082883520464822,-3.082883520464822,-2.939642806902947,-0.14324071356187495,,,,,,,0.0017293802,,,,-0.007633587786259555,,,,,,,,,,,,,
1886-02-01,,,,,,,,-3.108668583020275,-3.0896203880495805,-2.940672496370963,-0.16799608664931154,,,,,,,0.0015474234,,,,0.0,,,,,,,,,,,,,
1886-03-01,,,,,,,,-3.0949034620157754,-3.1158765853960544,-2.901999795891284,-0.1929036661244914,,,,,,,0.001832107,,,,0.019230769230769162,,,,,,,,,,,,,
1886-04-01,,,,,,,,-3.088584539006169,-3.10216379713255,-2.871028795053034,-0.21755574395313526,,,,,,,0.0012226229,,,,-0.02075471698113196,,,,,,,,,,,,,
1886-05-01,,,,,,,,-3.0757417812474444,-3.095466286595223,-2.834209856345955,-0.24153192490148934,,,,,,,0.0019091118,,,,-0.013487475915221592,,,,,,,,,,,,,
1886-06-01,,,,,,,,-3.127904046662474,-3.083105903762579,-2.8622008809294686,-0.26570316573300556,,,,,,,0.0012828002,,,,-0.01953125000000011,,,,,,,,,,,,,
1886-07-01,,,,,,,,-3.15044596362414,-3.1353228020499193,-2.8607947405524783,-0.2896512230716617,,,,,,,0.0010352907,,,,0.045816733067729265,,,,,,,,,,,,,
1886-08-01,,,,,,,,-3.164955629989427,-3.157478959646407,-2.8520108900237187,-0.3129447399657086,,,,,,,0.0009496314,,,,0.015238095238095273,,,,,,,,,,,,,
1886-09-01,,,,,,,,-3.1982194999425397,-3.1724827852984903,-2.861747263321327,-0.33647223662121295,,,,,,,0.0008519433,,,,0.007504690431519689,,,,,,,,,,,,,
1886-10-01,,,,,,,,-3.2308946652943744,-3.205803743300848,-2.8710898283467143,-0.3598048369476601,,,,,,,0.0008899615,,,,0.02607076350093096,,,,,,,,,,,,,
1886-11-01,,,,,,,,-3.262562453944775,-3.238085707518221,-2.8800623882373033,-0.38250006570747175,,,,,,,0.0003930134,,,,0.025408348457350405,,,,,,,,,,,,,
1886-12-01,,,,,,,,-3.244011798139743,-3.2702600242146795,-2.8385466900315786,-0.4054651081081644,,,,,,,0.0028153164,,,,0.024778761061946764,,,,,,,,,,,,,
1887-01-01,,,,,,,,-3.222016953769062,-3.2327122428858095,-2.820304195279448,-0.40171275848961385,,,,,,,0.0018256316,,,,-0.02590673575129543,,,,,,,,,,,,,
1887-02-01,,,,,,,,-3.2036493775369093,-3.2108436531709366,-2.8056192479162627,-0.3980301296206463,,,,,,,0.002042408,,,,-0.010638297872340385,,,,,,,,,,,,,
1887-03-01,,,,,,,,-3.2157941583307927,-3.192599541350324,-2.8213788864092133,-0.39441527192157944,,,,,,,0.0006220686,,,,-0.007168458781361964,,,,,,,,,,,,,
1887-04-01,,,,,,,,-3.2275338876113153,-3.2048650877986025,-2.8366675789243034,-0.3908663086870119,,,,,,,0.0003531394,,,,0.023465703971119023,,,,,,,,,,,,,
1887-05-01,,,,,,,,-3.2338174048664,-3.2167229715070995,-2.846435972191531,-0.387381432674869,,,,,,,0.0003857557,,,,0.022927689594356204,,,,,,,,,,,,,
1887-06-01,,,,,,,,-3.1938852955646264,-3.2231221157496517,-2.8099263926774256,-0.3839589028872008,,,,,,,0.0014579603,,,,0.017241379310344973,,,,,,,,,,,,,
1887-07-01,,,,,,,,-3.158566942674449,-3.1833031862340895,-2.777969901144298,-0.38059704153015095,,,,,,,0.0017047236,,,,-0.028813559322033888,,,,,,,,,,,,,
1887-08-01,,,,,,,,-3.1227319643152986,-3.148095642807154,-2.745437733173831,-0.377294231141468,,,,,,,0.0023355685,,,,-0.02443280977312401,,,,,,,,,,,,,
1887-09-01,,,,,,,,-3.0994419427782924,-3.112369177279752,-2.725393030903507,-0.3740489118747854,,,,,,,0.0019951612,,,,-0.025044722719141266,,,,,,,,,,,,,
1887-10-01,,,,,,,,-3.0551556940247915,-3.089185442611103,-2.684296115094103,-0.37085957893068877,,,,,,,0.002955246,,,,-0.012844036697247763,,,,,,,,,,,,,
1887-11-01,,,,,,,,-3.0640515175314684,-3.045003322560774,-2.696326737406151,-0.3677247801253174,,,,,,,0.0016079858,,,,-0.03345724907063197,,,,,,,,,,,,,
1887-12-01,,,,,,,,-3.0483247236731614,-3.0540011816779664,-2.6836816100852525,-0.36464311358790913,,,,,,,0.001012811,,,,0.019230769230769162,,,,,,,,,,,,,
1888-01-01,,,,,,,,-3.0627094217218636,-3.055147949021287,-2.714568574756048,-0.3481408469658158,,,,,,,0.0005819192,,,,-0.005660377358490565,,,,,,,,,,,,,
1888-02-01,,,,,,,,-3.0635083531649965,-3.0691740907006735,-2.733076676236661,-0.3304316769283353,,,,,,,0.0004439174,,,,0.007590132827324458,,,,,,,,,,,,,
1888-03-01,,,,,,,,-3.0318083300278005,-3.0704231661555803,-2.718936008747461,-0.3128723212803395,,,,,,,0.0013294999,,,,-0.005649717514124131,,,,,,,,,,,,,
1888-04-01,,,,,,,,-3.0427005689229403,-3.0387712907830506,-2.7479535001053925,-0.29474706881754753,,,,,,,0.0014588103,,,,-0.037878787878787956,,,,,,,,,,,,,
1888-05-01,,,,,,,,-3.0629306797930376,-3.0492985310029797,-2.7876336332144276,-0.27529704657861,,,,,,,0.0010815978,,,,0.003937007874015741,,,,,,,,,,,,,
1888-06-01,,,,,,,,-3.0385522707369192,-3.069989044160484,-2.7826188965997183,-0.25593337413720074,,,,,,,0.000769769,,,,0.013725490196078383,,,,,,,,,,,,,
1888-07-01,,,,,,,,-3.071277974344514,-3.0456608099742137,-2.8353752122841955,-0.2359027620603189,,,,,,,0.0019251105,,,,-0.030947775628626717,,,,,,,,,,,,,
1888-08-01,,,,,,,,-3.0991898390657315,-3.0780148419292725,-2.884787379602264,-0.21440245946346725,,,,,,,0.0008984656,,,,0.02594810379241519,,,,,,,,,,,,,
1888-09-01,,,,,,,,-3.1308581390116714,-3.1063978414415105,-2.9379544728871796,-0.1929036661244914,,,,,,,0.0012635538,,,,0.021400778210116878,,,,,,,,,,,,,
1888-10-01,,,,,,,,-3.132526660862668,-3.138118474128446,-2.961917953097172,-0.17060870776549586,,,,,,,0.0007084946,,,,0.024761904761904763,,,,,,,,,,,,,
1888-11-01,,,,,,,,-3.1186333458767574,-3.1394084084517218,-2.9719710198835094,-0.14666232599324802,,,,,,,0.0009363229,,,,-0.005576208178438735,,,,,,,,,,,,,
1888-12-01,,,,,,,,-3.1067290495260154,-3.1259974683918923,-2.984126727433683,-0.12260232209233246,,,,,,,0.0014531409,,,,-0.020560747663551315,,,,,,,,,,,,,
1889-01-01,,,,,,,,-3.1294817924745035,-3.1102133736086266,-2.990782710812824,-0.13869908166167932,,,,,,,0.0004682999,,,,-0.019083969465648942,,,,,,,,,,,,,
1889-02-01,,,,,,,,-3.144801546004463,-3.1334162237793377,-2.9893376683522446,-0.15546387765221859,,,,,,,0.0003978916,,,,0.01945525291828809,,,,,,,,,,,,,
1889-03-01,,,,,,,,-3.1273387377689295,-3.148311861149208,-2.9560670171615593,-0.17127172060736973,,,,,,,0.000832849,,,,0.011450381679389166,,,,,,,,,,,,,
1889-04-01,,,,,,,,-3.1289327777400455,-3.130861418646451,-2.9419902423195063,-0.18694253542053896,,,,,,,0.0004265515,,,,-0.02075471698113196,,,,,,,,,,,,,
1889-05-01,,,,,,,,-3.1595789306201283,-3.132910683537967,-2.9562946955428098,-0.20328423507731852,,,,,,,0.0003564911,,,,-0.0019267822736032114,,,,,,,,,,,,,
1889-06-01,,,,,,,,-3.179903969636107,-3.1631281801312703,-2.9612147686712778,-0.21868920096482958,,,,,,,0.0002467207,,,,0.027027027027027195,,,,,,,,,,,,,
1889-07-01,,,,,,,,-3.162923588902154,-3.1834658612024676,-2.9289556927037426,-0.2339678961984113,,,,,,,0.0007961597,,,,0.016917293233082775,,,,,,,,,,,,,
1889-08-01,,,,,,,,-3.180067028656798,-3.166945940694101,-2.930146814613586,-0.24992021404321196,,,,,,,0.0005355929,,,,-0.020332717190388205,,,,,,,,,,,,,
1889-09-01,,,,,,,,-3.2075762696142673,-3.183656085896615,-2.9426224482400425,-0.26495382137422463,,,,,,,0.000437114,,,,0.013207547169811429,,,,,,,,,,,,,
1889-10-01,,,,,,,,-3.1928291159301,-3.2111782545982965,-2.9129582565689605,-0.27987085936113965,,,,,,,0.0008217409,,,,0.024208566108007368,,,,,,,,,,,,,
1889-11-01,,,,,,,,-3.187594525487112,-3.1968969181494256,-2.892130312593276,-0.29546421289383584,,,,,,,0.0008281586,,,,-0.018181818181818077,,,,,,,,,,,,,
1889-12-01,,,,,,,,-3.1856010359833284,-3.1912242935376907,-2.8754461076794895,-0.3101549283038394,,,,,,,0.0007264676,,,,-0.009259259259259411,,,,,,,,,,,,,
1890-01-01,,,,,,,,-3.1968161068034684,-3.1856010359833284,-2.889331407055508,-0.3074846997479608,,,,,,,0.0003125311,,,,-0.005607476635513864,,,,,,,,,,,,,
1890-02-01,,,,,,,,-3.1856010359833284,-3.1968161068034684,-2.8811288908149875,-0.3044721451683414,,,,,,,0.0002374072,,,,0.011278195488721776,,,,,,,,,,,,,
1890-03-01,,,,,,,,-3.1780538303479458,-3.1856010359833284,-2.876267151714623,-0.30178667863332276,,,,,,,0.0002728577,,,,-0.011152416356877248,,,,,,,,,,,,,
1890-04-01,,,,,,,,-3.1986731175506815,-3.1780538303479458,-2.899579136606267,-0.29909398094441464,,,,,,,0.0004125476,,,,-0.007518796992481258,,,,,,,,,,,,,
1890-05-01,,,,,,,,-3.240459396535375,-3.1986731175506815,-2.9444033926110373,-0.29605600392433784,,,,,,,0.000748202,,,,0.02083333333333326,,,,,,,,,,,,,
1890-06-01,,,,,,,,-3.233316509022995,-3.240459396535375,-2.939968699035537,-0.29334780998745824,,,,,,,0.0008752802,,,,0.04267161410018572,,,,,,,,,,,,,
1890-07-01,,,,,,,,-3.226122233388968,-3.233316509022995,-2.9354899715739924,-0.2906322618149757,,,,,,,0.0004360968,,,,-0.007117437722419906,,,,,,,,,,,,,
1890-08-01,,,,,,,,-3.202376825488166,-3.226122233388968,-2.914808395857122,-0.2875684296310439,,,,,,,0.001959199,,,,-0.007168458781361964,,,,,,,,,,,,,
1890-09-01,,,,,,,,-3.1856010359833284,-3.202376825488166,-2.900763915663779,-0.28483712031954966,,,,,,,0.00102159,,,,-0.023465703971119134,,,,,,,,,,,,,
1890-10-01,,,,,,,,-3.139438994220166,-3.1856010359833284,-2.857340663698852,-0.2820983305213143,,,,,,,0.0018990477,,,,-0.01663585951940849,,,,,,,,,,,,,
1890-11-01,,,,,,,,-3.0638156406581016,-3.139438994220166,-2.784807441351099,-0.2790081993070028,,,,,,,0.0085015896,,,,-0.045112781954887216,,,,,,,,,,,,,
1890-12-01,,,,,,,,-3.040184036124825,-3.0638156406581016,-2.7639306594966664,-0.2762533766281581,,,,,,,0.0059447098,,,,-0.07283464566929132,,,,,,,,,,,,,
1891-01-01,,,,,,,,-3.091042453358316,-3.040184036124825,-2.80041019154334,-0.2906322618149757,,,,,,,0.001695691,,,,-0.023354564755838747,,,,,,,,,,,,,
1891-02-01,,,,,,,,-3.1033629377463567,-3.091042453358316,-2.798890792578015,-0.3044721451683414,,,,,,,0.0008054942,,,,0.052173913043478404,,,,,,,,,,,,,
1891-03-01,,,,,,,,-3.084824816747445,-3.1033629377463567,-2.7663710856289105,-0.3184537311185345,,,,,,,0.0010066135,,,,0.012396694214876103,,,,,,,,,,,,,
1891-04-01,,,,,,,,-3.117547572738313,-3.084824816747445,-2.7853050479704686,-0.3322425247678442,,,,,,,0.0013569389,,,,-0.01836734693877562,,,,,,,,,,,,,
1891-05-01,,,,,,,,-3.1135153092103742,-3.117547572738313,-2.7679932370692435,-0.34552207214113095,,,,,,,0.0019748726,,,,0.033264033264033266,,,,,,,,,,,,,
1891-06-01,,,,,,,,-3.0931064375791673,-3.1135153092103742,-2.7341613451058957,-0.35894509247327155,,,,,,,0.0009915706,,,,-0.004024144869215207,,,,,,,,,,,,,
1891-07-01,,,,,,,,-3.0764740375300255,-3.0931064375791673,-2.7042837183067334,-0.37219031922329204,,,,,,,0.000784977,,,,-0.020202020202020332,,,,,,,,,,,,,
1891-08-01,,,,,,,,-3.1094667206843742,-3.0764740375300255,-2.7245135823053483,-0.3849531383790259,,,,,,,0.0017710528,,,,-0.016494845360824795,,,,,,,,,,,,,
1891-09-01,,,,,,,,-3.1874789708075286,-3.1094667206843742,-2.7896184620845834,-0.3978605087229452,,,,,,,0.0021104053,,,,0.033542976939203495,,,,,,,,,,,,,
1891-10-01,,,,,,,,-3.1874789708075286,-3.1874789708075286,-2.776875571206883,-0.4106033996006453,,,,,,,0.0016616208,,,,0.08113590263691695,,,,,,,,,,,,,
1891-11-01,,,,,,,,-3.172355809233308,-3.1874789708075286,-2.7494676109422294,-0.4228881982910788,,,,,,,0.0014091129,,,,0.0,,,,,,,,,,,,,
1891-12-01,,,,,,,,-3.202376825488166,-3.172355809233308,-2.76705875423032,-0.4353180712578457,,,,,,,0.0005551822,,,,-0.015009380863039379,,,,,,,,,,,,,
1892-01-01,,,,,,,,-3.2129947855246943,-3.1946792552182615,-2.77804824444468,-0.4349465410800142,,,,,,,0.0015107813,,,,0.030476190476190546,,,,,,,,,,,,,
1892-02-01,,,,,,,,-3.207616980425029,-3.205803743300848,-2.772588722239781,-0.4350282581852476,,,,,,,0.0013500144,,,,0.01848428835489835,,,,,,,,,,,,,
1892-03-01,,,,,,,,-3.2108436531709366,-3.2000327370667208,-2.77617939037051,-0.4346642628004267,,,,,,,0.0010302216,,,,0.001814882032667775,,,,,,,,,,,,,
1892-04-01,,,,,,,,-3.201522775407846,-3.2033164978618736,-2.7672171784378703,-0.43430559696997584,,,,,,,0.0007060077,,,,0.010869565217391353,,,,,,,,,,,,,
1892-05-01,,,,,,,,-3.19448977938558,-3.19448977938558,-2.7600997106690066,-0.4343900687165734,,,,,,,0.0007100526,,,,-0.0017921146953404632,,,,,,,,,,,,,
1892-06-01,,,,,,,,-3.1816704708181343,-3.1870710239981346,-2.747631990265914,-0.4340384805522204,,,,,,,0.0007011437,,,,0.0,,,,,,,,,,,,,
1892-07-01,,,,,,,,-3.174306348302999,-3.174306348302999,-2.740614417607267,-0.43369193069573186,,,,,,,0.0008278846,,,,-0.0053859964093357915,,,,,,,,,,,,,
1892-08-01,,,,,,,,-3.1817617638603526,-3.167424600713945,-2.747982911437581,-0.43377885242277125,,,,,,,0.0009315347,,,,0.0,,,,,,,,,,,,,
1892-09-01,,,,,,,,-3.1492748657979024,-3.1745014287435778,-2.7158359056473316,-0.4334389601505706,,,,,,,0.001023799,,,,0.014440433212996373,,,,,,,,,,,,,
1892-10-01,,,,,,,,-3.1619410496292066,-3.142066863422123,-2.7288372125666536,-0.4331038370625533,,,,,,,0.0003598215,,,,-0.02491103202846967,,,,,,,,,,,,,
1892-11-01,,,,,,,,-3.1516199488166334,-3.1552041820444483,-2.718427014268438,-0.43319293454819485,,,,,,,0.0007783808,,,,0.02007299270072993,,,,,,,,,,,,,
1892-12-01,,,,,,,,-3.1336809788049687,-3.1445114095793385,-2.70081689650869,-0.43286408229627893,,,,,,,0.0009565178,,,,-0.003577817531305816,,,,,,,,,,,,,
1893-01-01,,,,,,,,-3.148339285082076,-3.130353188712294,-2.7439822103282734,-0.4043570747538028,,,,,,,0.0009023187,,,,-0.010771992818671583,,,,,,,,,,,,,
1893-02-01,,,,,,,,-3.126622614437523,-3.144608710807305,-2.751541362667023,-0.37508125177049956,,,,,,,0.0017157776,,,,0.01814882032667886,,,,,,,,,,,,,
1893-03-01,,,,,,,,-3.086345403858447,-3.123318191769422,-2.7410754565337045,-0.34526994732474203,,,,,,,0.0012405729,,,,-0.01782531194295911,,,,,,,,,,,,,
1893-04-01,,,,,,,,-3.0830518644465075,-3.0830518644465075,-2.7683041289222903,-0.3147477355242172,,,,,,,0.0016310348,,,,-0.03629764065335761,,,,,,,,,,,,,
1893-05-01,,,,,,,,-2.986682438034073,-3.07935955255938,-2.7033093904091015,-0.2833730476249714,,,,,,,0.0060655018,,,,0.0,,,,,,,,,,,,,
1893-06-01,,,,,,,,-2.934724925445967,-2.9834117891659506,-2.6834104971650614,-0.2513144282809061,,,,,,,0.0029707873,,,,-0.08851224105461386,,,,,,,,,,,,,
1893-07-01,,,,,,,,-2.8335483283868674,-2.9314649388587597,-2.61513523202384,-0.21841309636302753,,,,,,,0.0174387166,,,,-0.04752066115702469,,,,,,,,,,,,,
1893-08-01,,,,,,,,-2.8056792438628966,-2.829893501983491,-2.621130740101431,-0.18454850376146514,,,,,,,0.0096775586,,,,-0.09327548806941444,,,,,,,,,,,,,
1893-09-01,,,,,,,,-2.871107706080891,-2.8024416853894625,-2.7212954278522306,-0.14981227822866017,,,,,,,0.004453038,,,,-0.023923444976076458,,,,,,,,,,,,,
1893-10-01,,,,,,,,-2.8971949832442903,-2.8678805955755147,-2.7831330072265663,-0.11406197601772416,,,,,,,0.0045942154,,,,0.07107843137254899,,,,,,,,,,,,,
1893-11-01,,,,,,,,-2.909012696974952,-2.8935768888451134,-2.8318138861176774,-0.07719881085727476,,,,,,,0.0022244477,,,,0.029748283752860427,,,,,,,,,,,,,
1893-12-01,,,,,,,,-2.870169050578645,-2.905807566026004,-2.830948337425364,-0.03922071315328135,,,,,,,0.0016704211,,,,0.015555555555555545,,,,,,,,,,,,,
1894-01-01,,,,,,,,-2.862837657702845,-2.8834569449055807,-2.8427727790968857,-0.020064878605958958,,,,,,,0.0030611546,,,,-0.035010940919037226,,,,,,,,,,,,,
1894-02-01,,,,,,,,-2.890508753581015,-2.8767154314486794,-2.890508753581015,0.0,,,,,,,0.0004687629,,,,-0.020408163265306034,,,,,,,,,,,,,
1894-03-01,,,,,,,,-2.933413509154733,-2.9041650800285006,-2.954466918352565,0.021053409197832273,,,,,,,0.0011852547,,,,0.01388888888888884,,,,,,,,,,,,,
1894-04-01,,,,,,,,-2.960474967368312,-2.9472589159767857,-3.003640926374767,0.04316595900645481,,,,,,,0.0007072682,,,,0.029680365296803624,,,,,,,,,,,,,
1894-05-01,,,,,,,,-2.9370346408789683,-2.974943304860866,-3.0034895563504547,0.06645491547148619,,,,,,,0.0016138179,,,,0.01330376940133049,,,,,,,,,,,,,
1894-06-01,,,,,,,,-2.9375503181712554,-2.9512805109831572,-3.0285220963769817,0.09097177820572666,,,,,,,0.0010679602,,,,-0.03719912472647702,,,,,,,,,,,,,
1894-07-01,,,,,,,,-2.931046704404979,-2.952002069580967,-3.0478928169582966,0.11684611255331734,,,,,,,0.0006023604,,,,-0.01363636363636378,,,,,,,,,,,,,
1894-08-01,,,,,,,,-2.9831138095947796,-2.9461581030723503,-3.1273865822266065,0.14427277263182692,,,,,,,0.0024540504,,,,-0.020737327188940058,,,,,,,,,,,,,
1894-09-01,,,,,,,,-3.0137507790566693,-2.99800242208853,-3.187022500330706,0.17327172127403667,,,,,,,0.0011129513,,,,0.03764705882352937,,,,,,,,,,,,,
1894-10-01,,,,,,,,-2.9971157185521373,-3.0288644168667176,-3.2011762477688,0.20406052921666262,,,,,,,0.0012013283,,,,0.01587301587301604,,,,,,,,,,,,,
1894-11-01,,,,,,,,-3.012930001617146,-3.012930001617146,-3.24988152589769,0.23695152428054445,,,,,,,0.0019034743,,,,-0.03125000000000011,,,,,,,,,,,,,
1894-12-01,,,,,,,,-3.0192627709641853,-3.0285220963769817,-3.291196486447827,0.27193371548364187,,,,,,,0.0013603551,,,,0.0,,,,,,,,,,,,,
1895-01-01,,,,,,,,-3.015694913651536,-3.027390953414727,-3.2336909106533414,0.21799599700180505,,,,,,,0.0009261424,,,,-0.009216589861751112,,,,,,,,,,,,,
1895-02-01,,,,,,,,-3.009187546228461,-3.02340579523074,-3.1756700389926698,0.16648249276420857,,,,,,,0.0008998998,,,,-0.011627906976744096,,,,,,,,,,,,,
1895-03-01,,,,,,,,-3.0174460337777758,-3.0174460337777758,-3.1337058398936373,0.11625980611586195,,,,,,,0.0016711344,,,,-0.014117647058823457,,,,,,,,,,,,,
1895-04-01,,,,,,,,-3.067835567455335,-3.0257732922818823,-3.1354942159291497,0.06765864847381486,,,,,,,0.0008847499,,,,0.0,,,,,,,,,,,,,
1895-05-01,,,,,,,,-3.129201691030528,-3.07573684312947,-3.150244551649518,0.021042860618989412,,,,,,,0.0030111123,,,,0.042959427207637235,,,,,,,,,,,,,
1895-06-01,,,,,,,,-3.157000421150113,-3.1376657694426573,-3.132307808559742,-0.024692612590371255,,,,,,,0.0009137186,,,,0.05491990846681927,,,,,,,,,,,,,
1895-07-01,,,,,,,,-3.1697830430538505,-3.1655367521723994,-3.100622090215129,-0.06916095283872115,,,,,,,0.0008380014,,,,0.019522776572667988,,,,,,,,,,,,,
1895-08-01,,,,,,,,-3.1926059650099474,-3.1778843531845875,-3.0806581440525993,-0.11194782095734812,,,,,,,0.0005809942,,,,0.004255319148936065,,,,,,,,,,,,,
1895-09-01,,,,,,,,-3.2075296484808993,-3.201286131841214,-3.0533789686536412,-0.15415067982725827,,,,,,,0.0020191396,,,,0.014830508474576343,,,,,,,,,,,,,
1895-10-01,,,,,,,,-3.2016565108144017,-3.216285820830361,-3.0063143828845282,-0.1953421279298737,,,,,,,0.0009002614,,,,0.006263048016701411,,,,,,,,,,,,,
1895-11-01,,,,,,,,-3.1757036530029916,-3.209968246977088,-2.940633592677053,-0.23507006032593902,,,,,,,0.0015394194,,,,-0.014522821576763545,,,,,,,,,,,,,
1895-12-01,,,,,,,,-3.1239866090776696,-3.1846112308941046,-2.8495497633759097,-0.2744368457017603,,,,,,,0.0145051323,,,,-0.03368421052631587,,,,,,,,,,,,,
1896-01-01,,,,,,,,-3.1165644496048923,-3.1282060246203782,-2.851196082687359,-0.26536836691753307,,,,,,,0.0034854132,,,,-0.05882352941176461,,,,,,,,,,,,,
1896-02-01,,,,,,,,-3.1626229394971794,-3.121332670559563,-2.906364125370809,-0.2562588141263702,,,,,,,0.0017888725,,,,-0.011574074074074292,,,,,,,,,,,,,
1896-03-01,,,,,,,,-3.151025157960026,-3.1668805297498204,-2.9041650800285006,-0.24686007793152576,,,,,,,0.0014566434,,,,0.042154566744730726,,,,,,,,,,,,,
1896-04-01,,,,,,,,-3.164391924524067,-3.155300952822815,-2.927101458551806,-0.23729046597226122,,,,,,,0.0006532004,,,,-0.01573033707865179,,,,,,,,,,,,,
1896-05-01,,,,,,,,-3.1646889935266147,-3.1692241486920056,-2.9370346408789683,-0.22765435264764622,,,,,,,0.0010398274,,,,0.009132420091324311,,,,,,,,,,,,,
1896-06-01,,,,,,,,-3.1506548561598313,-3.169003994828028,-2.9329313723149606,-0.2177234838448705,,,,,,,0.0043587505,,,,-0.004524886877827927,,,,,,,,,,,,,
1896-07-01,,,,,,,,-3.087977847133989,-3.1549885574169494,-2.8803724134417124,-0.2076054336922768,,,,,,,0.0076856938,,,,-0.018181818181818188,,,,,,,,,,,,,
1896-08-01,,,,,,,,-3.0342603132750874,-3.0928758161095367,-2.8368683092746343,-0.19739200400045287,,,,,,,0.0079656373,,,,-0.06481481481481488,,,,,,,,,,,,,
1896-09-01,,,,,,,,-3.0897963472780687,-3.0386342950982006,-2.9029189739482533,-0.18687737332981547,,,,,,,0.004308877,,,,-0.05693069306930698,,,,,,,,,,,,,
1896-10-01,,,,,,,,-3.1163852772902736,-3.094189544898489,-2.9402283441500856,-0.17615693314018777,,,,,,,0.0045148133,,,,0.052493438320209806,,,,,,,,,,,,,
1896-11-01,,,,,,,,-3.1874125554124157,-3.1213508047343232,-3.022104377893187,-0.16530817751922866,,,,,,,0.0042137166,,,,0.02244389027431426,,,,,,,,,,,,,
1896-12-01,,,,,,,,-3.154633556139847,-3.1918471524802814,-3.0004828763125886,-0.15415067982725827,,,,,,,0.0049617891,,,,0.06829268292682933,,,,,,,,,,,,,
1897-01-01,,,,,,,,-3.154633556139847,-3.154633556139847,-2.9617201434741594,-0.19291341266568773,,,,,,,0.0014186862,,,,-0.0365296803652968,,,,,,,,,,,,,
1897-02-01,,,,,,,,-3.145109674628592,-3.154633556139847,-2.9144389680053187,-0.23067070662327294,,,,,,,0.0010347079,,,,0.0,,,,,,,,,,,,,
1897-03-01,,,,,,,,-3.147499162025973,-3.145109674628592,-2.8808704987720244,-0.2666286632539485,,,,,,,0.0019187941,,,,-0.009478672985781977,,,,,,,,,,,,,
1897-04-01,,,,,,,,-3.115981401705568,-3.147499162025973,-2.814643002806301,-0.3013383988992664,,,,,,,0.0020920644,,,,0.0023923444976077235,,,,,,,,,,,,,
1897-05-01,,,,,,,,-3.120895416507997,-3.115981401705568,-2.7856143652569374,-0.33528105125105956,,,,,,,0.001085808,,,,-0.031026252983293756,,,,,,,,,,,,,
1897-06-01,,,,,,,,-3.1664122553324594,-3.120895416507997,-2.7986874752071422,-0.3677247801253174,,,,,,,0.0011649759,,,,0.0049261083743843415,,,,,,,,,,,,,
1897-07-01,,,,,,,,-3.2099471941238993,-3.1664122553324594,-2.8107982875825313,-0.39914890654136803,,,,,,,0.0009982965,,,,0.04656862745098023,,,,,,,,,,,,,
1897-08-01,,,,,,,,-3.2729430461384768,-3.2099471941238993,-2.8429660102358065,-0.4299770359026698,,,,,,,0.002023529,,,,0.04449648711943799,,,,,,,,,,,,,
1897-09-01,,,,,,,,-3.3202283191284883,-3.2729430461384768,-2.8606959897500484,-0.4595323293784399,,,,,,,0.0031743872,,,,0.06502242152466375,,,,,,,,,,,,,
1897-10-01,,,,,,,,-3.2875723561544357,-3.3202283191284883,-2.7993332310612407,-0.488239125093195,,,,,,,0.0034575288,,,,0.04842105263157914,,,,,,,,,,,,,
1897-11-01,,,,,,,,-3.2516656476911914,-3.2875723561544357,-2.735189352416387,-0.516476295274805,,,,,,,0.0031859508,,,,-0.032128514056224966,,,,,,,,,,,,,
1897-12-01,,,,,,,,-3.2729430461384768,-3.2516656476911914,-2.729327599549495,-0.5436154465889815,,,,,,,0.0011967887,,,,-0.03526970954356845,,,,,,,,,,,,,
1898-01-01,,,,,,,,-3.2905435234450673,-3.2635429216265615,-2.7457393008890465,-0.5448042225560206,,,,,,,0.0020065062,,,,0.021505376344086002,,,,,,,,,,,,,
1898-02-01,,,,,,,,-3.2797250612309763,-3.2817763440015337,-2.7328942625320414,-0.5468307986989347,,,,,,,0.0028627302,,,,0.027368421052631486,,,,,,,,,,,,,
1898-03-01,,,,,,,,-3.2242666735030774,-3.2704933909983107,-2.67630150278763,-0.5479651707154474,,,,,,,0.0109767556,,,,-0.002049180327868827,,,,,,,,,,,,,
1898-04-01,,,,,,,,-3.1977654333405736,-3.2151194480337253,-2.648687799156863,-0.5490776341837105,,,,,,,0.0043488035,,,,-0.045174537987679675,,,,,,,,,,,,,
1898-05-01,,,,,,,,-3.252812780413529,-3.1892320482251435,-2.701806897469611,-0.5510058829439177,,,,,,,0.0046970238,,,,-0.017204301075268824,,,,,,,,,,,,,
1898-06-01,,,,,,,,-3.282097690121025,-3.2438251439161494,-2.730029107820985,-0.5520685823000397,,,,,,,0.0012237441,,,,0.06564551422319465,,,,,,,,,,,,,
1898-07-01,,,,,,,,-3.2771348905209288,-3.273190112229912,-2.7240235552588334,-0.5531113352620951,,,,,,,0.0008520289,,,,0.03901437371663241,,,,,,,,,,,,,
1898-08-01,,,,,,,,-3.3055422553211224,-3.2688231543582424,-2.750593315368379,-0.5549489399527436,,,,,,,0.0013010349,,,,0.0039525691699606735,,,,,,,,,,,,,
1898-09-01,,,,,,,,-3.294886747168009,-3.296786082971661,-2.7389406881215486,-0.5559460590464604,,,,,,,0.0014933782,,,,0.03740157480314954,,,,,,,,,,,,,
1898-10-01,,,,,,,,-3.2650722682627684,-3.286206580336742,-2.7081472931941355,-0.5569249750686329,,,,,,,0.0010858963,,,,-0.001897533206831059,,,,,,,,,,,,,
1898-11-01,,,,,,,,-3.2894475468099396,-3.2569709581320314,-2.7307687296447125,-0.5586788171652273,,,,,,,0.0007460238,,,,-0.02091254752851701,,,,,,,,,,,,,
1898-12-01,,,,,,,,-3.34109345759245,-3.280911215787653,-2.7814776696570274,-0.5596157879354224,,,,,,,0.0008304822,,,,0.03300970873786402,,,,,,,,,,,,,
1899-01-01,,,,,,,,-3.4104505871426385,-3.3371014363229126,-2.8244361867717442,-0.5860144003708945,,,,,,,0.0017113599,,,,0.06203007518796988,,,,,,,,,,,,,
1899-02-01,,,,,,,,-3.443109510575093,-3.4059785300000467,-2.8318038782320523,-0.6113056323430404,,,,,,,0.0008945259,,,,0.07610619469026547,,,,,,,,,,,,,
1899-03-01,,,,,,,,-3.4533133828011695,-3.4391510689886653,-2.817324616081173,-0.6359887667199967,,,,,,,0.0012913102,,,,0.03782894736842102,,,,,,,,,,,,,
1899-04-01,,,,,,,,-3.4617930687120193,-3.4493705487134623,-2.8019031099085563,-0.6598899588034628,,,,,,,0.0012558573,,,,0.014263074484944571,,,,,,,,,,,,,
1899-05-01,,,,,,,,-3.414816269196959,-3.457375883615755,-2.732006369958004,-0.6828098992389554,,,,,,,0.0050315495,,,,0.012499999999999956,,,,,,,,,,,,,
1899-06-01,,,,,,,,-3.388103904915136,-3.4109061957891162,-2.682835363822846,-0.7052685410922902,,,,,,,0.0015474262,,,,-0.04166666666666674,,,,,,,,,,,,,
1899-07-01,,,,,,,,-3.4182204360622954,-3.384209060653595,-2.691155507002865,-0.7270649290594299,,,,,,,0.0008671237,,,,-0.02254428341384862,,,,,,,,,,,,,
1899-08-01,,,,,,,,-3.439015352410677,-3.4138567927745216,-2.6910373586068843,-0.7479779938037926,,,,,,,0.0005065934,,,,0.034596375617792496,,,,,,,,,,,,,
1899-09-01,,,,,,,,-3.424223408895456,-3.4351524794276465,-2.655678210851299,-0.7685451980441571,,,,,,,0.0019000421,,,,0.02547770700636942,,,,,,,,,,,,,
1899-10-01,,,,,,,,-3.415654699164345,-3.4203754002992826,-2.6271100559161935,-0.788544643248152,,,,,,,0.0012869481,,,,-0.010869565217391353,,,,,,,,,,,,,
1899-11-01,,,,,,,,-3.4300938645858796,-3.4113433152405035,-2.622355479997327,-0.8077383845885525,,,,,,,0.0009189348,,,,-0.004709576138147598,,,,,,,,,,,,,
1899-12-01,,,,,,,,-3.355735007585398,-3.426277066059179,-2.52905643440093,-0.8266785731844679,,,,,,,0.0098848709,,,,0.018927444794952786,,,,,,,,,,,,,
1900-01-01,,,,,,,,-3.3338451996326635,-3.320643687774128,-2.5422579462594657,-0.7915872533731978,,,,,,,0.0024324624,,,,-0.06811145510835914,,,,,,,,,,,,,
1900-02-01,,,,,,,,-3.3178157727231046,-3.299943647956982,-2.560130071025588,-0.7576857016975165,,,,,,,0.0008380407,,,,0.013289036544850585,,,,,,,,,,,,,
1900-03-01,,,,,,,,-3.2930452390667333,-3.2850259499001133,-2.5681493601922076,-0.7248958788745257,,,,,,,0.0012217033,,,,0.0180327868852459,,,,,,,,,,,,,
1900-04-01,,,,,,,,-3.2739951240892804,-3.261296540752153,-2.580847943529335,-0.6931471805599454,,,,,,,0.0014254609,,,,0.008051529790660261,,,,,,,,,,,,,
1900-05-01,,,,,,,,-3.1947487089201156,-3.2432234654225267,-2.532373187026924,-0.6623755218931917,,,,,,,0.0016912917,,,,0.012779552715654896,,,,,,,,,,,,,
1900-06-01,,,,,,,,-3.1346413374126323,-3.1648957457704343,-2.5021187786691215,-0.6325225587435104,,,,,,,0.0015714951,,,,-0.04731861198738163,,,,,,,,,,,,,
1900-07-01,,,,,,,,-3.10565380053938,-3.10565380053938,-2.5021187786691215,-0.6035350218702582,,,,,,,0.0012871561,,,,-0.02980132450331119,,,,,,,,,,,,,
1900-08-01,,,,,,,,-3.091042453358316,-3.0774829235726835,-2.515678308454754,-0.5753641449035618,,,,,,,0.0003048213,,,,0.0,,,,,,,,,,,,,
1900-09-01,,,,,,,,-3.0397922633480214,-3.063643479170201,-2.4918270926325743,-0.5479651707154474,,,,,,,0.0014458538,,,,0.013651877133105783,,,,,,,,,,,,,
1900-10-01,,,,,,,,-3.0486908472606027,-3.01312401626586,-2.527393923627317,-0.5212969236332863,,,,,,,0.0012551927,,,,-0.023569023569023684,,,,,,,,,,,,,
1900-11-01,,,,,,,,-3.098011122674409,-3.022715360857342,-2.6026896854443837,-0.4953214372300254,,,,,,,0.0024582298,,,,0.036206896551724155,,,,,,,,,,,,,
1900-12-01,,,,,,,,-3.131136910560194,-3.0726933146901194,-2.6611332813144584,-0.4700036292457357,,,,,,,0.0012284067,,,,0.07820299500831962,,,,,,,,,,,,,
1901-01-01,,,,,,,,-3.154182612725603,-3.1254862390513796,-2.686294245254443,-0.4678883674711597,,,,,,,0.0025292517,,,,0.06018518518518512,,,,,,,,,,,,,
1901-02-01,,,,,,,,-3.174034333154185,-3.148893344196083,-2.708119168997682,-0.4659151641565029,,,,,,,0.0009435573,,,,0.02911208151382816,,,,,,,,,,,,,
1901-03-01,,,,,,,,-3.203678968150769,-3.1684449712413087,-2.7398418538206974,-0.46383711433007146,,,,,,,0.0004476118,,,,0.02545968882602545,,,,,,,,,,,,,
1901-04-01,,,,,,,,-3.2786753878763806,-3.198120673637975,-2.8168975421571774,-0.4617778457192029,,,,,,,0.0018041452,,,,0.035862068965517135,,,,,,,,,,,,,
1901-05-01,,,,,,,,-3.221790806689363,-3.2734721241044813,-2.761934170513853,-0.45985663617550976,,,,,,,0.0151293251,,,,0.08388814913448739,,,,,,,,,,,,,
1901-06-01,,,,,,,,-3.311249144999216,-3.2162918441022756,-2.8534160513737357,-0.4578330936254803,,,,,,,0.001116634,,,,-0.05036855036855037,,,,,,,,,,,,,
1901-07-01,,,,,,,,-3.2363671278556025,-3.3057802557051166,-2.780539540211,-0.4558275876446025,,,,,,,0.0049890226,,,,0.09961190168175937,,,,,,,,,,,,,
1901-08-01,,,,,,,,-3.2450231642148655,-3.2312471166707475,-2.7910668539333194,-0.4539563102815465,,,,,,,0.0013683812,,,,-0.06705882352941184,,,,,,,,,,,,,
1901-09-01,,,,,,,,-3.23462418183634,-3.2396117233473785,-2.7826390580932827,-0.4519851237430572,,,,,,,0.0059129993,,,,0.013871374527112179,,,,,,,,,,,,,
1901-10-01,,,,,,,,-3.2179281072171055,-3.229241867117379,-2.7678968386483946,-0.4500312685687108,,,,,,,0.0009998371,,,,-0.004975124378109319,,,,,,,,,,,,,
1901-11-01,,,,,,,,-3.234152817227094,-3.2128887264736523,-2.7859448462277823,-0.44820797099931176,,,,,,,0.0008218961,,,,-0.011249999999999982,,,,,,,,,,,,,
1901-12-01,,,,,,,,-3.2126062118546055,-3.228826155721369,-2.766319109226186,-0.44628710262841953,,,,,,,0.0012303252,,,,0.02149178255372952,,,,,,,,,,,,,
1902-01-01,,,,,,,,-3.2312675571633642,-3.2101093316560183,-2.7661073089973396,-0.46516024816602486,,,,,,,0.0008418224,,,,-0.016089108910891103,,,,,,,,,,,,,
1902-02-01,,,,,,,,-3.2370497426021343,-3.228465998910743,-2.753576466818768,-0.4834732757833664,,,,,,,0.0005069032,,,,0.02138364779874191,,,,,,,,,,,,,
1902-03-01,,,,,,,,-3.235786297016517,-3.2345660406112877,-2.7343065356687646,-0.5014797613477529,,,,,,,0.0003537138,,,,0.008620689655172376,,,,,,,,,,,,,
1902-04-01,,,,,,,,-3.266885044054561,-3.2333087485209573,-2.7478040752284714,-0.51908096882609,,,,,,,0.0006210731,,,,0.0012210012210012167,,,,,,,,,,,,,
1902-05-01,,,,,,,,-3.261743843298693,-3.2641051194843733,-2.725578820171391,-0.5361650231273024,,,,,,,0.0012370249,,,,0.034146341463414887,,,,,,,,,,,,,
1902-06-01,,,,,,,,-3.253351570637256,-3.2592792702705315,-2.700351021820553,-0.5530005488167034,,,,,,,0.0002609764,,,,-0.002358490566037652,,,,,,,,,,,,,
1902-07-01,,,,,,,,-3.2732337860736544,-3.2508930567990486,-2.7037571040635235,-0.5694766820101308,,,,,,,0.0003693229,,,,-0.005910165484633634,,,,,,,,,,,,,
1902-08-01,,,,,,,,-3.2968679749909815,-3.2704751636345746,-2.7113966776661917,-0.5854712973247899,,,,,,,0.0003363733,,,,0.022592152199762072,,,,,,,,,,,,,
1902-09-01,,,,,,,,-3.296684682926668,-3.2944222385226993,-2.695418454196309,-0.6012662287303591,,,,,,,0.0033788785,,,,0.02674418604651163,,,,,,,,,,,,,
1902-10-01,,,,,,,,-3.2620951870842787,-3.294244913494428,-2.645354830265166,-0.6167403568191125,,,,,,,0.0016801434,,,,0.0022650056625141968,,,,,,,,,,,,,
1902-11-01,,,,,,,,-3.2200901541006024,-3.259357542788911,-2.588327300628,-0.6317628534726026,,,,,,,0.0021199081,,,,-0.031638418079095953,,,,,,,,,,,,,
1902-12-01,,,,,,,,-3.1943347159520834,-3.2176629684429914,-2.547707551027031,-0.6466271649250525,,,,,,,0.0016868877,,,,-0.03850641773628938,,,,,,,,,,,,,
1903-01-01,,,,,,,,-3.2388735066472623,-3.1891964244596025,-2.610646791324977,-0.6282267153222851,,,,,,,0.0006760279,,,,-0.0230582524271844,,,,,,,,,,,,,
1903-02-01,,,,,,,,-3.2281337676532997,-3.2340614672865753,-2.6183225403350554,-0.6098112273182439,,,,,,,0.0004724462,,,,0.05093167701863366,,,,,,,,,,,,,
1903-03-01,,,,,,,,-3.1830166196900747,-3.223046221141927,-2.5919186934843,-0.591097926205775,,,,,,,0.0017076353,,,,-0.005910165484633634,,,,,,,,,,,,,
1903-04-01,,,,,,,,-3.1362557961803637,-3.1779548253481122,-2.564033647819356,-0.5722221483610074,,,,,,,0.0016186947,,,,-0.03923900118906065,,,,,,,,,,,,,
1903-05-01,,,,,,,,-3.1119704504877594,-3.1315150465607298,-2.558666504404012,-0.5533039460837476,,,,,,,0.0013952707,,,,-0.04084158415841588,,,,,,,,,,,,,
1903-06-01,,,,,,,,-3.0501090444320624,-3.106957908664215,-2.516026558501805,-0.5340824859302576,,,,,,,0.0025605329,,,,-0.01935483870967747,,,,,,,,,,,,,
1903-07-01,,,,,,,,-2.9980707721350246,-3.045121502921024,-2.4833895529863454,-0.5146812191486794,,,,,,,0.0025974589,,,,-0.05526315789473679,,,,,,,,,,,,,
1903-08-01,,,,,,,,-2.960755382716262,-2.9933992307926243,-2.46554773727924,-0.495207645437022,,,,,,,0.0046120564,,,,-0.04596100278551529,,,,,,,,,,,,,
1903-09-01,,,,,,,,-2.9313869704635866,-2.955815666148548,-2.4559632737485115,-0.4754236967150749,,,,,,,0.0029431977,,,,-0.03211678832116782,,,,,,,,,,,,,
1903-10-01,,,,,,,,-2.893475611403167,-2.9264715348039685,-2.4380352581931906,-0.4554403532099758,,,,,,,0.0036398172,,,,-0.02413273001508298,,,,,,,,,,,,,
1903-11-01,,,,,,,,-2.8920610820902892,-2.888871286722189,-2.456709233895333,-0.4353518481949562,,,,,,,0.0012781231,,,,-0.03245749613601234,,,,,,,,,,,,,
1903-12-01,,,,,,,,-2.932335956995197,-2.8871921049787854,-2.5173921049324886,-0.41494385206270834,,,,,,,0.0012443211,,,,0.0031948881789138905,,,,,,,,,,,,,
1904-01-01,,,,,,,,-2.958413413839714,-2.9418092587876785,-2.5402421400413475,-0.41817127379836583,,,,,,,0.001778155,,,,0.04617834394904463,,,,,,,,,,,,,
1904-02-01,,,,,,,,-2.9409527554200823,-2.968268566067045,-2.519402542505566,-0.4215502129145158,,,,,,,0.0007110373,,,,0.016742770167427645,,,,,,,,,,,,,
1904-03-01,,,,,,,,-2.947530171736113,-2.950611838273521,-2.5226469777708473,-0.42488319396526586,,,,,,,0.0014626397,,,,-0.026946107784431073,,,,,,,,,,,,,
1904-04-01,,,,,,,,-2.981674916303451,-2.9572834631792917,-2.5534048071773405,-0.4282701091261102,,,,,,,0.0004368784,,,,-0.003076923076922977,,,,,,,,,,,,,
1904-05-01,,,,,,,,-2.970514470570034,-2.9918242571567855,-2.538696986317471,-0.4318174842525634,,,,,,,0.0003431724,,,,0.024691358024691246,,,,,,,,,,,,,
1904-06-01,,,,,,,,-2.982002080742089,-2.9804648014232025,-2.5466840094842436,-0.4353180712578455,,,,,,,0.0002381881,,,,-0.02108433734939752,,,,,,,,,,,,,
1904-07-01,,,,,,,,-3.0326900623274167,-2.9920524165955906,-2.593813268452577,-0.4388767938748398,,,,,,,0.0009055555,,,,0.0015384615384614886,,,,,,,,,,,,,
1904-08-01,,,,,,,,-3.076512295297248,-3.043151696203054,-2.6339065662463215,-0.44260572905092677,,,,,,,0.0004882288,,,,0.04147465437788034,,,,,,,,,,,,,
1904-09-01,,,,,,,,-3.130044611161585,-3.0867719842348635,-2.6837575085331653,-0.44628710262841953,,,,,,,0.0008812463,,,,0.03392330383480813,,,,,,,,,,,,,
1904-10-01,,,,,,,,-3.1974931688027985,-3.140410653410763,-2.7474619002340877,-0.4500312685687108,,,,,,,0.0012976369,,,,0.04422253922967201,,,,,,,,,,,,,
1904-11-01,,,,,,,,-3.261062989895902,-3.2082869243892462,-2.807106679614356,-0.4539563102815465,,,,,,,0.0007777411,,,,0.058743169398907114,,,,,,,,,,,,,
1904-12-01,,,,,,,,-3.2813961818495345,-3.2716518903748564,-2.8235630882240543,-0.4578330936254803,,,,,,,0.0033483606,,,,0.05419354838709678,,,,,,,,,,,,,
1905-01-01,,,,,,,,-3.29751086422261,-3.2759272925554352,-2.814993621720541,-0.4825172425020686,,,,,,,0.0008167658,,,,0.009791921664626724,,,,,,,,,,,,,
1905-02-01,,,,,,,,-3.3353458025081517,-3.2923908530377552,-2.828678188890825,-0.506667613617327,,,,,,,0.0005484349,,,,0.021818181818181737,,,,,,,,,,,,,
1905-03-01,,,,,,,,-3.3579473978683385,-3.3299343616406647,-2.8282532897979653,-0.5296941080703735,,,,,,,0.001070323,,,,0.043890865954923086,,,,,,,,,,,,,
1905-04-01,,,,,,,,-3.340335914622966,-3.352565083149378,-2.7883725899410434,-0.5519633246819227,,,,,,,0.0024071229,,,,0.02840909090909083,,,,,,,,,,,,,
1905-05-01,,,,,,,,-3.2848271081903606,-3.3352965338795126,-2.710995711331967,-0.5738313968583937,,,,,,,0.0032256778,,,,-0.012154696132596787,,,,,,,,,,,,,
1905-06-01,,,,,,,,-3.2911964864478267,-3.2795004466846356,-2.696489378701134,-0.5947071077466927,,,,,,,0.0013950785,,,,-0.04921700223713643,,,,,,,,,,,,,
1905-07-01,,,,,,,,-3.316810641058644,-3.285898047996618,-2.701868669757995,-0.614941971300649,,,,,,,0.0010987718,,,,0.0117647058823529,,,,,,,,,,,,,
1905-08-01,,,,,,,,-3.3483780783057444,-3.3118493905722373,-2.7134998058697746,-0.6348782724359695,,,,,,,0.000875641,,,,0.03139534883720918,,,,,,,,,,,,,
1905-09-01,,,,,,,,-3.3463891451671604,-3.343133580707394,-2.6924626777604965,-0.6539264674066639,,,,,,,0.0013945243,,,,0.03720405862457721,,,,,,,,,,,,,
1905-10-01,,,,,,,,-3.3551582508646134,-3.3411720088898735,-2.68273239311792,-0.6724258577466933,,,,,,,0.000692826,,,,0.003260869565217428,,,,,,,,,,,,,
1905-11-01,,,,,,,,-3.344916545763566,-3.3502727449640908,-2.654209134635861,-0.690707411127705,,,,,,,0.0012021161,,,,0.014084507042253502,,,,,,,,,,,,,
1905-12-01,,,,,,,,-3.3641561099818063,-3.339751715810587,-2.6559710520573203,-0.7081850579244859,,,,,,,0.0009097233,,,,-0.005341880341880212,,,,,,,,,,,,,
1906-01-01,,,,,,,,-3.380739387784087,-3.346733019798892,-2.678845579673671,-0.7018938081104156,,,,,,,0.0013949191,,,,0.02470461868958096,,,,,,,,,,,,,
1906-02-01,,,,,,,,-3.3562045055374172,-3.363321973306281,-2.660718826396438,-0.6954856791409791,,,,,,,0.0013124868,,,,0.03459119496855356,,,,,,,,,,,,,
1906-03-01,,,,,,,,-3.3145783410406002,-3.3393729996538166,-2.6250347679839536,-0.6895435730566467,,,,,,,0.0011252855,,,,-0.007092198581560183,,,,,,,,,,,,,
1906-04-01,,,,,,,,-3.284333821262404,-3.2980254516803473,-2.6005710405840987,-0.6837627806783051,,,,,,,0.0024018046,,,,-0.02448979591836742,,,,,,,,,,,,,
1906-05-01,,,,,,,,-3.2409031471864913,-3.2677720391994587,-2.5630448540971433,-0.6778582930893481,,,,,,,0.0021175439,,,,-0.013598326359832713,,,,,,,,,,,,,
1906-06-01,,,,,,,,-3.2378723255588557,-3.2248851300320442,-2.5654871364473397,-0.6723851891115161,,,,,,,0.0016463421,,,,-0.026511134676564185,,,,,,,,,,,,,
1906-07-01,,,,,,,,-3.195961565345325,-3.2221068454496473,-2.5289069790504377,-0.6670545862948871,,,,,,,0.0012790848,,,,0.013071895424836777,,,,,,,,,,,,,
1906-08-01,,,,,,,,-3.251520060482055,-3.18017528433903,-2.589924641037614,-0.6615954194444416,,,,,,,0.0014873918,,,,-0.02580645161290329,,,,,,,,,,,,,
1906-09-01,,,,,,,,-3.2666072276893905,-3.23624052191346,-2.610069792742006,-0.6565374349473845,,,,,,,0.0008314321,,,,0.07395143487858724,,,,,,,,,,,,,
1906-10-01,,,,,,,,-3.221190938442429,-3.2515576442183596,-2.569584956800491,-0.651605981641938,,,,,,,0.0012371143,,,,0.03083247687564228,,,,,,,,,,,,,
1906-11-01,,,,,,,,-3.2264573623205983,-3.206110780461431,-2.5799147604161874,-0.6465426019044109,,,,,,,0.0006876636,,,,-0.029910269192422678,,,,,,,,,,,,,
1906-12-01,,,,,,,,-3.202746442938317,-3.211851209931236,-2.560892556765922,-0.6418538861723947,,,,,,,0.0015708553,,,,0.020554984583761593,,,,,,,,,,,,,
1907-01-01,,,,,,,,-3.1656623041661245,-3.1945302881669764,-2.5430056978620237,-0.6226566063041008,,,,,,,0.0013045548,,,,-0.009063444108761365,,,,,,,,,,,,,
1907-02-01,,,,,,,,-3.125383514727046,-3.1572671931322684,-2.5223595959089775,-0.6030239188180688,,,,,,,0.0014456297,,,,-0.028455284552845517,,,,,,,,,,,,,
1907-03-01,,,,,,,,-3.013859658146548,-3.1173021679418715,-2.4301463186320644,-0.5837133395144832,,,,,,,0.0184520981,,,,-0.03138075313807542,,,,,,,,,,,,,
1907-04-01,,,,,,,,-3.010622077943565,-3.0058430963272142,-2.446282061838662,-0.5643400161049035,,,,,,,0.0022732673,,,,-0.09827213822894165,,,,,,,,,,,,,
1907-05-01,,,,,,,,-2.9672528022321227,-3.0024292610328445,-2.4227320315797742,-0.5445207706523483,,,,,,,0.001995666,,,,0.004790419161676773,,,,,,,,,,,,,
1907-06-01,,,,,,,,-2.926739402067039,-2.959364629383116,-2.401729143309092,-0.525010258757947,,,,,,,0.0014013008,,,,-0.03456495828367112,,,,,,,,,,,,,
1907-07-01,,,,,,,,-2.9564643114697082,-2.9189129658175754,-2.451039496738343,-0.505424814731365,,,,,,,0.0013252397,,,,-0.032098765432098775,,,,,,,,,,,,,
1907-08-01,,,,,,,,-2.8705691305999848,-2.9484642688026317,-2.3851875148454944,-0.48538161575449046,,,,,,,0.0041996424,,,,0.03826530612244916,,,,,,,,,,,,,
1907-09-01,,,,,,,,-2.8521841026859973,-2.862865112106331,-2.38655047311138,-0.4656336295746173,,,,,,,0.0018824117,,,,-0.07493857493857492,,,,,,,,,,,,,
1907-10-01,,,,,,,,-2.7294369137246157,-2.844538982627742,-2.2836391992322995,-0.44579771449231603,,,,,,,0.0055534256,,,,-0.010624169986719778,,,,,,,,,,,,,
1907-11-01,,,,,,,,-2.661090282238932,-2.7216207819789644,-2.2355995682134226,-0.42549071402550925,,,,,,,0.0051308749,,,,-0.10872483221476514,,,,,,,,,,,,,
1907-12-01,,,,,,,,-2.7034943845663495,-2.6535620158181406,-2.298029276458185,-0.40546510810816444,,,,,,,0.0030149463,,,,-0.0587349397590361,,,,,,,,,,,,,
1908-01-01,,,,,,,,-2.7527574707647555,-2.711022650987141,-2.349967489409566,-0.40278998135518945,,,,,,,0.0023219901,,,,0.051200000000000134,,,,,,,,,,,,,
1908-02-01,,,,,,,,-2.7233945992686532,-2.760573602510407,-2.3229424195619695,-0.4004521797066834,,,,,,,0.0018728863,,,,0.0426179604261796,,,,,,,,,,,,,
1908-03-01,,,,,,,,-2.771134176528787,-2.7310397193269087,-2.3734512088626776,-0.3976829676661095,,,,,,,0.0023091474,,,,-0.03649635036496346,,,,,,,,,,,,,
1908-04-01,,,,,,,,-2.8312952951858077,-2.778838195022441,-2.4364322418573776,-0.39486305332843025,,,,,,,0.0009914098,,,,0.040909090909091006,,,,,,,,,,,,,
1908-05-01,,,,,,,,-2.8917619767516247,-2.8392953378528842,-2.499375167047873,-0.39238680970375184,,,,,,,0.001986408,,,,0.05385735080058218,,,,,,,,,,,,,
1908-06-01,,,,,,,,-2.900898170883152,-2.8995884130010885,-2.5114334041214286,-0.38946476676172326,,,,,,,0.0019133323,,,,0.05386740331491713,,,,,,,,,,,,,
1908-07-01,,,,,,,,-2.9447799463800637,-2.9087863437321584,-2.5582922721765335,-0.3864876742035302,,,,,,,0.001631021,,,,0.001310615989515096,,,,,,,,,,,,,
1908-08-01,,,,,,,,-2.995006144997337,-2.952972763290785,-2.6111454315667717,-0.38386071343056544,,,,,,,0.0012737565,,,,0.03664921465968596,,,,,,,,,,,,,
1908-09-01,,,,,,,,-2.992067028155695,-3.0030227068166706,-2.611294532637902,-0.3807724955177929,,,,,,,0.0021491419,,,,0.04292929292929282,,,,,,,,,,,,,
1908-10-01,,,,,,,,-3.012313975104558,-3.0001483749408697,-2.6346896147531393,-0.3776243603514188,,,,,,,0.0009554509,,,,-0.010895883777239712,,,,,,,,,,,,,
1908-11-01,,,,,,,,-3.0862295917186833,-3.0207090861384143,-2.7113966776661917,-0.37483291405249175,,,,,,,0.0014535755,,,,0.012239902080783294,,,,,,,,,,,,,
1908-12-01,,,,,,,,-3.116843099303049,-3.094445746490024,-2.7452795428705663,-0.37156355643248284,,,,,,,0.0011939897,,,,0.06771463119709797,,,,,,,,,,,,,
1909-01-01,,,,,,,,-3.1119436971577024,-3.1086269445317085,-2.7230629934913955,-0.3888807036663072,,,,,,,0.0008793069,,,,0.022650056625141524,,,,,,,,,,,,,
1909-02-01,,,,,,,,-3.0744311875531194,-3.1035485861238463,-2.669048043298941,-0.4053831442541781,,,,,,,0.0017954095,,,,0.0033222591362127574,,,,,,,,,,,,,
1909-03-01,,,,,,,,-3.0798940658757017,-3.066349840767945,-2.6582995758376535,-0.42159449003804805,,,,,,,0.0007273434,,,,-0.028697571743929284,,,,,,,,,,,,,
1909-04-01,,,,,,,,-3.11574418616195,-3.071877504056368,-2.6784497313259195,-0.43729445483603085,,,,,,,0.0006562533,,,,0.013636363636363447,,,,,,,,,,,,,
1909-05-01,,,,,,,,-3.1402719663637635,-3.1075513692512295,-2.6880032691569196,-0.4522686972068442,,,,,,,0.0003213451,,,,0.04484304932735439,,,,,,,,,,,,,
1909-06-01,,,,,,,,-3.1498829533812494,-3.1323837935147574,-2.6828599522736516,-0.4670230011075978,,,,,,,0.0008699496,,,,0.03326180257510725,,,,,,,,,,,,,
1909-07-01,,,,,,,,-3.1562411521237417,-3.1420565171317856,-2.674903461388394,-0.4813376907353474,,,,,,,0.000278852,,,,0.017653167185877505,,,,,,,,,,,,,
1909-08-01,,,,,,,,-3.172099099910559,-3.148241109456665,-2.677099955061109,-0.4949991448494503,,,,,,,0.0013988726,,,,0.014285714285714235,,,,,,,,,,,,,
1909-09-01,,,,,,,,-3.165376917529162,-3.1643950814169055,-2.6568795835227625,-0.5084973340063995,,,,,,,0.0012498163,,,,0.024144869215291687,,,,,,,,,,,,,
1909-10-01,,,,,,,,-3.161649530199808,-3.1577317974709063,-2.6400353248032356,-0.5216142053965731,,,,,,,0.0009552185,,,,0.0009823182711197198,,,,,,,,,,,,,
1909-11-01,,,,,,,,-3.1489338296129983,-3.153833398454157,-2.614796071724954,-0.5341377578880443,,,,,,,0.0005255665,,,,0.003925417075564264,,,,,,,,,,,,,
1909-12-01,,,,,,,,-3.1531244473054203,-3.141405563192207,-2.6065807409373503,-0.5465437063680699,,,,,,,0.0003769219,,,,-0.00488758553274693,,,,,,,,,,,,,
1910-01-01,,,,,,,,-3.1258680771773752,-3.147458709769743,-2.5882850042418353,-0.53758307293554,,,,,,,0.00225655,,,,0.011787819253438192,,,,,,,,,,,,,
1910-02-01,,,,,,,,-3.0838666152882444,-3.120234259459119,-2.55522314820546,-0.5286434670827844,,,,,,,0.0018189784,,,,-0.021359223300970953,,,,,,,,,,,,,
1910-03-01,,,,,,,,-3.102655812863734,-3.078264359739575,-2.582931353955613,-0.5197244589081207,,,,,,,0.0008332212,,,,-0.0357142857142857,,,,,,,,,,,,,
1910-04-01,,,,,,,,-3.0726933146901194,-3.0970847678142785,-2.5618676909241285,-0.5108256237659907,,,,,,,0.0016938239,,,,0.024691358024691468,,,,,,,,,,,,,
1910-05-01,,,,,,,,-3.050555242905466,-3.0671531343145038,-2.5486087007806053,-0.5019465421248608,,,,,,,0.00136477,,,,-0.02409638554216864,,,,,,,,,,,,,
1910-06-01,,,,,,,,-2.995732273553991,-3.0450455870944966,-2.502645474125382,-0.493086799428609,,,,,,,0.0027949308,,,,-0.016460905349794275,,,,,,,,,,,,,
1910-07-01,,,,,,,,-2.9383809770825255,-2.990252807789365,-2.4541349911212467,-0.4842459859612787,,,,,,,0.0032866344,,,,-0.04811715481171552,,,,,,,,,,,,,
1910-08-01,,,,,,,,-2.9569462485188343,-2.9329313723149606,-2.4815225518037596,-0.4754236967150747,,,,,,,0.0015867083,,,,-0.05054945054945048,,,,,,,,,,,,,
1910-09-01,,,,,,,,-2.9582829635123753,-2.951526181049495,-2.49166343225088,-0.46661953126149497,,,,,,,0.0006869297,,,,0.024305555555555358,,,,,,,,,,,,,
1910-10-01,,,,,,,,-2.997880502092281,-2.952892114877499,-2.5400474084668003,-0.4578330936254803,,,,,,,0.0007413732,,,,0.006779661016949268,,,,,,,,,,,,,
1910-11-01,,,,,,,,-2.991445021542371,-2.9925185589508954,-2.5423810293798903,-0.4490639921624807,,,,,,,0.0011607905,,,,0.04601571268237947,,,,,,,,,,,,,
1910-12-01,,,,,,,,-2.9577873419898677,-2.9861116755670087,-2.517475502551535,-0.4403118394383326,,,,,,,0.0006830646,,,,-0.0010729613733905241,,,,,,,,,,,,,
1911-01-01,,,,,,,,-2.9818059638557965,-2.9577873419898677,-2.5576513494791446,-0.42415461437665175,,,,,,,0.0005667355,,,,-0.027926960257787292,,,,,,,,,,,,,
1911-02-01,,,,,,,,-2.998918680923399,-2.9818059638557965,-2.5910451279306947,-0.4078735529927044,,,,,,,0.000622548,,,,0.024309392265193353,,,,,,,,,,,,,
1911-03-01,,,,,,,,-2.987185212975533,-2.998918680923399,-2.596006062114845,-0.39117915086068783,,,,,,,0.0006389759,,,,0.01725997842502691,,,,,,,,,,,,,
1911-04-01,,,,,,,,-2.9828841310761423,-2.987185212975533,-2.608682823993514,-0.3742013070826284,,,,,,,0.0002818356,,,,-0.01166489925768821,,,,,,,,,,,,,
1911-05-01,,,,,,,,-3.0042069005449634,-2.9828841310761423,-2.647127782976249,-0.3570791175687145,,,,,,,0.0006322053,,,,-0.0042918454935623185,,,,,,,,,,,,,
1911-06-01,,,,,,,,-3.0240508937432358,-3.0042069005449634,-2.6845437534268686,-0.33950714031636703,,,,,,,0.0002924562,,,,0.02155172413793105,,,,,,,,,,,,,
1911-07-01,,,,,,,,-3.0199058100880674,-3.0240508937432358,-2.6982849526112216,-0.3216208574768457,,,,,,,0.0003194916,,,,0.020042194092827037,,,,,,,,,,,,,
1911-08-01,,,,,,,,-2.970959870546406,-3.0199058100880674,-2.6673939782275307,-0.3035658923188755,,,,,,,0.0013782882,,,,-0.00413650465356763,,,,,,,,,,,,,
1911-09-01,,,,,,,,-2.9148913750704835,-2.970959870546406,-2.629872420038186,-0.28501895503229724,,,,,,,0.0010469042,,,,-0.047767393561786164,,,,,,,,,,,,,
1911-10-01,,,,,,,,-2.920641822198921,-2.9148913750704835,-2.654520304271087,-0.26612151792783373,,,,,,,0.0005262618,,,,-0.05452562704471098,,,,,,,,,,,,,
1911-11-01,,,,,,,,-2.959994848405078,-2.920641822198921,-2.712968560882876,-0.2470262875222019,,,,,,,0.0010578679,,,,0.005767012687428075,,,,,,,,,,,,,
1911-12-01,,,,,,,,-2.9643952955499,-2.959994848405078,-2.737005453354239,-0.22738984219566083,,,,,,,0.0004200035,,,,0.04013761467889898,,,,,,,,,,,,,
1912-01-01,,,,,,,,-2.9637917076822555,-2.9626946148678823,-2.7226296508653673,-0.24116205681688796,,,,,,,0.0004823788,,,,0.004410143329658167,,,,,,,,,,,,,
1912-02-01,,,,,,,,-2.9530712630960063,-2.961881892778161,-2.6987462720595627,-0.2543249910364435,,,,,,,0.0001610862,,,,0.001097694840834329,,,,,,,,,,,,,
1912-03-01,,,,,,,,-2.97973193220755,-2.951376706452425,-2.712090610639215,-0.267641321568335,,,,,,,0.0004137841,,,,-0.00877192982456143,,,,,,,,,,,,,
1912-04-01,,,,,,,,-3.0087467309652816,-2.978040242229145,-2.7280082106468537,-0.2807385203184275,,,,,,,0.0005266908,,,,0.028761061946902755,,,,,,,,,,,,,
1912-05-01,,,,,,,,-3.005803697333601,-3.0068469942461786,-2.7125488224882037,-0.29325487484539725,,,,,,,0.0007540208,,,,0.03118279569892457,,,,,,,,,,,,,
1912-06-01,,,,,,,,-3.004118066930265,-3.004118066930265,-2.6981825541691333,-0.30593551276113135,,,,,,,0.0004415924,,,,-0.0010427528675703845,,,,,,,,,,,,,
1912-07-01,,,,,,,,-3.0034785700086264,-3.0024352730960486,-2.6850630527732005,-0.31841551723542627,,,,,,,0.0005500493,,,,0.0,,,,,,,,,,,,,
1912-08-01,,,,,,,,-3.024270190348629,-3.001588805666704,-2.6939301760278984,-0.33034001432073024,,,,,,,0.0003322357,,,,0.0010438413361169019,,,,,,,,,,,,,
1912-09-01,,,,,,,,-3.027677287675896,-3.022593392638624,-2.685239336120687,-0.34243795155520923,,,,,,,0.0004297346,,,,0.02294056308654846,,,,,,,,,,,,,
1912-10-01,,,,,,,,-3.023972839360048,-3.02600329691043,-2.6696213116775596,-0.3543515276824884,,,,,,,0.0007144113,,,,0.0050968399592252744,,,,,,,,,,,,,
1912-11-01,,,,,,,,-3.010851128378811,-3.022092943245059,-2.645118828907527,-0.36573229947128383,,,,,,,0.0007458307,,,,-0.0020283975659228792,,,,,,,,,,,,,
1912-12-01,,,,,,,,-2.972548938098334,-3.0091830712781142,-2.5952547069568657,-0.377294231141468,,,,,,,0.0009024807,,,,-0.011178861788617822,,,,,,,,,,,,,
1913-01-01,,,,,,,,-2.9639835752394106,-2.972548938098334,-2.5950095757136613,-0.36897399952574933,,,,,,,0.0012007539,,,,-0.03597122302158273,,,,,,,,,,,,,
1913-02-01,,,,,,,,-2.9278548511509053,-2.9639835752394106,-2.567416165648523,-0.3604386855023819,,,,,,0.0,0.0007533256,,,,-0.008528784648187626,,,,,,,,,,,,,
1913-03-01,,,,,,,,-2.908720896564361,-2.9278548511509053,-2.5567444734071834,-0.3519764231571782,,,,,,0.0,0.000756593,,,,-0.03548387096774197,,,,,,,,,,,,,
1913-04-01,,,,,,,,-2.907583886777286,-2.908720896564361,-2.5641419474410427,-0.3434419393362432,,,,,,0.0,0.0007240746,,,,-0.018952062430323324,,,,,,,,,,,,,
1913-05-01,,,,,,,,-2.879900458028869,-2.907583886777286,-2.545215531981752,-0.3346849260471171,,,,,,-0.0102040816,0.0005819012,,,,-0.001136363636363824,,,,,,,,,,,,,
1913-06-01,,,,,,,,-2.8282993292537872,-2.879900458028869,-2.5022983924998696,-0.32600093675391756,,,,,,0.0103092784,0.0026204891,,,,-0.027303754266211455,,,,,,,,,,,,,
1913-07-01,,,,,,,,-2.841755189769179,-2.8282993292537872,-2.5245143150758533,-0.31724087469332535,,,,,,0.0102040816,0.0005558776,,,,-0.05029239766081883,,,,,,,,,,,,,
1913-08-01,,,,,,,,-2.8681356164492824,-2.841755189769179,-2.5598852785045145,-0.308250337944768,,,,,,0.0,0.0005558541,,,,0.013546798029556717,,,,,,,,,,,,,
1913-09-01,,,,,,,,-2.8775585365837877,-2.8681356164492824,-2.578225846912032,-0.29933268967175614,,,,,,0.0101010101,0.0006767303,,,,0.02673147023086253,,,,,,,,,,,,,
1913-10-01,,,,,,,,-2.845393762613087,-2.8775585365837877,-2.555058961758554,-0.2903348008545331,,,,,,0.0,0.0010866136,,,,0.00946745562130169,,,,,,,,,,,,,
1913-11-01,,,,,,,,-2.819641266510673,-2.845393762613087,-2.538543321935907,-0.2810979445747658,,,,,,0.01,0.0004506428,,,,-0.03165298944900352,,,,,,,,,,,,,
1913-12-01,,,,,,,,-2.818398258271075,-2.819641266510673,-2.5464645427874335,-0.27193371548364176,,,,,,-0.0099009901,0.0007124877,,,,-0.025423728813559254,,,,,,,,,,,,,
1914-01-01,,,,,,,,-2.86909435944888,-2.8288695581383707,-2.601400194614512,-0.26769416483436786,,,,,,0.0,0.0007306086,,,,-0.001242236024844967,,,,,,,,,,,,,
1914-02-01,,,,,,,,-2.8927330340818447,-2.879676468779417,-2.6292237625374297,-0.263509271544415,,,,,,-0.01,0.0004046325,,,,0.04104477611940305,,,,,,,,,,,,,
1914-03-01,,,,,,,,-2.884380128227898,-2.9034283231985922,-2.6253298684504442,-0.2590502597774538,,,,,,0.0,0.0006693025,,,,0.0131421744324971,,,,,,,,,,,,,
1914-04-01,,,,,,,,-2.870858943672583,-2.8951910443321136,-2.616385259891126,-0.25447368378145685,,,,,,-0.0101010101,0.0008483564,,,,-0.018867924528301883,,,,,,,,,,,,,
1914-05-01,,,,,,,,-2.887926768903098,-2.881788014204773,-2.6379807979004077,-0.24994597100269023,,,,,,0.0102040816,0.0005425669,,,,-0.024038461538461675,,,,,,,,,,,,,
1914-06-01,,,,,,,,-2.894068619777491,-2.898976605089683,-2.648946161744506,-0.24512245803298494,,,,,,0.0,0.0006419688,,,,0.006157635467980427,,,,,,,,,,,,,
1914-07-01,,,,,,,,-2.8483005439754776,-2.905241920375616,-2.608134167274251,-0.24016637670122654,,,,,,0.0101010101,0.0051771146,,,,-0.004895960832313251,,,,,,,,,,,,,
1914-08-01,,,,,,,,-2.8596000992294113,-2.8596000992294113,-2.624348330952256,-0.23525176827715522,,,,,,0.02,0.0,,,,-0.055350553505535194,,,,,,,,,,,,,
1914-09-01,,,,,,,,-2.871028795053034,-2.871028795053034,-2.641012364451062,-0.23001643060197174,,,,,,0.0,0.0,,,,0.0,,,,,,,,,,,,,
1914-10-01,,,,,,,,-2.88258961745411,-2.88258961745411,-2.6579588005748063,-0.22463081687930353,,,,,,-0.0098039216,0.0,,,,0.0,,,,,,,,,,,,,
1914-11-01,,,,,,,,-2.894285657217301,-2.894285657217301,-2.6750083939009173,-0.21927726331638375,,,,,,0.0099009901,0.0,,,,0.0,,,,,,,,,,,,,
1914-12-01,,,,,,,,-2.862200880929468,-2.906120114864304,-2.648626780631409,-0.21357410029805912,,,,,,-0.0098039216,0.0025860082,,,,0.0,,,,,,,,,,,,,
1915-01-01,,,,,,,,-2.8778304095450227,-2.860297930783382,-2.6100697927420065,-0.26776061680301655,,,,,,0.0,0.0014435328,,,,-0.04296875,,,,,,,,,,,,,
1915-02-01,,,,,,,,-2.862234756842004,-2.8756939102160084,-2.5435008140540534,-0.31873394278795064,,,,,,-0.0099009901,0.0007992105,,,,0.017687074829932037,,,,,,,,,,,,,
1915-03-01,,,,,,,,-2.8857588996342662,-2.86033947079729,-2.5184893892641376,-0.36726951037012845,,,,,,-0.01,0.0008211544,,,,-0.013368983957219305,,,,,,,,,,,,,
1915-04-01,,,,,,,,-2.9564643114697082,-2.8838671989046167,-2.5430772826428685,-0.4133870288268396,,,,,,0.0101010101,0.0016950975,,,,0.0257452574525745,,,,,,,,,,,,,
1915-05-01,,,,,,,,-2.9307221655177957,-2.954340416866004,-2.473649495263366,-0.4570726702544297,,,,,,0.01,0.0049285809,,,,0.07529722589167775,,,,,,,,,,,,,
1915-06-01,,,,,,,,-2.940095193248595,-2.9288380387239608,-2.441104027129607,-0.49899116611898775,,,,,,0.0,0.0016801799,,,,-0.023341523341523396,,,,,,,,,,,,,
1915-07-01,,,,,,,,-2.934476287603026,-2.938214609713633,-2.3954015059199683,-0.5390747816830577,,,,,,0.0,0.0012536607,,,,0.011320754716980908,,,,,,,,,,,,,
1915-08-01,,,,,,,,-2.9739356276509468,-2.9323648498684505,-2.3966983845645244,-0.5772372430864224,,,,,,0.0,0.0018115194,,,,-0.003731343283582045,,,,,,,,,,,,,
1915-09-01,,,,,,,,-3.008515713179666,-2.9720625294680865,-2.3944370560954136,-0.6140786570842524,,,,,,0.0,0.000937517,,,,0.0424469413233457,,,,,,,,,,,,,
1915-10-01,,,,,,,,-3.0605917798268703,-3.0066461169351557,-2.411111324189897,-0.6494804556369734,,,,,,0.0099009901,0.0015525521,,,,0.037125748502994105,,,,,,,,,,,,,
1915-11-01,,,,,,,,-3.0929046512893805,-3.058492653691652,-2.4095913125615622,-0.6833133387278186,,,,,,0.0098039216,0.0009912099,,,,0.05542725173210172,,,,,,,,,,,,,
1915-12-01,,,,,,,,-3.0931543865614595,-3.091042453358316,-2.3770176877768154,-0.716136698784644,,,,,,0.0,0.001190728,,,,0.03501094091903734,,,,,,,,,,,,,
1916-01-01,,,,,,,,-3.0523990360026847,-3.0683483374103626,-2.301299745773382,-0.7510992902293029,,,,,,0.0097087379,0.0013879741,,,,0.0021141649048626032,,,,,,,,,,,,,
1916-02-01,,,,,,,,-3.0139405203765732,-3.0279720511808312,-2.2309724676549934,-0.7829680527215797,,,,,,0.0,0.0011241608,,,,-0.015822784810126667,,,,,,,,,,,,,
1916-03-01,,,,,,,,-2.98704600829803,-2.990312206084652,-2.1747953429371982,-0.8122506653608323,,,,,,0.0096153846,0.0007942677,,,,-0.01393354769560562,,,,,,,,,,,,,
1916-04-01,,,,,,,,-2.95299810619698,-2.963963128338308,-2.112393082833952,-0.8406050233630279,,,,,,0.0095238095,0.0018675936,,,,-0.003260869565217317,,,,,,,,,,,,,
1916-05-01,,,,,,,,-2.9520406140559423,-2.9302294986052244,-2.086152249838018,-0.8658883642179245,,,,,,0.0094339623,0.0010190602,,,,-0.010905125408942173,,,,,,,,,,,,,
1916-06-01,,,,,,,,-2.939642806902947,-2.9299808959912106,-2.0499657235468822,-0.8896770833560651,,,,,,0.0093457944,0.001110702,,,,0.022050716648291058,,,,,,,,,,,,,
1916-07-01,,,,,,,,-2.904072993261033,-2.918059235235773,-1.9921412934525509,-0.9119316998084823,,,,,,0.0,0.0005326312,,,,0.009708737864077666,,,,,,,,,,,,,
1916-08-01,,,,,,,,-2.8903072438482083,-2.8827518922037587,-1.9576998048385512,-0.932607439009657,,,,,,0.0092592593,0.0010064439,,,,-0.013888888888888729,,,,,,,,,,,,,
1916-09-01,,,,,,,,-2.9096683149204012,-2.869620813791126,-1.956712082088127,-0.9529562328322743,,,,,,0.0183486239,0.0007633005,,,,0.007583965330444142,,,,,,,,,,,,,
1916-10-01,,,,,,,,-2.919922343738598,-2.889401154703711,-1.9485187589423236,-0.9714035847962745,,,,,,0.018018018,0.0016309216,,,,0.04086021505376336,,,,,,,,,,,,,
1916-11-01,,,,,,,,-2.9226602372648953,-2.8998756954116938,-1.9340319059982938,-0.9886283312666018,,,,,,0.017699115,0.0008132161,,,,0.030991735537190257,,,,,,,,,,,,,
1916-12-01,,,,,,,,-2.8622008809294686,-2.9031861274295165,-1.8571146502721823,-1.005086230657286,,,,,,0.0086956522,0.0057822028,,,,0.023046092184368705,,,,,,,,,,,,,
1917-01-01,,,,,,,,-2.819349598844319,-2.8430987790559823,-1.8471860256791512,-0.9721635731651675,,,,,,0.0086206897,0.0015012329,,,,-0.04015670910871694,,,,,,,,,,,,,
1917-02-01,,,,,,,,-2.742352795494315,-2.800433633530284,-1.8031194310179939,-0.9392333644763213,,,,,,0.0256410256,0.0045159173,,,,-0.0234693877551021,,,,,,,,,,,,,
1917-03-01,,,,,,,,-2.7544934972618265,-2.7239567734017447,-1.847188161096652,-0.9073053361651746,,,,,,0.0,0.0014594274,,,,-0.056426332288401326,,,,,,,,,,,,,
1917-04-01,,,,,,,,-2.7212779798037943,-2.736429784824397,-1.8464448386190264,-0.874833141184768,,,,,,0.05,0.001520615,,,,0.03100775193798455,,,,,,,,,,,,,
1917-05-01,,,,,,,,-2.668981435592405,-2.7033719572437884,-1.8266734426248856,-0.8423079929675192,,,,,,0.0158730159,0.0019228125,,,,-0.015037593984962516,,,,,,,,,,,,,
1917-06-01,,,,,,,,-2.671662803649821,-2.6515503938627254,-1.8616218716183761,-0.8100409320314447,,,,,,0.015625,0.0008427469,,,,-0.03380588876772084,,,,,,,,,,,,,
1917-07-01,,,,,,,,-2.62648594220252,-2.65453040490952,-1.8486368545016076,-0.7778490877009123,,,,,,-0.0153846154,0.000944373,,,,0.020316027088036037,,,,,,,,,,,,,
1917-08-01,,,,,,,,-2.579462132033177,-2.609487482226675,-1.833901208789192,-0.7455609232439855,,,,,,0.015625,0.0013655697,,,,-0.027654867256637128,,,,,,,,,,,,,
1917-09-01,,,,,,,,-2.513640669103804,-2.562899876433805,-1.7994242366324862,-0.714216432471318,,,,,,0.0230769231,0.0029344195,,,,-0.029579067121729197,,,,,,,,,,,,,
1917-10-01,,,,,,,,-2.4416376516246934,-2.497348258638699,-1.7594738057300863,-0.6821638458946072,,,,,,0.015037594,0.0041310602,,,,-0.04806565064478319,,,,,,,,,,,,,
1917-11-01,,,,,,,,-2.3384478141549505,-2.42545919114458,-1.6884749706395827,-0.6499728435153675,,,,,,0.0,0.0055457055,,,,-0.054187192118226535,,,,,,,,,,,,,
1917-12-01,,,,,,,,-2.287986293572893,-2.322671851560783,-1.6700625342505353,-0.6179237593223579,,,,,,0.0148148148,0.0088776875,,,,-0.08333333333333326,,,,,,,,,,,,,
1918-01-01,,,,,,,,-2.3611314321088424,-2.302585092994046,-1.7475368832508509,-0.6135945488579916,,,,,,0.0218978102,0.0022854525,,,,-0.03409090909090917,,,,,,,,,,,,,
1918-02-01,,,,,,,,-2.406003425326793,-2.375946517893983,-1.7968869936183398,-0.6091164317084532,,,,,,0.0071428571,0.0010569723,,,,0.06029411764705883,,,,,,,,,,,,,
1918-03-01,,,,,,,,-2.4006463061702603,-2.4210413026913336,-1.7961647626959714,-0.604481543474289,,,,,,-0.0070921986,0.0013539408,,,,0.030513176144244092,,,,,,,,,,,,,
1918-04-01,,,,,,,,-2.406251867389312,-2.4159137783010487,-1.807415366300608,-0.598836501088704,,,,,,0.0142857143,0.001130904,,,,-0.020188425302826274,,,,,,,,,,,,,
1918-05-01,,,,,,,,-2.45315795147342,-2.4217560539252774,-1.8593132844873859,-0.5938446669860342,,,,,,0.0211267606,0.0014640576,,,,-0.009615384615384692,,,,,,,,,,,,,
1918-06-01,,,,,,,,-2.470249491988027,-2.4689063084415594,-1.8815813814581024,-0.5886681105299247,,,,,,0.0137931034,0.0005524911,,,,0.03190013869625519,,,,,,,,,,,,,
1918-07-01,,,,,,,,-2.494271266719043,-2.486249833334468,-1.9109749551185506,-0.5832963116004928,,,,,,0.0272108844,0.0007401049,,,,0.0013440860215052641,,,,,,,,,,,,,
1918-08-01,,,,,,,,-2.5198095214690603,-2.5105317875908235,-1.942091591515208,-0.5777179299538525,,,,,,0.0198675497,0.0004099323,,,,0.00805369127516764,,,,,,,,,,,,,
1918-09-01,,,,,,,,-2.531047805785856,-2.5363388234202713,-1.9591270826600542,-0.5719207231258016,,,,,,0.0194805195,0.0009023853,,,,0.009320905459387463,,,,,,,,,,,,,
1918-10-01,,,,,,,,-2.5894193485234873,-2.547854924102237,-2.0244908216974182,-0.5649285268260689,,,,,,0.0191082803,0.0019907848,,,,-0.00527704485488123,,,,,,,,,,,,,
1918-11-01,,,,,,,,-2.6316407319602093,-2.6065137818827875,-2.0730106513495454,-0.5586300806106635,,,,,,0.01875,0.0023849319,,,,0.04244031830238737,,,,,,,,,,,,,
1918-12-01,,,,,,,,-2.628981677626517,-2.6490324746720786,-2.0769130953264776,-0.5520685823000399,,,,,,0.0122699387,0.0010893006,,,,0.025445292620865256,,,,,,,,,,,,,
1919-01-01,,,,,,,,-2.6284387476008804,-2.6347879752795396,-2.075627169604365,-0.5528115779965154,,,,0.0463,,0.0,0.0007658185,0.0177,,,-0.01985111662531014,,,,,,,,,,,,,
1919-02-01,,,,,,,,-2.6382708369512566,-2.6344564648757856,-2.0845306111873074,-0.5537402257639492,,,,0.047,,-0.0181818182,0.0006462952,0.018499999999999996,,,-0.006329113924050778,,,,,,,,,,,,,
1919-03-01,,,,,,,,-2.6741486494265287,-2.64414639912273,-2.1196479621578765,-0.5545006872686522,,,,0.0473,,0.012345679,0.0011589943,0.01759999999999999,,,0.003821656050955413,,,,,,,,,,,,,
1919-04-01,,,,,,,,-2.7127693042717897,-2.680058937966262,-2.1574997279638235,-0.5552695763079665,,,,0.0472,,0.0182926829,0.0005361947,0.017900000000000006,,,0.030456852791878042,,,,,,,,,,,,,
1919-05-01,,,,,,,,-2.7857406051487774,-2.7188954495571878,-2.2295128537138558,-0.5562277514349218,,,,0.0467,,0.0119760479,0.0011894273,0.017,,,0.03325123152709386,,,,,,,,,,,,,
1919-06-01,,,,,,,,-2.8181268510228357,-2.791722676826325,-2.2611118447874707,-0.5570150062353653,,,,0.0469,,0.0,0.0030374267,0.016400000000000005,,,0.06912991656734202,,,,,,,,,,,,,
1919-07-01,,,,,,,,-2.8561989496384825,-2.824144923348399,-2.298387815058706,-0.5578111345797767,,,,0.0472,,0.0295857988,0.0014470144,0.0162,,,0.026755852842809347,,,,,,,,,,,,,
1919-08-01,,,,,,,,-2.7927684217461475,-2.8624375019819586,-2.2339680907090385,-0.558800331037109,,,,0.0478,,0.0172413793,0.0060892956,0.015700000000000006,,,0.03257328990227992,,,,,,,,,,,,,
1919-09-01,,,,,,,,-2.814521211044063,-2.7988609357453047,-2.2549054231086405,-0.5596157879354225,,,,0.0473,,0.0056497175,0.0012335901,0.0167,,,-0.06729758149316512,,,,,,,,,,,,,
1919-10-01,,,,,,,,-2.870444906997341,-2.8206510714196003,-2.3100043109160744,-0.5604405960812664,,,,0.0471,,0.0168539326,0.0020168628,0.01800000000000001,,,0.015783540022547893,,,,,,,,,,,,,
1919-11-01,,,,,,,,-2.846787097743176,-2.8768000685735675,-2.2853246860610454,-0.5614624116821305,,,,0.0481,,0.0220994475,0.0039199974,0.018799999999999997,,,0.05105438401775819,,,,,,,,,,,,,
1919-12-01,,,,,,,,-2.8231742190278872,-2.852994208803565,-2.2608666394267534,-0.5623075796011341,,,,0.049,,0.0216216216,0.0024998752,0.02040000000000001,,,-0.029567053854276826,,,,,,,,,,,,,
1920-01-01,,,,,,,,-2.8162459894277356,-2.8263869214037847,-2.26240656706346,-0.5538394223642759,,,0.045,0.0493,,0.0211640212,0.0013557095,0.02029999999999999,,0.004299999999999998,-0.029379760609357986,,,,,,,,,,,,,
1920-02-01,,,,,,,,-2.7329882141711868,-2.8192791671086623,-2.1880446201523625,-0.5449435940188243,,,0.045,0.0505,,0.0103626943,0.00611719,0.0208,,0.005500000000000005,-0.010089686098654682,,,,,,,,,,,,,
1920-03-01,,,,,,,,-2.8042258071829638,-2.7362210780689065,-2.2680109494121536,-0.5362148577708101,,,0.0475,0.0509,,0.0102564103,0.0031867119,0.02049999999999999,,0.0034000000000000002,-0.08267270668176674,,,,,,,,,,,,,
1920-04-01,,,,,,,,-2.7993625688634367,-2.8074691563964254,-2.2720107758556374,-0.5273517930077992,,,0.0525,0.0528,,0.0304568528,0.0036396927,0.021299999999999993,,0.00030000000000000165,0.07037037037037042,,,,,,,,,,,,,
1920-05-01,,,,,,,,-2.737576125472327,-2.802424772213252,-2.219531081133376,-0.5180450443389508,,,0.055,0.0558,,0.0147783251,0.0028508208,0.021400000000000002,,0.0008000000000000021,-0.008073817762399127,,,,,,,,,,,,,
1920-06-01,,,,,,,,-2.7233176732329984,-2.740840023925201,-2.2144169778765925,-0.5089006953564061,,,0.0575,0.0554,,0.0145631068,0.0009212744,0.020100000000000007,,-0.0021000000000000046,-0.06279069767441847,,,,,,,,,,,,,
1920-07-01,,,,,,,,-2.7253288355660388,-2.726592259612811,-2.2257177023543333,-0.49961113321170525,,,0.0581,0.0557,,-0.004784689,0.0014192121,0.0218,,-0.0023999999999999994,-0.017369727047146455,,,,,,,,,,,,,
1920-08-01,,,,,,,,-2.688441090981283,-2.7284206254685603,-2.1985807596938263,-0.4898603312874569,,,0.0583,0.0567,,-0.0240384615,0.0015549463,0.020900000000000002,,-0.0015999999999999973,-0.0012626262626261875,,,,,,,,,,,,,
1920-09-01,,,,,,,,-2.7266464407477127,-2.691736625610686,-2.24638011955685,-0.48026632119086277,,,0.0581,0.0543,,-0.0147783251,0.0013056391,0.019200000000000002,,-0.003799999999999998,-0.03919089759797734,,,,,,,,,,,,,
1920-10-01,,,,,,,,-2.7312227132856677,-2.7299528718451915,-2.260707817914783,-0.47051489537088476,,,0.0575,0.0508,,-0.005,0.0009409923,0.0194,,-0.0067000000000000046,0.03552631578947385,,,,,,,,,,,,,
1920-11-01,,,,,,,,-2.6822495551574765,-2.7343446670408786,-2.221966656390678,-0.46028289876679873,,,0.0575,0.0521,,-0.0050251256,0.0047878721,0.021300000000000006,,-0.005400000000000002,0.0012706480304955914,,,,,,,,,,,,,
1920-12-01,,,,,,,,-2.5917366734251868,-2.6855773452501515,-2.141535671475631,-0.4502010019495559,,,0.0588,0.054,,-0.0202020202,0.0053277384,0.022999999999999993,,-0.004799999999999999,-0.050761421319796884,,,,,,,,,,,,,
1921-01-01,,,,,,,,-2.6431161885614216,-2.600006064907693,-2.2392339854137626,-0.4038822031476593,,,0.0567,0.0523,,-0.0206185567,0.001043853,0.023600000000000003,,-0.004400000000000001,-0.08957219251336912,,,,,,,,,,,,,
1921-02-01,,,,,,,,-2.6441979989970803,-2.6512551913070794,-2.28991778779328,-0.35428021120380027,,,0.053,0.0528,,-0.0315789474,0.0007309336,0.023399999999999997,,-0.0001999999999999988,0.04405286343612347,,,,,,,,,,,,,
1921-03-01,,,,,,,,-2.6267783743287416,-2.65260477388864,-2.3253718194513953,-0.30140655487734663,0.636219641,,0.0538,0.0527,,-0.0054347826,0.002307706,0.024700000000000007,,-0.0011000000000000038,-0.007032348804500765,,,,,,,,,,,,,
1921-04-01,,,,,,,,-2.639607408522023,-2.6352564226876964,-2.395005097376137,-0.24460231114588582,0.6134656994,,0.052,0.0524,,-0.0109289617,0.0016562446,0.0247,,0.0004000000000000045,-0.025495750708215303,,,,,,,,,,,,,
1921-05-01,,,,,,,,-2.6778916005930045,-2.6479535129486984,-2.4947867583877077,-0.18310484220529677,0.6563180828,,0.0516,0.0525,,-0.0220994475,0.0013194209,0.024099999999999996,,0.000899999999999998,0.0043604651162791885,,,,,,,,,,,,,
1921-06-01,,,,,,,,-2.6030714376918143,-2.6865141134685384,-2.4864345339660536,-0.11663690372576108,0.7041636231,,0.0499,0.0527,,-0.0056497175,0.0038638264,0.023799999999999995,,0.002799999999999997,0.03039073806078152,,,,,,,,,,,,,
1921-07-01,,,,,,,,-2.608710839049479,-2.6117689454082997,-2.564566582337246,-0.04414425671223288,0.7049875676,,0.046,0.0526,,0.0056818182,0.0017604921,0.023600000000000003,,0.006600000000000002,-0.0800561797752809,,,,,,,,,,,,,
1921-08-01,,,,,,,,-2.604948047579038,-2.6172748600596965,-2.6406089203066774,0.03566087272763929,0.7182238117,,0.0475,0.0522,,0.0,0.0020311152,0.025199999999999993,,0.004700000000000003,-0.003053435114503733,,,,,,,,,,,,,
1921-09-01,,,,,,,,-2.6383011859119345,-2.6137976628560207,-2.762054388554822,0.12375320264288725,0.6781091728,,0.0475,0.0512,,-0.011299435,0.0017782204,0.024100000000000003,,0.003700000000000002,-0.012251148545176171,,,,,,,,,,,,,
1921-10-01,,,,,,,,-2.6607536891895616,-2.647229816656236,-2.882936779408647,0.22218309021908522,0.6583800027,,0.0421,0.0483,,0.0,0.0010289691,0.025,,0.006200000000000004,0.024806201550387597,,,,,,,,,,,,,
1921-11-01,,,,,,,,-2.721884836646951,-2.6695473115387207,-3.055560470391379,0.3336756337444279,0.6235446313,,0.0403,0.0464,,-0.0057142857,0.000987703,0.022799999999999994,,0.006099999999999994,0.013615733736762392,,,,,,,,,,,,,
1921-12-01,,,,,,,,-2.7657720632606835,-2.730973841004147,-3.2271176297633044,0.46134556650262115,0.5965346535,,0.039,0.0447,,-0.0057471264,0.0005106362,0.0211,,0.005699999999999997,0.05373134328358198,,,,,,,,,,,,,
1922-01-01,,,,,,,,-2.755314133296146,-2.7566830589034876,-3.117048942405095,0.3617348091089493,0.5928659287,,0.039,0.0445,,-0.0231213873,0.0010565181,0.023599999999999996,,0.005499999999999998,0.03541076487252126,,,,,,,,,,,,,
1922-02-01,,,,,,,,-2.7682015770083104,-2.7465205109469863,-3.0404156008329606,0.2722140238246501,0.5640065528,,0.0381,0.045,,0.0,0.0006195672,0.022599999999999995,,0.006899999999999996,-0.001367989056087482,,,,,,,,,,,,,
1922-03-01,,,,,,,,-2.7961192196499756,-2.759272946264009,-2.988010227460081,0.19189100781010526,0.5210555867,,0.0355,0.0441,,-0.0118343195,0.0006925002,0.022199999999999998,,0.008600000000000003,0.021917808219177992,,,,,,,,,,,,,
1922-04-01,,,,,,,,-2.846220840235694,-2.7872696043729928,-2.965027054919596,0.11880621468390207,0.5047318612,,0.0321,0.0428,,0.0,0.001094097,0.019900000000000008,,0.010700000000000001,0.03753351206434319,,,,,,,,,,,,,
1922-05-01,,,,,,,,-2.8758932572647264,-2.837656819225476,-2.9273179202947714,0.05142466303004456,0.4852033881,,0.0325,0.0426,,0.0,0.0008032828,0.017600000000000005,,0.010099999999999998,0.06072351421188649,,,,,,,,,,,,,
1922-06-01,,,,,,,,-2.857772829413736,-2.8671957495482414,-2.847516329246547,-0.010256500167189153,0.4993005488,,0.0325,0.0424,,0.0,0.0017435654,0.0189,,0.009899999999999999,0.03897685749086466,,,,,,,,,,,,,
1922-07-01,,,,,,,,-2.856225817754402,-2.8491503165382017,-2.7888423081892575,-0.06738350956514483,0.4781040701,,0.032,0.0414,,0.005988024,0.0014760809,0.0189,,0.009399999999999999,-0.009378663540445475,,,,,,,,,,,,,
1922-08-01,,,,,,,,-2.8847927853583135,-2.8478797133277274,-2.7638837984085436,-0.12090898694976948,0.4604088113,,0.0313,0.0412,,-0.0119047619,0.0009882856,0.018900000000000007,,0.009899999999999999,0.007100591715976323,,,,,,,,,,,,,
1922-09-01,,,,,,,,-2.9020288424383773,-2.8763147369993582,-2.73150186213726,-0.17052698030111757,0.4777594728,,0.0334,0.0419,,0.0,0.0013522609,0.018200000000000008,,0.0085,0.03760282021151595,,,,,,,,,,,,,
1922-10-01,,,,,,,,-2.915456996150018,-2.8936220675468176,-2.69843138382542,-0.21702561232459755,0.4827801477,,0.0371,0.043,,0.0060240964,0.0016963632,0.018099999999999998,,0.0058999999999999955,0.02604756511891293,,,,,,,,,,,,,
1922-11-01,,,,,,,,-2.8563656662304333,-2.9073179934043605,-2.595279707269371,-0.26108595896106207,0.4902271527,,0.0366,0.0433,,0.005988024,0.0024352112,0.0189,,0.006699999999999998,0.02207505518763786,,,,,,,,,,,,,
1922-12-01,,,,,,,,-2.8458209609107907,-2.8480962747479266,-2.543540089037857,-0.30228087187293357,0.4726494856,,0.0365,0.0432,,0.005952381,0.0007553687,0.0194,,0.0067000000000000046,-0.049676025917926414,,,,,,,,,,,,,
1923-01-01,,,,,,,,-2.856068039909185,-2.842493170818116,-2.522643520559883,-0.3334245193493018,0.4762393513,,0.0366,0.0432,,-0.0059171598,0.0005804056,0.0194,,0.006600000000000002,-0.002272727272727426,,,,,,,,,,,,,
1923-02-01,,,,,,,,-2.894756356213989,-2.852946086153974,-2.5312665797151266,-0.3634897764988624,0.4465832531,,0.0365,0.0433,,0.0,0.0004755236,0.018999999999999996,,0.0068000000000000005,0.013667425968109548,,,,,,,,,,,,,
1923-03-01,,,,,,,,-2.907484474963767,-2.8914499251165102,-2.5150488671459366,-0.3924356078178305,0.5020920502,,0.0412,0.0438,,0.0,0.0005610002,0.019600000000000006,,0.002599999999999998,0.04269662921348294,,,,,,,,,,,,,
1923-04-01,,,,,,,,-2.868567257211802,-2.904188940334364,-2.4481827111697445,-0.42038454604205766,0.524496849,,0.0413,0.0439,,0.005952381,0.0009778051,0.019499999999999997,,0.002599999999999998,0.0161637931034484,,,,,,,,,,,,,
1923-05-01,,,,,,,,-2.817069844578927,-2.8654754673092806,-2.3696026551967426,-0.4474671893821841,0.5290679791,,0.0395,0.0437,,0.0,0.0027567961,0.0201,,0.004200000000000002,-0.03499469777306474,,,,,,,,,,,,,
1923-06-01,,,,,,,,-2.7749896837773194,-2.8137952581991144,-2.3013867705019373,-0.4736029132753823,0.5837104072,,0.0384,0.0434,,0.0059171598,0.0029689465,0.0206,,0.0050000000000000044,-0.047252747252747196,,,,,,,,,,,,,
1923-07-01,,,,,,,,-2.737576125472327,-2.7717257853244455,-2.238667111746074,-0.49890901372625307,0.5937176389,,0.0391,0.0434,,0.0117647059,0.0023723736,0.022000000000000006,,0.004299999999999998,-0.03806228373702425,,,,,,,,,,,,,
1923-08-01,,,,,,,,-2.739464427282368,-2.734513922122512,-2.2159544469094437,-0.5235099803729244,0.5521078536,,0.0386,0.0435,,-0.0058139535,0.0009708819,0.023000000000000007,,0.004899999999999995,-0.033573141486810454,,,,,,,,,,,,,
1923-09-01,,,,,,,,-2.7423749436432847,-2.7362210780689065,-2.1950796400959027,-0.547295303547382,0.5865636012,,0.0401,0.0436,,0.0058479532,0.0012206401,0.022600000000000002,,0.003500000000000003,0.004962779156327368,,,,,,,,,,,,,
1923-10-01,,,,,,,,-2.724308680451464,-2.739142079745565,-2.153928932484428,-0.5703797479670357,0.5828532701,,0.0422,0.044,,0.0058139535,0.0016334345,0.0235,,0.001799999999999996,0.006172839506172867,,,,,,,,,,,,,
1923-11-01,,,,,,,,-2.7507254838474666,-2.721275502770537,-2.157841101873679,-0.5928843819737877,0.5588044185,,0.0394,0.0437,,0.0,0.0005984341,0.023099999999999996,,0.004300000000000005,-0.014723926380368235,,,,,,,,,,,,,
1923-12-01,,,,,,,,-2.7808095553846384,-2.747512781471569,-2.1661339902661885,-0.61467556511845,0.540201005,,0.0388,0.0435,,0.0,0.0005806652,0.022900000000000004,,0.004699999999999996,0.029887920298879322,,,,,,,,,,,,,
1924-01-01,,,,,,,,-2.809830873087713,-2.7776071414205132,-2.202652646216269,-0.6071782268714442,0.5126167296,,0.0376,0.043,,0.0,0.0007475124,0.021500000000000005,,0.005399999999999995,0.0338573155985491,,,,,,,,,,,,,
1924-02-01,,,,,,,,-2.8113459576970685,-2.8068261759914495,-2.2113829604582316,-0.5999629972388368,0.5307549887,,0.0354,0.0428,,-0.0057803468,0.001519486,0.020500000000000004,,0.007399999999999997,0.03274853801169586,,,,,,,,,,,,,
1924-03-01,,,,,,,,-2.7888115577466683,-2.8081633284076184,-2.196362879738738,-0.5924486780079302,0.5945597248,,0.0357,0.0428,,-0.0058139535,0.0007759294,0.019800000000000005,,0.007099999999999995,0.0045300113250281715,,,,,,,,,,,,,
1924-04-01,,,,,,,,-2.7623821632956247,-2.7856390254598917,-2.1774565527148297,-0.5849256105807948,0.6101732318,,0.0338,0.0423,,-0.0058479532,0.0010947745,0.019500000000000003,,0.0085,-0.01916572717023679,,,,,,,,,,,,,
1924-05-01,,,,,,,,-2.7558697620791883,-2.759405416911496,-2.1781861839327954,-0.5776835781463929,0.6151279199,,0.0229,0.0415,,0.0,0.0007352696,0.019299999999999998,,0.018600000000000002,-0.02298850574712641,,,,,,,,,,,,,
1924-06-01,,,,,,,,-2.7714306445191537,-2.75271664808778,-2.2012884435967437,-0.5701422009224101,0.5738300301,,0.0244,0.0398,,0.0,0.0007646756,0.018299999999999997,,0.0154,-0.003529411764705781,,,,,,,,,,,,,
1924-07-01,,,,,,,,-2.813595303747178,-2.7682874414136207,-2.251003910924992,-0.5625913928221857,0.5414137458,,0.0192,0.0394,,0.0058823529,0.0003772822,0.017199999999999993,,0.0202,0.018890200708382432,,,,,,,,,,,,,
1924-08-01,,,,,,,,-2.8443998776654107,-2.8106459928535537,-2.2890792780880425,-0.5553205995773681,0.5310159401,,0.019,0.0391,,-0.0058479532,0.0006937238,0.0174,,0.020100000000000003,0.04634994206257215,,,,,,,,,,,,,
1924-09-01,,,,,,,,-2.831593035843227,-2.841275736559644,-2.2838429111843053,-0.5477501246589216,0.5360604886,,0.0214,0.0392,,0.0058823529,0.0008699719,0.017799999999999996,,0.0178,0.034330011074197087,,,,,,,,,,,,,
1924-10-01,,,,,,,,-2.8154207676880607,-2.8284786246055176,-2.2752512462930103,-0.5401695213950506,0.5314241784,,0.0241,0.0387,,0.0058479532,0.0011261584,0.016999999999999994,,0.014599999999999998,-0.009635974304068484,,,,,,,,,,,,,
1924-11-01,,,,,,,,-2.866853805194588,-2.8124983911790116,-2.3339858395365836,-0.5328679656580049,0.497749775,,0.0258,0.039,,0.0,0.0009510546,0.016,,0.0132,-0.01297297297297284,,,,,,,,,,,,,
1924-12-01,,,,,,,,-2.916295442905956,-2.8637581093780744,-2.3910291349851716,-0.525266307920785,0.4588830802,,0.0257,0.0396,,0.0058139535,0.0010657235,0.015100000000000002,,0.013900000000000003,0.0558598028477546,,,,,,,,,,,,,
1925-01-01,,,,,,,,-2.949195072983412,-2.908688088703595,-2.403230842728169,-0.5459642302552435,0.4478095392,,0.0261,0.0396,,0.0,0.0010541617,0.014899999999999997,,0.013500000000000002,0.053941908713692976,,,,,,,,,,,,,
1925-02-01,,,,,,,,-2.9502948919794845,-2.9418242530959757,-2.384277082509689,-0.5660178094697956,0.4523887435,,0.0262,0.0395,,-0.0057803468,0.0010555413,0.014100000000000001,,0.0133,0.04133858267716528,,,,,,,,,,,,,
1925-03-01,,,,,,,,-2.916207950014698,-2.942800210217224,-2.330893474257968,-0.5853144757567299,0.52248394,,0.0278,0.0396,,0.0058139535,0.0029532947,0.014500000000000006,,0.011800000000000005,0.008506616257088817,,,,,,,,,,,,,
1925-04-01,,,,,,,,-2.8981254758335826,-2.9087690209176995,-2.293868330779629,-0.6042571450539538,0.5082909758,,0.0278,0.0393,,-0.0057803468,0.0007462061,0.015400000000000004,,0.011500000000000003,-0.026241799437675684,,,,,,,,,,,,,
1925-05-01,,,,,,,,-2.9225133460053474,-2.890916653406475,-2.3007018532660806,-0.6218114927392666,0.469411312,,0.0273,0.0387,,0.0058139535,0.0005203227,0.014699999999999998,,0.011399999999999997,-0.010587102983638186,,,,,,,,,,,,,
1925-06-01,,,,,,,,-2.9329313723149606,-2.915182190810678,-2.2933684378891215,-0.6395629344258391,0.465613312,,0.0286,0.0379,,0.0115606936,0.0008416071,0.013499999999999998,,0.009300000000000003,0.032101167315175205,,,,,,,,,,,,,
1925-07-01,,,,,,,,-2.9530525462289186,-2.9256535720408046,-2.296298588231225,-0.656753957997694,0.4558702638,,0.0306,0.0379,,0.0114285714,0.0003774898,0.0133,,0.007300000000000004,0.017907634307257503,,,,,,,,,,,,,
1925-08-01,,,,,,,,-2.9594217738729744,-2.9459987535408336,-2.2867117438377558,-0.6727100300352187,0.4320725315,,0.0301,0.0385,,0.0,0.0005439025,0.013399999999999995,,0.008400000000000001,0.02777777777777768,,,,,,,,,,,,,
1925-09-01,,,,,,,,-2.9750952556976147,-2.9522471616142525,-2.286212473924127,-0.6888827817734877,0.4252056322,,0.0317,0.0385,,0.0,0.001456289,0.0133,,0.0068000000000000005,0.013513513513513598,,,,,,,,,,,,,
1925-10-01,,,,,,,,-3.000453240002179,-2.96797175203328,-2.2958792841268543,-0.7045739558753248,0.3919049149,,0.0353,0.0382,,0.0,0.0007475307,0.013199999999999996,,0.0029,0.023111111111111082,,,,,,,,,,,,,
1925-11-01,,,,,,,,-3.0241921692110205,-2.993547949405645,-2.3050350738030296,-0.7191570954079904,0.4037595976,,0.0365,0.0379,,0.0169491525,0.002719478,0.0133,,0.0014000000000000054,0.0330147697654215,,,,,,,,,,,,,
1925-12-01,,,,,,,,-3.033349137125298,-3.0171675542740557,-2.2993799620450974,-0.7339691750802004,0.3893782714,,0.0351,0.038,,-0.0055555556,0.0005126819,0.012999999999999998,,0.0029,0.03111858704793935,,,,,,,,,,,,,
1926-01-01,,,,,,,,-3.0431497539114507,-3.0209266171267406,-2.3224034190005765,-0.7207463349108741,0.3876707976,,0.0349,0.0374,0.0138,0.0,0.0008574283,0.012700000000000003,-0.0066,0.0025000000000000022,0.016313213703099683,,,,,,,,,,,,0.0188823593768865,
1926-02-01,,,,,,,,-2.98592827345737,-3.0308796613196365,-2.2782529923345147,-0.707675281122855,0.394362555,,0.0318,0.0372,0.0063,0.0,0.0010985957,0.012499999999999997,-0.0018000000000000004,0.005399999999999995,0.022471910112359605,,,,-0.0305703087229594,0.0333849987462921,,,,,-0.0021122689300749,0.0004222591257567,-0.0243208599161526,
1926-03-01,,,,,,,,-2.912874361929868,-2.973806912925025,-2.2173204413393575,-0.6955539205905101,0.4940908444,,0.0314,0.0371,0.0041,-0.0055865922,0.0060155996,0.0126,0.004299999999999999,0.005700000000000004,-0.04395604395604402,,,,-0.0752933138063399,0.0460377677963539,,,,,0.0026300538710575,-0.0296425019964213,-0.0498402491750095,
1926-04-01,,,,,,,,-2.9233322437454254,-2.9008981708831523,-2.240556117450967,-0.6827761262944582,0.4829169856,,0.0308,0.0368,0.0076,0.0056179775,0.0014659152,0.012400000000000001,0.0021000000000000003,0.005999999999999998,-0.059113300492610765,,,,-0.0052094862463163,-0.0044216277074222,-0.0093250438427232,,0.0060555835142684,,0.0087370216597604,0.0016513583842596,-0.001319155393848,
1926-05-01,,,,,,,,-2.9191476321588268,-2.9114977860984226,-2.2490082098440096,-0.6701394223148174,0.4838597225,,0.0317,0.0369,0.0014,-0.0055865922,0.0006903572,0.011499999999999996,0.003,0.005200000000000003,0.022687609075043635,,,,-0.0101703801489328,0.0025514330380863,0.0184112174078378,,-0.0007165366992602,,-0.0018318678521,-0.0091910457908876,-0.0044376819078287,
1926-06-01,,,,,,,,-2.9497289202917383,-2.907451592395635,-2.292088428188703,-0.6576404921030355,0.4534762154,,0.0293,0.0368,0.0038,-0.0056179775,0.0006016892,0.010800000000000004,-0.0034,0.0075,0.007679180887371961,,,,-0.0005582103941884,-0.017974374260389,-0.0354253942282815,,0.0155809233330326,,-0.0099104626120728,0.0206703658095289,-0.0120649242680215,
1926-07-01,,,,,,,,-2.982619860461496,-2.9381680978906624,-2.3373437263592196,-0.6452761341022764,0.4332625796,,0.0311,0.037,0.0004,-0.011299435,0.0006428884,0.010799999999999997,0.0053,0.005899999999999999,0.04318374259102464,,,,0.0010679955028829,-0.0008833364685515,-0.012577094403215,,0.0278823318792084,,-0.0003064044720321,-0.0021810913343179,-0.0122983469459945,
1926-08-01,,,,,,,,-2.9881276741687715,-2.9711911646378732,-2.3550844176785315,-0.63304325649024,0.427050643,,0.0327,0.0373,0.0,-0.0057142857,0.001208628,0.0109,0.0044,0.0046,0.045454545454545414,,,,-0.0203906227008566,0.0193121240728819,0.018323588985855,,0.005391102686993,,0.0076880961091478,0.0171741537796726,-0.0017936110547614,
1926-09-01,,,,,,,,-2.999470595664598,-2.9768281189148382,-2.3785317234455787,-0.6209388722190196,0.4387129401,,0.0342,0.0372,0.0038,0.0057471264,0.0007407694,0.010700000000000001,0.0019000000000000002,0.0029999999999999957,0.017080745341614856,,,,-0.0088854954998795,0.0165943744669904,0.0295210084120065,,-0.0107090632375991,,0.0083993318582809,-0.0008690547359875,-0.0104153506063022,
1926-10-01,,,,,,,,-2.956452299385551,-2.988297295066473,-2.346686727764657,-0.6097655716208942,0.4603343062,,0.0358,0.0367,0.0102,0.0057142857,0.0021611479,0.010999999999999996,-0.0005000000000000004,0.000900000000000005,0.022900763358778775,,,,-0.0155721388294494,0.0250950323505601,0.0155388405106078,,-0.0237208120795535,,0.0088588795535051,-0.0086033852560976,-0.0011023732762127,
1926-11-01,,,,,,,,-2.9674986002671386,-2.9454024631989664,-2.369588342121646,-0.5979102581454925,0.443308847,,0.0335,0.0358,0.016,0.0056818182,0.0005385885,0.0109,-0.0103,0.0022999999999999965,-0.0313432835820896,,,,-0.013935095878318,0.0026452216052238,0.0102984930283274,,0.0093839062878128,,0.0163036354295929,0.0172117286334934,-0.0103224774203475,
1926-12-01,,,,,,,,-2.9730123516104965,-2.9565695297349484,-2.3868372906027187,-0.5861750610077776,0.441475827,0.0508761773,0.0307,0.0354,0.0078,0.0,0.0004646178,0.010000000000000002,-0.0021999999999999997,0.004699999999999999,0.02234206471494593,,,,0.0010808208768044,-0.0043907150370042,-0.0097384439615479,,0.0156328039449144,,0.0079747319279804,0.0100948187440511,-0.006844962276733,0.0065259232294525
1927-01-01,,,,,,,0.005699999999999999,-2.9423744954802977,-2.9633490471657282,-2.374773287950336,-0.5676012075299617,0.4437056454,0.0508237847,0.0323,0.0351,0.0075,-0.011299435,0.0004698947,0.009499999999999995,-0.0018999999999999998,0.002799999999999997,0.016578749058025588,,,,-0.0022376294075109,0.0014212839547604,0.0116160017695902,0.0013443821099824,-0.00992762873033,-0.0018371372649628,-0.0110673285298359,-0.003509507070073,0.0113002856677158,-0.0042953943971516
1927-02-01,,,,,,,-0.015,-2.979534685857688,-2.9329458542023983,-2.4303527809018184,-0.5491819049558697,0.4285008644,0.0516676427,0.0329,0.0347,0.0088,-0.0057142857,0.0002873343,0.0092,-0.0019000000000000006,0.001800000000000003,-0.02075611564121571,,,,0.0060238956798516,-0.0252706123712713,-0.0021051941348306,-0.0284133307847616,0.0052382714422521,-0.0280860737599768,-0.0040872572224024,-0.0048384122791812,-0.0047675893429803,-0.0168002581937499
1927-03-01,,,,,,,0.0352,-2.9765350967384903,-2.9700532591362996,-2.445078688279091,-0.5314564084593991,0.4697651174,0.046356576,0.032,0.0331,0.0253,-0.0057471264,0.0009241928,0.0092,-0.017,0.0010999999999999968,0.04769114307342903,,,,-0.009769033199843,0.0319813603786582,0.0340232421963277,0.0358046872630802,-0.0119296318123705,0.0450255108775086,0.0106568492616238,-0.0044043397678624,-0.0173511573611052,0.0132231423892446
1927-04-01,,,,,,,0.0436,-2.984224989684853,-2.967142723773978,-2.4713086271267533,-0.5129163625580997,0.4567541302,0.0505140243,0.0339,0.0333,-0.0005,0.0,0.0006025886,0.009000000000000001,0.006,-0.0005999999999999964,0.006502890173410325,,,,-0.0113841276232705,0.0076520535127912,0.0275674451329887,0.0117223980826858,0.002745478224421,0.0237029015754852,0.0066510519196544,-0.0177946783248899,-0.0149308609175836,-0.0051813306611194
1927-05-01,,,,,,,0.0278,-3.025963333903549,-2.9750582588294914,-2.5314458282011136,-0.4945175057024356,0.4347826087,0.0552753898,0.0333,0.0327,0.0109,0.0057803468,0.0003917338,0.009300000000000003,-0.012,-0.0006000000000000033,0.017229002153625217,,,,0.0041075537681553,-0.0035157477183635,0.0369401546261898,0.0096689737260059,-0.0014281636221501,0.0431910566615693,0.0135933698960913,-0.0070528063659393,-0.0089495788138573,-0.0160297113602484
1927-06-01,,,,,,,0.0055000000000000005,-3.0073088413829887,-3.0167428736163475,-2.531329948947166,-0.4759788924358226,0.4523852494,0.0588219162,0.0307,0.0334,-0.0069,0.0114942529,0.000824577,0.0097,0.0112,0.0026999999999999975,0.05222300635144683,,,,0.01085048813873,0.0115688072869224,0.0162100775498,1.00944136402e-05,-0.0211559185914241,0.0121660130446085,-0.0021580632887156,0.0008119990548182,0.0084068628942319,-0.001013508068937
1927-07-01,,,,,,,0.042199999999999994,-3.0611442423635555,-2.9981726218366576,-2.6037073677609404,-0.4574368746026151,0.414553473,0.0597499253,0.0296,0.0333,0.005,-0.0170454545,0.0004257798,0.009500000000000001,-0.0047,0.003700000000000002,-0.009389671361502372,,,,-0.0256630263748376,0.0039210442277219,0.0175526059785543,0.0205166074200171,0.027239722366367,0.0172257515831573,0.0030339320061384,0.0080139832582383,-0.0237409814757864,0.0085552116634084
1927-08-01,,,,,,,0.0125,-3.0957644793000663,-3.0522252643210757,-2.6567416907622547,-0.4390227885378113,0.3962274092,0.0545217717,0.027,0.0329,0.0076,-0.0057803468,0.0012764139,0.0092,0.0007000000000000001,0.005899999999999999,0.06499661475964791,,,,-0.0055740164120198,0.0125647196924939,-0.0046400603345082,-0.0006970472939741,-0.00762832202964,-0.0108314536884915,2.35909635484e-05,-0.0009930506335819,0.0007960254663617,0.0162962803503875
1927-09-01,,,,,,,0.019299999999999998,-3.1290969856214144,-3.0867910045009577,-2.70775852835696,-0.4213384572644545,0.380586062,0.0946129771,0.0268,0.033,0.0018,0.0058139535,0.0011233495,0.008799999999999995,0.0131,0.006200000000000001,0.04450095359186257,,,,0.0023319661683065,-0.0071872424461486,0.0287899681478992,0.0076915254826358,0.0245564602973248,0.0222801216871292,0.0006312744422225,-0.0066508899724095,-0.0241380249098032,-0.0120151818460014
1927-10-01,,,,,,,-0.0092,-3.065649786808161,-3.1202033184512947,-2.6628754017455085,-0.4027743850626522,0.4138006933,0.0943667354,0.0308,0.0325,0.0099,0.0057803468,0.0015593375,0.0087,-0.004400000000000001,0.0017000000000000001,0.04321363359707853,,,,-0.0091042731556769,0.0353179061216044,0.0007327787828395,0.0190074274664849,-0.0355492340078959,-0.0085194260773889,0.0117765539807373,-0.0014430338337013,0.0172650484683999,0.0059557350218866
1927-11-01,,,,,,,-0.0022,-3.122543243905227,-3.056965521704212,-2.738217959637492,-0.38432528426773527,0.3793955905,0.0822671859,0.0304,0.032,0.0097,-0.0057471264,0.0009296591,0.008599999999999997,-0.0029000000000000007,0.0016000000000000007,-0.053092182030338386,,,,0.0097799999263198,-0.0250573115217316,0.0042915890709975,-0.0134701015198383,0.0128228587715912,0.0007254306388352,0.0094582613889079,-0.0008292602024166,0.0094809344655191,0.0078411352654187
1927-12-01,,,,,,,0.0311,-3.1326669593102214,-3.113803867861922,-2.7669421798515708,-0.36572477945865034,0.3746885899,0.0764711093,0.0317,0.0316,0.0072,0.0,0.0006042041,0.008599999999999997,-0.0004000000000000002,-9.999999999999593e-05,0.06777572396796039,,,,0.0022802795448922,-0.0061908950424015,0.0137025934640716,0.0047305231823808,0.0078307731645009,0.0138857308053804,0.0216260191691778,0.0042456749748932,0.001391071494908,0.0074166181901858
1928-01-01,,,,,,,-0.0046,-3.1188940057555414,-3.124003298732349,-2.7413239201531368,-0.37757008560240474,0.3786696208,0.0626014543,0.0331,0.0321,-0.0036,0.0,0.0008605259,0.008899999999999998,0.0063,-0.0010000000000000009,0.019042123485285778,,,,0.0026144542437124,0.0119922621527856,0.0120232313544508,0.0150539122720758,-0.0093633535818496,0.0135484326290489,-0.020062217139403,-0.0007690564327793,0.0144746487583844,-0.0095922386707297
1928-02-01,,,,,,,-0.010700000000000001,-3.092631200264226,-3.1104324168079502,-2.704291341681525,-0.38833985858270104,0.3860765992,0.0551726339,0.0333,0.0318,0.0061,-0.0115606936,0.0006911239,0.0087,0.0006999999999999992,-0.0015000000000000013,-0.005096262740656887,,,,-0.0023640764673924,0.0152523479959922,-0.0060079988606014,-0.0219775430664096,-0.0079384222803597,-0.0111391605358113,0.0055971101285471,0.00544236625561,0.0013434223466283,0.0106237303468049
1928-03-01,,,,,,,0.047,-3.1869801169732312,-3.0841140191763516,-2.7882889551740218,-0.39869116179920955,0.363254838,0.0543639372,0.0327,0.0317,0.0045,0.0,0.0013810077,0.008599999999999997,-0.0003999999999999993,-0.0010000000000000009,-0.01764371087080241,,,,0.0088352594871617,-0.0365458656579652,0.0303010114528628,-0.0153848881264055,0.0257381231652957,0.0337156909796745,0.0036196115263066,-0.0013890191520956,-0.0065937955829734,-0.0244926700000775
1928-04-01,,,,,,,-0.058499999999999996,-3.2104305739429475,-3.178534866047978,-2.8008319345531763,-0.40959863938977137,0.3680952606,0.0493720638,0.0362,0.0319,-0.0004,0.0,0.0014879603,0.0087,0.0018,-0.004300000000000005,0.10834298957126287,,,,0.0281027146739229,0.0002450248463001,-0.0103851573310158,-0.0400423406918521,-0.0128440567719322,-0.0406794787665956,-0.0283737826687922,-0.0146044645714683,0.0559560056869085,-0.0280005194029035
1928-05-01,,,,,,,0.0264,-3.214759309356361,-3.2021805271495007,-2.795243412804587,-0.41951589655177374,0.3543969792,0.0471873758,0.039,0.0327,-0.0077,0.0058479532,0.0018988588,0.009299999999999996,-9.99999999999994e-05,-0.0063,0.03240982749607957,,,,0.0129295359611943,-0.0029471159363647,0.0272486074503248,0.002632808309628,0.0083139459859503,0.027776803400415,-0.0068533455850753,0.0124472437367211,0.0059685226725207,0.0067054066758451
1928-06-01,,,,,,,0.0179,-3.1651103413352613,-3.2064533048696435,-2.7352537801029375,-0.4298565612323235,0.3702999477,0.0502987889,0.0392,0.0326,0.0041,-0.0058139535,0.0036454766,0.009800000000000003,-0.006500000000000001,-0.006600000000000002,0.012658227848101333,,,,-0.0264263692110013,0.0289558629153432,0.0015220825087944,0.0106515312975532,0.0217615935750383,0.0039598155297174,0.0048717479010112,0.012550512911698,-0.0198702942738788,0.0133928723872144
1928-07-01,,,,,,,0.026699999999999998,-3.1693017120072557,-3.156872758637516,-2.7293774073743142,-0.4399243046329413,0.3606481481,0.0593803298,0.0412,0.0344,-0.0217,0.0,0.0016749799,0.0097,0.0207,-0.0068000000000000005,-0.04049999999999998,,,,0.0066541828078849,-0.001411252271432,0.0143409158530721,0.0178304235201094,0.0106323845434662,0.0191584234686958,0.0028117030263116,0.0091591786262997,-0.0193439538436822,-0.0074452423313183
1928-08-01,,,,,,,0.0368,-3.232747345766866,-3.1612528880671054,-2.7836705027155286,-0.44907684305133744,0.3240297825,0.0573989063,0.0436,0.0341,0.0076,0.0,0.0012293169,0.0097,0.0007000000000000001,-0.009500000000000001,0.012506513809275477,,,,-0.0171928512446753,-0.0363409742651038,0.0406092326965401,0.0267693958489368,0.0436092629423429,-0.0061244641232701,-0.0369526155379076,-0.0132959876837257,-0.0266268413673213,-0.0097864997307133
1928-09-01,,,,,,,0.034,-3.24831764752255,-3.2246422992806028,-2.790435378809159,-0.4578822687133908,0.3281658101,0.0279800569,0.0457,0.0346,-0.0041,0.0116959064,0.0006504642,0.009799999999999996,0.0071,-0.011099999999999999,0.07411219763252719,,,,0.0259362422167448,-0.033560544231622,0.0221841219611572,-0.0042448330029356,0.0134323512023503,-0.003675713761031,-0.0027766092828627,0.0012415173001404,0.0156782544987431,0.0024132322544857
1928-10-01,,,,,,,0.051100000000000007,-3.2546798722520296,-3.2402777650116406,-2.7874588847192325,-0.46722098753279695,0.3089308376,0.0340193716,0.047,0.0336,0.0158,-0.0057803468,0.0006788455,0.0097,-0.0075000000000000015,-0.013400000000000002,0.02395783421178721,,,,0.0046150784295676,-0.0002331834739857,0.0387810489022446,0.02140662624519,0.0261501361221188,0.0211977376190243,0.0127963170144134,-0.0028148637373704,-0.0045493302252775,-0.0264178709513567
1928-11-01,,,,,,,0.0178,-3.3600854785928385,-3.2468226889729865,-2.8843765853385652,-0.4757088932542732,0.2655259391,0.0383720096,0.0426,0.0338,0.0003,0.0,0.0015232957,0.0097,-0.0039,-0.008800000000000002,0.014506317267196867,,,,0.00541359732574,-0.0468436829966679,0.0486629360416187,0.0536144695404725,0.0438956235559032,-0.0100374863827054,-0.004902438755756,-0.0172656109628869,-0.0039879275447123,-0.0418503230610814
1928-12-01,,,,,,,0.0158,-3.355050779026374,-3.3521718956890725,-2.8704483503594855,-0.4846024286668882,0.2596666667,0.0630687383,0.0426,0.034,0.0004,-0.0058139535,0.00407747,0.009899999999999999,0.008,-0.008599999999999997,0.11992619926199266,,,,-0.0195891840779529,-0.0080417298785374,0.0268818721854745,0.0282199485835526,0.0224686442498543,0.015817150757962,-0.0104394127109775,-0.0078023313019795,-0.0296809004583303,0.0046667313674516
1929-01-01,,,,,,,0.024300000000000002,-3.398869091902564,-3.3433547392631824,-2.9122885064846367,-0.4865805854179278,0.2453466033,0.0784486564,0.0466,0.0349,-0.009,0.0,0.0017008226,0.010100000000000005,0.0133,-0.011700000000000002,0.002883031301482708,,,,-0.0162424505324384,0.0117033033012746,0.0269071939017951,0.0226123281707746,0.0224547077534018,0.0112910302693114,-0.0013271209699552,-0.0260537916528809,-0.0264458122356974,-0.0053168243663756
1929-02-01,,,,,,,0.031,-3.381463717505205,-3.3873082695014882,-2.892954222061762,-0.48850949544344335,0.2454238997,0.0717831373,0.0439,0.0363,-0.0157,0.0,0.0026701165,0.009999999999999995,0.018699999999999998,-0.007600000000000003,0.05708418891170419,,,,0.0036012006812434,-0.0139068099847031,0.0195617672997107,0.0047814098337237,0.0130621968854141,-0.0078337410129821,-0.0149070225791844,0.0113990717403316,0.0019989328349782,0.0012374651378276
1929-03-01,,,,,,,-0.0054,-3.3676876027632776,-3.3700350216815824,-2.876600971954538,-0.49108663080873977,0.2723004695,0.0798045664,0.046,0.0377,-0.0144,-0.0058479532,0.0036114071,0.0109,0.0057,-0.008300000000000002,-0.005827505827505797,,,,-0.0230298276382287,0.0187775701405762,-0.017388436452296,0.0023311923729078,0.0126819640779202,0.0034466021045131,-0.0027304847345145,-0.0107716297381976,-0.0058223461234295,0.0069657064661081
1929-04-01,,,,,,,0.0207,-3.3723199951442497,-3.3563880475093444,-2.87940665167523,-0.4929133434690193,0.2633969119,0.0993226329,0.048,0.0358,0.0275,-0.0058823529,0.0023043615,0.011100000000000006,-0.0256,-0.012200000000000003,-0.0023446658851112856,,,,-0.0047159377935532,0.0072504313600862,0.0233843662069006,0.0218556565865626,0.013623179603596,0.0094959943670555,-0.0141298700087206,0.0079265405136376,-0.0112306114295855,-0.0175292090316366
1929-05-01,,,,,,,-0.0232,-3.3174131151779016,-3.3611466945461244,-2.8227168733417947,-0.494696241836107,0.2827746209,0.1179866681,0.0509,0.0373,-0.0162,0.0059171598,0.0047598084,0.011000000000000003,0.0207,-0.013600000000000001,0.01605953779866831,,,,-0.0410527008890048,0.0704117769870209,0.0102434245790979,-0.0375607099628803,0.0092280191560674,0.0319343534191529,0.0053206723008272,-0.0036931640583072,-0.027951923728238,0.0263838371079065
1929-06-01,,,,,,,0.08310000000000001,-3.412850827452387,-3.3063632789913164,-2.9164139411384964,-0.4964368863138911,0.2535805819,0.1161973604,0.048,0.0367,0.011,0.0058823529,0.0013403801,0.011700000000000002,-0.0156,-0.011299999999999998,-0.04279105628373181,,,,-0.0165871511048497,-0.0314161370318574,0.060406379279351,0.0056239360415599,0.0469833928554488,0.0174926427460832,-0.0178381262744828,0.00953903842723,-0.0499869595316897,-0.0556666464240718
1929-07-01,,,,,,,0.029500000000000002,-3.4465309229636762,-3.401921756920197,-2.9483941590093683,-0.49813676395430806,0.2418751798,0.1106879396,0.0455,0.0369,0.0,0.0116959064,0.0012818127,0.011799999999999998,0.002,-0.008599999999999997,0.11236407571486118,,,,0.0001438104054767,0.0201012469276895,0.0353725470386516,-0.0236755945708954,0.0023651565794549,0.0212899900505869,0.0024962447417543,-0.0111891341665725,-0.0179963217108829,0.0070792269248814
1929-08-01,,,,,,,0.044000000000000004,-3.5292027813850915,-3.435720006859461,-3.029405488660579,-0.4997972927245124,0.2211237609,0.115277315,0.047,0.0375,-0.0034,0.0,0.003382102,0.012500000000000004,0.0054,-0.009500000000000001,0.04561911658218665,,,,-0.0322008767382633,0.0025986491755059,0.0618258615782767,0.0110806733663227,0.0234938772860354,0.0353470701200501,-0.0161889039657125,-0.0093822027003235,-0.0530258204920712,-0.0141914328954713
1929-09-01,,,,,,,0.0296,-3.468391946857843,-3.5185074922683435,-2.966972121378728,-0.5014198254791146,0.2448682487,0.1213901177,0.0458,0.0375,0.0027,0.0,0.0033922824,0.013199999999999996,0.0006999999999999997,-0.008300000000000002,0.0979916897506925,,,,-0.0217018750156108,0.0180443692150655,0.0212867747799376,0.0112541606344188,-0.0364553860366869,0.0174431349491897,0.0185615048041663,-0.0007467358491873,0.0026069246117022,-0.0022540565411976
1929-10-01,,,,,,,0.024399999999999998,-3.2355776744861324,-3.457809837527306,-2.731935686091567,-0.5036419883945654,0.307484187,0.159611836,0.0437,0.0347,0.0382,0.0,0.0535075427,0.013400000000000002,-0.030899999999999997,-0.009000000000000001,-0.04888047934405548,,,,-0.0903431127790689,0.121816932766217,0.0185009485419428,-0.0413946634846532,-0.0542510046042155,0.0623195989299461,-0.0326223477954127,0.0331704521859818,0.0086556166350636,0.098462616734406
1929-11-01,,,,,,,-0.0207,-3.0815276337169775,-3.225106374618837,-2.5763428898410723,-0.505184743875905,0.3519564763,0.1770397921,0.0347,0.0331,0.0236,0.0,0.0364487459,0.012699999999999996,-0.0254,-0.0016000000000000042,-0.19927055702917773,,,,-0.0240165546352601,0.0754159650916274,0.0102182533078059,-0.0390874542265858,-0.0481990273011277,0.0313763872097606,0.0258308997942929,-0.0073906036828569,0.0103308390478978,0.0300832752719902
1929-12-01,,,,,,,0.054299999999999994,-3.0961838528587347,-3.0711648466814307,-2.5894904663776543,-0.5066933864810803,0.3384578236,0.1635221721,0.0303,0.034,-0.0089,-0.0057803468,0.0102146296,0.012799999999999999,0.0281,0.003700000000000002,-0.13374741200828144,,,,-0.0201861154149749,-0.0272408026498413,0.0121414581545547,0.0428186376114067,0.0279871720794431,0.0021523359393181,-0.0226972003961135,0.0099882186813138,-0.0605418675388881,-0.0014492893094416
1930-01-01,,,,,,,-0.0546,-3.1559566483872836,-3.0953594505037167,-2.683560950405732,-0.472395697981552,0.3148162012,0.1533141989,0.0339,0.0347,-0.0057,-0.0058139535,0.0014331608,0.0126,0.0116,0.0008000000000000021,0.02533460803059251,,,,0.0263641918791787,-0.0301798924115585,-0.0550649880429101,-0.0016094781623619,-0.0091557873889641,-0.0491717135603179,0.0017300758583654,0.0207245266898683,0.0412963240570452,0.0004069567876074
1930-02-01,,,,,,,0.0115,-3.176302786999981,-3.1550300073943367,-2.7401315120924,-0.4361712749075811,0.3102061894,0.1592556286,0.0336,0.0339,0.0129,-0.0058479532,0.0017247059,0.012000000000000004,-0.0057,0.00030000000000000165,0.06247086247086253,,,,0.0049310684383222,-0.0155456171222252,-0.0103733445460661,0.0258572379895576,0.0126939981930502,-0.0203629488464791,-0.0062588633302939,0.0048629707771894,-0.0067000212245413,-0.0141966493644961
1930-03-01,,,,,,,-0.042300000000000004,-3.2523454066516373,-3.175479826352773,-2.8528966467296186,-0.39944875992201867,0.3191191891,0.1454961766,0.0295,0.0335,0.0083,-0.0058823529,0.0015040436,0.011099999999999999,0.0055,0.0040000000000000036,0.021500658183413845,,,,0.0301901139252543,-0.0317547684897241,-0.0266763823686294,0.0119092499157893,0.011003077896317,-0.0203407672228145,0.003583788545102,-0.0188216561339927,0.0404026889812995,-0.0054229885922358
1930-04-01,,,,,,,0.041299999999999996,-3.241930723020351,-3.2515231227117907,-2.8805407231958373,-0.36138999982451386,0.3269705977,0.1296808921,0.03,0.0338,-0.0016,0.0059171598,0.0019338617,0.011000000000000003,0.01,0.003799999999999998,0.07989690721649478,,,,0.0143434920002089,-0.0095459187823622,0.0240680136818577,0.0324448499563746,0.0012119374672236,0.0131716186886865,0.0025353757278951,-0.0112015505324592,-0.0116965002480056,-0.0460345672096048
1930-05-01,,,,,,,-0.0076,-3.224403528573771,-3.2410064610803566,-2.903358953422976,-0.3210445751507953,0.3319155124,0.1249268071,0.0241,0.0329,0.0139,-0.0058823529,0.0046934394,0.011200000000000002,-0.008199999999999999,0.008799999999999999,-0.009546539379475028,,,,-0.019532636247677,0.0197339433015033,-0.0009416643272956,0.0137495420511706,-0.008703377401762,0.0059425583640794,-0.0014313850024819,0.0091245446508109,-0.0099536058505538,0.0195140994960224
1930-06-01,,,,,,,0.0584,-3.0437895685077705,-3.2235826789483664,-2.7638295421499,-0.27996002635787065,0.4033754529,0.1310010449,0.0189,0.0328,0.0051,-0.0059171598,0.0144478616,0.0121,0.005899999999999999,0.013900000000000003,-0.016465863453815288,,,,-0.0469756935819246,0.10160331084175,0.0367420019698205,0.0149127581345999,-0.0588409384267108,0.090152054863124,0.0096503990743292,-0.0122015401724613,-0.0043037277824956,0.0261521076034891
1930-07-01,,,,,,,-0.021400000000000002,-3.0789704001769915,-3.0429693921238807,-2.8417836751662406,-0.23718672501075116,0.3901876149,0.1405508333,0.0183,0.0327,0.0034,-0.0119047619,0.0049204458,0.012500000000000004,0.0022,0.0144,-0.16455696202531633,,,,-0.0012519823873995,-0.0252302488227557,-0.017378605257102,-0.0285298644165524,0.0282222051884495,-0.0291696317766468,-0.008029810659323,0.0240713097117942,-0.0111725571418,0.0070692272014082
1930-08-01,,,,,,,0.0387,-3.085563805859762,-3.078048505105297,-2.8939344843348067,-0.19162932152495543,0.3797521005,0.121494954,0.0153,0.0328,0.0013,-0.0060240964,0.0040499265,0.0126,0.012299999999999998,0.0175,0.03665689149560114,,,,-0.0265910239505825,0.0135767407962274,0.0317368039279408,0.0057918697337479,0.0149508856914115,0.0161366954984062,-0.0072355573075649,0.0164738417838925,-0.0327375933861776,-0.0359537451508309
1930-09-01,,,,,,,0.1159,-2.945380788855969,-3.0847450564536727,-2.8004061690091038,-0.1449746198468653,0.4455832113,0.1272003762,0.0177,0.0324,0.0074,0.0060606061,0.0037384063,0.012299999999999998,0.0034000000000000002,0.014699999999999998,0.007543611504007508,,,,-0.0230938596151253,0.0823722727674081,0.0711280305622471,0.0554484131268459,-0.0524437988050533,0.0864646056333523,0.0257260206975179,-0.0105104796265517,-0.0107377600816134,0.0141799419929368
1930-10-01,,,,,,,0.06269999999999999,-2.8516165967426623,-2.9445627092521067,-2.755498291049657,-0.09611830569300543,0.4979547314,0.129491358,0.0174,0.0324,0.0035,-0.0060240964,0.0128766664,0.015199999999999998,0.0019000000000000002,0.015,-0.13008890968647646,,,,-0.0237862258452526,0.0474996301568396,0.0530884804650457,0.0507699096399164,-0.0374537746012478,0.0656297326361359,0.0140046892073715,-0.0165490125778819,0.0074108647943931,-0.0006611050938203
1930-11-01,,,,,,,-0.0132,-2.828613198662547,-2.850697056447984,-2.7848543444689824,-0.043758854193564796,0.5046708308,0.1377528675,0.014,0.0322,0.0042,-0.0060606061,0.0071600721,0.017800000000000003,-0.005399999999999999,0.0182,-0.08875739644970404,,,,-0.0108298186849956,-0.0066216781033913,-0.0060204413202677,-0.0258304389268625,0.0235841912857767,-0.0141264254753114,-0.0161651355906597,-0.0009387798693352,-0.0012037526278349,0.0272177323130492
1930-12-01,,,,,,,0.12480000000000001,-2.7506665032566295,-2.827796538755991,-2.7609230034238186,0.010256500167189108,0.5547454126,0.1138858911,0.0148,0.033,-0.007,-0.0182926829,0.0081663293,0.02190000000000001,-0.001999999999999999,0.0182,-0.02184179456906732,,,,-0.0409453722650756,0.0449893613854965,0.094724937658465,0.0541510907149694,-0.0210296085722807,0.0688222205619075,-0.0183761325942856,0.0104467869637141,-0.0379465245631262,-0.0033193352905276
1931-01-01,,,,,,,-0.111,-2.812065030515869,-2.7643308654506873,-2.8400733647223793,0.02800833420651022,0.5391520019,0.0897221289,0.0124,0.0343,-0.0121,-0.0124223602,0.0052243116,0.0199,0.0324,0.021899999999999996,-0.07423053711526861,,,0.0310211937702513,0.0204647045905519,-0.0416336933807834,-0.084809263957333,-0.003491798313407,0.0245217990145181,-0.0472954226795479,-0.0057091568131817,0.038341059952475,0.0398028585221216,0.0069228571410147
1931-02-01,,,,,,,-0.1358,-2.9343009170996464,-2.8260235904868964,-2.980785967088283,0.04648504998863674,0.4796679626,0.082543575,0.0106,0.0338,0.0085,-0.0125786164,0.0028846263,0.019499999999999997,-0.001700000000000001,0.0232,0.04889178617992185,,,-0.0318761706178802,0.0322664078285983,-0.0942538810389266,-0.125972891817664,-0.0392460252074541,0.0671422433432188,-0.149045529591482,-0.0173305797920476,-0.0057838595673764,0.0277532429092887,0.0079181946897283
1931-03-01,,,,,,,0.09720000000000001,-2.8766851413918313,-2.948350691335129,-2.9426431091836287,0.06595796779179736,0.529125087,0.0739801542,0.0138,0.0332,0.0104,-0.0063694268,0.0041687518,0.020499999999999997,-0.0009999999999999992,0.0194,0.1143567433188315,,,-0.0046111376186647,-0.0007204655679772,0.0408243880268517,0.0840738231449691,0.0115828998622654,-0.0332831881790322,0.0748856629844588,0.0180782546137899,0.0354036460798171,0.002511083396663,-0.012786022247284
1931-04-01,,,,,,,0.11,-2.7901576631692486,-2.890935128063235,-2.8765512022775326,0.08639353910828357,0.6032144983,0.0777810128,0.0149,0.0327,0.0086,-0.0064102564,0.0067092657,0.0232,-0.0018999999999999998,0.0178,-0.06915783602900161,,,-0.0093232540516041,-0.025256513313048,0.0547512302473995,0.057990498750259,0.0420716325535282,-0.0046862925565163,0.0869806405066635,0.0182415072498886,-0.0140678262310831,-0.0335478854091492,-0.0327692726565844
1931-05-01,,,,,,,0.09230000000000001,-2.6571775020649273,-2.8047231380642614,-2.764937575504262,0.10776007343933452,0.7099486221,0.0713815383,0.0088,0.0317,0.0145,-0.0129032258,0.0069106954,0.02779999999999999,-0.0011000000000000003,0.022899999999999997,-0.09586578789694433,,,0.0069698916114034,0.0125750296668924,0.0589134296772888,0.0514676277860042,0.0503914089082971,-0.0671590542193114,0.0758844558082513,0.0206325586928356,0.0026860677869172,0.0172898976054562,0.0133697874291912
1931-06-01,,,,,,,-0.17600000000000002,-2.802012671807667,-2.6718471524382497,-2.9323744896709107,0.13036181786324355,0.6072712745,0.0637585974,0.0055,0.0319,0.0004,-0.0130718954,0.0233329496,0.03,0.0048,0.0264,-0.1371769383697813,,,0.0043400358134285,-0.0236772699869127,-0.0976325645247536,-0.153366140918267,-0.130726323203983,0.107675509873003,-0.162323344229496,-0.0563975930849032,0.0383196520894002,0.0094362231754355,0.017631925813902
1931-07-01,,,,,,,0.084,-2.739831792376055,-2.8169007287460164,-2.89402006548164,0.15418827310558464,0.6736095723,0.0340073776,0.0041,0.0325,-0.0042,0.0,0.0070392564,0.027200000000000002,0.009399999999999999,0.0284,0.13901689708141318,,,0.017443205088653,0.0004804695480031,0.05009341537121,0.0830583537906972,0.0280438601582077,-0.0316845576329246,0.0762154693679812,0.0129028180590957,0.0448561803030927,0.00882303589138,-0.0089918655218826
1931-08-01,,,,,,,-0.031200000000000002,-2.764483133324207,-2.7550593593423294,-2.9437177386014577,0.17923460527725038,0.654185496,0.0201582798,0.0042,0.0326,0.0012,0.0,0.0045420398,0.030700000000000005,0.0,0.028399999999999998,-0.07417397167902895,,,-0.0316037436884757,-0.0044452408033905,-0.0114340778334726,8.84744638409e-05,-0.0114828000702318,0.0307859223064363,-0.0182259830114617,-0.0081789290760239,-0.0028556850735422,-0.0213398114051152,-0.004569419016971
1931-09-01,,,,,,,0.0929,-2.423979172037817,-2.779829883496341,-2.629831226241966,0.2058520542041488,0.9440016561,0.0303718875,0.0045,0.0353,-0.0281,-0.0066225166,0.0234589946,0.035199999999999995,0.0267,0.030799999999999998,0.009468317552804084,,,-0.0093239078400448,-0.0170894404886648,0.0990904759409108,0.0520786903124596,0.132643743770975,-0.0744099300815166,0.127829711427811,0.0140981062716796,0.0195810534313753,-0.0187216579911913,0.0175857099782854
1931-10-01,,,,,,,0.0297,-2.5206371644797896,-2.439565120637139,-2.7547058927430093,0.23406872826321973,0.8771761085,0.0112711864,0.017,0.0385,-0.033,-0.0066666667,0.0425019555,0.040499999999999994,-0.0032999999999999974,0.0215,-0.29942279942279937,,,-0.0140804212846739,-0.0275661016123218,-0.050714132865903,0.0093402629463406,0.0025888430068887,0.0750082576612843,-0.0340937679595684,-0.0284299028475883,0.0801011922588813,0.0074329602276476,-0.0004227419688988
1931-11-01,,,,,,,0.0794,-2.4336533562004714,-2.53658988373986,-2.6975789012349147,0.26392554503444354,0.9715564078,0.0033982262,0.0177,0.0385,0.0027,-0.0134228188,0.011434544,0.039900000000000005,-0.0216,0.0208,0.08444902162718826,,,-0.0086429821070153,-0.0110712053388064,0.0631766026697465,0.0750761868863374,0.0513474107135749,-0.0458037572442166,0.0868432024314018,0.0195820973312802,0.0209705235112167,0.0072881696879254,0.0272387747654409
1931-12-01,,,,,,,0.1295,-2.292781092897425,-2.4497427373303338,-2.5886264759883666,0.29584538309094177,1.1707317073,-0.0129210013,0.0241,0.0407,-0.022,-0.0068027211,0.0211953493,0.051000000000000004,-0.006600000000000002,0.0166,-0.09781576448243112,,,-0.0577543821681226,-0.0166796996158143,0.0615936651910951,0.124828878117268,0.0941069622655422,-0.0206285374143851,0.12467348068255,0.008412569417323,-0.0144075894042184,-0.0559276829622269,0.0094830663483256
1932-01-01,,,,,,,-0.09939999999999999,-2.297149953531963,-2.3258839728477665,-2.5876512405753225,0.29050128704335965,1.1913781842,-0.0115774352,0.0248,0.039,0.0034,-0.0205479452,0.0173767845,0.03930000000000001,-0.0086,0.0142,-0.14526315789473687,,,0.0594769608361546,0.0387238315830727,-0.0334731965771651,-0.104619586697209,0.0258427649988223,0.0075700364127604,-0.0735541737015801,-0.0105892140698363,0.044374877637992,0.0567140552769426,-0.0026579801289634
1932-02-01,,,,,,,0.0149,-2.3807096575644917,-2.3312558232750713,-2.6654830475079736,0.2847733899434819,1.1198428291,-0.0157276692,0.0242,0.0367,0.0413,-0.013986014,0.0267152506,0.0364,-0.0651,0.012500000000000004,-0.028325123152709297,,,-0.035356400704763,-0.0218165555176874,-0.0014619115790388,0.0018916983651815,0.0535569849344746,0.071193535023105,0.0211630622370822,-0.025456707164519,0.016077306169949,-0.0420362677816389,-0.0116654253999723
1932-03-01,,,,,,,0.10039999999999999,-2.290348366545609,-2.416155061931125,-2.5690617690146293,0.27871340246902043,1.1858624454,-0.0084155117,0.0225,0.037,-0.0018,-0.0070921986,0.0134089221,0.038500000000000006,0.0374,0.014499999999999999,0.05069708491761715,,,0.0256160984705216,-0.017443889188903,0.0880986368762734,0.0992403561863588,0.0754395559715583,-0.0914543937185391,0.114764178346664,0.0440373921438841,0.0285372088295523,0.010351584268649,-0.0074420661451054
1932-04-01,,,,,,,0.07629999999999999,-2.1008701900605455,-2.327096463459832,-2.373110625787061,0.2722404357265151,1.5537278741,-0.0154746792,0.0111,0.0336,0.0604,-0.0071428571,0.0198514127,0.052899999999999996,-0.078,0.0225,-0.11821471652593485,,,0.0448848775350453,0.0345756856951571,0.0557347364937689,0.0525443882300097,0.0669278800461428,-0.10451923935216,0.0669921027371455,0.0538128503605553,-0.0026838138125908,0.0246506877871566,-0.0119204565023714
1932-05-01,,,,,,,0.12539999999999998,-1.8732461719809836,-2.1388747637179075,-2.138512561118271,0.2652663891372872,1.9423334823,-0.034050805,0.0031,0.0349,-0.0188,-0.0143884892,0.0231837923,0.0564,0.0295,0.0318,-0.20246238030095753,,,0.0347336680174696,0.0295477922020816,0.0793505555210377,0.142566843345128,0.0940123925352867,-0.143362566182774,0.14512391736515,0.0178813408079738,-0.0146498500152505,0.0367123836632445,-0.0372617941554426
1932-06-01,,,,,,,0.0192,-1.90391502801871,-1.9129038525871431,-2.16174413732081,0.25782910930209985,2.0284780579,-0.0406883713,0.0034,0.0347,0.0065,-0.0072992701,0.0343025832,0.0559,-0.0073999999999999995,0.0313,-0.23327615780445976,,,0.0225739646628184,-0.0295243869113351,-0.0275383553690521,-0.0120669099716015,0.0466152304041915,0.0372752328118811,-0.0256158717886021,-0.0280259493564047,0.0699837044447282,0.0040784389385675,-0.0018494814741024
1932-07-01,,,,,,,-0.45740000000000003,-2.265099806639018,-1.9452106195167969,-2.51492654192171,0.249826735282692,1.6125440713,-0.0291761361,0.0022,0.032,0.0481,0.0,0.0201105785,0.055299999999999995,-0.0438,0.0298,-0.008948545861297563,,,0.151275454109784,0.0303885647899649,-0.264627675831337,-0.396250531085333,-0.37283905414784,0.15298432453445,-0.443248395699655,-0.0502622698740202,-0.0617098320283391,0.105679696850957,-0.0949179765706479
1932-08-01,,,,,,,-0.5261,-2.626761364513,-2.3080096152131504,-2.867908437250472,0.2411470727374721,1.1878075451,-0.0150636875,0.0014,0.0321,0.0003,-0.0073529412,0.0400193059,0.0331,0.0433,0.030699999999999998,0.3769751693002257,,,0.215266569806518,0.135367767001353,-0.278116575143346,-0.487022989178148,-0.316532513929281,0.0914550093732643,-0.587630781225907,-0.0634951382966483,-0.148845520477303,0.29245072089051,-0.190003536853441
1932-09-01,,,,,,,0.0246,-2.6341190479746763,-2.6717676959207872,-2.8659206620320004,0.23180161405732413,1.2143655674,0.000704378,0.0003,0.0319,0.0057,-0.0074074074,0.0432985662,0.0291,0.024399999999999998,0.031599999999999996,0.375409836065574,,,-0.0513969312866907,-0.0216013825875709,0.0224273386202532,-0.0068236436312281,0.0543509427470102,0.0521836480794664,0.031041710371303,-0.0179276211777378,0.020618584056428,-0.0621939615611435,0.0424944174084275
1932-10-01,,,,,,,0.0462,-2.5320344034244013,-2.681246801611077,-2.7536880115774576,0.22165360815305624,1.4038772213,-0.0028741334,0.0001,0.0322,-0.0017,-0.0074626866,0.0356447585,0.03230000000000001,0.0091,0.0321,-0.03694874851013119,,,-0.0754582227676201,-0.0436570694540936,0.114819908117622,-0.0412902345004284,0.0664033973545902,0.0034870657492512,0.108772823892621,0.035868678449842,0.0338120072144814,-0.0383615664069359,0.0577813288484887
1932-11-01,,,,,,,-0.0096,-2.520589202139954,-2.581303626839122,-2.7311391384353434,0.2105499362953892,1.5421472937,-0.0033221508,0.0001,0.0322,0.0032,-0.007518797,0.0233166031,0.0361,0.0040999999999999995,0.0321,-0.13861386138613863,,,-0.0594629912309366,-0.0078866701638291,0.0556459404423955,-0.0268721208505019,0.0647639393125851,0.0213152263508631,0.0619824943721255,0.0296229010704514,0.0012218911379946,-0.0305364449049616,0.0486691714678659
1932-12-01,,,,,,,0.0464,-2.6232182655855123,-2.5726122302071057,-2.8216692043093508,0.19845093872383834,1.4420843014,-0.0050324799,0.0004,0.0315,0.0131,-0.0075757576,0.0102230989,0.038299999999999994,0.0007999999999999986,0.0311,-0.05890804597701149,,,-0.0668916411899439,-0.0729941939143135,0.0049538892686767,0.0373391826374904,0.0735100287600228,0.0987348956833534,0.043398490856872,-0.0024282273305619,-0.0017850558658526,-0.119855140527598,0.0523631888164531
1933-01-01,,,,,,,-0.024399999999999998,-2.64049929093216,-2.633268601439014,-2.8228208477261143,0.18232155679395468,1.4269293924,-0.0064907127,0.0007,0.0308,0.0148,-0.0152671756,0.0059166089,0.0357,0.0399,0.030100000000000002,0.051908396946564794,,,0.0497113461916088,-0.0277759920456237,-0.013789658922941,-0.0100109611023563,0.0270293164459518,0.0045752234700293,-0.0114468013369332,-0.013149736409591,0.0156122151010194,-0.008196281891862,0.036583105547773
1933-02-01,,,,,,,0.04650000000000001,-2.446773780092556,-2.6506516623961778,-2.6129006509665302,0.16612687087397404,1.6909904651,-0.0058178234,0.0001,0.0325,-0.0258,-0.015503876,0.0156669282,0.0389,-0.0265,0.0324,0.007256894049346929,,,-0.0498968834349072,-0.0095464643458352,0.0937478247828855,0.0216138871329361,0.056475792123507,-0.0770876582407937,0.106088581864842,0.0083587451584873,0.0056132524794927,0.0096766586853925,0.0306328238974955
1933-03-01,,,,,,,0.0424,-2.490048049288419,-2.4570302802597457,-2.639912395934992,0.149864346646573,1.476534296,-0.02188381,0.0134,0.0321,0.0097,-0.0078740157,0.037454111,0.0423,-0.005,0.018699999999999994,-0.18443804034582134,,,0.0609529864244924,-0.0059280123485053,-0.0338092688858816,0.0119399395009484,-0.0071064997382124,0.0137075828181718,-0.00176443907553,-0.0159256322125369,0.0272179096263396,0.0247117455073345,-0.0304571053384318
1933-04-01,,,,,,,-0.174,-2.852631429913318,-2.500410836323965,-2.9861628225378403,0.13353139262452263,1.1190150479,-0.0063692975,0.0045,0.0325,-0.0032,0.0,0.0291512255,0.0434,-0.0063,0.028,0.03356890459363959,,,0.272348317767349,0.0690968408620736,-0.275497268393637,-0.162469169014532,0.0679396537719681,0.164578368488367,-0.264929536182272,-0.178174770489167,-0.0919953312914756,0.0883006440227694,-0.145067435884577
1933-05-01,,,,,,,-0.0554,-3.01036158356995,-2.8631027297806133,-3.127486940807363,0.11712535723741269,0.9283849733,-0.0030016427,0.0029,0.0308,0.0303,0.0,0.0119638328,0.031099999999999996,0.028499999999999998,0.0279,0.4222222222222223,,,0.285708351452932,0.254189339655333,-0.104911342876202,-0.100667259935634,0.0762729256227219,-0.187637848612092,-0.13888636160126,0.0075000236732905,-0.0033591156238333,0.467330729667958,-0.156993545034477
1933-06-01,,,,,,,0.0418,-3.144702384123012,-3.020943692900487,-3.2453459099026993,0.10064352577968738,0.8335031588,0.0007609174,0.0007,0.0306,0.005,0.0079365079,0.0198193625,0.026099999999999998,0.013999999999999999,0.0299,0.15865384615384626,,,0.0633506344458896,0.0307755981765931,-0.0523617524021845,-0.0106762581596384,0.0403146989437383,-0.0222886448387137,-0.039304541154118,0.0120131603709756,-0.0100760765877855,0.054353007351277,-0.0446807223286988
1933-07-01,,,,,,,-0.0034999999999999996,-3.063290424565282,-3.1553976732397597,-3.1473735417758237,0.08408311721054151,0.9011788036,0.0027134841,0.0019,0.0309,-0.0017,0.031496063,0.0328680974,0.022599999999999995,0.0178,0.029,0.1317427385892116,,,-0.0128801027829793,-0.0190199876540229,0.0366184285391079,-0.0123585427013578,-0.0150786529547834,0.0059443092417941,0.0213044885167221,0.0085660736140686,0.0373874834001525,0.008967891841935,0.0151661544670953
1933-08-01,,,,,,,0.0754,-3.182572590861272,-3.0741013406694977,-3.2500138716568046,0.06744128079553269,0.7987501221,0.002147224,0.0001,0.0308,0.0044,0.0076335878,0.0118789641,0.0247,0.004899999999999999,0.0307,-0.08799266727772692,,,0.0637014109220005,-0.002179875971858,-0.064499956224628,0.0564483404263662,0.0103254905874779,0.0599701265329713,0.0132856182628574,-0.02783063314956,0.006561047696005,-0.0549076944097217,-0.0249655801633486
1933-09-01,,,,,,,0.0161,-3.0728967941902616,-3.193501661393462,-3.123611886769278,0.05071509257901652,0.8679966044,-0.0004584901,0.0004,0.0308,0.0023,0.0,0.0142499091,0.0291,-0.0037,0.0304,0.11457286432160818,,,-0.0581569600800567,-0.070212767583703,0.068054218379161,0.0163884422758868,0.0583840864584653,0.000449519448219,0.0874364419074299,0.0169601150068808,-0.0238781488672606,-0.0497952147434171,0.0595944630081615
1933-10-01,,,,,,,-0.022099999999999998,-2.9912779232046107,-3.083946630376847,-3.025179474880292,0.03390155167568132,0.9278584392,0.003462966,0.0009,0.0315,-0.0091,0.0,0.0276757704,0.03149999999999999,0.0131,0.0306,-0.11361587015329122,,,-0.0573385188363164,-0.0074406502624542,0.0538585778188525,-0.01569879641785,0.0726606181163816,-0.0020438917663797,0.041806734913675,0.0190639368745025,-0.0174466944242294,-0.0300885044308882,0.0497006429267108
1933-11-01,,,,,,,0.06480000000000001,-3.100193508575673,-3.0024512238027357,-3.1171910849442446,0.016997576368571132,0.8335031588,0.0059234774,0.0022,0.0327,-0.0149,0.0,0.0095815761,0.03439999999999999,-0.009899999999999999,0.0305,-0.08850457782299082,,,0.0606615274418381,-0.0055983113526179,-0.0308553622321454,0.0203751816915669,-0.0082723668228444,0.0497857565910355,-0.0056576331164652,-0.0317781940644399,-0.0038254377292224,-0.0506191599328061,-0.0053692365680051
1933-12-01,,,,,,,0.0401,-3.133515975917044,-3.1114930638296068,-3.133515975917044,0.0,0.8290260464,0.0061958281,0.0029,0.0336,-0.0113,0.0,0.0055905699,0.0325,0.037,0.030699999999999998,0.1026785714285714,,,0.0272812849205539,0.0014177809917027,0.0061338510099593,0.0043920196558429,0.0227717621015852,-0.0073610426883604,0.0040119580016572,0.0047514011365717,-0.0098339820163255,-0.0011035615119406,0.0023460482756054
1934-01-01,,,,,,,-0.0339,-3.2323956342245412,-3.131699444990646,-3.224711980602919,-0.007683653621622155,0.7629173662,0.0035583231,0.0072,0.0321,0.0257,0.0,0.0066389099,0.0266,0.0,0.0249,0.022267206477732726,,,0.165100978840173,0.132054090701772,-0.119314754357369,-0.120390696036015,0.0242660534359872,-0.0948198708331809,-0.107127701265691,0.0287374282663603,-0.0072142019185198,0.205549008516904,-0.0994693227767004
1934-02-01,,,,,,,0.0009,-3.1929599151132946,-3.2303559734607656,-3.178128182554382,-0.014831732558913013,0.790643727,0.0055949443,0.0062,0.0317,0.0081,0.0075757576,0.0055672847,0.020700000000000003,0.006500000000000001,0.0255,0.10594059405940603,,,0.0137552977434804,0.013436792311155,0.0115204193260915,0.0010007045096842,0.0085473992911033,-0.0517104801751245,0.0052526427658848,0.0105816436352377,0.0081097001196759,0.0518626530946047,0.022669408208225
1934-03-01,,,,,,,-0.0067,-3.1902205691078245,-3.1911503692677914,-3.1678732704158277,-0.022347298691996698,0.8025122121,0.0096063281,0.0024,0.0307,0.0197,0.0,0.0063725246,0.0213,-0.0009999999999999974,0.028300000000000002,-0.036705461056401045,,,-0.0045733285281868,-0.0062285987036706,0.0017047726946737,0.0169383658287607,0.0054253955386883,0.0010361097344308,0.0105895813811155,0.0070488724202785,-0.0051905413189498,-0.0098719540043616,0.004524188697247
1934-04-01,,,,,,,-0.0481,-3.161066995867906,-3.1884142918048006,-3.131287017427961,-0.029779978439945398,0.8010747338,0.0078287967,0.0015,0.03,0.0126,0.0,0.0018991874,0.0194,-0.0022000000000000006,0.028499999999999998,-0.0009293680297397522,,,-0.0402722242926542,0.0097886256746366,0.0593340228537676,-0.0293242698809268,-0.0523182854264015,-0.0213527956399134,0.00788030523057,0.0200140591548489,0.0111410335239922,0.0221649093099358,0.0393651634076023
1934-05-01,,,,,,,-0.0239,-3.0742845905040115,-3.1590388261585867,-3.0375953925826567,-0.0366891979213545,0.8563829787,0.0076523036,0.0016,0.0292,0.0131,0.0,0.0073632004,0.0204,-0.004100000000000001,0.0276,-0.026976744186046453,,,-0.0521560786472724,-0.0241282084802782,0.0436268460160246,0.000425786261707,-0.0351718878507789,0.0106822726149832,0.0330867258411402,0.0258335826959728,-0.0324451755725746,-0.0326098442117402,0.0568004067407438
1934-06-01,,,,,,,-0.0079,-3.0930832703931683,-3.072485219798098,-3.0491201469720526,-0.04396312342111608,0.8407310705,0.00598278,0.0015,0.0289,0.0067,0.007518797,0.006894645,0.0213,0.0091,0.027399999999999997,-0.08126195028680705,,,-0.0320592502988582,-0.028479140332969,0.0288919069651284,0.0097302256696974,0.0049380407251767,0.0215071373446513,0.0205709540641663,0.0017923366881092,-0.0060889692024423,-0.0406437590893518,0.02677272144563
1934-07-01,,,,,,,0.08800000000000001,-2.9689063867026273,-3.0912871316076402,-2.9177476908750752,-0.05115869582755195,0.9142532652,0.0029078413,0.0015,0.0288,0.004,0.0,0.0115313309,0.022400000000000003,0.0007000000000000001,0.027299999999999998,0.020811654526534884,,,-0.116782158636472,-0.0398686898736095,0.133679399912112,0.098059526748827,0.0833227620970677,0.0297340027389969,0.151742977611211,-0.0336642169630905,0.0021512096370204,-0.0767989880850724,0.116304489475601
1934-08-01,,,,,,,0.0256,-3.0196219299114944,-2.966889579296323,-2.961779721357365,-0.05784220855412936,0.8668964032,0.0199569035,0.0019,0.0299,-0.0118,0.0,0.0065014472,0.025599999999999998,0.0165,0.028,-0.11518858307849145,,,0.037531968296271,0.0171652299161733,-0.0691942915786399,-0.0260390091431738,0.0149714375178148,-0.0040951795981605,-0.0449462857560646,0.0134789795817135,0.0431081077852892,0.0330900867175844,-0.0486120882537506
1934-09-01,,,,,,,-0.0006,-3.0123531547900315,-3.017832620554657,-2.9474655325841566,-0.06488762220587485,0.8703643637,0.0194390172,0.0021,0.031,-0.0146,0.0149253731,0.0048308186,0.02609999999999999,0.0085,0.0289,0.054147465437788034,,,0.0074375075212006,-0.0086994208302828,0.0021213515495285,-0.0041472219380733,-0.0059306445999907,-0.0019774860547387,-0.0005545122494835,0.0088418786099592,0.0031619991283762,-0.0138426505451622,0.0136311090009154
1934-10-01,,,,,,,0.0688,-2.9781800677688315,-3.0105670413435477,-2.90632120529405,-0.07185886247478135,0.8622536418,0.0238972714,0.0027,0.03,0.0182,-0.0073529412,0.004358161,0.025,-0.008,0.027299999999999998,-0.005464480874317057,,,-0.0225899144571259,-0.0247661554601771,0.0534355890340908,0.041588493253282,0.0327752067770308,-0.0179008299576798,0.0625872793978949,0.0298166783940409,0.0119974254114575,-0.0187548577611487,0.0461608774437115
1934-11-01,,,,,,,0.0377,-3.055780541578044,-2.976174496065937,-2.97745174787426,-0.0783287937037841,0.7820089372,0.0207110385,0.0025,0.0299,0.0037,0.0,0.0020253052,0.025100000000000004,0.0092,0.0274,-0.031868131868131755,,,-0.0078794127524222,0.0157349612949637,-0.0290522917378199,-0.0130732071150544,0.0766395177575063,0.0162608775868473,-0.0157939716649815,-0.0175303764037753,-0.0139745705007809,0.0288988668959035,-0.0221212379567059
1934-12-01,,,,,,,0.0453,-3.049799494824267,-3.054001181677967,-2.96464168648396,-0.08515780834030684,0.7737408689,0.0208127157,0.0023,0.0293,0.0112,-0.0074074074,0.0026089456,0.0242,-0.0011000000000000003,0.027,0.08286038592508493,,,-0.0291434092840612,0.0054690888575303,-0.0003765815719551,0.0197315639973577,0.0243273014299184,-0.0094539733380556,0.0206124921840882,0.0035424595742273,-0.0048958943916299,0.0054939973696125,0.0041349001394883
1935-01-01,,,,,,,0.031,-3.006782109740576,-3.049799494824267,-2.7703933316763454,-0.2363887780642303,0.791621595,0.0209974293,0.002,0.0281,0.0182,0.0149253731,0.0022136038,0.0221,0.0029,0.026099999999999998,-0.004192872117400381,,,-0.0182591254951559,-0.0010515588408762,0.0422579565469711,0.0399838292308862,0.0041837445568269,-0.033114752937057,0.0590136383723414,-0.0080921725883665,0.0024103894783096,0.0020813230359629,0.0290392378303559
1935-02-01,,,,,,,0.1446,-2.9664178858852157,-3.006782109740576,-2.598693105759898,-0.3677247801253174,0.7862863841,0.0147086415,0.0019,0.0275,0.0092,0.0073529412,0.0032799819,0.022599999999999995,0.0049,0.0256,-0.04210526315789476,,,-0.0678159712910998,-0.0414095511582508,0.0747893680244618,0.0982835341264977,0.0684170473971342,-0.0083808596806582,0.136837153662255,0.0198477985527351,0.0054368280366847,-0.0616426978427932,0.064801516230838
1935-03-01,,,,,,,0.023700000000000002,-2.9350382048817347,-2.9664178858852157,-2.4512412535036634,-0.4837969513780714,0.8007541179,0.0120459559,0.0015,0.0274,0.0041,0.0,0.0039728617,0.025299999999999996,0.00019999999999999966,0.0259,-0.03956043956043953,,,0.0173493305380202,0.002832884689882,0.030092687460758,0.0022938584670661,0.0341811325509656,-0.0002660926509119,0.0228986264380452,-0.0018977399302554,-0.0098367231301145,-0.0248871080039678,0.038259131297366
1935-04-01,,,,,,,-0.0475,-3.033729597422173,-2.9423985592880273,-2.5066499520797705,-0.5270796453424029,0.7373229785,0.0190936879,0.0015,0.0269,0.0079,0.0072992701,0.0031621685,0.0247,0.003299999999999999,0.0254,-0.03089244851258577,,,0.0408121024590617,0.0088528459746675,-0.0342203955322692,-0.0497038725241698,-0.0361722402499488,0.0037394268687855,-0.0508554057972588,-0.0171957590282818,0.0047248993549916,0.0310804330451668,-0.0221934536999589
1935-05-01,,,,,,,-0.0359,-3.073186129213898,-3.0413700840292384,-2.503917106591713,-0.5692690226221849,0.7293926247,0.0192980407,0.0015,0.0276,-0.0057,0.0,0.0028776617,0.022900000000000004,0.009899999999999999,0.026099999999999998,0.09563164108618638,,,0.0430048307343537,0.0083465347199665,-0.0046590846026016,-0.0317514537213405,-0.0206537553153627,0.0138393012976678,-0.0316130787129942,-0.0015801625272438,0.0019015297654566,0.0117487013297561,-0.0149114046164975
1935-06-01,,,,,,,0.026699999999999998,-3.1463051320333655,-3.0806581440525993,-2.536045611279188,-0.6102595207541777,0.6818181818,0.0193439766,0.0015,0.027,0.0092,-0.0072463768,0.0028104575,0.0216,0.002,0.0255,0.032327586206896575,,,0.0222221536629889,-0.0244306328399357,-0.0265518697247141,-0.0162324563244571,0.005388966691738,0.0439458353635455,-0.0254634101842701,-0.0309482159215338,-0.0149232186921534,-0.0402854218291286,-0.0020637129749804
1935-07-01,,,,,,,-0.0478,-3.2261222333889683,-3.1463051320333655,-2.636695499993318,-0.5894267333956504,0.6393091975,0.0174097747,0.0015,0.0268,0.0046,0.0,0.0016800484,0.0211,0.006500000000000001,0.0253,0.06784968684759929,,,0.0537028669706068,0.0404510504415332,-0.0568214359301214,-0.0299467507887853,-0.0369699200817758,0.0067901511503845,-0.077757751909536,0.0020716165788359,0.0051557370139919,0.0564262288575604,-0.0435213882270367
1935-08-01,,,,,,,-0.0646,-3.247551624844867,-3.2261222333889683,-2.679272176331572,-0.5682794485132947,0.6336866902,0.0049816151,0.0016,0.0281,-0.0133,0.0,0.0037749859,0.019800000000000005,0.0091,0.0265,0.08308895405669592,,,0.0703942296560074,0.0614337885328995,-0.0653256073522263,-0.0256446957131709,0.0129503438581536,-0.0488092940736752,-0.0559659458252292,0.041031265638082,-0.0258420594354717,0.0889046151034281,-0.0361216767402521
1935-09-01,,,,,,,0.08310000000000001,-3.2711232094214906,-3.247551624844867,-2.7245795030534206,-0.5465437063680699,0.6117343845,0.0080266211,0.002,0.0282,0.0009,0.0,0.0024288238,0.0194,-0.0009,0.0262,0.02166064981949467,,,-0.0122935840980376,-0.0048068334514804,0.0050020829161303,0.0482750187125948,0.021883401523036,0.0133335342531387,0.0257484405817691,0.0055200568114885,0.0092038159550785,-0.0032040876520588,-0.0016207844940464
1935-10-01,,,,,,,0.0182,-3.321031209577079,-3.248650353569432,-2.7969603590610674,-0.5240708505160113,0.5775010734,0.0029507271,0.002,0.0279,0.0061,0.0,0.0032591933,0.020199999999999996,-0.0019000000000000006,0.0259,0.023851590106007015,,,0.0525289601040453,0.0280955590084396,-0.0368109210343116,0.0315650609925911,-0.0116412275696478,-0.0133034394499635,-0.0121012187191995,-0.0124843260129666,0.0086341262372779,0.0246242236242595,-0.0238373622042407
1935-11-01,,,,,,,-0.0704,-3.337624577644543,-3.2990523028583034,-2.835532633847307,-0.502091943797236,0.5669523676,0.0022194292,0.0016,0.028,0.001,0.0072992701,0.0031496826,0.0196,0.0059,0.0264,0.07506471095772227,,,0.0211879325633704,0.0483901325717729,-0.0474097392372904,-0.0209740910519908,-0.0471287431275435,-0.036993564360956,-0.0623662075852115,-0.0166327918214199,0.0182788355548708,0.0798548611280716,-0.0653151739250368
1935-12-01,,,,,,,0.037000000000000005,-3.3525135948131792,-3.3161183724235794,-2.8719278562369066,-0.4805857385762725,0.5599111913,0.0086888346,0.0015,0.0276,0.007,0.0,0.0028973664,0.0186,0.0013,0.026099999999999998,0.039325842696628976,,,0.0075072162229127,0.0473017354859053,-0.0494996048592361,0.0313549820288353,0.0093716169610493,-0.0207160936878675,-0.0262498529287953,-0.0222159993301217,-0.0169358958350023,0.0228676088089262,-0.0356175095368136
1936-01-01,,,,,,,-0.0294,-3.39492776864856,-3.331460185615347,-2.9223233577027674,-0.4726044109457929,0.5398354405,0.0089077281,0.002,0.0285,0.0055,0.0,0.0018671591,0.016300000000000002,0.002700000000000001,0.026500000000000003,0.037065637065637036,,,0.0676069322672093,0.0539144247980658,-0.0421360701513159,0.0399010214617704,-0.0217010314987427,-0.042587361500941,-0.0358023235414373,0.0242958529530284,-0.0136318152161108,0.0775096249881889,-0.050913184711136
1936-02-01,,,,,,,0.0253,-3.3909408814949664,-3.3743084814458246,-2.926052352916001,-0.4648885285789652,0.5290762473,0.0137604535,0.002,0.0281,0.0081,0.0,0.0022225935,0.0148,-0.0026999999999999993,0.026099999999999998,0.06552494415487731,,,0.0081598883279363,-0.000246071032449,-0.0145995508819383,0.0211278393197518,-0.0328421166953708,0.0015037076422975,-0.0123720015523427,-0.0020166173184868,0.0007038123317837,0.0176518228178649,-0.0320043171012906
1936-03-01,,,,,,,0.0163,-3.3958497753355603,-3.370738174177447,-2.938424928296685,-0.4574248470388754,0.5276960471,0.0134560371,0.002,0.0275,0.0106,-0.0072463768,0.0050044798,0.0157,-0.0023999999999999994,0.025500000000000002,0.016771488469601747,,,-0.0146853643668587,0.0083197670195915,-0.0028681445011595,0.0144530487078041,0.0124882427128544,-0.009583475136125,0.0069318896056394,0.0082088821066475,0.0206438989878428,0.0161770854768503,-0.0085493787460564
1936-04-01,,,,,,,-0.0767,-3.2827851564295614,-3.362995438464613,-2.820943251464402,-0.46184190496515964,0.5663485961,0.019252871,0.002,0.0274,0.0035,0.0,0.0057607721,0.0162,-0.0009000000000000002,0.0254,0.02542955326460472,,,-0.0351565153494604,-0.0494679485175629,0.0510596425301356,-0.0557004649264089,-0.0422421573260687,0.0132675683102738,-0.0001279898051077,0.0024056734482449,0.0099042630490256,-0.0421812582237803,0.0524207266443437
1936-05-01,,,,,,,0.025,-3.2958993679575355,-3.251163474116144,-2.82974713607973,-0.46615223187780563,0.5404874214,0.0186275943,0.002,0.0273,0.004,0.0,0.0029079379,0.0167,0.0,0.025300000000000003,-0.07707774798927614,,,0.0155884370745186,0.0041510808272101,-0.0246649348890795,0.0160422389758331,0.0290165390093184,0.0120704596173624,0.0040741802371656,-0.0008669234363515,0.0032280149273556,-0.0079319140800007,-0.0341986806605019
1936-06-01,,,,,,,0.005600000000000001,-3.2951632384948546,-3.2650652073375754,-2.8251596092491194,-0.4700036292457355,0.523178388,0.0208134501,0.002,0.0273,0.0021,0.0072992701,0.0015684951,0.016600000000000004,0.006100000000000001,0.025300000000000003,0.045751633986928164,,,0.0025630362743261,-0.0191519406491773,0.0203399976984683,0.0050763861640076,0.0038508992860709,0.0250961730354855,0.0129001424656657,-0.0026879569299116,0.0034134192808257,-0.017236496290828,0.0273131825213496
1936-07-01,,,,,,,0.024900000000000002,-3.3252884184768305,-3.2594451558927755,-2.868530015981116,-0.45675840249571503,0.5004246027,0.0217469882,0.0015,0.0271,0.006,0.0072463768,0.001568553,0.016099999999999996,-0.0049,0.025599999999999998,0.030555555555555447,,,0.0272619290260518,0.0299151309369326,-0.0410565294265052,0.022187953361949,0.0647081504769603,-0.0035920649156672,0.0025823969709208,0.006281967863716,0.0020088765404075,0.0193827039094226,-0.0460756922254506
1936-08-01,,,,,,,0.006,-3.299596268928235,-3.2908022424056615,-2.855345135784914,-0.444251133143321,0.496121234,0.0196660344,0.002,0.0264,0.0111,0.0071942446,0.0026195074,0.015300000000000001,-0.0044,0.024399999999999998,0.06805929919137466,,,-0.0017596493091828,-0.0071592074513961,-0.0118962849431103,0.0068238737875619,0.0004590842310367,0.0029103249886764,-0.0059703484042999,0.0028948691136167,0.0050380330373074,0.0012323905596038,-0.0144895615541448
1936-09-01,,,,,,,0.0141,-3.2675098488234036,-3.266259848660643,-2.835088930726711,-0.4324209180966926,0.4915981409,0.021398483,0.0016,0.0268,-0.0031,0.0,0.0011837587,0.014399999999999996,0.0098,0.0252,0.00883280757097804,,,-0.0205994197830154,0.0197447998088458,0.0020641957525307,0.0050500621725375,0.0037076090614468,-0.0154991620848057,0.0096602187292825,0.0024694348861485,-0.0005803304467196,0.0254791363789234,-0.0077792695585143
1936-10-01,,,,,,,0.0068000000000000005,-3.281363380753038,-3.2090862975382133,-2.8793576797350253,-0.4020057010180126,0.4657070279,0.021804227,0.0013,0.0269,0.0006,0.0,0.0022244051,0.013600000000000001,0.0019000000000000002,0.0256,0.001250781738586726,,,0.0078572169091149,-0.0143029644635597,-0.0015971236633231,0.0045993134244066,0.0216745359919746,0.0055558962306213,-0.0052199461196722,-0.0145964148836187,0.0028893377953066,0.0014676615157769,0.0015318751755465
1936-11-01,,,,,,,0.0204,-3.230371040571314,-3.2263118874188526,-2.8562723091367364,-0.3740987314345776,0.4502783539,0.022840762,0.0011,0.0257,0.0205,0.0,0.0028304004,0.013699999999999997,-0.009600000000000001,0.0246,0.07495315427857574,,,-0.0439262005793299,0.0280418253391736,-0.0123758533993763,0.0065749534772058,0.0140976690410174,-0.0239901699779277,0.0024254391490126,0.0165457512851796,-0.0032268812389193,0.042978598931088,-0.0084147874137161
1936-12-01,,,,,,,0.0213,-3.1722499835281455,-3.1780538303479458,-2.8239432892599297,-0.3483066942682158,0.4585881045,0.0252247216,0.0012,0.0255,0.0038,0.0,0.0014983745,0.0143,-0.0028,0.0243,0.004067402672864651,,,-0.0181517060333901,0.0214730498943914,-0.0296165260792877,0.0037859628112319,0.0530190324834799,-0.0273279213417455,-0.018619643989224,-0.029159049389973,-0.0172743910709143,0.029210377384751,-0.0251157747054982
1937-01-01,,,,,,,-0.0199,-3.195593176714749,-3.15845666139581,-2.8320922677056166,-0.3635009090091323,0.4465735628,0.0250032496,0.0017,0.0258,-0.0013,0.0071428571,0.0015725492,0.013900000000000003,0.0036999999999999997,0.0241,-0.0057870370370370905,,,-0.0018724025145617,0.0263431111204171,-0.0366871232060444,0.004157918849379,0.0119397625172823,-0.0173726037537984,-0.0275501401053456,0.0173884389385073,-0.0061785881953268,0.0347162691976587,-0.0223186745820313
1937-02-01,,,,,,,0.0278,-3.1964643921911255,-3.1819875246589704,-2.8183982582710754,-0.37806613392005,0.4407757653,0.0252076774,0.0015,0.0253,0.0086,0.0,0.0013067889,0.0131,-0.0132,0.023799999999999998,0.03783469150174623,,,-0.016054959330319,0.0070951574100811,-0.0149106838382866,0.0131211812610419,0.0170409071007499,-0.006693564602739,-0.0077070803744986,-0.0028345823708242,0.0031409230498185,0.0084089282174022,-0.0175922874572804
1937-03-01,,,,,,,0.0331,-3.173599479998565,-3.1830413718589847,-2.7815573922225414,-0.3920420877760238,0.4586663806,0.0335068293,0.0038,0.0285,-0.0411,0.0070921986,0.0031144795,0.013600000000000001,0.029699999999999997,0.0247,0.014582164890633909,,,-0.0309866892054977,-0.0080823226660191,-0.0233793747309111,0.0427355684785182,-0.0095410845230409,0.0134818931860562,-0.009347648756906,-0.0090859242818218,-0.0114292080589446,-0.0115012771872704,-0.0337406323937753
1937-04-01,,,,,,,-0.0354,-3.0475702913476765,-3.134378766845284,-2.676891299324928,-0.37067899202274873,0.4906180065,0.0281072644,0.0056,0.0284,0.0039,0.0070422535,0.0054667794,0.014199999999999997,0.0029,0.0228,-0.009397457158651035,,,0.0140996811945463,-0.0182666400111925,0.045248278085811,-0.0368257097136302,0.0299136173948566,0.0040216642082649,0.0123662615516194,0.002194663713314,0.0104098403037207,-0.0162029816164242,0.0343684429331462
1937-05-01,,,,,,,0.005699999999999999,-2.9994291354353173,-3.0098299633648296,-2.648946161744506,-0.35048297369081116,0.4893824051,0.0282780631,0.0041,0.0282,0.0053,0.006993007,0.0035930723,0.015099999999999995,-0.0013,0.0241,-0.08314732142857151,,,-0.0255539911876652,-0.0205496307350907,0.0188374064520369,0.0028302980483831,-0.0013341839076969,0.0166683052307739,0.0116640853345544,0.0070386908520444,0.0107287406766051,-0.0187379897401686,0.0159204404647248
1937-06-01,,,,,,,0.0078000000000000005,-2.9087208965643616,-2.9630614912644426,-2.577363760609919,-0.3313571359544425,0.5049610206,0.0312661665,0.0036,0.0285,-0.0018,0.0,0.0029841706,0.016499999999999994,0.0071,0.024900000000000002,-0.010346926354229957,,,0.0077072163880271,-0.0164173685534726,0.0220509194458122,0.003223586130455,-0.0020777659122256,0.0190011455791594,0.0144155730841031,-0.0044889189111131,0.0036971007720457,-0.0279905426715046,0.0232372740902594
1937-07-01,,,,,,,-0.0045000000000000005,-3.0345196295011085,-2.936850958037491,-2.6608598351942447,-0.37365979430686347,0.4646486604,0.027224932,0.0028,0.0277,0.0138,0.0069444444,0.0029822171,0.016599999999999997,-0.009899999999999999,0.0249,-0.052890528905289114,,,-0.0132077487300694,0.0228247863515221,-0.0374458298696089,-0.0304534726998217,0.019358661209852,0.0086015109020123,-0.031019602773371,-0.0043012061059545,0.0117518418741427,0.0008404898577375,-0.0173139439392756
1937-08-01,,,,,,,-0.018600000000000002,-3.0066394211125482,-3.063589999557381,-2.5900178199763886,-0.41662160113615965,0.481934502,0.0310644128,0.0029,0.0286,-0.0104,0.0,0.0021407944,0.016800000000000002,0.0087,0.0257,0.10259740259740258,,,-0.0198736058546402,-0.0089958529817987,0.0332050720687502,0.0072099637909926,-0.0142558568496882,-0.0058161199897693,0.0228031561261881,0.0005649060482081,0.0180517878486032,-0.0005504020059769,0.0234582656714711
1937-09-01,,,,,,,-0.0681,-2.8831305966396052,-3.036450366572776,-2.422914973760032,-0.4602156228795727,0.5531474413,0.0358467256,0.0031,0.0284,0.0045,0.0068965517,0.0158211464,0.018799999999999997,-0.0019999999999999996,0.025300000000000003,-0.05535924617196708,,,0.0398860649527988,-0.0322544482615493,0.0785711168498362,-0.0140506210213697,-0.0609203055561499,0.0128440984507359,0.0255798448959078,0.0438911932222364,-0.0116386520824952,-0.0340545870883837,0.0738187710219831
1937-10-01,,,,,,,-0.0146,-2.7629268113280445,-2.8702271918036972,-2.340512144906107,-0.4224146664219376,0.6174176776,0.0409585636,0.002,0.0283,0.0042,0.0,0.0317222407,0.0225,0.0025000000000000005,0.026299999999999997,-0.14214463840398994,,,0.0457031382021796,-0.0073783925646145,0.0372444259503116,0.0024733939721221,-0.0255019514520893,-0.0167281987047504,0.012260412255973,0.0363484389964446,-0.0033471210945708,0.0080334170611391,0.0218192080134357
1937-11-01,,,,,,,-0.0131,-2.6435679371726084,-2.7501877855506147,-2.2594255985332654,-0.38414233863934305,0.6924198251,0.0420308074,0.0009,0.0278,0.0096,-0.0068493151,0.0219733915,0.025800000000000003,-0.002899999999999999,0.026899999999999997,-0.1017441860465117,,,0.0516006825693886,-0.0168003512413143,0.0239724782113278,-0.0007697780892523,-0.0255439923442856,-0.0015569787275719,0.0029353935929072,-0.0075153611423663,-0.0006156982305597,-0.0163893393757337,-0.0037957629487567
1937-12-01,,,,,,,0.048499999999999995,-2.579269411236285,-2.6309891549657483,-2.2339082271978263,-0.34536118403845883,0.7074886223,0.0317754,0.0011,0.0273,0.0082,-0.0068965517,0.0069549625,0.0252,-0.0015000000000000005,0.0262,-0.10113268608414239,,,0.0113876932733476,-0.0202212973178692,0.0536189700813613,0.0572989914307798,0.002059267001268,-0.0091870209085971,0.0701932374558854,0.0289255550722802,-0.0020856658210404,-0.057637926668584,-0.0005423447488611
1938-01-01,,,,,,,-0.0174,-2.6008625437111337,-2.5876796785962553,-2.2954079171974198,-0.305454626513714,0.7015672438,0.0388017219,0.001,0.0271,0.0057,-0.0138888889,0.0097512413,0.027200000000000002,-0.0019000000000000002,0.026099999999999998,-0.05040504050405026,,,0.001942606519596,-0.0014332550296415,0.0226567182288495,-0.0191315823642496,-0.0098174909919986,-0.0305029510438734,0.0083082235816627,-0.0164693513666933,0.0268054221355342,0.0376414107224539,0.0312923568805909
1938-02-01,,,,,,,-0.028399999999999998,-2.6682445959465464,-2.609217022683894,-2.4053035991890335,-0.2629409967575131,0.6595186671,0.0322477805,0.0008,0.0268,0.0052,-0.0070422535,0.0077724907,0.027700000000000002,-0.0042,0.026000000000000002,0.013270142180094702,,,-0.0345589417044373,-0.0081165505770081,-0.0234877246556159,-0.0351990460575384,0.0001603921682711,0.0458245182793748,-0.0351080467985232,-0.0156408510917811,0.0179866505424378,-0.0211635119525118,-0.0205469135989949
1938-03-01,,,,,,,0.1578,-2.3885275227947704,-2.676797657598106,-2.1705253709809793,-0.21800215181379104,0.8923698838,0.0338452494,0.0008,0.0273,-0.0037,0.0,0.015067942,0.0308,-0.004999999999999999,0.026500000000000003,0.06080449017773626,,,0.10603050484425,-0.0146528143976395,0.097386447208541,0.143346443778136,-0.0031820446475799,-0.0526305621996678,0.152557601670801,0.0575268568448247,0.038826698960939,-0.0264979714573773,0.0249587256364331
1938-04-01,,,,,,,-0.09849999999999999,-2.5377855739266253,-2.405725851913559,-2.373826440335676,-0.16395913359094905,0.7907934802,0.0271608523,0.0009,0.0259,0.021,0.0070921986,0.0188927247,0.03169999999999999,-0.0072000000000000015,0.024999999999999998,-0.25044091710758376,,,-0.0754040162073145,0.0253179537841608,-0.0655428844012676,-0.0631005633572419,-0.0830971795080116,0.0171169631170491,-0.0936313577575874,-0.0109749154942303,0.0397417002637279,0.0402445713099042,-0.0168022793562811
1938-05-01,,,,,,,0.0698,-2.510075103728252,-2.555417609659825,-2.405073075258348,-0.105002028469904,0.8195656209,0.0299773272,0.0005,0.0257,0.0044,-0.0070422535,0.007651434,0.0284,-0.0034000000000000002,0.0252,0.14117647058823524,,,0.0606717304470069,-0.0256609770039306,0.0492378932207787,0.064062998412,0.0369251322665306,-0.0152038616252705,0.0746392233047549,0.0159225206910355,0.0288446635353923,-0.0311366315568469,0.0082420572395121
1938-06-01,,,,,,,-0.2487,-2.748655956028153,-2.5278884723616852,-2.708915627378639,-0.0397403286495141,0.659545862,0.0167445455,0.0005,0.0259,0.0004,0.0,0.0118093088,0.029900000000000003,0.0091,0.0254,-0.04432989690721645,,,-0.158236449224788,0.0242022344768061,-0.145383393399449,-0.240160732377565,-0.154020522810683,0.0968986460008221,-0.244273349558982,-0.0033927213656294,0.0731993768557534,0.0369434105279641,-0.0298940852844044
1938-07-01,,,,,,,-0.0677,-2.855549662309136,-2.785404052942376,-2.846200539583027,-0.009349122726108439,0.6253541076,0.0170555147,0.0007,0.0257,0.0043,0.0,0.0068298756,0.024100000000000003,0.0023,0.025,0.2470334412081987,,,-0.0376449007958854,0.0276045993050437,-0.0481865154915943,-0.0478733453807554,-0.0479045274176782,-0.0169579849051028,-0.0714573026574406,-0.0107620946467973,-0.0166782699899184,0.0489474275850439,-0.0094463442158986
1938-08-01,,,,,,,0.0349,-2.8657519546545456,-2.8935542359664974,-2.8903717578961645,0.024619803241618887,0.6340202484,0.0143082728,0.0006,0.0259,0.0,0.0,0.0059815684,0.023099999999999996,-0.0019,0.0253,0.0726643598615917,,,-0.0153742223654217,-0.016078622948805,0.0205555477734877,0.0378312928988662,0.036727229280675,0.0116135818501738,0.0357371383635115,-0.0033395757997495,0.0043673229264772,-0.0378659769774854,0.0111122563644062
1938-09-01,,,,,,,0.0245,-2.920224721045846,-2.905409635260705,-2.98274507802718,0.06252035698133401,0.6242488512,0.0118961742,0.0008,0.0259,0.0022,0.0,0.0170467064,0.024400000000000005,0.0087,0.0251,-0.02741935483870972,,,-0.0059144278546329,-0.014987029866285,0.0036785282091474,0.0094778214684376,0.0119213422933676,0.0295784464024989,0.009330078394496,-0.0040374649077284,0.011668745313146,-0.0260178643450103,0.0032987043171548
1938-10-01,,,,,,,-0.0753,-3.0722378375699697,-2.99900559889896,-3.0452288375066967,-0.027009000063272892,0.5819547881,0.0079325974,0.0005,0.0254,0.0087,-0.0070921986,0.0044044304,0.0221,-0.0006999999999999992,0.0249,0.014925373134328401,,,0.001085466465354,0.0571983138039793,-0.0716260134220743,-0.039351428560628,-0.0360281563485514,-0.0074522972962279,-0.0821623809464498,-0.0334847692483145,0.0157977672981218,0.0544454041672835,-0.0497141335292979
1938-11-01,,,,,,,0.0332,-3.1237799078222572,-3.157760011008132,-3.0007724480290676,-0.12300745979318956,0.5893739154,0.0085352672,0.0004,0.0257,-0.0022,0.0,0.0046441678,0.0213,0.005900000000000001,0.0253,0.0759803921568627,,,-0.0073690534952064,-0.0089534715040993,0.0214110005239384,0.0116980282683378,0.0194153618492011,0.0091710860239922,0.033048024641577,0.0096218175693818,0.0067349966812408,-0.031097059697595,0.0167153746934925
1938-12-01,,,,,,,0.0233,-3.2543186717979995,-3.2173059658330807,-3.0272612211626533,-0.22705745063534616,0.5720393884,0.0057217127,0.0003,0.0252,0.008,0.0,0.0022909395,0.021899999999999996,0.004200000000000001,0.0249,-0.03340926347760054,,,0.0013371553810125,-0.0078864955140616,-0.0270131100752803,0.0225380567989608,-0.0071893017833688,0.0303007452510348,-0.0154474893554421,0.0013974679024872,-0.0035350384444184,-0.0203013270811656,-0.0400700868200722
1939-01-01,,,,,,,-0.0296,-3.176494071794252,-3.2478689279501136,-2.920127164828999,-0.2563669069652529,0.6142181413,-0.0036013643,0.0003,0.0249,0.0059,0.0,0.0072954961,0.021100000000000004,-0.0036999999999999997,0.024599999999999997,0.03770620581304018,,,0.0191730743588535,0.0001403417548232,0.050511050022959,-0.0364842677779756,0.0416917868383823,-0.0233425463201814,0.0339773088516632,-0.0132504161716441,0.009253695033096,0.0049207655558984,0.0609595316989887
1939-02-01,,,,,,,0.0308,-3.2018948371535436,-3.16989210606737,-2.917459756820052,-0.28443508033349163,0.5994568907,0.0006149354,0.0003,0.0245,0.008,-0.0071428571,0.0032916439,0.020500000000000004,-0.0015999999999999999,0.0242,-0.06888720666161996,,,0.0160804192950376,0.0023587749727166,-0.0179108228085068,0.0182231778439087,0.0068108677289568,0.011155336377196,-0.0016884913168453,-0.0021849665655033,-0.0008823098046905,-0.0033159167986015,-0.0083458226282359
1939-03-01,,,,,,,-0.018600000000000002,-3.0500019034880483,-3.1955284608712096,-2.7385657450281604,-0.3114361584598879,0.6606492718,-0.0012606856,0.0003,0.0237,0.0125,0.0,0.0085387031,0.019,-0.0103,0.023399999999999997,0.03252032520325199,,,-0.0164966731186907,-0.0205528701556392,0.13456234860949,-0.0271571083274981,0.0859853576847975,-0.0207693872744262,0.0958449295849076,0.0546272433453758,0.0202482120553375,-0.0236569258658256,0.133054396502614
1939-04-01,,,,,,,0.0273,-3.038196335920734,-3.0436758016853593,-2.709837511676306,-0.32835882424442814,0.6784545879,-0.0018831933,0.0003,0.0229,0.0118,-0.0071942446,0.0092032923,0.021299999999999996,-0.005399999999999999,0.0226,-0.13543307086614165,,,0.0125105374562402,0.0029147298433797,-0.010492654581056,0.0050223099165931,0.010988212459876,-0.0031864038880901,-0.0032135029103952,0.0083143975707926,0.0186169506889804,0.0121459050335478,-0.0083489018419222
1939-05-01,,,,,,,0.0347,-3.0921292506051126,-3.0317201228095527,-2.7476606453632084,-0.3444686052419042,0.6303372413,-0.0023543238,0.0003,0.0217,0.0171,0.0,0.0035590915,0.021,-0.0122,0.0214,-0.005464480874316946,,,0.0037300176120239,-0.0009748591066317,-0.0222800643197493,0.000375848141847,0.0140797434096862,0.0070119157552144,-0.0027016351371806,-0.0131917682227681,0.0054060242282197,0.0019796402229104,-0.0126600499791856
1939-06-01,,,,,,,0.0225,-3.0199645869417586,-3.0858833705482884,-2.6595231602075495,-0.3604414267342092,0.6667687361,-8.63519e-05,0.0003,0.0221,-0.0027,0.0,0.0032023428,0.019899999999999998,0.006200000000000001,0.0218,0.06227106227106227,,,-0.0093270613792851,-0.0096988175030185,0.0725745672799924,0.0710424812397959,-0.0693894322790271,-0.0434302861142945,0.0602508231417544,0.0231341738196251,0.0122271350724353,-0.0191121950380558,0.0601331261778718
1939-07-01,,,,,,,-0.0069,-3.1044205793044917,-3.001272453929606,-2.7409355434372102,-0.3634850358672815,0.6079854809,-0.0015621881,0.0004,0.0213,0.0113,0.0,0.0043046092,0.0195,-0.011999999999999999,0.0209,-0.06379310344827593,,,-0.0060753577909701,0.0152585748135445,-0.0929424764815802,-0.0414300672051132,0.0577221284776075,0.0444055320885436,-0.0859800804659664,0.0062711868029425,0.0347529943090667,0.022071942641278,-0.0793773042019084
1939-08-01,,,,,,,0.0596,-3.0119634684825733,-3.086071440636295,-2.645680286401133,-0.3662831820814406,0.6480172606,-0.0030065253,0.0005,0.0231,-0.0201,0.0,0.0071372431,0.019200000000000002,-0.0191,0.0226,0.10865561694290982,,,0.0170014134249191,-0.0216101510463762,0.0557269840682007,0.0512616050152222,0.0042460372643098,-0.008283300582781,0.0699968942024675,-0.0084119832728838,0.0324940122520711,-0.0269331088221073,0.0553465431330652
1939-09-01,,,,,,,-0.3145,-3.1463051320333655,-2.9939449629798953,-2.777207668096076,-0.3690974639372895,0.5800479489,-0.0021095516,0.0014,0.0278,-0.0545,0.0217391304,0.0156839071,0.0175,0.0696,0.0264,-0.0714285714285714,,,-0.0514809223095158,0.0849371905901556,-0.209469695668197,-0.296879912691169,-0.0875933714977107,-0.0139154683679268,-0.318862465650364,-0.131642286804762,0.0228044994977265,0.223813564411316,-0.250305309868887
1939-10-01,,,,,,,0.0655,-3.0965133540692173,-3.1112138122220956,-2.726139565772323,-0.3703737882968944,0.5734790624,-0.0018527882,0.0005,0.0247,0.041,-0.0070921986,0.0018467448,0.017300000000000003,-0.017300000000000003,0.0242,0.16457960644007152,,,-0.0163666015483963,0.0050647215734644,0.0484199076320752,0.0102363862550108,0.0212306525856189,0.0448498100437869,0.0719964713140596,0.0387511664403236,0.0838401002740294,-0.0148972807259354,0.0388377908685527
1939-11-01,,,,,,,-0.0039000000000000003,-3.0122615755052013,-3.062611802393536,-2.6406980190727185,-0.37156355643248307,0.5978447388,-0.0016991367,0.0005,0.0236,0.0162,0.0,0.0012842376,0.018500000000000003,-0.008299999999999998,0.0231,-0.014592933947772613,,,0.0107996441284035,-0.0149450022301181,0.0657004305368121,-0.0335992884549667,0.066160647747162,0.0344686217267538,0.0580874538525067,0.0224987913396132,-0.0136718087971564,-0.0417955905901483,0.0695711349508032
1939-12-01,,,,,,,0.0542,-3.002964125080486,-2.9794717526822105,-2.6302888397953126,-0.3726752852851735,0.5807053804,0.0025507841,0.0004,0.0226,0.0145,0.0,0.0010730021,0.0198,-0.006700000000000001,0.022199999999999998,-0.049103663289166044,,,-0.0171770906556692,-1.16054521528e-05,-0.0045296317733672,0.0318041734501002,0.0230140879730625,0.0190240286042584,0.0236110111403437,0.0094064283231962,-0.0013720483894217,-0.016885170427886,0.0001989738597589
1940-01-01,,,,,,,0.0174,-2.961791995103996,-2.9976556593048183,-2.5616353527714995,-0.4001566423324968,0.5993256726,0.0077727052,0.0001,0.0229,-0.0017,-0.0071428571,0.0014780456,0.019799999999999998,0.0066,0.0228,0.023770491803278837,,,0.0403283683883877,0.0062901576346501,0.0344728153445416,-0.0022445393753539,0.0570754215407596,-0.0049097450234514,0.0488850556691818,0.0172998682420027,0.0015477881427022,0.0042816164937891,0.0409879985849821
1940-02-01,,,,,,,0.0167,-2.9629690447074664,-2.9563519816881714,-2.536503717476214,-0.4264653272312521,0.5943769619,0.0048402619,0.0002,0.0228,0.0027,0.0071942446,0.0004895058,0.019700000000000002,-0.0006000000000000003,0.022600000000000002,-0.03522818254603677,,,-0.004409337977103,0.0064858280186792,-0.0120308378981238,0.0206190502824349,0.0006023024909883,-0.0157757750058731,-0.0001415936677943,0.0079986319270605,0.0029465962885249,0.0182416478879099,-0.0082889482054644
1940-03-01,,,,,,,-0.0054,-2.967561396587295,-2.9577171825525177,-2.5155762728442377,-0.4519851237430572,0.6479598753,0.0056787088,0.0002,0.0215,0.0177,0.0,0.0007091118,0.0196,-0.0128,0.0213,0.00663900414937757,,,-0.0060713365350687,0.0143851301473545,-0.0118509963186265,0.0119499452457846,-0.0066939764525318,0.0027980348550904,0.0006467037186044,0.0002034017876499,-0.0037938560697533,0.0046976856847913,-0.0195662502824883
1940-04-01,,,,,,,0.0335,-2.9520726354523377,-2.9569826289498935,-2.49393828873994,-0.45813434671239783,0.644074648,0.0058486658,0.0002,0.022,-0.0035,0.0,0.001192277,0.0192,-0.0057,0.0218,0.009892827699917506,,,-0.0013591344828583,0.0111425480426422,-0.0114245381714527,0.021901262888208,-0.0046206123898682,-0.0101510799968556,0.0104112270520469,0.0062661679281167,0.0087201802000875,0.0194453284381911,-0.0074561794485991
1940-05-01,,,,,,,0.0277,-2.667927480142946,-2.9417600440583627,-2.203750680467191,-0.46417679967575515,0.8225778696,0.0066101852,0.0006,0.0246,-0.0299,0.0,0.0186685676,0.0201,0.0278,0.024,-0.004897959183673528,,,0.0106249882239913,-0.0197343626121642,0.0722019288528236,0.0156854224653568,-0.048476946893851,-0.0043484111754037,0.0462993897838604,0.014523003091093,0.0188359696115978,-0.0327820427891012,0.0549657435704457
1940-06-01,,,,,,,-0.0246,-2.731366006415827,-2.6575662956702177,-2.2613623771700917,-0.4700036292457356,0.7832213665,0.0063697907,0.001,0.0227,0.0258,0.0071428571,0.0097970174,0.0215,-0.0137,0.0217,-0.23954060705496305,,,0.025000246107147,-0.0053571655580142,0.0054766020118641,-0.0204792325737621,0.0008219185043871,0.0159334885687205,-0.0146722263166948,0.0030731660145742,0.0356780291661979,0.0084033622667898,-0.020275723042098
1940-07-01,,,,,,,0.009300000000000001,-2.7517005356311683,-2.721111076108583,-2.279244456985599,-0.47245607864556927,0.7578880609,0.0081091893,0.0005,0.0224,0.0052,-0.0070921986,0.0013236754,0.019200000000000002,-0.0031,0.0219,0.07659115426105734,,,-0.0178477881981618,0.0036085837792484,-0.0049579990057148,-0.0104360530625748,0.0108458705638022,0.0079607817154287,-0.0028165206286693,-0.008927079015537,0.0122212402868466,-0.0048620041476255,0.0104814324727876
1940-08-01,,,,,,,-0.018000000000000002,-2.767601180728742,-2.741700452296585,-2.2925035076288154,-0.47509767309992684,0.7417752948,0.0090864626,0.0004,0.0223,0.0028,0.0,0.0035608428,0.019100000000000002,-0.0021,0.0219,0.03106212424849697,,,-0.0014108779013446,0.0032854271933145,-0.0143983076191038,-0.0282308989646305,-0.0165309647415569,0.0054671869664129,-0.0267004657659489,0.0023622631891456,-0.0065006560488983,-0.0001333578709698,0.0004973867051171
1940-09-01,,,,,,,-0.0006,-2.7669759853348235,-2.7575508448752406,-2.2895373776015697,-0.47743860773325364,0.720747889,0.0096469388,0.0005,0.0215,0.011,0.0,0.0029438369,0.018400000000000003,-0.0017999999999999995,0.020999999999999998,0.026239067055393805,,,-0.0152742833606837,-0.0020395579056765,0.0016191602073379,-0.013426033598591,0.0093950351442449,-0.0001871713853336,-0.002158285965573,0.005371439743215,0.0001110672698865,0.0067764046196074,0.004424883519993
1940-10-01,,,,,,,-0.0576,-2.805619247916263,-2.7669759853348235,-2.337483032845323,-0.4681362150709401,0.7101998366,0.0094148326,0.0002,0.0214,0.0031,0.0,0.0014650609,0.0177,0.0018,0.0212,0.009469696969697017,,,-0.0109888077864609,0.0135449479723781,-0.0535493861805057,-0.0387033492246095,-0.0668221670211964,-0.0046376985301641,-0.0769721538520918,-0.0256775144821428,0.0165106921875583,0.0195452771527987,-0.0329840543849745
1940-11-01,,,,,,,0.0131,-2.7622745192230167,-2.805619247916263,-2.3035280445019155,-0.4587464747211011,0.7352149504,0.0101576525,0.0002,0.0199,0.0205,0.0,0.005914211,0.0173,-0.0142,0.019700000000000002,0.039399624765478425,,,-0.0256700064293044,0.0021109937932742,0.0086324362644758,-0.0045870777129013,0.0109502630716815,-0.0183619322761711,0.0102120930823321,0.0182866811522747,0.0105530202807695,0.0126439900986866,0.0281808857013736
1940-12-01,,,,,,,0.0354,-2.7594429930272786,-2.7622745192230167,-2.3101752622607212,-0.4492677307665573,0.7290475101,0.0125891885,0.0002,0.0194,0.0067,0.0071428571,0.0005078424,0.0174,-0.009000000000000001,0.019200000000000002,-0.04241877256317694,,,-0.0113898713207767,-0.0157562571102165,0.0079881087473541,0.0126816858278806,0.0163388308416426,0.0134039762959122,0.0150340238276992,0.0087866399899377,0.0089885448124249,-0.0227782945723782,0.0065730926351058
1941-01-01,,,,,,,-0.044000000000000004,-2.7051249901613725,-2.754529709861055,-2.2576326138701117,-0.44749237629126093,0.7701603158,0.010853414,0.0002,0.0213,-0.0201,0.0,0.0018551123,0.0163,0.0207,0.0211,-0.002827521206408945,,,0.0464991730321905,0.0051222720008755,0.0298429578244352,-0.0396609835016603,0.0248313572497098,-0.0163701890983228,0.0095011834067769,0.0038346097669517,0.0012630714838816,0.0227299377412089,0.0231618923297382
1941-02-01,,,,,,,0.0104,-2.6850801570407388,-2.700087942474428,-2.2394020768319334,-0.4456780802088053,0.7837992949,0.0107702342,0.0004,0.0213,0.002,0.0,0.002751814,0.016400000000000005,-0.0014000000000000002,0.0209,-0.04820415879017015,,,-0.0031587214030682,-0.0082316458091792,-0.0080933759861373,0.0023616179506345,0.0007890356644013,0.0167506719819499,-0.0028448854577299,-0.0029103509430598,0.0089138590255393,-0.008161722355649,0.0156073695755622
1941-03-01,,,,,,,0.024700000000000003,-2.684239552408491,-2.6802154021087663,-2.240308163472531,-0.44393138893596046,0.8042698827,0.010060575,0.0011,0.0206,0.0096,0.0070921986,0.0013646264,0.015799999999999998,-0.0118,0.0195,-0.014895729890764708,,,0.0130912097303643,-0.0056377239676562,-0.0008313154143067,0.0134067866688797,-0.0244715863404046,-0.0032348030297083,0.0008284362905604,0.0085230739775682,0.0060834818680315,0.0049173306610442,-0.0046875613040838
1941-04-01,,,,,,,0.0305,-2.6119103684843803,-2.6793983487919113,-2.163430442815161,-0.4484799256692193,0.8542496105,0.0104815348,0.001,0.0196,0.0129,0.0070422535,0.0017671007,0.015099999999999999,-0.0051,0.0186,0.0040322580645162365,,,0.0105704059679511,-0.0145375764110592,0.0184535409116425,0.0251903807270123,0.0123209394764354,-0.008611198537624,0.0283522518245696,0.0128472944605012,-0.0075539914735206,-0.005365629864104,0.0050202997534683
1941-05-01,,,,,,,0.0252,-2.611234106656102,-2.606946854644482,-2.158415302164467,-0.45281880449163475,0.8491783533,0.0099236032,0.0011,0.0195,0.0027,0.006993007,0.0015744619,0.015100000000000002,0.0021999999999999997,0.0184,-0.06526104417670686,,,-0.0072269870251646,-0.0069206754910931,-0.0268430988605676,0.0108161452745781,-0.0106039151471568,0.0165055661273169,-0.0094977804984192,-0.0099776298384074,0.0077302820515041,-0.0053287718602159,0.0014754968122768
1941-06-01,,,,,,,-0.0077,-2.6585351365748298,-2.6064400246914277,-2.201293758942945,-0.4572413776318845,0.8015267176,0.0089675066,0.0012,0.0191,0.0066,0.0208333333,0.0011809091,0.0154,-0.0002999999999999999,0.0179,0.004296455424274814,,,-0.0096078710728193,0.0006745040338487,-0.008234304456488,-0.0157354448504541,0.0094165231671295,0.0056331926644282,-0.0087079777437383,0.001731831170932,0.0056314867547324,0.0017263287998298,-0.009450812264523
1941-07-01,,,,,,,-0.015600000000000001,-2.7071362781448283,-2.65376392821769,-2.2245730234457497,-0.4825632546990788,0.7663638481,0.0090298599,0.0012,0.0191,0.0022,0.0,0.0012129739,0.015399999999999997,0.0040999999999999995,0.0179,0.053475935828877,,,0.0471558335376621,0.0309429241332164,-0.0531511603874537,0.0115894565792604,0.0079845597526121,-0.0116461285699185,-0.030289832806274,0.0102316530385767,0.0051749069852652,0.0554469068078213,-0.0296298837644823
1941-08-01,,,,,,,0.0018,-2.693544272181654,-2.7022441820572,-2.1865727719163712,-0.5069715002652827,0.7745428863,0.0107250203,0.0013,0.019,0.0018,0.0136054422,0.0005131798,0.015300000000000001,0.0015999999999999999,0.0177,0.0548223350253807,,,-0.00968919477894,-0.0018219615896604,0.0047231656489924,0.0054177062098124,-0.0022745027840952,0.0033946026820039,0.0086576917364404,0.0065830231846216,0.0020122209729225,-0.0092158896773334,0.005785328953252
1941-09-01,,,,,,,-0.0159,-2.6790626642289577,-2.6888188391743224,-2.1484344131667874,-0.5306282510621705,0.7782684119,0.0102838552,0.001,0.0193,-0.0012,0.0134228188,0.0009754417,0.015499999999999996,0.005999999999999999,0.0183,-0.008662175168431152,,,-0.0147431937706463,-0.0072150630519351,0.0198254285206521,-0.0038226614593045,-0.0067061606541533,0.0083493242149338,0.0118587231882427,0.0011450379187403,-0.0041447860386448,-0.0126776282166706,0.0080319428190441
1941-10-01,,,,,,,0.049,-2.6032635342746597,-2.6743594559583896,-2.085777360128922,-0.5174861741457377,0.8377185537,0.0116872081,0.0009,0.0182,0.014,0.0132450331,0.0013100965,0.015499999999999996,-0.0106,0.0173,-0.009708737864077777,,,-0.01742957070864,-0.0030408590769245,0.0095776749280643,0.0289268282085413,0.022285907000356,-0.0168281431881236,0.0248197441734768,0.0141719159481532,-0.0057591631815912,-0.0057341373769803,0.004397902600862
1941-11-01,,,,,,,0.0441,-2.5554234448081328,-2.598440829891824,-2.05127066471314,-0.5041527800949931,0.8608058608,0.0103646245,0.0028,0.0186,-0.0029,0.0065359477,0.0012858981,0.0156,-0.006500000000000001,0.015799999999999998,-0.06862745098039214,,,-0.0152887749242031,-0.0041660478093541,-0.0009473588967459,0.0279926410871947,0.0290486290323519,-0.0052428384088417,0.0187750617824465,0.0149449199871725,-0.0123277814159388,-0.0129703531382549,0.0008231354012156
1941-12-01,,,,,,,0.004,-2.5046632482240767,-2.55076472246958,-2.0137529341590277,-0.49091031406504926,0.8895097332,0.0103428263,0.0033,0.0204,-0.0177,0.0064935065,0.0066808135,0.015799999999999998,0.0183,0.0171,-0.04210526315789476,,,-0.0496505992360916,-0.0220328978770773,0.0177441808841369,-0.0095538987409319,0.0176026157187806,0.0178843278638438,0.0151306778634951,0.0166042101809102,-0.0075859022303022,-0.0518903950741249,-0.0062247572832084
1942-01-01,,,,,,,-0.0382,-2.5278591756162525,-2.5141446749454652,-2.062558754641085,-0.46530042097516766,0.9021113244,0.0089351822,0.0027,0.0247,0.0069,0.0129032258,0.0022049532,0.014600000000000002,-0.0063,0.022,-0.04505494505494512,,,0.107661855612378,0.0378689224304266,-0.0448553841757181,-0.0650083412837299,0.0357256305475086,-0.0132801989404731,-0.0445539180261688,0.0060495105980762,0.0414843160702679,0.0839838641437904,0.0285528608681854
1942-02-01,,,,,,,-0.0072,-2.511999112942228,-2.537287816894152,-2.0736376948600355,-0.43836141808219226,0.9260649278,0.0093501527,0.0025,0.0247,0.0011,0.0063694268,0.0012608247,0.0144,-0.0019000000000000002,0.0222,0.013808975834292303,,,0.0187984850440289,0.0006650277923816,-0.0133298944836958,0.0026539120957897,0.0154357564408773,0.0045984622071159,-0.0106351988669904,0.0038868346673814,-0.0092123448219592,0.00733770666402,0.0193096213222622
1942-03-01,,,,,,,-0.0026,-2.4517544424711,-2.521662417386996,-2.0414700479269867,-0.4102843945441134,1.0348638601,0.0101204616,0.0025,0.0244,0.0092,0.0126582278,0.0031061137,0.014399999999999996,-0.0029,0.021900000000000003,-0.024971623155505163,,,0.0028789476190186,0.0091346051386906,-0.0094167942286679,0.0073732481960832,0.0053758952519852,-0.0105960891166529,-0.0033933998121422,-0.0050633618819439,-0.0067153125535218,0.0152617955640543,0.0214074692202875
1942-04-01,,,,,,,-0.0083,-2.421674464564485,-2.4663532418922527,-2.0162093564563204,-0.40546510810816433,1.0802307289,0.0110048192,0.0032,0.0246,-0.0029,0.00625,0.0024409752,0.0143,0.0034999999999999996,0.0214,-0.06752037252619325,,,0.0181056527419147,-0.0023898727531506,-0.0077371291620598,-0.0089037940335547,-0.0009947176169014,0.0118054727135874,-0.0073046677512305,0.0010511101432183,0.0021874655098492,0.0022522301151085,0.0222295317130021
1942-05-01,,,,,,,-0.0478,-2.4984954938498967,-2.4364895503496253,-2.0980179272527715,-0.40047756659712525,1.0210150674,0.010525173,0.0037,0.0243,0.0075,0.0124223602,0.0015923892,0.0142,-0.0055,0.0206,-0.043695380774032455,,,-0.0191076307955309,-0.0207629480699108,0.0175024038571375,-0.0470509660879403,-0.0176776912842915,0.0119684739921162,-0.0004609412980272,0.0006272823083142,-0.007396826127143,-0.039370360199974,-0.006010550252066
1942-06-01,,,,,,,-0.013600000000000001,-2.531770958764218,-2.513533371214437,-2.136458222120072,-0.39531273664414635,0.9967098897,0.0101983055,0.0037,0.0244,0.0003,0.0,0.0012004676,0.014799999999999997,0.0031,0.020700000000000003,0.06396866840731064,,,-0.0127828816886239,0.0009140401761695,0.0166530149555443,-0.0126033616930748,-0.0044658897545289,-0.0073153169196631,0.004860028696188,-0.0033498163000735,0.0002569041086473,-0.005084174657678,-0.009673155029119
1942-07-01,,,,,,,0.0079,-2.5829729606832403,-2.552128285332142,-2.180967259665228,-0.4020057010180126,0.974271661,0.0084862716,0.0038,0.0244,0.0018,0.0061349693,0.0020886578,0.014699999999999998,0.0002000000000000001,0.0206,0.01840490797546024,,,0.0271632770663316,-0.0056942034704491,-0.0150930578026787,0.0057091314329841,0.0211270338912424,0.0140964865283983,-0.0107368598029865,0.0128624360431896,0.0160256540840661,0.0050205945692375,-0.0025842036496154
1942-08-01,,,,,,,0.0002,-2.610896120135354,-2.603911225613403,-2.201910714158206,-0.40898540597714794,0.9686824038,0.0071526483,0.0038,0.0244,0.0038,0.006097561,0.0006270321,0.014699999999999998,-0.0002999999999999999,0.0206,0.031325301204819356,,,0.0054134292237459,0.0036767881781456,-0.0052131676896123,0.001938101419612,0.0038148233563444,0.0066102867088231,-0.0015000093152663,-0.0019299973478641,0.0048884044014089,0.0050058335584144,0.0098659001744983
1942-09-01,,,,,,,-0.0089,-2.6584532599628377,-2.632120885618601,-2.2422928627379255,-0.41616039722491227,0.9440014664,0.0062435384,0.0038,0.0244,0.0003,0.0,0.000472522,0.014599999999999998,0.0017000000000000001,0.0206,0.007009345794392274,,,0.0200572654758181,0.0058062443083664,-0.0214003299883346,0.0042464973223613,-0.0020683952685934,0.0087657895640683,-0.0135715853917418,-0.0096246796880502,-0.0022101631784232,0.0118665493101266,-0.0098586867256003
1942-10-01,,,,,,,-0.0431,-2.7371314104030517,-2.674713780834618,-2.2732942960729803,-0.4638371143300715,0.9074889868,0.0044262784,0.0038,0.0244,0.0024,0.0121212121,0.0012735961,0.0144,-0.0018,0.0206,0.026682134570765736,,,0.0605761703321928,0.0314620683705121,-0.0449518473880022,-0.0069834277951099,-0.0259374247911282,0.0077496173116297,-0.051526054155051,-0.0189591923280529,-0.0043436802887679,0.0523734140164339,-0.0039979095501211
1942-11-01,,,,,,,-0.010700000000000001,-2.7397641765917378,-2.7536607123542627,-2.2289385528257473,-0.5108256237659907,0.8995633188,0.0050957059,0.0038,0.0247,-0.0035,0.005988024,0.0009920566,0.014600000000000002,0.0041,0.0209,0.06440677966101704,,,0.0222615291732736,-0.0004744179942773,0.0380159481181809,0.0058348364377418,-0.0202740231019753,0.0015903349850783,0.0343540443081554,0.0046044530248138,0.0373962620541495,-0.0141838058399795,0.0013214462882569
1942-12-01,,,,,,,0.0318,-2.8069492081370635,-2.7565712949081194,-2.249757663813147,-0.5571915443239164,0.8626465662,0.0018120043,0.0038,0.0246,0.0049,0.005952381,0.0007913905,0.014699999999999998,0.0,0.0208,-0.013800424628450214,,,0.0225894843147962,-0.0053850487864032,-0.0052942193968591,0.018351202379564,-0.000509116578763,0.021279953823845,0.010555584910994,0.0041599312309255,0.0173456235720039,-0.0191826053611826,-0.0062559265813006
1943-01-01,,,,,,,-0.003,-2.8761467669648177,-2.8069492081370635,-2.3061252583906593,-0.5700215085741585,0.8213061159,0.0020883053,0.0038,0.0245,0.0033,0.0,0.0007448683,0.013699999999999997,0.0015999999999999999,0.0207,0.0516684607104414,,,0.0506624636488664,0.0477905380475265,-0.0318767081527882,-0.0295292714216471,0.0227061018642704,-0.0050654011386594,-0.0362364666461705,0.0072522660124324,0.0139341989303638,0.0892587415308605,0.0180758217792972
1943-02-01,,,,,,,-0.0163,-2.9255280148807428,-2.8761467669648177,-2.3427444283335226,-0.58278358654722,0.7940790995,0.0025699914,0.0038,0.0246,-0.0005,0.0,0.0008195966,0.013100000000000004,0.0010999999999999998,0.0208,0.07164790174002067,,,0.0347771118142356,0.0325956273176006,-0.0436337051364877,-0.0042706019997483,-0.0055169155755687,0.003915900265838,-0.0326869624855377,-0.0043244192619771,-0.0206981642500146,0.0650034160647914,0.0033114464438202
1943-03-01,,,,,,,0.0472,-2.9769122142272213,-2.9255280148807428,-2.3816208236710343,-0.5952913905561869,0.7834809988,0.0018918598,0.0038,0.0247,0.0009,0.0177514793,0.0013687759,0.012499999999999997,0.0011,0.0209,0.050620821394460336,,,0.0086828071824143,0.0229173096121831,-0.0571101397132832,0.0401508304463592,0.0009904032876611,0.0001869809160545,-0.025530674990762,-0.0109205279891131,-0.0117662230888964,0.0422393865734558,-0.0001832386644882
1943-04-01,,,,,,,0.058600000000000006,-2.9777753994340324,-2.9769122142272213,-2.3731816162155317,-0.6045937832185004,0.78978447,0.0012510459,0.0038,0.0246,0.0048,0.011627907,0.0024921939,0.012000000000000004,0.00010000000000000026,0.0208,0.052727272727272734,,,0.0184077497513927,0.0317101107864325,-0.0252521350773768,0.0470405807757202,0.0108571412925824,-0.0129009637475719,0.0141790066891309,0.0021096945696382,-0.0005318508781865,0.0370128170494076,-0.0023485150218439
1943-05-01,,,,,,,0.059000000000000004,-3.021664299647373,-2.9777753994340324,-2.4078538613239484,-0.6138104383234244,0.7578977192,0.0009461828,0.0038,0.0244,0.005,0.0057471264,0.0010895496,0.011700000000000002,-0.00020000000000000052,0.0206,0.0008635578583764403,,,0.0286423282958014,0.0161503956525282,-0.0313000715311323,0.0362640395520491,0.0007240073479324,0.0019988262893159,-0.0012022592642592,-0.0107224436295861,0.0028706470634973,0.0291719908347855,-0.0244480551365649
1943-06-01,,,,,,,-0.0132,-3.0412888051563582,-3.021664299647373,-2.4183458832696614,-0.6229429218866969,0.7462686567,0.0012001053,0.0038,0.0244,0.0018,0.0,0.001069158,0.011600000000000003,0.0029999999999999996,0.0206,0.04486626402070737,,,0.0011289525280986,-0.0052755731830748,0.019722976161448,-0.0063470623993137,-0.0121516865403333,0.0051128401749912,0.0063496613134885,0.0076211725914154,0.0121510115905375,-0.0071725468853805,0.0001289182724314
1943-07-01,,,,,,,-0.0451,-2.9799330831176207,-3.0357111687915257,-2.3686773319417793,-0.6112557511758414,0.7795992714,0.0178236432,0.0038,0.0245,-0.0001,-0.0057142857,0.0024333612,0.011200000000000002,0.002,0.0207,0.019818331957060398,,,-0.0278702774677041,-0.0120246791030951,0.0580797285434055,-0.0416767704120157,-0.0139619992017908,-0.0081051090472257,0.0120165173129187,-0.0023804070844574,0.0120819951555788,-0.0045843086558456,0.0176239393992666
1943-08-01,,,,,,,0.009000000000000001,-2.98444033592572,-2.974218781854182,-2.38495395038495,-0.5994863855407697,0.7831942615,0.0139543192,0.0038,0.0245,0.0021,-0.0057471264,0.001706636,0.011200000000000002,-0.00019999999999999987,0.0207,-0.05425101214574901,,,-8.67248502222e-05,-0.0104027544332116,-0.0067781420287489,0.0073082795206161,0.0174284963852028,0.0201757909126297,0.0060050670369919,0.0044357112743031,0.0092359092463542,-0.0138535792948629,0.0005514001053553
1943-09-01,,,,,,,0.0173,-3.002376816272659,-2.9789251552376097,-2.41459015137054,-0.5877866649021191,0.7636311733,0.013693478,0.0038,0.0246,0.0011,0.0057803468,0.0006080398,0.0114,-0.0006000000000000001,0.0208,0.010273972602739878,,,0.0167724404926608,-0.0008362180911124,-0.0063012867596431,0.0054877805967783,0.0086059129464164,0.0009772825594892,0.0009118047976067,-0.0001051993508694,0.0101975576554686,0.0102199206241456,0.0015720410811756
1943-10-01,,,,,,,-0.0069,-2.9835583551726246,-2.9968918860420897,-2.4454600973990313,-0.5380982577735934,0.7737363511,0.0168695396,0.0038,0.0247,0.0005,0.0,0.0007641571,0.011199999999999998,-0.0014,0.0209,0.023728813559321882,,,-0.0152066477325834,0.003206270203633,0.0051268840924216,-0.0049656159782039,-0.0132231394351084,-0.0104528066466797,-0.0034868663380917,0.0040726930226951,0.0104654018109843,0.0064303592445083,0.0110378643610481
1943-11-01,,,,,,,-0.0447,-2.8994326477586534,-2.9779385056710885,-2.4131010408437845,-0.4863316069148688,0.8258084433,0.0190809369,0.0038,0.0248,0.0,0.0,0.0020016,0.011200000000000002,-0.0023,0.020999999999999998,-0.013245033112582738,,,-0.0061185605527042,-0.0200998373342386,0.0511024916932035,-0.0047455313394034,0.0024985178664491,-0.0025172039992223,0.0210792549385108,0.0209850168872393,0.0059551243533829,-0.0205267867614328,0.0068409731010503
1943-12-01,,,,,,,0.0594,-2.9513177681132445,-2.8940081255395484,-2.518896850016552,-0.4324209180966926,0.7874015748,0.0144225392,0.0038,0.0248,0.0018,0.0,0.000988594,0.010799999999999997,0.0031,0.020999999999999998,-0.07550335570469802,,,0.0085689547574683,0.0140395614561605,-0.0545611966472049,0.0100825701584989,0.0419837884453479,0.0112723511215096,-0.0057330458632808,-0.0146398805841167,0.0163822229669158,0.0199169483146867,-0.0057588718483106
1944-01-01,,,,,,,0.0075,-2.961228933931339,-2.9459225126486634,-2.5377200863481923,-0.4235088475831469,0.7787481805,0.0192532313,0.0038,0.0248,0.0021,0.0,0.0006398349,0.010400000000000003,-9.999999999999983e-05,0.020999999999999998,0.05898366606170602,,,0.0170893986859852,0.0119188236362129,-0.0062177382363935,-0.0159617090829884,0.0209497588029269,-0.0079439698406157,-0.0038749179573535,0.0131327307576342,0.0084226588683557,0.0275091655055681,0.0120502283219021
1944-02-01,,,,,,,0.0034000000000000002,-2.953165608962642,-2.95570046456583,-2.538821598388388,-0.41434401057425385,0.7850330154,0.0194938382,0.0038,0.0247,0.0032,0.0,0.0006426372,0.009799999999999996,0.00019999999999999966,0.0209,0.015424164524421524,,,-0.0086690077469199,0.0024844660576267,-0.005261536229159,-0.0075165403403112,0.0094976366955425,0.0019457018102866,-0.0040298926419839,-0.0004054343337351,0.0023179313864414,0.0141594534828694,0.0133588938565899
1944-03-01,,,,,,,0.026099999999999998,-2.9646077300500613,-2.947828812920952,-2.559142621941897,-0.40546510810816444,0.813886488,0.0191453273,0.0038,0.0247,0.0021,0.0,0.0006364084,0.009599999999999997,0.0026999999999999997,0.0209,-0.0025316455696201556,,,-0.0141797204926745,0.0078503502617706,-0.0183517132386937,0.0126262874767479,0.0333201664706087,-0.0131692425865504,-0.0021778597398973,-0.0031952160084333,0.0074249416859488,0.0142280845627201,0.0122832272448804
1944-04-01,,,,,,,0.0051,-2.9467415437889084,-2.9592992642743936,-2.5501395990110676,-0.39660194477784083,0.8296013509,0.0200775934,0.0038,0.0248,0.0013,0.0057471264,0.0007641629,0.009399999999999999,0.0021,0.020999999999999998,0.016920473773265554,,,0.012329210595787,-0.008560886621756,0.016735422880406,0.0070127352292811,0.0027506886096265,-0.0021592872804847,0.0165102097966068,0.004853939318673,0.0057216102578555,-0.0092882238874224,0.0025185362920445
1944-05-01,,,,,,,0.019,-2.980943384825493,-2.9413015303730834,-2.593457133277541,-0.3874862515479524,0.794431946,0.018397357,0.0038,0.0247,0.0028,0.0,0.0004119055,0.008999999999999998,-0.0023,0.0209,-0.012479201331114798,,,-0.0166613443599961,0.0050277506166044,-0.0209217216771328,0.0184660739218278,0.0197875352924968,0.0040515987749513,-0.0051059382929852,-0.0123549772396631,0.0086056804179096,0.0087618886913068,-0.0012579693303974
1944-06-01,,,,,,,-0.0552,-3.0254451708725028,-2.975691522670545,-2.646791320214995,-0.3786538506575077,0.7615581615,0.01820177,0.0038,0.0248,0.0008,0.0057142857,0.0007175889,0.0086,0.0012000000000000001,0.020999999999999998,0.04043807919123843,,,-0.0173811647671381,0.0385522284757959,-0.037892832845883,-0.0208921055251385,-0.0350984451644469,-0.0072397457606263,-0.0505659569669367,-0.0013844448441364,-9.32236016114e-05,0.0516227796734056,0.0012916584579294
1944-07-01,,,,,,,0.0014000000000000002,-2.9992001206611154,-3.0202207467356965,-2.633079950485867,-0.36612017017524867,0.7733899117,0.0043229355,0.0038,0.0247,0.0036,0.0056818182,0.0009396738,0.008500000000000004,-0.0002000000000000001,0.0209,0.051012145748987825,,,0.0049432841197314,-0.0001693258495205,0.0188061857078372,-0.0131475718268418,0.0198752615887537,-0.0020545565270428,0.0117500107143453,-0.0047321835702619,0.0172645342404699,0.0045563424113304,0.000826866178381
1944-08-01,,,,,,,0.0475,-3.0024631434516813,-2.9938457771605202,-2.6489500958226504,-0.3535130476290307,0.7687597796,0.0080697969,0.0038,0.0247,0.0027,0.0,0.0005599877,0.008399999999999998,0.0006999999999999997,0.0209,-0.02080123266563938,,,0.0081181810482475,0.0065055269249595,-0.0088372442815405,0.0274340280087262,0.0134020433548175,-0.0079568143523398,0.0169270362227791,0.0070785232596843,0.0124368823717849,0.0110819506356868,-0.0025543187326211
1944-09-01,,,,,,,-0.0131,-2.994168551577808,-2.9972935541209433,-2.653241964607215,-0.3409265869705932,0.7723327182,0.0089627545,0.0038,0.0247,0.0014,0.0,0.0011155149,0.008400000000000001,0.0005,0.0209,0.008654602675058909,,,-0.0001738568472557,0.0029526135446615,-0.0021144326039115,-0.0098695141940274,-0.0044114923028129,0.0018474152979199,-0.0076674756625257,-0.0010493734066818,-0.0022608324065713,0.0013122561873376,0.0143654559557733
1944-10-01,,,,,,,-0.0132,-2.994168551577808,-2.994168551577808,-2.64219212842063,-0.3519764231571782,0.7711731386,0.0065103663,0.0038,0.0247,0.0012,0.0,0.0006752183,0.008299999999999998,0.0007000000000000001,0.0209,-0.0031201248049922414,,,-0.0019768356646374,-0.0029181983460923,0.0218968969118761,-0.0114916762034449,0.002816087342154,-0.0030916067600085,0.0028730463542116,0.0062570347624308,0.004993923011913,-0.0002531697872294,0.0118279800173556
1944-11-01,,,,,,,0.013600000000000001,-2.9980732812559645,-2.994168551577808,-2.635167787566596,-0.3629054936893685,0.7669856784,0.0057829454,0.0038,0.0247,0.0024,0.0,0.0004242975,0.0081,0.0024,0.0209,0.0,,,-0.019617491358322,0.0009118104239986,-0.0106977244532763,-0.0011262595168293,0.0104676324041252,0.0001120865345353,-0.0086377627476877,0.0017190205105579,0.0017429655127377,0.0076922445395273,0.0174046942820826
1944-12-01,,,,,,,0.0331,-3.032546246676707,-2.9980732812559645,-2.658829836883123,-0.3737164097935841,0.7437635753,0.0190624465,0.0038,0.0246,0.0042,0.0056497175,0.0008722726,0.0079,0.010700000000000001,0.0208,0.00391236306729259,,,-0.0365100274542776,0.0088189673152472,-0.0444897996095542,0.0113271057867514,0.0400954651515582,-0.0007354108461641,-0.0145943630522776,-0.0164522608449907,-0.0012429446853983,0.0224882816264778,0.0117411858398583
1945-01-01,,,,,,,0.0003,-3.041609090987455,-3.02740324461347,-2.6623403941403603,-0.37926869684709485,0.7353419666,0.0164538969,0.0038,0.024,0.0127,0.0,0.0009244634,0.0076999999999999985,-0.0050999999999999995,0.0202,0.035074045206547,,,0.0107924580077164,0.0128034637143886,-0.0045499522568612,-0.0202960406628654,0.0024244226249862,-0.0036404378150263,-0.0066835585551065,0.0055560937048025,0.0250205864148159,0.023580108676928,-0.0054393174377209
1945-02-01,,,,,,,0.032,-3.0961323077954512,-3.0363377609518625,-2.711552831653412,-0.3845794761420393,0.7044887781,0.0148360524,0.0038,0.0236,0.0077,0.0,0.0006548519,0.007599999999999999,-0.0031000000000000003,0.019799999999999998,0.014307228915662717,,,-0.0079177832441432,0.0087355479641284,-0.0307999079212712,0.0168126500864073,0.016373187212181,-0.0027151759610044,-0.0165186988643788,0.0014964350089445,0.0038735921999126,0.0210983299741799,0.0022131654405968
1945-03-01,,,,,,,-0.030699999999999998,-3.04378956850777,-3.0910424533583156,-2.653828646935571,-0.3899609215721991,0.7678826431,0.0159625278,0.0038,0.0236,0.0021,0.0,0.0018874417,0.007599999999999996,-0.0002999999999999999,0.019799999999999998,0.06161841128433565,,,0.015542219031119,-0.0120077716717045,0.0326007572581642,-0.0225954235982543,-0.0103954257284002,0.0027649081799658,0.008306838584127,0.0073059191953447,0.0168625189287204,-0.0210242500260867,0.0172921378637597
1945-04-01,,,,,,,0.0471,-3.1281091538316885,-3.04378956850777,-2.7243891572889236,-0.40371999654276514,0.7150628627,0.0150858689,0.0038,0.0228,0.016,0.0,0.0013982781,0.007499999999999996,-0.0142,0.019,-0.04615384615384621,,,-0.0293132043072875,0.001032854066753,-0.0394143168708439,0.0242353350468342,-0.0005492545372396,0.0214087601887506,-0.0092537228449354,-0.0036927450673813,0.0088318878897434,-0.0013081551517026,-0.0248539866625195
1945-05-01,,,,,,,0.0015,-3.1394995617378245,-3.1281091538316885,-2.7221058827643865,-0.41739367897343815,0.7029114676,0.0197732119,0.0038,0.0226,0.0056,0.0056179775,0.0009209599,0.006999999999999999,-0.0067,0.018799999999999997,0.08797653958944274,,,-0.0011396383794111,0.0095600940522533,-0.0030599359282589,-0.0097100375922642,0.0061037509727477,-0.0024617451531296,-0.0012087688165448,-0.0022446358405691,0.0069296297520836,0.0154962462732706,-0.005814244460172
1945-06-01,,,,,,,0.0414,-3.1361628886387853,-3.1394995617378245,-2.7053799725463312,-0.4307829160924542,0.7188430455,0.0194663167,0.0038,0.0217,0.0169,0.0111731844,0.0008661648,0.006799999999999997,-0.013699999999999999,0.0179,0.011455525606469008,,,0.0011173702027506,0.0385628300247933,-0.0454085761605275,0.0200197941755771,0.0333145307470352,-0.0193931610842338,-0.0003621721504598,-0.0070031021357771,-0.0030709758993425,0.0248916888137693,-0.0097165163916334
1945-07-01,,,,,,,-0.0268,-3.1108415335939377,-3.1310988096817636,-2.688428153467232,-0.42241338012670593,0.7263015717,0.0204374124,0.0038,0.0224,-0.0086,0.0,0.0018141108,0.006599999999999998,0.0075,0.0186,-0.0033311125916055673,,,0.0222226522722615,-0.0116525002272847,0.0345052641423903,-0.0182579299170568,0.0070875110027739,-0.0046897444945678,0.0144429755011251,0.0005394658345698,0.0223676288517964,0.0017759113322682,0.0075120317205965
1945-08-01,,,,,,,-0.013000000000000001,-3.1620129629736575,-3.1056506822437155,-2.748207522949274,-0.41380544002438335,0.6787538011,0.018945103,0.0038,0.0223,0.0026,0.0,0.0020966469,0.006499999999999995,-0.0021999999999999997,0.0185,-0.020053475935828957,,,-0.0043970546127283,-0.0021838197845495,-0.0050230339899107,-0.0192257116930911,0.013939250002834,0.0368384265323307,-0.0145089952027611,-0.0010310078029765,0.0052964793465975,-0.0043335263812192,-0.0273740069597881
1945-09-01,,,,,,,0.0137,-3.198054497054615,-3.157000421150113,-2.792589388946451,-0.40546510810816433,0.6568208317,0.0176069197,0.0038,0.0221,0.0054,0.0,0.0014385546,0.006199999999999997,-0.0022,0.0183,0.057980900409276837,,,-0.0034428068769916,0.0125048298476274,-0.0099776534763627,0.0054957688164208,0.007013663290422,-0.0060335617972875,0.0007197964180436,-0.0010899808584896,0.0040189588029532,0.0129811520154918,0.0004784728764092
1945-10-01,,,,,,,0.0017000000000000001,-3.2279256603881183,-3.198054497054615,-2.832612923743972,-0.39531273664414635,0.6339764202,0.0185809993,0.0038,0.0216,0.0104,0.0,0.0009811839,0.0058,-0.0072,0.0178,0.04190844616376532,,,-0.0227508207796623,0.0272615418551731,-0.0044302364445812,-0.0118956855518456,0.0175590954039226,-0.0104496252659617,0.0052449058758697,0.022289055773698,-0.0060854251579167,0.0250316701318104,0.015331461062959
1945-11-01,,,,,,,0.0431,-3.259843263356424,-3.2279256603881183,-2.8747870268794666,-0.3850562364769572,0.617883631,0.0189340334,0.0038,0.021,0.0125,0.0,0.0014482715,0.005299999999999999,-0.009300000000000001,0.0172,0.030321782178217793,,,-0.0380850330807491,0.0369031165606706,-0.0335455253062725,0.0161169194606899,0.0430508754356567,-0.0151795010735161,-0.0050989656824385,-0.0183745735609606,0.0030609141309649,0.0373113072236584,-0.0003919299490533
1945-12-01,,,,,,,0.0123,-3.26968415319387,-3.259843263356424,-2.8949907037524594,-0.37469344944141064,0.6132393344,0.0255252783,0.0038,0.0199,0.0194,0.0055248619,0.001538317,0.004899999999999998,-0.006100000000000001,0.0161,0.032432432432432545,,,-0.022998742422033,0.0112155257647356,-0.005567352181308,0.0148952432548552,0.0044756543796228,-0.002554795928592,0.0076682555044876,-0.0070068251796016,0.0197849975868721,0.0106926034797542,-0.003091841697245
1946-01-01,,,,,,,0.0377,-3.326962484722737,-3.2595838185903268,-2.983422779082702,-0.3435397056400353,0.5780036156,0.0279694968,0.0038,0.0199,0.0025,0.0,0.0026451685,0.004699999999999999,0.0103,0.0161,0.009889470622454821,0.0181304815637045,,0.0106516524762325,0.0170017838377972,-0.0354960376401029,0.0175108601454774,0.0153605223662107,-0.0054328429240715,0.0002782231445396,0.0136412759470943,0.0125588147167269,0.0276527377431835,-0.0095431359146203
1946-02-01,,,,,,,-0.0143,-3.2451140468068114,-3.317111658795516,-2.9329313723149606,-0.31218267449185083,0.6223367878,0.0310909521,0.0038,0.0198,0.0032,-0.0054945055,0.005942413,0.004699999999999999,0.00019999999999999966,0.016,0.0697004608294931,-0.0112032804890222,,0.012500689925574,-0.0028556905329974,0.0258757232640574,-0.0076720620937281,-0.0281296598722795,-0.0024367635466687,0.0122318772859698,0.0062296280579916,0.0131960951224751,0.0013283911226176,0.0138671315526149
1946-03-01,,,,,,,0.027000000000000003,-3.2804688357760146,-3.2352122441878945,-3.0001668706218565,-0.28030196515415834,0.6148526759,0.0311878756,0.0038,0.0198,0.001,0.0110497238,0.0014965734,0.004699999999999999,0.0024,0.016,-0.06946688206785134,0.0430726968680471,,-0.0215627621092792,0.0021374386483514,0.0171937643730077,0.0144388511448651,0.0111568383481623,-1.38367538201e-05,0.0229100120368825,0.009299468855,-0.0072787038864929,-0.0040415540497361,0.0123135162331067
1946-04-01,,,,,,,0.0304,-3.317389424390063,-3.2804688357760146,-3.0595603150879636,-0.25782910930209973,0.5934129709,0.031306828,0.0038,0.0207,-0.0135,0.0054644809,0.0010777341,0.005000000000000001,0.0092,0.0169,0.04629629629629606,0.0075626177321112,,0.0046746836664379,0.0013265049271062,0.0054439789096465,0.0323217271093299,-0.0097604929307295,-0.016706593205443,0.021705669665067,0.0121293093661162,-0.0287084512371276,0.0194691680304027,-0.000840006401965
1946-05-01,,,,,,,-0.0053,-3.339530550267277,-3.317389424390063,-3.1046909591898757,-0.23483959107740096,0.5780101752,0.0319999197,0.0038,0.0209,-0.0012,0.0054347826,0.0012724951,0.0051,0.0031,0.017099999999999997,0.03761061946902666,0.0194836518077851,,-0.0288959545684667,0.0141041118285383,-0.0124538387298528,-0.0039753722744715,-0.0143930622194643,-0.0013478053631231,-0.0112780111534036,-0.0092423720424525,0.0091585376782884,0.0103074478956165,-0.0050649321006705
1946-06-01,,,,,,,-0.025099999999999997,-3.299642252493716,-3.339530550267277,-3.0883331588265097,-0.21130909366720682,0.5967318354,0.0335915715,0.0038,0.0206,0.007,0.0108108108,0.0014817412,0.005400000000000002,-0.0051,0.0168,0.02238805970149249,-0.009737601308546,,0.0228419208046859,-0.0051382323048413,0.0119296861562927,-0.0181453039427185,-0.0030487768014521,-0.0006516405194053,-0.0054076506554253,0.001626129886796,0.0086754474836997,-0.0054993333314041,0.0087912314886135
1946-07-01,,,,,,,0.0022,-3.268968340069458,-3.294801048877136,-3.0428145428861924,-0.22615379718326567,0.6087517365,0.0391749876,0.0038,0.0209,-0.004,0.0588235294,0.0017038857,0.005500000000000001,0.0028000000000000004,0.017099999999999997,-0.039103232533889476,-0.0031925233536624,,0.0185151219050975,-0.0014992829786892,0.0166757986281514,0.0021748288258168,0.0070754110256965,-0.0017033723995764,0.0162034800150843,0.0013344687116736,0.002825992203926,-0.0071053798112222,0.0157235606327436
1946-08-01,,,,,,,-0.0005,-3.188267979781959,-3.26400482622956,-2.9478863559889024,-0.2403816237930565,0.6485543633,0.0432676449,0.0038,0.0217,-0.0111,0.0202020202,0.0019801137,0.0052,0.0023,0.0179,-0.025501899077590817,-0.0272525326804128,,0.0277786966465514,-0.006203572270468,0.0270034607667741,-0.0006436921370649,-0.0106567042646994,-0.0063319908446863,0.0193966173151748,0.0106995524102145,-0.0031285109466686,-0.0135414591566815,0.0156323632116669
1946-09-01,,,,,,,0.006999999999999999,-3.0764436539371633,-3.1834738978172847,-2.821913788802283,-0.2545298651348806,0.7116343812,0.0491119446,0.0038,0.0219,-0.0009,0.0099009901,0.0160250152,0.0052,-0.0017,0.018099999999999998,-0.07293986636971062,-0.0430352596591374,,0.0576796053315606,-0.0139898549724891,0.0414125686319357,0.0273366758841388,-0.02122809081813,0.0042467453357505,0.0381424842870176,0.0092984329662836,-0.0044689388707233,-0.0208050719300762,0.0226784420703202
1946-10-01,,,,,,,0.0091,-3.0587266146852983,-3.066780349492395,-2.752099263586526,-0.3066273510987723,0.7253916642,0.0485974813,0.0038,0.0216,0.0074,0.0196078431,0.0061160954,0.005500000000000001,-0.0054,0.0178,-0.10150150150150139,0.0130535269884782,,0.0147535846031393,-0.0147164650631045,0.0067243466888667,0.0114489931762501,-0.0024368974023173,-0.002382716424006,0.0083475106524762,0.0023582055551284,0.0030572669631838,-0.0037898490834014,0.0060930177571584
1946-11-01,,,,,,,0.0028000000000000004,-3.037776327823055,-3.049297973407399,-2.6825100252054606,-0.3552663026175945,0.7226999647,0.0480722812,0.0038,0.022,-0.0054,0.0240384615,0.003914349,0.0058,0.0029000000000000002,0.018199999999999997,-0.008021390374331583,-0.011157368671811,,0.0338663247467369,-0.0022164024453097,0.0273737120522153,0.0184380248578418,-0.0013541983967665,-0.0169199476331042,0.0198693088624239,0.0008113830739076,0.0100183651401553,0.0037336513486331,-0.0029710023881425
1946-12-01,,,,,,,0.0009,-3.0703431373451657,-3.0282949011016664,-2.669583920274414,-0.40075921707075185,0.6924379233,0.0360760605,0.0038,0.0212,0.0145,0.0093896714,0.0027155077,0.005599999999999997,-0.0032000000000000015,0.0174,-0.011455525606469008,-0.0031395283266172,,-0.0034282234940282,0.0017154790916558,-0.0047073393361858,0.0030017633448141,0.0055101598693883,0.0054643282928967,-0.0068537393048313,0.002740964501355,-0.000791670485346,-0.0129502352764344,-0.0156896152571939
1947-01-01,,,,,,,-0.0632,-3.0889628802608016,-3.0657060180965345,-2.628892057838408,-0.46007082242239367,0.6800044336,0.0315384626,0.0038,0.0214,-0.0006,0.0,0.0021117215,0.005600000000000001,0.0010999999999999998,0.017599999999999998,0.042944785276073594,-0.0165375515243423,,0.0045903739493365,0.0041806853623514,-0.0148703289559291,-0.0543283930865858,-0.0205532415132842,0.0004385517480159,-0.0392720315980946,-0.0003729485084244,0.000135315455039,0.0256678134597852,-0.0001863396157309
1947-02-01,,,,,,,-0.005,-3.069411602357333,-3.0842076265449205,-2.553992109581115,-0.5154194927762181,0.6858580212,0.0301026572,0.0038,0.0214,0.0021,0.0,0.0013641434,0.0057,-0.0015999999999999999,0.017599999999999998,0.0235294117647058,0.0052470202880172,,0.0007860197340901,0.0061305233908351,-2.38165214234158e-06,-0.0111336419845026,0.0030008672135543,-0.0090473934935063,-0.0016494515896932,0.004264041061669,0.0012764953866949,0.0097668975708136,0.0049435618923552
1947-03-01,,,,,,,0.040999999999999995,-3.047823860332477,-3.0648177333471054,-2.480302892889941,-0.567520967442536,0.7415349887,0.0310199797,0.0038,0.0213,0.002,0.0186046512,0.0024112826,0.006000000000000002,0.0047,0.017499999999999998,-0.014687100893997496,-0.0075272374084565,,0.0313783760678168,-0.0097821723241739,0.0181848630361588,0.0206805842549089,0.0153071053935601,-0.0075044122590935,0.0218567247567943,0.0109325965196371,0.0060661754457531,-0.0114932051031585,-0.0006363547064942
1947-04-01,,,,,,,0.0541,-2.9898511104628955,-3.029520177242824,-2.3969560706397783,-0.5928950398231173,0.7700421941,0.0313459749,0.0038,0.0217,-0.0037,0.0,0.0023073615,0.0063000000000000035,0.0057,0.0179,-0.016850291639663006,-0.0171353466213337,,0.0407088698006512,-0.0104582356251611,0.0261404708308685,0.030043457603064,0.0144059735244124,-0.0025392250645832,0.0347457851733629,0.0046485952851201,-0.0081429827950746,-0.0153382783374746,0.002354262779231
1947-05-01,,,,,,,0.0337,-2.962786195498922,-2.971742507520993,-2.3462224656598085,-0.6165637298391136,0.776366322,0.025894307,0.0038,0.0216,0.0033,0.0,0.0025450853,0.0063999999999999994,-0.0013,0.0178,-0.03889255108767298,-0.0180005696620674,,0.0319336985105755,-0.0223022465948949,0.0228703971563443,0.0240326453718153,0.0041541846568804,0.0060896823480813,0.0242345451093599,0.007379943803068,0.0011079884482184,-0.0269397189024278,0.000218648149645
1947-06-01,,,,,,,-0.0184,-2.996389951972962,-2.9451312602602013,-2.3573099926832923,-0.6390799592896695,0.7411167513,0.0264727428,0.0038,0.0216,0.001,0.00456621,0.0019587785,0.006599999999999998,-0.0006000000000000001,0.0178,-0.008916323731138598,0.0192797540106645,,-0.0180595992623682,-0.0020191338193625,-0.0012249539376271,-0.0041626934086476,-0.0070307340872586,0.004109615642292,-0.0066439699909881,0.0008437902135626,0.0013005868787781,-0.009049991229569,-0.0063921906748639
1947-07-01,,,,,,,-0.0338,-3.0188398485641406,-2.9833178704056094,-2.3676652159321416,-0.6511746326319987,0.7173272191,0.0206405097,0.0066,0.0214,0.0063,0.0090909091,0.0019774476,0.0063000000000000035,-0.0043,0.014799999999999999,0.0525951557093427,0.0365815452392242,,-0.0320469065399985,0.0040542305939085,-0.0190663160218241,-0.0260599451605778,-0.0233335458039205,0.0001159861030893,-0.0355804179415077,-0.0051784025709739,0.007987989040612,0.0170654162764228,-0.0015984973505236
1947-08-01,,,,,,,0.034,-2.9776205236109448,-3.0059364437282325,-2.3148664676016018,-0.6627540560093431,0.7346938776,0.0231767917,0.0075,0.021,0.0081,0.0135135135,0.0008243998,0.006099999999999998,-0.0152,0.013500000000000002,0.03616042077580528,-0.0132952524865167,,0.0174075294662918,-0.0002997875321824,0.0067770063033444,0.0193295527097026,0.0110885988394048,-0.0038332800508505,0.0134534869124756,0.0039426066151853,0.0065064618252675,0.0027255218193967,0.0058634120279669
1947-09-01,,,,,,,0.001,-2.951079109805718,-2.964881497833515,-2.2771018453534926,-0.6739772644522252,0.7403233985,0.02405855,0.008,0.0213,-0.0044,0.0222222222,0.0013854969,0.006200000000000001,-0.0087,0.0133,-0.027918781725888242,0.0023588530050129,,-0.0088131903319004,-0.0032358811647059,-0.0109096575724241,0.0068745132827367,-0.0092709953307976,0.0038815032756802,-0.0069403775838337,-0.00083988862181,0.0092578642064728,0.0018842644870953,0.0011962434426263
1947-10-01,,,,,,,0.015600000000000001,-2.9511170934142776,-2.9301602033238563,-2.2852380470148526,-0.6658790463994251,0.722732523,0.0230185724,0.0085,0.0217,-0.0037,0.0,0.0008695376,0.006500000000000002,-0.006200000000000001,0.0132,-0.013707571801566676,0.0012722923064454,,-0.0135993525907744,0.0007307897759606,0.0020218799020704,0.0063312702056359,-0.0016887355895283,-0.0073086964613246,0.0033642646258158,-0.0038216188941084,0.0107652190906098,0.0103657813347985,-0.0012706387832045
1947-11-01,,,,,,,0.0426,-2.901817936792263,-2.930748291052826,-2.243649295882366,-0.6581686409098969,0.7319926466,0.0259081445,0.0092,0.0229,-0.0174,0.0043478261,0.0004759608,0.006700000000000001,0.007599999999999999,0.0137,0.021178027796161514,0.00882895876499,,0.0240658107762708,-0.0110436777484203,0.0164093020729274,0.0286475746383172,0.0219625785141726,-0.0020582135170742,0.0306701024055357,0.009876935864802,0.0022748316578554,-0.0075817861698774,0.0087537292528033
1947-12-01,,,,,,,0.0364,-2.902206215543168,-2.8817366992592843,-2.251618649402018,-0.6505875661411495,0.725325679,0.0259215953,0.0095,0.0243,-0.0192,0.012987013,0.0011073046,0.006600000000000002,0.021599999999999998,0.014799999999999999,-0.028515878159429686,0.0335575187122367,,0.00349168430875,-0.01607563180338,-0.0069106176519337,0.0298559148454425,0.0212737715841805,0.0134744902070426,0.01293501196835,-0.0059635961718908,-0.0023756051640347,-0.027601359402913,-0.0055479886097976
1948-01-01,,,,,,,-0.04190000000000001,-2.857599502587327,-2.898285340799931,-2.1904605749806785,-0.6671389276066483,0.751888304,0.0277653867,0.0097,0.0243,0.002,0.0128205128,0.001048864,0.006600000000000002,0.00039999999999999975,0.014599999999999998,0.020680453635757212,-0.001964870592124,,0.0130836660439474,0.0154558864343395,-0.0030273656585598,-0.0440067952430639,0.0083554912008112,-0.0091584727150954,-0.0211351421692522,0.0094315416065767,0.0146333457003881,0.0281015684383201,0.0063556521429236
1948-02-01,,,,,,,0.0141,-2.805466167949164,-2.8535758285196913,-2.122229753653633,-0.6832364142955306,0.7877697842,0.029134401,0.01,0.0241,0.0046,-0.0084388186,0.0017556377,0.006799999999999997,-0.0007000000000000001,0.0141,-0.039869281045751714,-0.014650141017595,,0.028478603504101,-0.0078407957974989,0.0177004563343323,0.0094259454016464,0.01293718952157,0.002473377235498,0.019108498295822,0.0019244615519824,0.0025914609192872,-0.0142844717934419,0.00190639290951
1948-03-01,,,,,,,-0.0025,-2.875888292077585,-2.8015762591130335,-2.1768759920652414,-0.6990123000123434,0.8414221219,0.0271870255,0.01,0.0241,0.0034,-0.0042553191,0.0020820213,0.006999999999999999,0.0081,0.0141,-0.04697072838665761,0.031843794209817,,-0.0108793819792085,-0.001779760273459,-0.0436615390255855,0.0059382058414352,-0.0083499610548968,0.0234663102694556,-0.0324714468304131,-0.0179221234086137,0.0167642714522593,-0.0075368904400513,0.0002758187386647
1948-04-01,,,,,,,0.0416,-2.902067797659356,-2.875888292077585,-2.1742350591115205,-0.7278327385478354,0.8259930198,0.0274539336,0.01,0.0239,0.0045,0.0170940171,0.0005519692,0.006900000000000003,-0.0006999999999999997,0.013900000000000001,0.07714285714285718,0.0353793162482108,,-0.0036707319852585,-0.0007889404345868,-0.0047446816859735,0.0332462097786018,0.0218859129278491,-0.0131814740983234,0.0211942016227176,0.002428929571428,0.0050449994076636,-0.005798998275588,-0.0026155447458737
1948-05-01,,,,,,,0.0233,-2.977328667171519,-2.902067797659356,-2.2214828923960095,-0.7558457747755093,0.7816923561,0.0255781215,0.01,0.0231,0.0141,0.0042016807,0.0014527575,0.006199999999999997,-0.0133,0.013099999999999999,0.02652519893899208,-0.0008040416928611,,-0.0089272346107255,0.0006067579888886,-0.0257654490852477,0.001613429413062,0.0006897193214736,0.0079841077812554,-0.0164134635755773,-0.0085092338537373,0.0076155698244863,0.0145656551169384,0.0085419893233743
1948-06-01,,,,,,,0.0397,-2.980319994559104,-2.977328667171519,-2.197224577336219,-0.7830954172228849,0.7869735036,0.0238936692,0.01,0.0238,-0.0084,0.0083682008,0.0009070567,0.0058,9.99999999999994e-05,0.013800000000000002,0.07816537467700257,0.0056611651156456,,0.0097106331502366,-0.0044309097348702,0.0034866419881849,0.0233532439363335,0.0086801597288919,-0.0015553623822723,0.018955709997426,0.0006229807898492,-0.0004249832915874,-0.0082955858722095,0.001974203915642
1948-07-01,,,,,,,-0.016,-2.9178369803354283,-2.972468545073468,-2.105649497406495,-0.8121874829289328,0.8222577621,0.02217932,0.01,0.0241,-0.0021,0.0124481328,0.0027669911,0.005600000000000001,-0.0031,0.0141,0.002995805871779389,-0.0103072338169632,,0.0231847367781441,-0.0002608907036978,0.0265841963283614,-0.0183701768033531,-0.0070641984949171,-0.0147102224583392,0.0119942659769306,0.0033827440543192,0.0169245358407969,0.0038833894349787,0.0102601012778097
1948-08-01,,,,,,,0.002,-2.9177049859675814,-2.9101625240639497,-2.077564781666976,-0.8401402043006054,0.8205382202,0.0192268027,0.0106,0.0242,0.0001,0.0040983607,0.0011851393,0.005999999999999998,0.005399999999999999,0.0136,-0.05316606929510148,0.0057562469789313,,0.0007352010156126,-0.0101390719477728,0.0017834627170186,0.000652806249906,-0.0044781724726041,0.012819347316394,-0.0003045851189023,0.0023827669761002,0.0029283815278077,-0.0090309875125901,0.0092083066960148
1948-09-01,,,,,,,-0.013600000000000001,-2.879456721762285,-2.909974029560429,-2.0126460471514998,-0.8668106746107853,0.8362310712,0.0191280822,0.0109,0.0242,0.0014,0.0,0.0023955016,0.006100000000000001,0.0009999999999999998,0.0133,0.007570977917981114,0.0129589887359258,,0.0216761124673798,-0.005657950273798,0.0248693697888162,0.0002257428410513,-0.003967109996173,0.0039568869377412,0.0172950529948645,0.0020421354777626,0.0010281430812561,-0.0038479322544272,0.0047077019594097
1948-10-01,,,,,,,0.0273,-2.922315505851497,-2.856728470684729,-2.0434349922345953,-0.8788805136169012,0.7919056724,0.018133741,0.0112,0.0243,0.0007,-0.0040816327,0.0008275633,0.006600000000000002,0.0016999999999999997,0.013099999999999999,-0.030056355666875367,-0.0059130592824212,,-0.0077238430388367,-9.42590010776e-05,-0.0124260343358947,0.0064751752687883,0.0089452437617278,0.0073360054073127,-0.0012937994162656,-0.0068656410745827,0.0110551816722661,-0.0113545963417331,-0.0127548618749711
1948-11-01,,,,,,,0.0058,-2.78555376225707,-2.9000923690667864,-1.8952234793052543,-0.8903302829518158,0.870911215,0.0177915373,0.0114,0.0239,0.0076,-0.0081967213,0.0061589031,0.006899999999999996,0.0009000000000000006,0.0125,0.06778566817301468,0.019630705730547,,0.0264392055229168,-0.002389349740159,0.0523785855304781,0.0101678455725521,0.0143993953623432,-0.0017693028735357,0.035777616394839,0.017407834385116,0.0086423978133463,-0.0013866839951471,0.0125318361618408
1948-12-01,,,,,,,0.0466,-2.793866120687066,-2.7638137756206644,-1.8927436102860824,-0.9011225104009837,0.8409475465,0.0150145541,0.0116,0.0237,0.0056,-0.0041322314,0.000967405,0.007399999999999997,0.007500000000000001,0.0121,-0.10822249093107617,0.009328642205028,,-0.0030119892298685,-0.0117561889511464,-0.0099622035870208,0.0159687505834448,0.0243065219459799,0.024220160984564,0.0116609095041449,0.0013692587276892,0.0084827985503091,-0.0299831989784231,-0.0121136292253787
1949-01-01,,,,,,,-0.0292,-2.777383378280831,-2.776068453699522,-1.8810431667553211,-0.89634021152551,0.8324028584,0.0132976714,0.0117,0.0233,0.0082,-0.0041493776,0.0013129862,0.0075,-0.004400000000000001,0.011600000000000001,0.03050847457627115,0.0065673702391182,,0.0209315304612314,0.013178638234441,0.0143139327527963,-0.0190930404671176,-0.006234918006535,-0.0038686533422547,0.0016472842377968,0.0133669697484257,0.0122363087312131,0.0153403315697527,-2.01729529916e-05
1949-02-01,,,,,,,-0.0043,-2.7197808435401916,-2.7600007416520986,-1.827975126165565,-0.8918057173746267,0.8615509072,0.0172190437,0.0117,0.0231,0.0049,-0.0083333333,0.0014096786,0.007400000000000004,-0.0010999999999999998,0.011399999999999999,0.0013157894736843812,0.0093737845201115,,0.0158427983081373,-0.0056346164298037,0.0167604180472293,0.0086902983873992,-0.0075192323399386,0.0076193028095761,0.0143159289548167,0.0003711007946076,-0.0037622880808108,-0.0137482011538171,-0.0088294366353144
1949-03-01,,,,,,,-0.0079,-2.732244929689267,-2.702593161639152,-1.8449417346883643,-0.8873031950009028,0.9017504235,0.0146589662,0.0117,0.0227,0.0074,0.0,0.0011208941,0.007700000000000002,-0.0067,0.011000000000000001,-0.03942181340341666,0.003092322324913,,-0.0027323753330543,0.0152906812069862,-0.0197520327465706,-0.0158870768182587,0.0117954334123688,0.0030243341119041,-0.0203216777798395,0.0011693417432337,0.0115735692301669,0.0189362400985139,-0.0035439383445953
1949-04-01,,,,,,,0.0313,-2.697287432522017,-2.718764768132574,-1.8206532280738295,-0.8766342044481877,0.9174997127,0.0152887455,0.0117,0.0227,0.0011,0.0042016807,0.0004992706,0.007500000000000003,0.0012,0.011000000000000001,0.030095759233926156,0.013051611850697,,0.0123642836254811,-0.0024783712384676,0.0225335363049408,0.0337461416423949,0.0023447692345391,-0.0075994191497619,0.0356276054053455,0.0144415217442754,0.0025776252252368,-0.0078251981966975,-0.008407058156334
1949-05-01,,,,,,,0.030600000000000002,-2.645859836418711,-2.68388723200795,-1.7798643244535195,-0.8659955119651914,0.9485626039,0.0169014375,0.0117,0.0227,0.0019,-0.0041841004,0.0010076601,0.007400000000000004,0.0019,0.011000000000000001,-0.021248339973439556,-0.0057581046505392,,0.0131546960462127,-0.0098275768164642,0.0344832345060965,0.02646598953405,0.0001694351828545,0.0020339489927131,0.0406457224396192,0.0164672309781943,0.0027287230064415,-0.0187866284674612,-0.0062854661543085
1949-06-01,,,,,,,-0.0129,-2.630618460969394,-2.6327348638757715,-1.7749523509116738,-0.8556661100577201,0.9538884243,0.0168124176,0.0117,0.0217,0.0167,0.0042016807,0.0016978117,0.007600000000000003,-0.0083,0.01,-0.03731343283582089,0.0021768548217202,,-0.0097552066495819,-0.0082962444180482,-0.0002501968408194,-0.0018704811743065,-0.0161058846076559,0.0096610913551826,0.0026048025916427,0.0041982680725637,-0.0065232717661157,-0.0153452468746151,-0.000695706327392
1949-07-01,,,,,,,-0.0147,-2.6843635431989115,-2.6240713129427915,-1.8366205273477247,-0.8477430158511869,0.9077989995,0.0195114004,0.0102,0.0216,0.0033,-0.0083682008,0.0006408809,0.007899999999999997,0.006600000000000001,0.0114,-0.002114164904862492,-0.0044394421336296,,-0.0149108161697055,0.007442100268343,-0.0098016092874305,-0.0213493642708905,-0.0112514007544795,-0.0041445799247718,-0.0219993443542533,0.0027170510116982,0.0110962572998729,0.0047145867697035,0.0058458719697031
1949-08-01,,,,,,,0.0158,-2.6898527881953673,-2.6779557542835213,-1.849937185715108,-0.8399156024802595,0.8938766372,0.0194408008,0.0104,0.021,0.0111,0.0042194093,0.0010735364,0.007800000000000001,-0.0074,0.010600000000000002,0.062146892655367214,-0.0018260632195506,,-0.0206093917357986,0.0019940355344165,0.0017001748964977,-0.0029874988047374,-0.0031869788747384,-0.0096158561945045,0.0034659521217335,-0.0044638954291614,0.0042619644636386,0.0039855548024264,0.0021697133360898
1949-09-01,,,,,,,-0.013999999999999999,-2.706767327289321,-2.6833896392802585,-1.874694674499183,-0.832072652790138,0.8750205468,0.0233434075,0.0107,0.0212,-0.0011,0.0042016807,0.0015475937,0.007700000000000002,0.0031999999999999997,0.0105,0.01196808510638303,-0.0096379779053743,,-0.0186451617856765,0.0083167381867203,-0.0170318571074353,-0.0058217533523843,-0.004680412791544,0.0043401387657514,-0.018434397498107,-0.0055302687028931,0.0008895745266068,0.0109188989284207,0.0002530494268745
1949-10-01,,,,,,,0.0002,-2.7043475879330265,-2.6752500259372605,-1.913589022651352,-0.7907585652816749,0.8425662129,0.0222332996,0.0105,0.0212,0.0019,-0.0083682008,0.000613502,0.007499999999999996,0.0048000000000000004,0.0107,0.023653088042049797,-0.0122916619237052,,-0.0041402101995954,0.000670449902515,-0.0038326821627229,0.002462283485159,0.0111232827801639,-0.0046869595145665,-0.0008905107219053,0.0022719395698626,0.0012702340708227,0.0060099761475132,0.0016753856668994
1949-11-01,,,,,,,0.0125,-2.674949094230013,-2.6737029881497656,-1.9247715162163912,-0.7501775780136217,0.833724876,0.0236431599,0.0108,0.0212,0.0021,0.0042194093,0.0009088615,0.007500000000000003,0.0,0.0104,0.029525032092426073,-0.0031950824975858,,-0.0162097972368607,0.0001388692905023,0.0083235357474152,0.019069684120753,0.0154477808318832,0.0043585731884668,0.0169495872402181,-0.0024941103194881,0.0041863111236777,-0.0133190254273462,0.0038307601768799
1949-12-01,,,,,,,-0.008199999999999999,-2.687966832647533,-2.645303446112212,-1.9774279093757183,-0.7105389232718146,0.7964292839,0.0271755847,0.011,0.0209,0.0052,-0.0084033613,0.0004732395,0.0072999999999999975,-0.019700000000000002,0.009899999999999999,0.0012468827930174342,-0.0038704989381496,,0.0189314144179896,0.0081209334953188,-0.0200558501225939,-0.0053232795450438,-0.0072085328248689,-0.0051603587291442,-0.0261825867510435,-0.0023487176955673,0.007456108207877,0.014002500213196,-0.0031834257115408
1950-01-01,,,,,,,-0.0236,-2.696388261354367,-2.679233152678778,-1.98741052611765,-0.7089777352367169,0.7914168195,0.027102233,0.0107,0.0215,-0.0061,-0.0042372881,0.000989153,0.006699999999999998,0.0098,0.010799999999999999,0.04358655043586568,0.0181436743437471,,0.0249975381434122,0.0213937420911229,-0.0205876555649711,-0.015695659120335,0.0017197798304099,-0.008695333014678,-0.0241610112605665,0.0092241401191401,-0.0004518739571899,0.0286722526706424,0.007667736041906
1950-02-01,,,,,,,0.0137,-2.6976514938813114,-2.6877301986112525,-1.9902529005688074,-0.707398593312504,0.7849980338,0.0254916448,0.0112,0.0214,0.0021,0.0,0.0004260143,0.006599999999999998,-0.0013999999999999998,0.010199999999999999,0.017303102625298328,0.0088128400580938,,0.0029021656228763,0.005967394620683,0.0047543813729714,0.0158440762574051,0.0110257896569788,0.0009553129783928,0.0127379514887279,0.0039443085715995,0.0050579363063972,0.0019675699532125,-0.0061598461444676
1950-03-01,,,,,,,0.0147,-2.6931245508855346,-2.68906775018992,-1.9872383445481594,-0.7058862063373751,0.8255277845,0.029291342,0.0112,0.0215,0.0008,0.0042553191,0.0006243025,0.006599999999999998,0.0014000000000000002,0.010299999999999998,0.009970674486803333,0.0077669422073784,,-0.0025942241517138,-0.0042098068637224,-0.0018207898183693,0.0033614903623772,0.0061230710888169,-0.0066362252186414,0.0059167647702329,0.0044261370459284,0.0002898586768186,-0.0134351742619547,-0.0086631708590928
1950-04-01,,,,,,,0.0026,-2.728738666126564,-2.684613861217626,-2.007720794894258,-0.7210178712323062,0.7964974714,0.0263975189,0.0115,0.0214,0.003,0.0,0.0007140107,0.0063000000000000035,-0.0038,0.009899999999999999,0.004065040650406582,0.0046165931204603,,0.006281390388127,0.015416828697318,-0.0471345562140269,0.0114753642007296,-0.0473884653696657,-0.0051566781703897,-0.0360368751250456,-0.0117812909605959,-0.0008353441128569,0.0099884093566529,0.0040258483837534
1950-05-01,,,,,,,0.0036,-2.758839166656679,-2.7202997974806995,-2.0232041529656373,-0.7356350136910417,0.7613463432,0.0285722636,0.0116,0.0213,0.0033,0.0042372881,0.000641263,0.0063999999999999994,-0.0041,0.0097,0.04511278195488733,-0.0160416132190269,,-0.0262199627013135,-0.0182781432331327,0.0119170445162296,0.0012788474770878,0.0019552527409993,0.0182254378745675,0.0036327449951371,-0.0029093435393082,0.0081882658164311,-0.0118256221103233,0.0118567145406381
1950-06-01,,,,,,,-0.0159,-2.6906779513777397,-2.7504709169861625,-1.940835427141249,-0.7498425242364907,0.8134474678,0.0303966588,0.0115,0.0216,-0.0025,0.0042194093,0.0058557165,0.006600000000000002,0.0048000000000000004,0.010100000000000001,0.039291643608190485,-0.0026955795190091,,-0.0216374662809087,-0.0095940614658763,0.0197266511787294,-0.0175726360576578,0.005037285664252,-0.0006013689989268,0.002979941120284,-0.0002802441232014,0.0091678989985002,-0.0071397357023293,0.0163010919049237
1950-07-01,,,,,,,-0.0051,-2.6636739921751085,-2.6552303731949394,-1.925931682124427,-0.7377423100506815,0.8123209169,0.0301173474,0.0116,0.0214,0.0055,0.012605042,0.00311025,0.006700000000000001,0.0014000000000000002,0.0098,-0.05804046858359957,0.0169127503784116,,0.0395219304730156,0.0004834774408698,-0.0474487149063134,0.008792374288093,-0.0299186684943304,-0.0189004618110313,-0.0475193207747808,-0.00114259978573,-0.0242798078873832,0.0347241284558644,0.04488648249524
1950-08-01,,,,,,,0.032400000000000005,-2.6613562296183533,-2.629362325943056,-1.9351109080335531,-0.7262453215848004,0.7843408494,0.0295508723,0.012,0.0214,0.0014,0.0082987552,0.0010756051,0.006200000000000001,0.0024000000000000002,0.009399999999999999,0.00847936687394002,-0.0114460337625718,,-0.0208339300227991,0.0005264951872432,0.0032980182195571,0.0061775656643176,0.0152720074600309,-0.0039789626440029,0.0133436214994441,0.0023038531786578,0.0166357959430849,0.0042787953469988,0.0022679175912997
1950-09-01,,,,,,,-0.0018,-2.682668127830793,-2.6282580885934985,-1.9672151897565495,-0.7154529380742435,0.7514578547,0.0259142089,0.013,0.022,-0.0072,0.0041152263,0.001318373,0.005699999999999997,0.0033,0.009,0.03251121076233199,-0.0149957977691791,,-0.0006698772025204,-0.0050554261113567,-0.0118232452053839,-0.0188127127579533,0.0206369654499797,0.0096753071000521,-0.0129239203245055,-0.0038999717241611,-0.0006665294200664,-0.0012280548732924,0.0045592931993813
1950-10-01,,,,,,,0.0151,-2.652262413801827,-2.648157738977695,-1.956721065159529,-0.6955413486422979,0.7559664015,0.0273410383,0.0131,0.0225,-0.0048,0.0081967213,0.0017594065,0.005499999999999998,0.003999999999999999,0.009399999999999999,0.055917480998914026,0.0133741632722035,,0.0026221260734244,-0.0007855135782197,0.0155117400632164,0.0116150484067737,-0.0013032961985965,-0.0017769318999935,0.0137417342546306,0.010170831273539,0.0209867892222852,0.0036466405780105,0.0011581811484342
1950-11-01,,,,,,,0.0352,-2.6179490355405775,-2.618973625794145,-1.9413077374538619,-0.6766412980867156,0.7473637961,0.0255401327,0.0136,0.0224,0.0035,0.0040650407,0.002457673,0.005499999999999998,0.0019000000000000002,0.0088,0.004113110539845755,-0.024379914353347,,-0.0011311370273938,-0.0147088989898417,-0.0152130484472778,0.0388026405433895,0.0073063826271855,-0.0358835813052382,-0.0227868476134807,-0.0104261832694643,0.0056466139960378,-0.0180582544637708,0.0035222114756361
1950-12-01,,,,,,,0.049400000000000006,-2.630762576031109,-2.585664753844375,-1.9722209246486389,-0.6585416513824698,0.7225384419,0.0313582559,0.0134,0.0224,0.0016,0.012145749,0.0024895409,0.005299999999999999,0.0006999999999999999,0.009,-0.0010240655401945187,-0.0156150604939836,,0.0419559762853747,0.0054285067258387,-0.0425466226060015,0.0402481797938605,0.0266174817724253,-0.0038916373613212,-0.0151085685182624,-0.0027743641708262,-0.0212612032338522,0.0173072637735252,0.01403496886749
1951-01-01,,,,,,,0.0232,-2.6789083429356766,-2.6194660781845855,-2.0328258368433962,-0.6460825060922801,0.6835992445,0.0300450784,0.0134,0.0221,0.0058,0.016,0.0017046886,0.0051,-0.0039,0.008700000000000001,0.046130189646335085,0.0004911204831843,,0.0291979084908625,0.0104469196034754,-0.0319412485484663,-0.0030370077952184,0.0236955382233989,-0.0003602345200654,0.0125455829468569,0.004523737120896,0.0134548730041499,0.0120059569827883,0.0199063689875743
1951-02-01,,,,,,,-0.0195,-2.6742472781433917,-2.667804549921193,-2.0404678597419696,-0.6337794184014223,0.674866098,0.0311200524,0.0136,0.0228,-0.0074,0.0118110236,0.000650644,0.0050000000000000044,0.003,0.009200000000000002,0.06124448799608029,-0.0127314695073586,,-0.0113583709865799,0.0078211908408336,0.015061576948001,-0.0232751647138435,0.0026800569509913,0.020080453915534,0.0004927674866069,0.0019509598998155,0.0173966031317915,0.0081027977315619,0.0117013993197528
1951-03-01,,,,,,,-0.029300000000000003,-2.6446805871696206,-2.6631996349368583,-2.0231142103726594,-0.6215663767969613,0.7813946002,0.0326867713,0.014,0.0241,-0.0157,0.0038910506,0.0012276649,0.004500000000000004,-0.008,0.0101,0.006463527239150446,0.0129695187619841,,-0.0170558189320722,-0.0186628148754888,0.0193380148902618,-0.0290565298430767,-0.008528323120189,-0.0087970988328127,0.0020018038573624,0.0054078597453797,0.0088792856540731,-0.0065704539835312,0.0003726556755364
1951-04-01,,,,,,,0.059800000000000006,-2.6829770730719105,-2.635968646567599,-2.0831756559516603,-0.5998014171202501,0.7494307876,0.0320924792,0.0147,0.0248,-0.0063,0.0,0.0008481981,0.004800000000000002,0.0054,0.0101,-0.01834862385321112,-0.0343797593682996,,-0.0043477448114373,-0.0003614413888901,-0.0249487028417806,0.0346181234581336,0.0464144841692083,0.0057872095078938,-0.0099578018335811,-0.0024793884671212,0.0031814344942764,-0.0194049459548518,0.0175377942563937
1951-05-01,,,,,,,-0.0096,-2.6328591062316264,-2.67427571947016,-2.0549484231007717,-0.5779106831308549,0.7778890447,0.0306750269,0.0155,0.0254,-0.0069,0.003875969,0.00140742,0.005100000000000004,0.0054,0.009899999999999999,0.04813084112149535,-0.0003712144293988,,-0.0051219915746039,-0.000935926316896,0.021837867712783,-0.0069451043385076,0.000161330884486,-0.0051787041246989,0.000995656064362,0.005713912388194,0.0127774829560473,-0.0036270047720051,-0.0021511034617896
1951-06-01,,,,,,,-0.0245,-2.5979300381913957,-2.6242969140321377,-2.0419839791449355,-0.5559460590464602,0.8003626772,0.0363411209,0.0145,0.0259,-0.0062,0.0,0.0011367733,0.005500000000000001,-0.0030999999999999995,0.011399999999999999,-0.04057066428889877,0.0213478532470782,,-0.0345113145487537,0.0008718012981219,0.0299475552677269,-0.0068104529328109,-0.0123186587168579,0.0110433726001301,0.0038586861563516,0.0028813546676319,-0.0006308052984309,-0.0001079712781644,-0.0286165653762833
1951-07-01,,,,,,,0.0718,-2.672937329799037,-2.6064922303908844,-2.1345013188628634,-0.5384360109361737,0.7531218491,0.0325985964,0.0156,0.0252,0.0138,0.0,0.0014082079,0.005899999999999999,0.006700000000000001,0.009600000000000001,-0.026022304832713727,-0.0255397684909992,,0.0013363713231582,0.0063972881652879,-0.0324116150885312,0.0426459749821478,0.0473228486254896,0.0074195417988783,-0.0062272769068948,-0.0016835934818195,0.0076385154297227,-0.00154309064077,0.0025037753046104
1951-08-01,,,,,,,0.0066,-2.7201723474030306,-2.6816386834007875,-2.1998052239297112,-0.5203671234733195,0.7185938945,0.0303211996,0.0162,0.0246,0.0099,0.0,0.0005817795,0.006200000000000004,0.0014999999999999996,0.008400000000000001,0.06870229007633566,-0.0079565415659726,,-0.002743628663156,-0.0006394049891638,-0.0065450850905958,-0.0128418468603129,0.0130429180231185,-0.0050416598743808,-0.0088558864722461,-0.0006585923662677,0.0073651297269879,0.0005848397808908,0.0155303114379672
1951-09-01,,,,,,,0.0059,-2.7280248122323334,-2.728884288005052,-2.226452393946826,-0.5015724182855075,0.7161823278,0.0287995059,0.0163,0.0253,-0.008,0.0077220077,0.000254769,0.006199999999999997,0.0023,0.009000000000000001,0.03928571428571437,-0.0085515620091062,,-0.0007347541454404,-0.005343155388214,-0.008265105707366,0.0043016415984317,0.0103861716639779,-0.0092283772222377,-0.0080754061399939,-0.0016892161109314,0.0083496158359243,0.0005417500139946,0.0041798756439157
1951-10-01,,,,,,,-0.0021,-2.738612776353795,-2.7524658117430887,-2.2219255814177714,-0.5166871949360234,0.7402325138,0.0291442552,0.0154,0.0254,0.001,0.0038314176,0.0015110763,0.006100000000000005,-0.0155,0.009999999999999998,-0.0008591065292096189,0.0018027711393243,,0.0038218500010082,0.0052939385375217,0.0165585725580344,-0.0094364161787584,-0.0044838067844741,-0.0038088095790262,-0.0036290290222439,0.0076900045745816,0.0062284163896855,0.0110039726173541,0.0113909976257202
1951-11-01,,,,,,,0.004699999999999999,-2.7609780658581897,-2.763597011047817,-2.2287612521108815,-0.5322168137473082,0.7432923795,0.0316209665,0.0156,0.0264,-0.0136,0.0076335878,0.0010239817,0.005999999999999998,0.007499999999999999,0.0108,-0.013757523645743786,-0.0229638808767418,-0.0324954580426249,-0.0154725022087133,-0.0039595080593775,-0.0008052600356476,0.0014421461568108,-0.0149103046715737,-0.0041888666414759,-0.0101212492666875,-0.0010646659009706,0.0108396761505795,-0.0036302199956713,0.0003534383132266
1951-12-01,,,,,,,0.0175,-2.824834576982026,-2.78667346212152,-2.276426242066992,-0.5484083349150336,0.7213163466,0.0361507878,0.0173,0.0269,-0.0061,0.0037878788,0.0004270364,0.006000000000000002,0.0119,0.009600000000000001,-0.0026155187445511263,0.0032758281951235,-0.0140345722298067,-0.0172968631930959,0.0032925767038856,-0.001828709079935,0.0071712869574088,0.0056615744418131,0.0172231567705716,0.0015808366488322,0.0031584324420292,0.0008079336593962,-0.0141049353896841,-0.0121199743858586
1952-01-01,,,,,,,0.0137,-2.8379428202774175,-2.8224968859801343,-2.2973379059595063,-0.5406049143179115,0.7174258377,0.0351506982,0.0157,0.0268,0.0028,0.0,0.0005384211,0.006100000000000001,0.0171,0.011100000000000002,0.03889860139860146,-0.012464175870024,0.0179224865788779,-0.0102853640275443,-0.0032817454401891,0.0057377337881814,0.0093995385161502,0.0124172393077558,-0.0050925989551863,0.0002396380181472,0.0003820576366848,0.0118298059380441,-0.0045988882248478,-0.0018143131086663
1952-02-01,,,,,,,-0.0068000000000000005,-2.7984049236873503,-2.8355399922662174,-2.265740041611088,-0.5326648820762623,0.7466933251,0.0348717046,0.0154,0.0269,0.0014,-0.0075471698,0.000931601,0.005999999999999998,-0.0099,0.0115,0.015565839293226746,0.0125204381274013,0.0127803699788094,0.0058130304672668,0.00077274032301,0.0086487868110385,-0.0029871141198674,0.01539920753729,0.0076262988589019,0.0079815941877387,-0.000493141023893,0.0015405518670959,0.0002209180551781,0.0109394651905059
1952-03-01,,,,,,,0.0165,-2.8426959960239455,-2.796078275477349,-2.317884130283215,-0.5248118657407306,0.7518741186,0.0320941367,0.0159,0.0263,0.0111,0.0,0.0006318152,0.005499999999999998,-0.0035000000000000005,0.0104,-0.03645401822700911,-0.0063154593691153,-0.0035353352587861,-0.0017139124006798,-0.0085476878167905,-0.0158722225754285,0.0119785883130193,0.0001480150578895,0.0083700152289483,0.0020662034170818,-0.0010772920683732,0.0035055713341625,-0.0191748577220299,0.0090401155865724
1952-04-01,,,,,,,-0.020099999999999996,-2.7916369172104756,-2.835678423365299,-2.2822108737989084,-0.5094260434115674,0.7863990995,0.0332314494,0.0157,0.0254,0.0171,0.0038022814,0.0008078353,0.005700000000000004,-0.0175,0.0097,0.04772141014617359,0.0153479007274568,-0.0093269164965825,-3.9297836493e-05,0.0061449693583026,0.0270001124462643,0.0018058589705395,-0.0047253342874924,-0.0021198459816115,0.0104526326781446,-0.0011897299944292,0.0109038410942658,0.0063095801057176,-0.0035000803458568
1952-05-01,,,,,,,0.005600000000000001,-2.8075603030818606,-2.7846682478943823,-2.313541797632251,-0.49401850544960946,0.7705179889,0.0321491207,0.0167,0.0257,-0.0033,0.0,0.0005264526,0.005600000000000001,0.0063999999999999994,0.009000000000000001,-0.04308576118178087,-0.0065223480036003,-0.0031489197712967,-0.0110417965694878,0.0032577402858829,-0.0041295024147142,0.0027599936384403,-0.0047587817669245,0.0058072640672822,0.0037333385696723,0.0002415764632354,0.0081409190889318,0.0014300618555205,-0.0045150034865851
1952-06-01,,,,,,,0.0149,-2.845710987068744,-2.800639860237287,-2.367123614131617,-0.478587372937127,0.7387150879,0.0277312703,0.017,0.0259,0.0003,0.0037878788,0.0003252706,0.005600000000000004,0.0013000000000000002,0.008899999999999998,0.023156089193824947,0.0010724191804728,-0.0008681463754086,-0.0073214098958111,-0.0102784542786329,-0.0157677973888901,-0.0006431390898881,-4.45173952622e-05,0.0067285920109709,0.0016031912925271,0.0006468970401045,0.0001492047540721,-0.01809685249429,0.0040221019348368
1952-07-01,,,,,,,-0.0055000000000000005,-2.863185617592008,-2.845710987068744,-2.3817390880780787,-0.48144652951392913,0.724710259,0.0279228246,0.0181,0.0261,-0.002,0.0075471698,0.0003448818,0.005500000000000005,0.0036,0.008,0.04610226320201183,0.0048038858106377,-0.0004995045523398,0.0020529191455812,-0.0046672799546481,0.0080442435997138,0.0009580010633992,7.77425036534e-05,0.0054318133348649,-1.98090990956e-05,-0.0036756858743445,0.0067790199788644,-0.0060847508970039,0.0112424245009789
1952-08-01,,,,,,,0.0034000000000000002,-2.8485115490112,-2.863185617592008,-2.3642565070129056,-0.4842550419982942,0.736620128,0.0280428787,0.0183,0.0267,-0.007,0.0,0.0002895367,0.0057,0.0133,0.008400000000000001,0.017628205128205066,-0.0016073361451416,0.0035271821678744,0.0092279119165154,-0.0026547712094847,0.0130045700876398,0.0003630679165188,-0.0063096970696164,-0.0089379982255552,-0.0014846788757084,0.0015566176306205,0.003377937151196,0.0107113887412618,0.0038175810627211
1952-09-01,,,,,,,0.0173,-2.8287408828502825,-2.8485115490112,-2.3416428202452466,-0.4870980626050357,0.7486789106,0.031038055,0.0171,0.0277,-0.013,0.0,0.0004411726,0.005700000000000004,0.0112,0.010599999999999998,-0.014566929133858153,0.0007103573576221,0.0079130986745,0.0036803656301175,0.0024083573377721,0.0118442486389634,0.0176975218396148,-0.0007655027011443,0.0045071966511444,0.0130013613564426,0.0013855174000932,-0.0027920839213711,0.0138032342006028,-0.0023768893361879
1952-10-01,,,,,,,0.0273,-2.8371402940334742,-2.837955622248229,-2.3352077193546874,-0.5019325746787869,0.7525164358,0.0299273118,0.0174,0.0269,0.0148,0.0,0.001026218,0.005300000000000003,-0.0109,0.009500000000000001,-0.01957650819017187,-0.0033803018685263,0.0020102113985222,0.0023317824422856,-0.0076436126813578,-0.0019236181013688,0.0107859331167616,0.0016169517440071,0.0011863739851935,0.0019690344922189,-0.0002106337754135,0.0005766509746998,-0.0043489486324821,0.0028798132703651
1952-11-01,,,,,,,0.0036,-2.891955240093048,-2.846510991973568,-2.3750217005001293,-0.5169335395929184,0.7142353522,0.0265501524,0.0185,0.0272,-0.0015,0.0,0.0004590891,0.005499999999999998,0.0123,0.0087,-0.0008149959250203231,-0.0001707006219657,-0.0125583671834153,-0.0127847590712429,-0.0010040182368095,-0.0044800302415934,0.0054988526883529,0.0058097233179479,0.0084594859978625,0.0017298959647733,-0.0053673926275229,0.007627140171097,-0.0065786360982449,0.0080169459574563
1952-12-01,,,,,,,0.0154,-2.9361930553816453,-2.9013436547974134,-2.404314022417822,-0.531879032963823,0.6940733128,0.0265347164,0.0209,0.0279,-0.0086,0.0,0.0002677175,0.0053999999999999986,-0.0005000000000000004,0.007000000000000003,0.04649265905383371,-0.0114519339283298,-0.0007944121455504,-0.0056651574974241,-0.0008325619265279,-0.011322679670978,-0.0011496793473216,-0.0060063227838087,-0.0011478146344365,-0.0016003449115874,0.0014882967922228,0.0093480803107875,-0.0045937642733295,0.0009828100387035
1953-01-01,,,,,,,0.0074,-2.9290164428990915,-2.9361930553816453,-2.392979399786605,-0.5360370431124868,0.6991752079,0.025934035,0.0196,0.0279,0.0012,-0.0037453184,0.0004009589,0.004899999999999998,-0.0092,0.008300000000000002,0.035463756819953174,0.0058318273946206,0.00108067874253,0.0172716290817084,-0.0087069001070877,0.0022589475615725,0.0116618971680221,0.0005103296530378,-0.0133679061403175,-0.0001139501248357,0.0071586495984541,0.0040420908675364,0.0351868869907956,0.0204984824071385
1953-02-01,,,,,,,0.008,-2.910653264315415,-2.9290164428990915,-2.370475428536897,-0.5401778357785182,0.7127027122,0.026515491,0.0197,0.0287,-0.0087,-0.0037593985,0.0004906637,0.0045999999999999965,0.004699999999999999,0.009000000000000001,-0.007150922092585721,-0.0031921533250045,-0.0017950421792081,0.0065597341721853,-0.004015372053575,-0.0036236343776756,0.005377480717993,0.0046718460590662,-0.0107960400036305,-0.0023220067355006,0.0002859925436456,-0.0054815073122319,0.0096070652277448,0.0003276629327429
1953-03-01,,,,,,,0.0014000000000000002,-2.886819356291797,-2.910653264315415,-2.3425178033294163,-0.5443015529623803,0.7624968735,0.0240133528,0.0201,0.0294,-0.0088,0.0037735849,0.0006826525,0.004500000000000004,0.0055000000000000005,0.0093,-0.0181956027293404,-0.0063615018236726,-0.009646415447429,-0.0041436954115286,0.0040089613164133,0.01139652157653,-0.0094484326760382,-0.0083132071830002,-0.0094444482592345,-0.0022638320871853,0.0075811648240714,0.0131017114736876,0.0005155763607498,-0.0090969507532754
1953-04-01,,,,,,,0.0184,-2.8576317253643393,-2.8844816652899055,-2.304740134794192,-0.5528915905701473,0.7767060965,0.0262931544,0.0219,0.0303,-0.0105,0.0,0.0012715949,0.004199999999999995,-0.014299999999999998,0.008400000000000001,-0.02355212355212355,0.0002410657757947,-0.0042354665420695,0.0077104934243308,-0.0089405133133824,0.0047209545001449,0.0142177612503908,-0.0002852328743522,-0.0072470288079716,0.0006124727758893,0.0003853795556613,0.0079267859626096,0.0045587081988967,0.0020611077354466
1953-05-01,,,,,,,0.0091,-2.851974215879597,-2.8552288973531392,-2.2907161184682856,-0.5612580974113113,0.78375202,0.027225579,0.0216,0.0314,-0.0148,0.0037593985,0.0005931666,0.004400000000000001,0.011800000000000001,0.009799999999999996,-0.02649268485567413,0.0080278371732754,0.0035316860486812,-3.29343569335e-05,-0.0042512637532815,-0.0050597914368087,0.0066661198172986,0.005887251670643,0.0060257830493119,0.0086035827876827,-6.85318898619e-05,-2.74663426617e-05,-0.0045221458150489,-0.0001980468472848
1953-06-01,,,,,,,0.0,-2.833213344056216,-2.849647567669596,-2.263587462525693,-0.5696258815305231,0.795496906,0.0274618998,0.0211,0.0301,0.0223,0.0037453184,0.0011056921,0.0046,-0.0114,0.008999999999999998,-0.0032493907392364685,0.0053617022703756,-0.0012878855359002,0.0019122416529309,1.08896900153e-05,0.0075751288311436,0.0008781194465802,0.0032960603774099,-0.0001928477907436,0.0004597952123431,0.0027590491155868,0.0013457821561969,-0.0156654493248808,-0.0059351803406534
1953-07-01,,,,,,,-0.0037,-2.85816861740153,-2.833213344056216,-2.2832579203603354,-0.5749106970411948,0.7749291888,0.0261518703,0.0204,0.0301,0.0039,0.0,0.0005810146,0.0058,0.0138,0.009699999999999997,-0.016299918500407462,0.0022833803488336,-0.0020746828583505,0.0022201539545859,0.0025495266549473,0.007113118720853,0.0010100523687235,-0.0023940488332632,0.0019212463808714,0.0009125423744329,0.0007232294083303,0.0035007299780401,-0.0096345276880869,-0.0049497182473983
1953-08-01,,,,,,,0.0212,-2.798654489869122,-2.85816861740153,-2.218447337758676,-0.5802071521104464,0.8169359161,0.0280870247,0.0204,0.0303,-0.0008,0.0037313433,0.0006814738,0.006100000000000001,-0.0077,0.009899999999999999,0.025269262634631362,0.009269504942925,0.0029578730439241,0.0104299267411451,0.0052429081851611,0.039939850376949,0.002654138086804,0.0110426085826147,0.0035663737718059,0.0140035359482097,0.0094748869711214,-0.0002381395429672,-0.0012453991798051,-0.0121158795211198
1953-09-01,,,,,,,0.028999999999999998,-2.7999401125017367,-2.798654489869122,-2.2145036249445713,-0.5854364875571654,0.8082108771,0.0258766059,0.0179,0.0284,0.0299,0.0,0.0011056426,0.0059000000000000025,-0.0046,0.010500000000000002,-0.05777777777777782,0.0048924488985568,-0.0007059449755005,-0.0056995646021666,-0.0039883181291253,0.003822837972157,0.0111837825199919,0.0075850707674122,0.0129441876177342,0.0109235567140088,0.0006434355324971,0.0002569523181695,-0.013095670970103,-0.0098992338939321
1953-10-01,,,,,,,0.0025,-2.8426299950109493,-2.79292253984309,-2.2694404155591497,-0.5731895794517998,0.7737210398,0.0246952319,0.0138,0.0281,0.0074,0.0037174721,0.0005728518,0.006599999999999995,0.015300000000000001,0.0143,0.0012864493996569415,-0.0058636236446414,-0.0025885868023156,-0.0090282511274608,0.0001608243499382,-0.0105978710869539,-0.0027885531481623,-0.0009292850226023,0.0104068387046726,0.00283480860164,-0.0007697456880256,0.003983858465635,-0.0141708085477756,0.0081208758079883
1953-11-01,,,,,,,0.0196,-2.8445863342284863,-2.835661325694856,-2.2836618791620316,-0.5609244550664549,0.7584319579,0.0257980017,0.0144,0.0286,-0.0049,-0.0037037037,0.0003764983,0.0063999999999999994,-0.0024000000000000002,0.0142,0.05096359743040679,-0.0027257516918855,0.0045285765128056,-0.0011763534304457,0.0087720929792281,0.002381362622096,0.0133234830708432,0.0035720238610025,0.0092843732946505,0.0074222453861266,0.0047220368659001,-0.00315879061881,-0.0067932800323164,-0.0067812347338272
1953-12-01,,,,,,,0.0521,-2.839683241271227,-2.837665891383913,-2.2909640445600172,-0.5487191967112095,0.7597009612,0.0248222723,0.016,0.0274,0.0206,0.0,0.0004172689,0.006100000000000001,-0.0034000000000000002,0.0114,0.00896495517522422,0.0045640218130965,-0.0067804299965572,-0.0028997582030651,0.0006809569558928,0.0207255230850634,0.0385033997698921,0.0069840960706374,0.0099980521503298,0.0160003545946311,0.0032348620397164,-0.0003390776111571,-0.0106591161823436,-0.0111438556987687
1954-01-01,,,,,,,-0.0584,-2.884995133585687,-2.8350731942309446,-2.335601168404088,-0.5493939651815991,0.729847122,0.0233833396,0.0118,0.0291,0.0089,0.0,0.0004982249,0.006500000000000002,0.0034999999999999996,0.017300000000000003,0.0020193861066235552,-0.0141049753925278,0.0022624145076101,-0.0033257225096436,-0.0034847744320781,-0.0254023452898116,-0.0359040383164,-0.0124629512994127,-0.0066159118418604,-0.0198387056146655,-0.0035136844251453,0.0126358195494795,0.0119761553976476,0.0230705000279844
1954-02-01,,,,,,,0.0104,-2.883155031394688,-2.8804745779422083,-2.3329851667873163,-0.5501698646073718,0.7245195899,0.0225625653,0.0097,0.0279,0.024,0.0,0.0003407126,0.006600000000000002,-0.004199999999999999,0.0182,0.051189036678758626,0.0044206165386825,-0.0027908304058853,-0.0135226196562446,-0.0017212260763708,-0.0003720020143343,0.0148021133283912,0.0080746611279039,0.0050101478070782,0.0063671321187394,0.0009156799539087,0.0064844480984974,-0.0043286543600065,-0.0001954360760612
1954-03-01,,,,,,,0.0213,-2.908349770191573,-2.878586789720287,-2.3575188118118833,-0.5508309583796899,0.8049158183,0.022093476,0.0103,0.0278,0.0058,0.0,0.0003565486,0.006499999999999999,-0.0018999999999999998,0.017499999999999998,0.0026840490797546135,0.001417610289025,-0.0154724964842649,-0.0215941388437379,0.0031574051290444,-0.0090334912732486,0.0193914124326608,0.0015091858947106,0.0159488729039351,0.0137494251187778,0.0013910824775612,-0.0020362815558856,-0.0033527883393853,-0.0014575496602217
1954-04-01,,,,,,,0.0508,-2.9607532181401375,-2.9129180118659743,-2.3962582553395775,-0.5644949628005602,0.765039301,0.0208562332,0.0097,0.0273,0.0104,-0.0037174721,0.0007307019,0.006200000000000001,-0.0138,0.0176,0.03021032504780119,-0.0077868194959036,0.0004008869254475,-0.0149142314302894,0.0056556206101342,0.0081290459848389,0.0316391311970588,0.0018777669614856,0.0125445478964152,0.002748075843374,0.0005712496461723,0.002576279404825,-0.0243300520735514,-0.0134696285674884
1954-05-01,,,,,,,-0.0202,-2.9976525813932584,-2.965273773783616,-2.4195847767633945,-0.5780678046298638,0.7459769764,0.0184925878,0.0076,0.0279,-0.0087,0.0037313433,0.0004298532,0.0059000000000000025,0.0045,0.020300000000000002,0.04899777282850781,-0.0018776421107186,-0.0001193653237706,0.0034311869224257,-0.0010952104590812,-0.0122644820171466,-0.0139684009982286,-0.0044940933957731,-0.0037087807190794,-0.005003715118527,-0.0050298290253833,0.00867314173693,0.0084480886273795,0.0150077754697947
1954-06-01,,,,,,,0.0355,-3.0029475599671667,-3.0022626284335407,-2.411336798626644,-0.5916107613405226,0.732467844,0.018357419,0.0064,0.0272,0.0163,0.0,0.0009354285,0.005899999999999999,-0.009999999999999998,0.0208,0.03290870488322706,0.0113291178564811,-0.0019500666726827,-0.0016878402553848,0.0002886550996968,0.009044013607917,0.0204459077515063,0.0037183321871895,0.0098457350164912,0.0127295166888069,0.0079515302165274,0.0090482108893548,0.0017611183223476,-0.0029202507447772
1954-07-01,,,,,,,0.0043,-3.05393512168381,-2.9983375129268843,-2.4656756579564063,-0.5882594637274041,0.7021729133,0.0177074723,0.0072,0.0266,0.0134,0.0,0.0006133067,0.006100000000000005,-0.0094,0.0194,0.0006851661527920161,0.0168732796271532,0.0075571702436699,0.0022407178714005,-0.0099189453445922,-0.011969638691432,0.0048808585988732,0.0130126089364843,-0.0016420414844621,0.0020873462319714,0.0001231879019361,0.0002441360453214,0.0219804776989093,0.0228600244765584
1954-08-01,,,,,,,-0.0067,-3.014820439410413,-3.0494145660403316,-2.429786293050171,-0.5850341463602424,0.7275163788,0.0175275314,0.0092,0.0269,-0.0036,0.0,0.0011449666,0.006200000000000001,0.0054,0.0177,0.057172201300924375,0.0085762513262637,0.004711667228411,0.0037533477119574,-0.0053499784387412,0.0037257071077744,-0.0107625920654834,0.0029730312626528,-0.0068490806870209,0.0013215874349425,0.0002989994690576,0.0124835937886861,0.0162830954231046,0.0104397246015272
1954-09-01,,,,,,,0.0166,-3.0901143790457617,-3.010252197736012,-2.508392933646734,-0.5817214453990283,0.6777451035,0.0168841886,0.0101,0.0271,-0.001,-0.0037174721,0.0006917895,0.005800000000000003,0.005,0.017,-0.03400259067357514,-0.0020614932359289,-0.0049797255390602,-0.0080584526452131,0.0031799775836371,-0.0169299929303665,0.0083296621670979,0.0006727062276614,0.0068176946676745,-0.0023056560461254,-0.0009253740625763,0.0042581345406804,-0.0065989744637623,0.0020005338628335
1954-10-01,,,,,,,0.0092,-3.054697130865139,-3.074388343755321,-2.4711008744330814,-0.5835962564320575,0.6937581644,0.0175796112,0.0098,0.0271,0.0006,0.0,0.0004991744,0.005899999999999999,0.0034000000000000002,0.0173,0.08313778075762679,0.0056416107411362,0.0107696776998012,-0.0024165063492266,0.0013141242996009,-0.01133944605639,0.0123699425748153,0.006836423395302,0.0125184949343556,0.0129780689287348,0.0032837503690507,-0.005147249153981,0.001572622462545,0.0046936443896603
1954-11-01,,,,,,,0.0187,-3.116857629198327,-3.0391486448710108,-2.5315501710467285,-0.5853074581515987,0.6316415441,0.014153219,0.0093,0.0274,-0.0025,0.0,0.0012668257,0.005600000000000004,0.005,0.0181,-0.01949860724233987,0.0069052862236346,0.0067066939517462,0.0014298085690147,0.0100369000498113,-0.0253103455882801,0.0186834520655298,0.0106295476008742,0.0138075111675142,0.0062691258824829,0.0051686369825483,-0.0066904320347371,-0.0032782602150046,-9.37449495582e-05
1954-12-01,,,,,,,-0.013999999999999999,-3.1511808120968494,-3.1016121348480037,-2.56411590832314,-0.5870649037737093,0.6041197854,0.0269928125,0.0115,0.0272,0.0064,-0.0037313433,0.000882281,0.005500000000000001,-0.0047,0.0157,0.08080808080808088,-0.0070778077725406,0.0055617817588371,-0.0011787213509118,-0.0105508203235665,-0.041880864128414,-0.0085721227691872,-0.0135080778445374,-0.0146956221124741,-0.0238405599748845,0.009628922587506,0.0025594967661904,0.0248113010624144,0.0383805831687081
1955-01-01,,,,,,,0.0147,-3.164743947728766,-3.14683959946043,-2.5594254667376495,-0.605318480991117,0.5975588876,0.0264122091,0.0122,0.0286,-0.0241,0.0,0.0025173979,0.005200000000000003,0.0144,0.016399999999999998,0.05081775700934554,0.0088745996391092,0.0017029675345939,-0.0042064824452365,-0.0137541762261697,-0.0039425353378701,0.0107680663387623,0.0067218260002184,-4.71101619180089e-06,0.0029920159397887,0.0066510087207755,0.0070682426620571,0.0083079201784706,0.0145864885907517
1955-02-01,,,,,,,0.0104,-3.164028597475762,-3.1604858767789987,-2.540838139464644,-0.6231904580111178,0.5931483235,0.0280446533,0.0117,0.0292,-0.0078,0.0,0.0006040311,0.005400000000000002,0.0014999999999999996,0.0175,0.018065591995553243,0.0025746827918905,0.0043969072773888,-0.0022176904268026,0.0049650456048149,-0.0083051433154148,0.0116047783032074,0.0037307190143604,0.0044472810155297,0.0005897916234341,-0.0012600307153468,0.0057809718107062,0.0109159969196084,-0.0021877230490062
1955-03-01,,,,,,,0.0096,-3.154815821701274,-3.1597244762260406,-2.5143123746267504,-0.6405034470745232,0.6077617769,0.0279683419,0.0128,0.0288,0.0087,0.0,0.0024825482,0.0045999999999999965,0.0005000000000000004,0.016,0.003549003549003338,-0.0060220169228757,-0.0026084075985755,-0.0022369761483408,0.0085001818695928,-0.0044015684853086,0.010711364757099,0.0006985846843173,0.0077774991054361,0.0019061561342214,0.0009242434488249,0.0007688399648347,0.0033023159177559,-0.0113005915118378
1955-04-01,,,,,,,-0.0001,-3.1897340021405856,-3.152702671361578,-2.5224739360845927,-0.6672600660559931,0.5849876659,0.0265096789,0.0159,0.029,0.0001,0.0,0.0006280503,0.004800000000000002,-0.0002,0.0131,-0.004896626768226331,-0.0123223265678858,-0.0044720627970569,-0.0043790874974428,0.002862913952441,0.0181737946817353,-0.0062037848296124,-0.000184550073764,0.004364252016549,0.002074353602932,0.0063477367867315,0.0123832907593795,-0.006014018376556,-0.0102316287444857
1955-05-01,,,,,,,0.0060999999999999995,-3.186243433110939,-3.1875614773244227,-2.493128167274854,-0.6931152658360848,0.5860754131,0.0254187153,0.0145,0.0287,0.0073,0.0,0.0007450734,0.004600000000000003,-0.0091,0.014199999999999999,0.037725533078184936,-0.0005823573877023,-0.0021539275731841,-0.0072642931099863,0.0118127279067097,0.0020704304977879,0.0039494614290529,0.0093245698031665,0.0097960979353739,0.0013433376441419,0.0010183389708718,0.0004483332690672,-0.0052821957185604,-0.0102500019611023
1955-06-01,,,,,,,0.0472,-3.263227887093878,-3.1841393101680264,-2.544922146897778,-0.7183057401961002,0.5516416323,0.0253639323,0.0141,0.0293,-0.0076,0.0,0.0006457441,0.0046,0.010499999999999999,0.0152,-0.0013171759747103717,-0.0041370615947479,-0.0003103916127181,0.0011096024939406,-0.0034272765109232,-0.0083587730306222,0.0138732928050321,-0.0008344477165567,-0.0038327254305642,-0.0126085185282393,0.0015508756066747,0.0033966431163989,-0.0198245112400387,-0.0040522988149761
1955-07-01,,,,,,,-0.012199999999999999,-3.3115642147897804,-3.252647118696188,-2.5813305009647323,-0.7302337138250478,0.5345068155,0.0247604416,0.016,0.03,-0.0102,0.0037453184,0.0020821185,0.004600000000000003,0.0061,0.013999999999999999,0.08230018464785038,-0.0049211745827988,-0.0110788001809071,-0.0003002819068297,-0.0156726486674481,0.0239570901271534,-0.0087045581940149,-0.0043775972413936,-0.0092263410467413,-0.0107540548903177,0.0005949775677307,0.017276086571947,0.0065711472287422,0.0143567480584386
1955-08-01,,,,,,,0.0176,-3.293313419874007,-3.3011565973350327,-2.551444388966473,-0.741869030907534,0.5318467256,0.0266710626,0.019,0.0301,0.0004,0.0,0.0011204036,0.0045000000000000005,-0.0042,0.011099999999999999,0.060687301974165386,0.0057148735222317,0.0131715956252631,0.0087584880978032,0.0121786357657467,-0.0073832718853195,0.0036172693434548,-0.000470470141636,0.0141146609413889,0.0113564249875432,0.0008873907770983,0.0057055754841518,0.0020592783489675,0.0023807054978976
1955-09-01,,,,,,,0.0183,-3.294235218253177,-3.2829512758423687,-2.5411898961121624,-0.7530453221410143,0.5336247911,0.0256339808,0.0207,0.0298,0.0073,0.0037313433,0.0057110808,0.0046,0.0002999999999999999,0.0091,-0.007812500000000111,-0.0063170132498627,0.0010405916157133,0.0043428762793496,-0.0013083670778152,0.0046534778326553,0.0099237405733384,-0.0023350798183736,0.0016544994848798,4.19209373632e-05,0.0027951144132957,0.0059910592759686,0.0007592628461003,0.0012496549260322
1955-10-01,,,,,,,-0.0052,-3.2591788429164485,-3.290107944707199,-2.492969297211351,-0.7662095457050974,0.5474091499,0.0251006866,0.0223,0.0292,0.0144,0.0,0.0026798958,0.004900000000000002,-0.0066,0.0069,0.011347846225104208,-0.0002807334942445,0.0033222705396064,-0.0014989209558408,0.0070618923205859,0.008269887802311,-0.0033336808605566,-0.0061535917983513,0.0009023313687458,0.0076245606429285,-0.0002558938825066,0.0055965647259133,0.0137147449824715,0.0073720008275163
1955-11-01,,,,,,,0.025699999999999997,-3.327329573951594,-3.2551297576297626,-2.5481715371646114,-0.7791580367869826,0.5152505897,0.0260337027,0.0224,0.0295,-0.0045,0.0,0.0019291618,0.004799999999999999,0.0014999999999999996,0.007099999999999999,-0.030455690405312486,-0.0084225006939632,0.0145813849280478,0.0011207249535957,0.010021799285177,-0.0217887570997077,0.0028039152845236,0.0053215879347369,0.0129521135291668,0.0066977525326235,-0.0005795567529298,0.0108140428088282,-0.0095458811253366,-0.0109138032438206
1955-12-01,,,,,,,-0.013000000000000001,-3.3225764270462284,-3.3232358401924436,-2.5307986430446556,-0.7917777840015727,0.5098280098,0.0252445499,0.0254,0.0295,0.0037,-0.0037174721,0.0004747032,0.004700000000000003,0.0026,0.0040999999999999995,0.07487009919697662,-3.62016084835e-05,0.0014649480854555,0.0012496808254468,0.0062471884545567,-0.0150651818163747,-0.0065397404083875,0.0058446415774514,0.0063812304820797,0.0080734386288977,0.0047296953892027,0.001498226425555,0.0070858993548388,-0.0060869180348199
1956-01-01,,,,,,,-0.0148,-3.267266707738657,-3.3044490424536717,-2.487200469819669,-0.7800662379189877,0.5289544122,0.0264244771,0.0241,0.0292,0.0083,0.0,0.0011799841,0.004899999999999998,0.0020999999999999994,0.0051,-0.0006591957811470373,0.0081584307426957,-0.0036517179101452,0.0028812143339821,-0.0041154164522916,0.0191358724823708,-0.0117629281081033,0.0025332397863674,-0.0129514758602835,-0.0122032333591034,0.0040084000380376,0.0112694897849339,0.0039683893329143,0.0144633433260282
1956-02-01,,,,,,,0.020099999999999996,-3.283561394017213,-3.24946208310515,-2.514897570081353,-0.7686638239358593,0.514835108,0.0241653443,0.0232,0.0293,-0.0002,0.0,0.0011001472,0.0049999999999999975,0.0028,0.006100000000000001,-0.036499560246262,-0.0005806779125092,0.0082671360642314,-0.0026613049528694,0.0186905973509552,-0.0078036276202482,0.0138533301138727,0.0039790375768925,0.0168348776341518,0.0143490999360669,0.0007114470020171,0.0120302874869775,-0.0005212774400689,-0.016457154450769
1956-03-01,,,,,,,0.0352,-3.3330299332513715,-3.2660682365696956,-2.5755248837086233,-0.7575050495427481,0.5310771996,0.0266950684,0.0225,0.0303,-0.0149,0.0,0.0010088558,0.0049999999999999975,0.0002999999999999999,0.007800000000000001,0.03468735737106354,-0.011546189082471,-0.0049768230849738,-0.0031459067928622,0.0034372507945274,-0.0163026670492065,0.0311165708669126,0.000981430432229,0.0049305722870443,0.0001714779027022,0.002367718889805,-0.0036311780675908,-0.038325248198068,-0.033992097240417
1956-04-01,,,,,,,0.026699999999999998,-3.317586778687936,-3.319651615267113,-2.5816233577686063,-0.7359634209193293,0.5266217159,0.0262137487,0.026,0.0311,-0.0113,0.0037313433,0.0008148994,0.004400000000000001,-0.00020000000000000052,0.0051,0.06925452139391242,-0.0025745607484507,-0.0016050604351227,-0.0036991772260525,0.0087832848076984,-0.0042653249802777,0.0219220801586495,0.0024112657502332,0.0078438926974025,0.0097431737627481,0.0054219828571885,0.0020896562244299,-0.0017179329709734,-0.0154316406344286
1956-05-01,,,,,,,-0.016,-3.2363393757784626,-3.304328794122158,-2.521864438561426,-0.714474937217036,0.5685597741,0.0293029826,0.0261,0.0299,0.0225,0.0037174721,0.0018364287,0.004499999999999997,-0.0173,0.003799999999999998,-0.0020627062706269905,0.00142806806134,-0.0059063570427113,0.0040036668004434,0.0039240232855937,0.0237704157561116,-0.0176528918400475,-0.0074500444812305,-0.0034064960240489,0.0041400088886628,0.0031846860793584,0.0126337324184666,0.0177209253999921,0.0011270352991474
1956-06-01,,,,,,,0.026699999999999998,-3.2617224351367846,-3.2233104219360666,-2.5685752545768397,-0.6931471805599452,0.5515645927,0.0256715221,0.0249,0.0299,0.0027,0.0074074074,0.0010370449,0.0050000000000000044,-0.0045000000000000005,0.005000000000000001,-0.06572964034725093,-0.0083596677841801,0.0022757932998635,-0.0173966402855486,0.0123344595529928,-0.0125115427186857,0.0238569437699198,0.0091474377026639,0.0157762417382212,0.0123767604684691,0.003745959646053,-0.0012246069564715,-0.0153652348890693,-0.0213698859451852
1956-07-01,,,,,,,0.0253,-3.3045995848746905,-3.254360710361061,-2.6318712253899843,-0.6727283594847061,0.5249029567,0.0247536062,0.0231,0.0313,-0.0209,0.0073529412,0.0004955763,0.005199999999999996,0.0116,0.008200000000000002,0.03915929203539803,0.0012583359210795,0.0035551535331952,-0.0109595227073645,-0.0011450958324029,-0.012682727838629,0.0129592947874222,0.0133840732328804,0.011626573926323,0.006437235242744,0.0017338186510259,-0.0116096277154086,-0.0121877729888169,-0.004772984006803
1956-08-01,,,,,,,-0.0070999999999999995,-3.2584291548983293,-3.297236914252032,-2.606264790899133,-0.6521643639991961,0.5413911242,0.0238114833,0.026,0.0325,-0.0187,-0.003649635,0.0012354053,0.0050000000000000044,-0.0020999999999999977,0.006500000000000002,0.051522248243559776,0.0023672260482348,0.0015182100820659,0.0025857447211446,0.0031038675604084,0.0056170253640572,-0.0141351283751599,-0.0026069271726115,0.0026234259879035,0.0129661109887362,0.0013365548560871,0.0063494871509624,0.0181720579424827,0.0163096804969774
1956-09-01,,,,,,,-0.0076,-3.2046446049402517,-3.2511746435779356,-2.573141587491513,-0.6315030174487386,0.5719095213,0.0293619492,0.0284,0.0324,0.005,0.0036630037,0.0007877794,0.0051,-0.0038000000000000004,0.003999999999999997,-0.03806438550313829,0.0079085226442501,-0.003941225064463,0.0082419438362896,-0.008042352418787,0.0107178140987488,-0.017065957290894,-0.0084214856722354,-0.0061475687897091,0.0013365089395253,0.0008056056423518,-0.0038805033597605,0.0216121489634962,0.0269740345721406
1956-10-01,,,,,,,0.024,-3.2279670470197934,-3.2229081997634013,-2.5830387099430676,-0.6449283370767259,0.5664270084,0.0294573217,0.029,0.0329,-0.0054,0.003649635,0.0016420105,0.0058,-0.0051,0.0038999999999999972,-0.04546411281835394,-0.0034155887423388,0.0043784370049777,-0.0042638098599697,0.0034966696248141,0.001148584954618,0.016371289701438,0.0083846232231667,0.0091560930864915,0.0116771449565914,0.0005603136007508,0.0047432705059382,0.0014960186417961,0.00118779059652
1956-11-01,,,,,,,0.0342,-3.235596471655279,-3.2466268063012413,-2.57684099023352,-0.658755481421759,0.5748974153,0.0270884577,0.0299,0.0333,-0.0057,0.0,0.001731517,0.005499999999999998,-0.0069,0.0034000000000000037,0.0050716648291069255,0.0078583597632223,0.0031926281891598,0.0097918858337922,-0.0013082564649031,-0.0093961476635372,0.0193314081229112,0.0081011579712754,-0.0090172105526228,-0.0016122231157839,-0.0001302665709563,-0.0023648655549799,0.0003018128811123,0.0010277869796873
1956-12-01,,,,,,,0.0379,-3.2892164467352867,-3.254553575945138,-2.616389268666299,-0.6728271780689877,0.5441768274,0.0261493673,0.0321,0.0345,-0.0179,0.0036363636,0.0010202756,0.006200000000000004,0.009699999999999999,0.0024000000000000063,-0.010969723562966216,0.0022541874920365,0.0070435731797961,-0.0018678645626259,0.014976162193994,-0.0106211892083071,0.0225079091161047,0.0101412828029664,0.0113536303833964,0.0077137534161956,0.00620996674884,0.0052330822821146,-0.0117254873943267,-0.0100466582942848
1957-01-01,,,,,,,-0.030600000000000002,-3.248434068075912,-3.291114799190793,-2.574676748051453,-0.673757320024459,0.5672426747,0.0279919939,0.0311,0.0328,0.0346,0.0,0.0009019425,0.007200000000000005,-0.0149,0.0017000000000000036,0.035270629991126956,-0.0034075161672571,-0.0092192120459501,0.0129635952869688,-0.0131107677840461,0.0258827231476602,-0.017328314718784,-0.0153988651767575,-0.0225728500485044,-0.0141201583236723,0.0044735620701641,0.0142250874572484,0.0373396084518052,0.0286983146616586
1957-02-01,,,,,,,0.0036,-3.2172013145597846,-3.250393722881716,-2.542482871383707,-0.6747184431760775,0.5849941888,0.0301728465,0.031,0.0328,0.0025,0.0036231884,0.0010560402,0.007999999999999993,0.006799999999999999,0.001800000000000003,-0.04178272980501396,0.0109893547242365,0.0002244698226364,0.0103334358623936,-0.0020357774890679,0.0170860122089988,-0.0048509353312671,-0.0015724724304595,0.002223867034937,0.001721157821783,0.0019291090811836,-0.0004477390620231,0.0011199216405706,-0.0056267367529729
1957-03-01,,,,,,,-0.0027,-3.2385651056071607,-3.219107012015225,-2.5629110824947325,-0.6756540231124281,0.5998188749,0.0265995947,0.0308,0.0331,-0.0024,0.0036101083,0.0003302976,0.0076999999999999985,0.0074,0.0022999999999999965,-0.032647584973166444,-0.0025078160217321,-0.000435250822594,-0.0034854871599908,0.0039814128129298,-0.0003864933369016,0.0036470737592791,0.0048148457984992,0.0009366123723454,0.0056276822032763,-0.0020975778932095,0.0024569061870033,0.0013073162273912,-0.0055484488216882
1957-04-01,,,,,,,0.0098,-3.2748517800849477,-3.2385651056071607,-2.5972291077992447,-0.6776226722857029,0.5760983898,0.0274205931,0.0307,0.0345,-0.0222,0.0035971223,0.0003024601,0.0076999999999999985,0.015600000000000001,0.0038000000000000013,0.01964863615349066,0.0032959477253089,-0.0075478902460552,-0.0035844419343741,-0.0042230307800084,-0.0048860692130553,0.0095433677380469,-0.0014058269913701,-0.00154120282742,-0.0013936596728427,0.0006648754250114,-0.0062404671936894,-0.0176459188765875,-0.0100740672620977
1957-05-01,,,,,,,0.0017000000000000001,-3.3111335313798027,-3.2748517800849477,-2.6315753746189223,-0.6795581567608805,0.5640385796,0.0288486546,0.0306,0.0348,-0.0023,0.0035842294,0.0004817712,0.0077999999999999944,-0.0052,0.004199999999999999,0.03695307186579022,-0.0011897690682501,0.0038071790852498,-0.010210414542622,0.0054661591765397,-0.0152718317007838,0.0038832624393662,-0.0007162832184655,0.002735938899257,-0.0031907689690228,-0.0011304244765203,-0.005057062408388,-0.0203797409221736,-0.0203384930694414
1957-06-01,,,,,,,0.0069,-3.3098677084259727,-3.3111335313798027,-2.6283485658611463,-0.6815191425648263,0.5658765324,0.0305276914,0.0329,0.0361,-0.018,0.0035714286,0.0005786214,0.007199999999999998,-0.0142,0.0032000000000000015,0.0369479667686925,-0.001137480051476,0.0083721293216951,-0.0075809858689683,0.020800439253146,-0.0048161941107094,-0.0027659031572022,0.0028454494436392,0.0150254820303128,0.0138665317227121,0.0022033837119901,-0.0028829837891609,-0.0040812132429528,-0.0131822903882813
1957-07-01,,,,,,,-0.0003,-3.315439137668593,-3.3041040037092224,-2.6348125422602626,-0.6806265954083307,0.5600566349,0.0323460398,0.0316,0.0365,-0.0041,0.0071174377,0.0005538677,0.007400000000000004,-0.006899999999999999,0.004899999999999995,-0.0012650221378874837,0.013408189158061,0.0013241390168712,0.0107527269142142,-0.0007996304230155,0.0123289915202112,0.002779400457346,0.0003702328974739,-0.0004232166045303,0.006608791064863,0.001343571495458,0.0046935084269648,0.000474697009716,0.0018808289483788
1957-08-01,,,,,,,0.0046,-3.2519236789144013,-3.309708462959608,-2.572209171242835,-0.6797145076715663,0.5880045422,0.0358539895,0.0337,0.0367,0.0002,0.0,0.0021472482,0.007199999999999998,-0.0011,0.0030000000000000027,0.011399620012666256,0.0078752661366192,0.0038486371643621,0.0196597758179153,-0.0097024384353195,0.0304790403428884,-0.0060656147767578,0.0062887440092448,-0.0071694908169077,0.0038873979417634,0.0067844787966874,0.0038434091070715,0.0132167490158189,0.0184737496569416
1957-09-01,,,,,,,0.006,-3.182306140086476,-3.2462256577997635,-2.5034653551777684,-0.6788407849087075,0.624150778,0.0343625225,0.0353,0.0364,0.0076,0.0,0.0015171099,0.008099999999999996,0.0018999999999999998,0.0011000000000000038,-0.05614694218326022,0.014311204711123,0.005813452171358,0.0192371709658997,-0.0057772928479881,0.0391403272084356,0.0121968685089495,0.0035412003803771,0.0028549849476218,0.0165029318395545,-4.72591424067e-05,-0.0015735848922664,0.0047342699744851,0.0116437255623397
1957-10-01,,,,,,,0.0202,-3.1440548650050495,-3.1766404025507984,-2.4805227029560193,-0.6635321620490305,0.6457464176,0.0384097165,0.0358,0.0369,-0.005,0.0,0.0049360114,0.008899999999999998,0.0073,0.0011000000000000038,-0.061919504643962786,0.0001222524061646,-0.0018045291660917,0.0067554974739843,-0.005195399406849,0.0362738591699222,0.025632161950145,0.0016195929673294,0.0066314406155051,0.0095228343802678,0.0041494757822514,-0.0080735138033275,-0.0132751413140373,-0.0013899178608824
1957-11-01,,,,,,,0.0129,-3.154367265828578,-3.1384210472867937,-2.5062350809913667,-0.6481321848372114,0.6330717763,0.0409898136,0.0331,0.034,0.0533,0.0035335689,0.0034900785,0.010099999999999998,-0.0222,0.000900000000000005,-0.03206034889203202,-0.0045016016547073,0.0022976727695099,-0.0130733319316047,0.0066983862969763,-0.0094032139078264,0.0152102551429876,0.0046895736100885,0.004385424198898,0.0085756621165632,0.0039095270024356,0.0025322008576612,-0.0145311982708481,-0.0190646833065218
1957-12-01,,,,,,,0.0781,-3.1064138030060633,-3.148765010279908,-2.4737166784944566,-0.6326971245116068,0.6536757786,0.034873147,0.0304,0.0323,0.0307,0.0,0.0012514024,0.012199999999999996,0.0378,0.0019000000000000024,0.016074037993180523,0.0198885348023828,0.0004709281407346,0.010269236341061,-0.0098160101528764,0.0566033060162578,0.0744557157492428,0.0067947466394764,0.0099420891962364,0.0233980021566055,-0.0005388325967757,0.0012002733388446,-0.0044191031755312,-0.0154694172020003
1958-01-01,,,,,,,-0.07719999999999999,-3.1520355483284255,-3.1101638423823963,-2.538611027221801,-0.613424521106624,0.6328607617,0.0298961799,0.0244,0.033,-0.0084,0.0070422535,0.0007844653,0.012300000000000005,0.0183,0.0086,-0.04146692233940552,-0.0119800429696339,-0.0115942304103738,0.0113891884500899,-0.0166977789323811,-0.0200416641991863,-0.0511942806775559,-0.0064591255924065,-0.025863542733355,-0.0299990671192497,0.003290768109761,0.001521996252875,0.0485140231807439,0.0504093336906229
1958-02-01,,,,,,,0.037200000000000004,-3.1349042822367412,-3.1557434177450325,-2.5413060039730717,-0.5935982782636697,0.6473904346,0.0277510802,0.0153,0.0325,0.01,0.0,0.0007362477,0.010700000000000001,-0.0108,0.0172,0.04276069017254325,0.0156454379937622,-0.0003708478082343,0.0063802218785975,4.4340160892e-05,0.0285085873594896,0.0429907474813293,0.0063041922305767,0.0032212949181891,0.0139401820248147,0.0040438813060366,0.0085301327306386,0.0004080330056153,-0.0031606380608497
1958-03-01,,,,,,,-0.0165,-3.1690681941025978,-3.138682446710727,-2.595824940768174,-0.5732432533344242,0.6685916376,0.0289353475,0.013,0.0321,0.0102,0.006993007,0.0005192057,0.010500000000000002,-0.0148,0.0191,-0.020623501199040772,0.0149479960832909,0.008762546815565,0.0062721839328836,0.0036473866964228,-0.0027780492638064,-0.0084118803835299,0.0058629539683933,0.0021352511768931,0.0048355005770538,0.0031233991010761,0.001246020424327,-0.0080390221199727,0.0020686235705049
1958-04-01,,,,,,,0.019,-3.20794362658848,-3.1766106916511356,-2.6497031140265745,-0.5582405125619055,0.6552450314,0.0270182768,0.0113,0.0311,0.0186,0.0034722222,0.0007467616,0.010700000000000001,-0.0023,0.019799999999999998,0.030852105778648387,0.0139091468538849,0.008566186682355,0.0090834332830715,0.0036774701521581,0.0091058043572561,0.0146049419777413,0.0059535481226424,0.006110029261716,0.0114680336895235,0.0007907490385966,0.0081599602887221,0.003322766974171,0.0033845812418467
1958-05-01,,,,,,,-0.0174,-3.2304531306028137,-3.2156008068586477,-2.6876207107017365,-0.5428324199010772,0.6455586773,0.0228695103,0.0091,0.0313,0.0001,0.0,0.0004331172,0.010499999999999995,0.003,0.0222,0.03182897862232781,-0.0072931730530642,0.0012142260487602,0.0004096321792623,0.0019289225468937,-0.0134300448980143,-0.0133292760715292,-0.0058926168343221,-0.0078052549123523,-0.0092701439886594,-0.0004542142488539,0.0102054866993717,0.0151743865669787,0.0081098593059011
1958-06-01,,,,,,,-0.0089,-3.2638602427382324,-3.238111590860159,-2.736979228218944,-0.5268810145192885,0.6246601698,0.0214366176,0.0083,0.0324,-0.016,0.0,0.0004382024,0.009799999999999996,0.0122,0.024099999999999996,0.014963167587477066,-0.0020584605269346,0.0006907819362243,-0.0017033416051964,0.0002579786982764,-0.0053473985800426,-0.0082655283660593,-0.0003940723722513,0.0012426743151672,0.001328757232636,-0.0029881142231015,0.0057759578508684,0.0025780963877548,0.0031832918026774
1958-07-01,,,,,,,-0.0356,-3.306060597228609,-3.2638602427382324,-2.7848955464520153,-0.5211650507765934,0.5938487843,0.0169337992,0.0091,0.0343,-0.0278,0.0034602076,0.0006956246,0.008599999999999997,0.012499999999999999,0.025199999999999997,0.02608301202086638,-0.0102673697499706,-0.0004575201757311,-0.0071879330055634,0.0193624727214881,-0.0242909720591234,-0.0453565718243968,-0.0218638229940927,0.0001107578835326,-0.0123076517883119,-0.0012498216497846,0.00484949990456,0.0101894561455939,0.0048702450543926
1958-08-01,,,,,,,0.0014000000000000002,-3.3178576584170516,-3.306060597228609,-2.8024069089038965,-0.5154507495131547,0.5872638264,0.015090629,0.0169,0.0371,-0.0435,-0.0034482759,0.0005889619,0.008199999999999999,0.011499999999999996,0.020200000000000003,0.04310344827586188,-0.0011144131697434,0.0092565511491816,0.0020937742750862,0.0058318157864619,-0.0111737132899121,-0.0005255925178053,-0.0010939124047525,-0.0045414433544351,0.0061191101994998,0.0038946893758062,0.0020156629087611,0.0091837254743815,0.0050038590726803
1958-09-01,,,,,,,-0.0113,-3.3651008774939406,-3.3178576584170516,-2.855431991855774,-0.5096688856381669,0.5613711966,0.0139834782,0.0244,0.038,-0.0117,0.0,0.0005101803,0.007800000000000001,0.002100000000000001,0.013599999999999998,0.011866920957830152,-0.0011869562650939,0.0003347705791941,-0.0066592593316418,-0.0032352489171314,-0.0171997019120653,0.0064382784789761,-0.0028618503630837,0.0013644243016957,-0.0018625973804277,-0.0009612700021784,-0.0025756814883007,9.82257875972e-05,0.008741707792271
1958-10-01,,,,,,,0.0313,-3.38628861580128,-3.3612355252326966,-2.8793399050570003,-0.5069487107442797,0.5498692979,0.0122789133,0.0263,0.0374,0.0138,0.0,0.000793475,0.008100000000000003,-0.0031000000000000003,0.011100000000000002,0.04837696335078534,-0.0117005579991252,-0.0020576034848127,-0.0049280099429614,-0.0104366824347011,-0.0044438162121418,0.0183619052467181,0.0081307535063444,-0.0063721096683419,-0.0095936561679307,0.003927451184597,0.0007075544058629,0.0104568856644291,0.0011329851363773
1958-11-01,,,,,,,0.015300000000000001,-3.404652275868801,-3.382495507805179,-2.900318163452159,-0.5043341124166423,0.5358231981,0.0115349437,0.0267,0.0368,0.012,0.0034602076,0.0015302103,0.007800000000000001,-0.0014999999999999996,0.010099999999999998,0.02536955653216122,0.007036945745555,0.0059965801352024,-0.0033187546076372,0.0144918410791703,-0.0072205163449049,0.0094082477448007,0.0047713709863687,0.0123234240900791,0.0214825949653414,0.0015482191099603,-0.0035424699052633,0.0100461741456276,-0.0042922607931539
1958-12-01,,,,,,,-0.0070999999999999995,-3.4515283083605306,-3.400816356700411,-2.9498875941716127,-0.5016407141889181,0.5117793198,0.0236868316,0.0277,0.0382,-0.0181,-0.0034482759,0.0007127719,0.0076999999999999985,0.012300000000000002,0.010499999999999999,0.02240405221118258,0.0097486462097444,0.0056256561568545,0.0050178458718262,-0.0059885853195096,0.0085927093840162,-0.0040078710348319,0.0087138730482285,0.000577676548434,-0.0006166139616005,-0.0001744578402873,0.0083078290817252,-0.0106817287638283,-0.0070496685266228
1959-01-01,,,,,,,-0.0029,-3.451503490397632,-3.447707047258753,-2.9286370272343203,-0.5228664631633116,0.5028958179,0.0277362661,0.0282,0.0408,-0.008,0.0034602076,0.000584868,0.0075,0.0052,0.012600000000000004,0.052019817073170715,-0.0005052665517311,0.0034655208754804,0.0147765133743165,-0.0091122703592869,0.0070762671910073,-0.009339180232325,-0.0009980069159215,-0.0132778010749422,-0.0071045667329172,0.0071436971637863,0.0161441490190863,0.0194502263415793,0.0306636573951215
1959-02-01,,,,,,,0.034,-3.447573029447517,-3.447753486003091,-2.9039886833873387,-0.5435843460601787,0.4949461475,0.0278988473,0.027,0.0402,0.0117,-0.0034482759,0.0008447335,0.0075,0.0008999999999999998,0.0132,0.003803658757471462,-0.0072777248527216,0.0019774430006187,0.0014250364957499,0.0072485866644388,-0.0070722661859634,0.0232549516488161,0.0018059410854611,-0.0010919575181416,0.0047657475179663,0.0048815048932815,0.008554252527134,0.0075859297237894,-0.0068285182005628
1959-03-01,,,,,,,0.0022,-3.4443218082959097,-3.44378053629352,-2.8806786286905046,-0.563643179605405,0.5168602815,0.0249843896,0.028,0.0403,0.0017,0.0,0.0004915081,0.007199999999999998,-0.01,0.012300000000000002,-0.0001804402742693334,0.0059473705420652,0.0040758812430883,-0.0055466995728339,0.011164168099138,-0.0062421119073139,0.0047185895517252,0.0150706161617597,0.0059801255550757,0.0068661765699627,0.0039920049695474,0.0058392396466574,0.0180822539609302,0.0071574703735384
1959-04-01,,,,,,,0.0316,-3.478591230458858,-3.4405436438219246,-2.8881065705527083,-0.5904846599061495,0.4985971944,0.0243605696,0.0295,0.0414,-0.0117,0.0034602076,0.0004925502,0.0063,-0.0055,0.0119,0.0005414185165133478,0.0135605126443972,0.0134875887629968,0.0004292604151315,0.019344895228317,-0.0231540246488364,0.035838382707365,0.007481370020149,0.0239558740188265,0.0285701710619427,0.002631047171877,-0.0065311217281953,-0.0097968304529567,-0.0165522780669138
1959-05-01,,,,,,,0.015,-3.4936333727984508,-3.4748833610422505,-2.877176984469263,-0.6164563883291876,0.4830767797,0.0258872339,0.0284,0.0417,-0.0005,0.0,0.0004278009,0.0058999999999999955,-0.0109,0.0133,0.038780663780663804,0.0104509323627118,0.0089355052987978,0.0178306744940804,0.001903877600826,-0.0017528949806999,0.002928815404363,-0.000257234266733,-0.0013686915035459,-0.0016573822841103,0.0019221037474041,0.0015958697075316,-0.0031230640071149,0.0035150759153868
1959-06-01,,,,,,,0.031400000000000004,-3.4862981823349153,-3.4898833334221178,-2.844738370565463,-0.641559811769452,0.4832193909,0.0268820744,0.0321,0.0419,0.001,0.0034482759,0.0009150702,0.0058,0.0034000000000000002,0.009800000000000003,0.018926897030734358,-0.007355937318748,0.0023618204014032,0.0014097922761005,0.0046790763733616,-0.0180953741054508,0.0200698384979526,-0.0001678568313001,0.000842614189239,0.0026771049806633,0.006839784853444,-0.0021430330435408,-0.0052277195614662,-0.015906010906403
1959-07-01,,,,,,,-0.0034999999999999996,-3.5168569916778405,-3.4825621532311897,-2.8760963493388045,-0.6407606423390361,0.4608226648,0.0271413721,0.032,0.0417,0.006,0.0034364261,0.000487796,0.006100000000000001,0.0029,0.0097,-0.0035787321063395217,0.0016026622487232,-0.0021508803186409,-0.0013338702583029,0.0021060075081181,0.0041821294201178,-0.0009088657711788,0.0028376065955717,0.002433887141204,0.0045821918929118,0.0009745019089675,0.0012275597052003,-0.0048413048274815,0.0065466625111353
1959-08-01,,,,,,,-0.01,-3.498037254340215,-3.5131903209031408,-2.85801502299679,-0.640022231343425,0.4680844659,0.0281461307,0.0338,0.0423,-0.0041,0.0,0.0010696993,0.006600000000000002,-0.0026999999999999993,0.0085,0.034889687018984095,0.0077430992159622,0.0057658853824603,0.009161610236003,-0.0090286835949415,0.0249501296672135,-0.0029293284753636,-0.0017545920642713,0.0035030821102387,-0.0004928948597844,0.0036216311628036,0.0036956611937222,0.0051256613076385,0.0089953167582489
1959-09-01,,,,,,,0.0078000000000000005,-3.4476169402172516,-3.49432872879357,-2.8083835243171373,-0.6392334159001142,0.4923378926,0.0305283913,0.0404,0.0429,-0.0057,0.0034246575,0.0017098448,0.006600000000000002,-0.0031000000000000003,0.0025000000000000022,-0.01503883655594107,0.0070134398636746,0.0026645362771452,0.0025108069269744,-0.0059280002026247,0.0111312708199167,0.0029202599043812,0.0061024326619364,0.0039228957909782,0.0050627777888909,0.0051421772896429,0.0001658116117781,0.0076907182594329,0.0065104044942882
1959-10-01,,,,,,,0.034300000000000004,-3.455111044950229,-3.4439221170324235,-2.823457540446513,-0.6316535045037158,0.4809774204,0.0310201805,0.0405,0.0421,0.015,0.0034129693,0.0006181833,0.007100000000000002,0.0015000000000000013,0.0015999999999999973,-0.045637583892617406,0.0047303508409978,0.0063566121112941,-0.0024863161641673,0.0066187251646785,-0.0207620549341004,0.0232762989149252,0.014943831716701,0.0090667729568885,0.0240604810614314,0.005319296302595,0.0059559011026493,-0.0011033538025147,-0.0141269608483813
1959-11-01,,,,,,,0.0229,-3.464610935263982,-3.4514846673497694,-2.8405134321857988,-0.6240975030781833,0.4717982949,0.0297223804,0.0415,0.0432,-0.0119,0.0,0.0004996927,0.006999999999999999,0.0254,0.0017000000000000001,0.011251758087201136,-0.0054040854600862,0.0067036572994411,-0.0083376453166446,0.0189280540086794,-0.014027324257019,0.0068705130565382,0.0075388010071738,0.0082734426925135,0.0142996854159613,0.0042032372362605,-0.0075795316165557,0.0024703897999424,-0.0133801681536495
1959-12-01,,,,,,,0.0103,-3.488193579423042,-3.460943014473674,-2.8716796248840124,-0.6165139545390295,0.4577837965,0.0228563041,0.0449,0.0447,-0.0159,0.0,0.0003075435,0.006999999999999999,0.006300000000000002,-0.00020000000000000573,0.013212795549374157,0.0047950205176626,-0.0020271675709687,0.0056114435548691,-0.0074588122506568,0.0089728868883772,-0.0010525224803356,0.0004612122462938,-0.0054733458408463,-0.0063492663010466,0.0020060658586376,0.0166538843080688,-0.0071103821976342,-0.0049863390066995
1960-01-01,,,,,,,-0.0351,-3.394190875143058,-3.4683373802199573,-2.797533119807113,-0.5966577553359449,0.499502104,0.0221161675,0.0435,0.0441,0.0112,-0.0034013605,0.0009194175,0.007300000000000001,-0.0005000000000000004,0.0006000000000000033,0.02762525737817434,-0.001680404972586,0.000126665256833,-0.0023354918870048,-0.0126056897907412,0.0252603637501544,-0.0229133097409257,0.0028558623110474,0.0033466099180262,0.0081692994903408,0.0063199792128808,0.0159232735014962,0.0232376926885816,0.0251249488650677
1960-02-01,,,,,,,0.04,-3.3839030335226585,-3.3747738194878707,-2.806662333841901,-0.5772406996807578,0.4935567828,0.024037494,0.0396,0.0429,0.0204,0.0034129693,0.0011502458,0.007800000000000001,-0.007600000000000001,0.0032999999999999974,-0.07146435131073636,0.0127397162915564,0.0030888224612356,-0.0076676369992427,-0.0059467914168689,-0.00068187922001,0.0237501963494823,0.0184192425096566,0.014500267025814,0.0270717135588574,0.0101222021783952,0.0031888527430661,-0.0057784645882282,-0.0138782466168355
1960-03-01,,,,,,,0.0141,-3.3508080012835433,-3.364804282159023,-2.792666052966421,-0.5581419483171223,0.549798083,0.02559341,0.0331,0.0411,0.0282,0.0,0.0009691465,0.007599999999999996,-0.0091,0.008,0.009171012407840351,-0.0065474056067184,-0.0092447719277545,-0.0101940075159764,-0.0008919457443435,0.0241814330909562,0.0037037853650604,0.0042776499449262,0.0151438402858201,0.0107726832314713,0.0002787684897449,0.0025610917939401,-0.0089756118996182,-0.0154495915200572
1960-04-01,,,,,,,0.028399999999999998,-3.3314249722693083,-3.3491084154702593,-2.7878377454525953,-0.5435872268167131,0.5634036895,0.0255771333,0.0323,0.0426,-0.017,0.0034013605,0.0006451661,0.0075,0.0148,0.010299999999999997,-0.013898788310762522,0.0156986503233555,0.005366643333898,-0.0084465185400002,-0.0063723606434368,0.0223351971435704,0.0220396504867875,0.014353085797729,0.0177181990069277,0.020373470709363,0.0045967921672636,0.0061207144399992,-0.0058798293904312,-0.0030980500510097
1960-05-01,,,,,,,0.0479,-3.3561757280091733,-3.329676899844734,-2.8273893905167506,-0.5287863374924227,0.5419664269,0.0244143755,0.0329,0.0417,0.0152,0.0,0.0004235585,0.008199999999999999,-0.0173,0.008800000000000002,-0.017528008673653894,-0.0123732638018856,-0.0082367901910069,-0.0267285889911023,0.0192668432587993,-0.030390614156231,0.0277053206669328,-0.0007003424155592,0.0174350084236492,0.0300531926104987,0.0066023157557335,-0.01307142576611,-0.0238670626753996,-0.0460760446328911
1960-06-01,,,,,,,0.0089,-3.373817400645996,-3.3544819867466136,-2.8599195778430353,-0.5138978228029607,0.5291748619,0.0242699263,0.0246,0.0407,0.0173,0.0033898305,0.0004989479,0.008100000000000003,-0.0031999999999999997,0.0161,0.026853043958065204,0.0119545406175087,0.0002397155322051,0.0043960099390616,-0.0056265776483335,0.0221353416567406,0.0137707703944342,-0.0024621398168937,0.0018193091756785,0.0062500405988431,0.0022648787546443,0.0084831590946673,-0.0063144460960211,0.0101017488048757
1960-07-01,,,,,,,-0.006999999999999999,-3.3487338121264147,-3.373817400645996,-2.8338242313845257,-0.5149095807418889,0.5496732768,0.0257784868,0.023,0.0382,0.0368,0.0,0.00097782,0.008100000000000003,-0.011099999999999999,0.015199999999999998,0.019523553644993807,0.0097903786298666,-6.59522436133e-05,0.0138523805583577,-0.0177568385167482,0.0212688730010715,-0.0093492942120406,-0.0054514611265154,-0.0090239133214096,-0.007052421048642,-0.0003301680570418,0.0051094479544323,0.0125420231843397,0.0290340608891526
1960-08-01,,,,,,,0.0151,-3.374519894528065,-3.3487338121264147,-2.8585689660657323,-0.5159509284623325,0.5415421972,0.0251955351,0.023,0.039,-0.0067,0.0,0.0006369674,0.008,0.0184,0.016,-0.024771609276177164,0.005106324885871,0.0065623532441968,0.0090420176292972,-0.0129205513295823,0.008430421024716,0.0123157760204464,-0.0026879872763939,-0.010490996640559,-0.0009494660811252,0.0045168236310387,0.0040368129046088,0.0042839247944197,0.0052226197748948
1960-09-01,,,,,,,0.0038,-3.312226043244318,-3.374519894528065,-2.795265430910811,-0.5169606123335067,0.5843417106,0.028312467,0.0248,0.0387,0.0075,0.0,0.0017716222,0.007599999999999996,-0.0138,0.0139,0.02612141956404246,0.0056318511807296,-0.0022996895290835,0.0075492573155495,-0.0080658391952998,0.0204954619600475,0.0057319612973597,-0.001729279451622,-0.0025946011114703,-0.0058518459353127,-0.002031190316676,-0.0059493080778805,0.0017664482157041,0.011567704601034
1960-10-01,,,,,,,0.0126,-3.3097940899364393,-3.312226043244318,-2.7928334776029327,-0.5169606123335067,0.5841202013,0.0278237978,0.023,0.0391,-0.0028,0.0067567568,0.0010487146,0.008100000000000003,0.0036,0.016100000000000003,-0.0603932584269663,0.0115980207754032,0.0049072784612449,0.0171262463521233,-0.0029857296130661,0.0281157714760053,0.0205061256142783,-0.0042313650727875,0.0025239928972512,0.0036032672526346,-0.0016422689278942,0.0031696153987861,-0.0162607009729965,-0.0020056524656431
1960-11-01,,,,,,,0.0364,-3.3492741093029976,-3.3097940899364393,-2.832313496969491,-0.5169606123335067,0.5676300191,0.026034213,0.0237,0.0399,-0.0066,0.0,0.000668674,0.0076999999999999985,-0.0004000000000000002,0.0162,-0.0024289985052317054,-0.0099540492234411,-0.0060350309038277,-0.0161090495866464,-8.1897073474349e-06,-0.0127771424740654,0.0168641379314472,0.0003326791902873,0.0089482646590005,0.0127632884294117,0.0064711938439787,0.0065133961379647,-0.0139579628621307,-0.0189028972638294
1960-12-01,,,,,,,0.013600000000000001,-3.394508393511359,-3.3492741093029976,-2.8775477811778525,-0.5169606123335067,0.5504229651,0.0227613608,0.0225,0.038,0.0279,0.0,0.0004503055,0.0075,-0.0175,0.0155,0.04026971342948116,-0.0023813731692479,-0.0115382648468229,-0.0030007347410078,6.97708758784e-05,0.0012636500516673,0.0017450315534415,-0.0012811929232553,-0.0019738593355178,-0.0109498678045867,0.0009228791280975,0.0107324408763641,-0.0093530270232271,-0.0039873280242064
1961-01-01,,,,,,,-0.0412,-3.45744405617734,-3.396202134773919,-2.957308750348511,-0.5001353058288289,0.5229867325,0.0218153361,0.0224,0.0404,-0.0107,0.0,0.0007411237,0.0077999999999999944,0.025500000000000002,0.018,0.046272956427799716,-0.0047343671942338,0.0100707761512456,0.0143914195890672,-0.0091780231639573,-0.0100936549243906,-0.0184539630651286,-0.0116871868054615,-0.0173084197965813,-0.0104501429532491,-0.0015957462278816,0.0013970288618347,0.0245798220477868,0.0372140180078403
1961-02-01,,,,,,,0.009899999999999999,-3.485707018438072,-3.4591921286019147,-3.002692124489051,-0.483014893949021,0.5120227163,0.0194199043,0.0242,0.0392,0.02,0.0,0.0005474594,0.008,0.0010000000000000009,0.015,0.06315608329031153,-0.015134128659326,-0.0114794395503011,-0.0186975426546276,0.002218166909952,-0.0177962813373715,0.0012414067380507,0.011198499559107,-0.0045385876542308,-0.0040476006853616,0.0044873750828918,0.0056081557147418,0.0264865384396118,-0.0013374264518529
1961-03-01,,,,,,,0.0432,-3.512621947969969,-3.487406604251356,-3.0471388301355518,-0.4654831178344173,0.5466798694,0.0227375905,0.0239,0.0397,-0.0037,0.0,0.0004149412,0.008,0.0008000000000000004,0.015799999999999998,0.026869537067012006,0.0014638733664368,0.0066392339648578,0.0003911499862682,-0.0026441879336553,-0.0168986597350053,0.010139271146468,0.0026619628447053,-0.0100503101562755,0.0106443118851921,0.0092389482727978,-0.0012626267451984,0.0206058086901286,0.0013544407342733
1961-04-01,,,,,,,0.0362,-3.5164571908393287,-3.512621947969969,-3.0574676023154597,-0.45898958852386895,0.5450044938,0.02325925,0.0229,0.0391,0.0115,0.0,0.0010092086,0.007599999999999996,-0.0231,0.016200000000000003,0.02553593947036581,0.0043185282976549,-0.0021773882809404,0.0128770291182776,-0.0105082473027079,0.0082004879042674,0.0224041466174767,0.0038707528600883,-0.0072583197614375,-0.0056446068172493,-0.0005785617669063,0.0102216835400735,0.0071498681587766,0.0039596318417326
1961-05-01,,,,,,,-0.015700000000000002,-3.535415823437716,-3.5164571908393287,-3.082962205893633,-0.45245361754408353,0.5309162935,0.0224656554,0.0229,0.0397,-0.0046,0.0,0.0004043434,0.007399999999999997,0.0095,0.0168,0.0038426068244696854,-0.0084422329310336,0.0010878795632749,0.0015617737488477,-0.0028407711146253,0.0013569300737273,-0.0172774322895767,-0.0143804306131476,-0.001130914795129,-0.0068738538633536,-0.0035029019418889,0.0146802006558599,0.0145830525742111,0.0127729087674964
1961-06-01,,,,,,,0.003,-3.5061454411376034,-3.535415823437716,-3.0602707946915624,-0.4458746464460409,0.5408211006,0.0224821258,0.0233,0.0404,-0.0075,0.0,0.0005489074,0.006999999999999999,-0.0005000000000000004,0.017099999999999997,0.01913948859286485,0.011365518030833,0.0045791129494367,0.0050685025226242,0.0043698594428387,0.0246357970882692,0.0017599748709727,0.0055911139732913,0.0124722448109472,0.0187845437539814,9.15549272907e-05,0.0117741027083284,-0.0059087082613913,0.0034984458363238
1961-07-01,,,,,,,0.0022,-3.534968467480539,-3.5026977828997445,-3.0903326993017153,-0.444635768178824,0.5244056311,0.0251796276,0.0224,0.0404,0.0035,0.0067114094,0.0006283737,0.0068000000000000005,0.0005,0.018,-0.028846153846153855,0.007699227241555,-0.0014680712808276,0.004142672773474,-0.0010475588420942,0.0113816393769198,-0.0045702311642149,0.0046287145633123,0.0034473289717899,0.0041743879663042,0.0005152391066551,0.004859306357965,-0.0055330222298353,0.0045169313618781
1961-08-01,,,,,,,0.016399999999999998,-3.5510163375310713,-3.5315838488648454,-3.1075941344835956,-0.4434222030474758,0.5137928161,0.0254259102,0.0239,0.041,-0.0038,-0.0033333333,0.0004062151,0.006600000000000002,0.002,0.0171,0.03279702970297027,-0.0037223659853339,-0.0012064720157067,-0.0087658929125226,-0.0036985732477426,0.0124197275267113,0.0137927332007139,0.0037134010337391,0.015717336555345,0.0215402082712732,0.0067513018033247,0.0004597528633639,-0.0118958171655753,-0.0104736654004789
1961-09-01,,,,,,,0.0079,-3.5277101536730893,-3.5475921142174345,-3.085513036296195,-0.4421971173768945,0.5275167211,0.0249633869,0.0228,0.0403,0.0129,0.0033444816,0.0008224996,0.0067000000000000046,0.0014999999999999996,0.0175,0.019622528460155664,0.0028851442279384,-0.0018527989597892,-0.0120366650548611,-0.0069082322089359,0.030489493667106,0.0141358709083327,0.0119455466076155,0.0215202057205771,0.0235862311009234,0.0095429173741616,-0.0017738564885053,0.001849945307888,-0.0002298747864447
1961-10-01,,,,,,,0.030699999999999998,-3.54548719272386,-3.5175577822090713,-3.098247009067953,-0.44724018365590723,0.5254858507,0.0258359089,0.023,0.04,0.0071,0.0,0.0002675088,0.007099999999999995,0.005599999999999999,0.017,-0.01968561774643729,0.0260574587829552,0.0078800808509038,0.0040765601839878,0.005091118828591,0.0206155965516431,0.0183182640884792,0.0163755538136321,0.0116698148413305,0.0307120453721624,0.0064584860410629,-0.0005421546476362,-0.0065336076609205,0.0031675813935378
1961-11-01,,,,,,,0.0134,-3.5740296124349937,-3.5354368568703585,-3.121903589527781,-0.45212602290721293,0.5126108647,0.0255706129,0.0248,0.0404,-0.002,0.0,0.0003603902,0.007199999999999998,0.0048000000000000004,0.0156,0.02832309306159142,-0.0041475228943786,-0.0026279467305354,-0.0052575505194724,-0.0026544679555551,-0.0031775771074692,0.0067879312990529,0.0039393310049711,0.0040761204262854,0.0092945852331443,0.0013961059498256,-0.0040812711606567,0.0037810689042365,-0.0036723208271204
1961-12-01,,,,,,,-0.0218,-3.567298994589347,-3.564079281581826,-3.110375589205707,-0.45692340538363985,0.5059222584,0.0223242879,0.026,0.0415,-0.0125,0.0,0.0003369015,0.0067999999999999935,0.0099,0.015500000000000003,0.039347129116875434,0.009414844469193,0.0031249805862844,0.0150960110669693,-0.0014191500747279,-0.0120191567938651,-0.037274030834132,-0.0027745458712376,-0.0210349890667752,-0.0247471039708621,0.0020146534081786,0.0051926207076111,0.0064035211840448,0.0239217059747526
1962-01-01,,,,,,,-0.0204,-3.525376116800208,-3.5639876514593296,-3.053129975001692,-0.47224614179851565,0.5284285714,0.0247213553,0.0272,0.0419,-0.0014,0.0,0.0008115307,0.006599999999999995,0.0094,0.014700000000000001,0.0032249018508132554,0.0171108423870863,0.007485837237679,0.0321680849992997,-0.0062096165275034,-0.0029229306089724,-0.0162005717405374,0.0065828414024205,-0.0248139068357744,-0.0248894789422464,0.0013457436290319,-0.0076703347398398,0.0342938259071893,0.0410813745942873
1962-02-01,,,,,,,-0.01,-3.538263561216242,-3.5221248824091793,-3.0509754607614297,-0.4872881004548125,0.522420733,0.0287833809,0.0273,0.0414,0.0103,0.0033333333,0.0002650967,0.006499999999999999,-0.0051,0.014099999999999998,-0.03787561146051699,-0.005509827604382,-0.0035003277126979,-0.0016166513525232,0.0019742622739159,0.0087082774285515,0.0057028505264928,0.0017309789686462,0.0009081663930427,-0.0013833977882219,-0.0013060288782848,0.0061794824019181,0.0012348254345594,0.0033041409411094
1962-03-01,,,,,,,0.0189,-3.5290961105133265,-3.534973842294276,-3.027133174005181,-0.5019629365081454,0.5457245916,0.0240753041,0.0272,0.0398,0.0253,0.0,0.0002794921,0.006499999999999999,-0.010199999999999999,0.012600000000000004,0.01626961069145838,0.0056448904158832,-0.0044046302320388,-0.001224539127974,-0.0040449568684418,0.0132151122322683,0.0109916474535637,0.0009013159522194,4.49840880544e-05,0.0060497909369682,-0.0017085736026088,0.0027644652622343,0.0011748783043953,-0.0012187049515559
1962-04-01,,,,,,,0.0294,-3.461844037749546,-3.525817178366185,-2.9533272286116077,-0.5085168091379386,0.5798626246,0.0251520924,0.0273,0.0394,0.0082,0.0033222591,0.0010196908,0.006900000000000003,0.006,0.012099999999999996,-0.005860491709548277,0.0054043332024242,-0.0001562327892878,0.0119039927220315,-0.0074951876735533,0.026773922514396,0.0124519692323848,0.0044199156867922,0.003554588077056,0.001815040018061,-0.0001136353751192,0.0040005671851032,0.0016286715763841,0.0137870434010947
1962-05-01,,,,,,,0.0046,-3.3687105481556987,-3.458624522773497,-2.8536470945002463,-0.5150634536554524,0.6289943915,0.0277223552,0.0269,0.0393,0.0046,0.0,0.0109148391,0.007200000000000005,-0.0046,0.012400000000000001,-0.06196980589503953,0.0182678388467724,0.0105821107464915,0.035898079262789,-0.0111968966174551,0.0172685745189401,-0.0060726905343337,-0.0045888156305487,-0.013932680170227,-0.0097750694586176,-0.0008343774912367,0.0150823217423915,0.0089686544943791,0.0489448232326479
1962-06-01,,,,,,,0.064,-3.2800713858951203,-3.3654528203335246,-2.7586227747378422,-0.5214486111572781,0.6873574686,0.0264554418,0.0273,0.0401,-0.0076,0.0,0.0061611302,0.007400000000000004,0.005,0.012799999999999995,-0.08599019006744313,0.0191358325599227,0.0020419520411808,0.0170785770815112,-0.0156480556345467,0.0215619329426758,0.0515622412377598,0.0191330764118033,-0.0010113410195533,-0.0093383643980244,0.001013665077575,0.0088779952819834,0.0025652010247241,0.0248520572476858
1962-07-01,,,,,,,0.0051,-3.3384475535639053,-3.2768242364114872,-2.814498949634692,-0.523948603929213,0.6452260298,0.0304859039,0.0292,0.0412,-0.0109,0.0033112583,0.0018434772,0.007100000000000002,0.0094,0.012,-0.08183800100620497,-0.0048131187866845,-0.0038299936470247,-0.0200697135052563,0.0077502282933269,-0.0272539553620318,-0.0083795977092507,0.00845242240752,0.0113991250725622,0.0013169572835652,-0.0032194747751698,0.00370324819041,-0.0039357273916781,-0.0197261221889522
1962-08-01,,,,,,,-0.005699999999999999,-3.3504277358566252,-3.3352591450657068,-2.8239532391621722,-0.5264744966944529,0.6333103516,0.0293287512,0.0282,0.0401,0.0187,0.0,0.0008019519,0.007100000000000002,-0.004400000000000001,0.011899999999999997,0.06356164383561635,-0.0073561986681255,-0.0041188925107903,-0.0056990116041597,-0.0042805056655112,-0.0090384225575154,-0.0082571133311362,-0.0015660046224109,-0.0043650096069761,-0.0092916168067489,0.0027606131930287,0.0028776678786098,0.0086082479364586,-0.00113269323671
1962-09-01,,,,,,,0.039599999999999996,-3.2977936397319607,-3.34720138292672,-2.7688636624999816,-0.5289299772319788,0.6663442606,0.0306016141,0.0278,0.0398,0.0061,0.00330033,0.0011769981,0.007099999999999995,0.0027999999999999995,0.012000000000000004,0.015284217757169927,0.0064816943939967,0.0002754426484894,0.0079650920827109,-0.0057084025789151,0.0386333717164321,0.0237297064223615,0.007095287044844,0.0013920464023161,-0.00222245441935,-0.0029760357330356,0.0198144668833548,-0.0047348331424166,0.0064231332168721
1962-10-01,,,,,,,0.0079,-3.294229877647271,-3.2897968532761315,-2.760153970220765,-0.5340759074265059,0.654153314,0.0280945039,0.0274,0.0395,0.0084,0.0,0.0034521082,0.007100000000000002,-0.0015999999999999999,0.0121,-0.04820703653585923,0.0079743265813253,0.0041189304662283,0.013438614711343,-0.0023343347791822,0.0180790790756571,0.0044851436132674,-0.002058623097867,0.0045270884260382,-0.0006990616538469,-0.0026431221765724,0.0013605650632953,-0.0271609839668357,0.0039966709592534
1962-11-01,,,,,,,-0.0719,-3.3830684582274926,-3.2863438510303573,-2.843933952222785,-0.5391345060047074,0.5941783459,0.0248105069,0.0283,0.0396,0.0021,0.0,0.0012747828,0.007099999999999995,0.0040999999999999995,0.011300000000000004,0.004442864759196752,-0.0037058252925566,0.0012882584752466,-0.004882978950452,0.020223407908984,-0.0419412590237295,-0.0546284368950557,-0.0036440060731841,0.0030905085593452,0.0118970875762919,0.0008671719287995,-0.0052393688373692,0.0078674780492508,-0.0023588301453258
1962-12-01,,,,,,,0.059000000000000004,-3.388598789825834,-3.3751971852921283,-2.844529107480689,-0.5440696823451452,0.5916270511,0.0199680704,0.0287,0.0395,0.0035,0.0,0.0005438823,0.0068000000000000005,-0.0012000000000000001,0.0108,0.10155697098372252,0.0021214578534367,-0.001189148133021,-0.0003933391593584,-0.0104452788551978,0.0300788649584879,0.0306096817312756,0.0061606988820834,0.0109961045251797,0.0006575910520744,-0.0011129643878922,0.0223645590118648,-0.0221522728836521,-0.0051664052640467
1963-01-01,,,,,,,-0.0213,-3.4334178801761572,-3.3854581867803626,-2.888871373462015,-0.5445465067141417,0.5649849894,0.0171362735,0.0291,0.0398,-0.0001,0.0,0.0006997698,0.006999999999999999,0.006,0.010700000000000001,0.013491808544812134,0.0006911884898199,0.0060881111953357,0.0110312459076011,0.0050652494394378,-0.0015545574892622,-0.0122748550817544,-0.0035415073965485,-0.0101687696040054,-0.0070844814727808,0.0087262956833634,0.0115092276405167,0.0296023630093453,0.0200379182408808
1963-02-01,,,,,,,0.0252,-3.4010574007926455,-3.4303337655820125,-2.8559635683675317,-0.5450938324251139,0.5819531179,0.0132367896,0.0292,0.04,0.0008,0.0,0.0003921329,0.006999999999999999,0.0015,0.0108,0.04912836767036444,0.0082667071850612,-0.0006790464236983,0.0064150180491217,-0.002920462319255,0.01450251793724,0.0088581884511019,0.0028781674276791,-0.0033114132400955,-0.0011478382406938,-0.000694844075015,0.0090509873795378,-0.0019217644653,0.0074225620051346
1963-03-01,,,,,,,0.0158,-3.4327861834730404,-3.397936256014024,-2.887222148993268,-0.5455640344797724,0.5875285706,0.014380171,0.0289,0.0401,0.0009,0.0032894737,0.0003599355,0.006900000000000003,0.0017,0.011199999999999998,-0.028851963746223563,0.0026331749531425,0.0025734298821714,0.0089897709280716,-0.0036153504505148,0.0074006654855687,0.0104311263335959,0.0021627094828983,-0.0018349724521674,-0.001982064110253,0.0028270196013676,0.0089527652756981,-0.0194027277133826,0.0027642004181028
1963-04-01,,,,,,,-0.001,-3.472428737037802,-3.4250487528820877,-2.9229985567589996,-0.5494301802788025,0.5587292741,0.0151994274,0.029,0.0405,-0.0012,0.0,0.0003221604,0.006600000000000002,-0.0039000000000000007,0.0115,0.035464302379841106,0.0146644911721161,0.00897194993502,0.0058085396061777,0.0039913468960467,-0.003422205433296,0.0101950340223357,-0.0013831522280422,0.0065001973727562,0.0090954508445348,0.0031532476426508,-0.0024567993700951,-0.00897238949933,0.0055321748871093
1963-05-01,,,,,,,0.0029,-3.4790215070127397,-3.4647965160813925,-2.9257267323159777,-0.5532947746967619,0.5516121932,0.014648533,0.0293,0.0406,0.0023,0.0,0.0003036557,0.0063,0.0024999999999999996,0.011299999999999998,0.04852035451404535,0.006713855336512,0.0001515753795748,0.0047296329640267,0.0025756405386442,-0.0164757191895196,0.0052302954533818,0.0063504268067194,-0.0063482949649292,-0.0016218902729189,0.002585679696621,0.0007420941044545,0.00765823709697,0.0073267395093521
1963-06-01,,,,,,,0.0116,-3.4509971370329398,-3.4714016403354035,-2.8939821307975744,-0.5570150062353653,0.5672815754,0.0182632029,0.0299,0.0407,0.0019,0.0032786885,0.0002610984,0.006100000000000001,0.0024000000000000002,0.0108,0.014326647564469885,-0.0016585790084862,-0.0011495275518306,-0.0067591178829081,-0.0019712873535851,0.0060863921437603,-0.0014406074241491,0.0056884691995229,0.0031737313231777,0.0040041173257894,-0.0013187738415909,0.00973942003987,0.0015935446600783,-0.0035732225466271
1963-07-01,-0.0039000000000000003,-0.0048,-0.008100000000000001,0.0064,-0.0115,0.0027,0.0101,-3.446032553469167,-3.4494982609092038,-2.8801536363219915,-0.565878917147176,0.5766216585,0.009318732,0.0318,0.0407,0.0031,0.0032679739,0.0005297971,0.0058,-0.0002999999999999999,0.008899999999999998,-0.020197740112994245,-0.0014845697920579,-0.0028297257096647,-0.0014510146616121,0.0008372836954635,0.0111962550889069,0.0050947188349183,0.0071985209582019,0.0045625238256682,0.0010288375825806,0.0008899899499468,0.0022815395090797,-0.0136914245811377,-0.0058748205411013
1963-08-01,0.0508,-0.008,0.017,0.004,-0.0038,0.0025,0.01,-3.492088374953731,-3.4444906030502755,-2.9174949080582575,-0.5745934668954732,0.5498272363,0.0095200761,0.0332,0.0408,0.0021,0.0,0.0003269086,0.005400000000000002,0.0014000000000000002,0.007600000000000003,-0.003459708807842188,0.0004278370940409,0.0030313766960955,-0.0010054513005833,0.0044707446796003,-0.0194399347945153,0.0135891234836217,0.0058710728645815,0.0071518187965638,0.0088625667837712,-0.0037435634479324,0.0022123122220705,-0.0258001345065006,-0.0081521379769175
1963-09-01,-0.015700000000000002,-0.0043,0.0,-0.0078000000000000005,0.0015,0.0027,0.0012,-3.4794982320759136,-3.4905940463309673,-2.896246722339186,-0.5832515097367278,0.5472236248,0.010313262,0.0338,0.041,0.0004,0.0,0.0003299103,0.005299999999999999,-0.0027,0.007200000000000005,0.048748734268769134,0.0021583389458387,0.0007409207856779,0.0051544990889962,0.0069096629223686,0.0159847999728397,-0.0043417875313659,0.0007529737952003,-0.0066361543792906,0.0014702772704464,0.0070598374363116,0.0151699159363411,0.0141261028423576,0.0012976625150866
1963-10-01,0.0254,-0.0134,-0.0004,0.0279,-0.0225,0.0029,0.0313,-3.500719906965083,-3.4690104353612834,-2.9229183999130286,-0.5778015070520545,0.5309640772,0.0102799661,0.0345,0.0415,-0.0026,0.003257329,0.0005035319,0.0051,0.0075,0.006999999999999999,-0.011034482758620623,0.0155570993965521,0.0026889156566845,0.0001990469778962,0.0075232743001257,-0.0205400541209892,0.020400139481455,0.0112949571723259,0.0072766085045881,0.0176707966765483,-0.0015736426238673,0.0025151503523188,-0.0160726297187889,-0.0010788514423634
1963-11-01,-0.0086,-0.0085,0.0173,-0.0043,0.0227,0.0027,-0.0078000000000000005,-3.479701603877251,-3.490296650013647,-2.9073108119530877,-0.5723907919241631,0.5342962213,0.0060125452,0.0352,0.0414,0.0051,0.0,0.0031101657,0.0051,-0.0036000000000000003,0.006199999999999997,0.032217573221757334,-0.0078498738332656,-0.0010970486848437,-0.0016676440824935,-0.0032320200840735,-0.0013320047468773,-0.0041049088127793,0.0007722622981503,-0.0015601027190695,0.0006323483278094,0.0017524242107938,0.0047649540699204,-0.0083533558233066,0.0018026559266899
1963-12-01,0.0183,-0.0189,-0.0021,0.0012,-0.0025,0.0029,0.0184,-3.493579301687392,-3.4694297301066293,-2.926472842022812,-0.5671064596645802,0.5255914542,0.0089547303,0.0352,0.0417,-0.0006,0.0032467532,0.0002735667,0.0050000000000000044,-0.0028,0.006499999999999999,-0.010539116335630316,0.0182484741414623,-0.0040593043921045,0.006387454599604,0.0052967239279237,0.0126890187441156,0.0129544692897491,0.0100428773683247,0.0073008589245288,0.0004825809543245,-0.0008599177693854,0.0106916479301595,-0.0194226439194379,-0.0071853495313005
1964-01-01,0.0227,0.001,0.0163,0.0021,0.0148,0.003,0.0102,-3.512851457449638,-3.486281434613509,-2.93987128575407,-0.5729801716955681,0.5106068709,0.0142935705,0.0352,0.0421,-0.0014,0.0,0.0001833411,0.004400000000000001,0.0101,0.006899999999999996,0.02444353407073585,0.00940634594294,0.0084303908099482,0.0121791374029757,-0.0018762623657832,0.0047949704963576,0.0117863778062435,0.0039690636448349,-0.0025338242819282,-0.0043832417782172,0.0024968725221926,-0.0005452825950347,0.0005940841460097,0.0047201986608821
1964-02-01,0.0155,0.0033,0.0281,0.0011,0.008100000000000001,0.0026,0.0033,-3.5154663546594587,-3.5056496909649826,-2.9366633750842026,-0.5788029795752561,0.5011622966,0.0174079186,0.0353,0.0424,-0.0011,0.0,7.16995e-05,0.004700000000000003,0.006500000000000001,0.007100000000000002,0.02692615302585999,0.0087329667341653,0.005274798580295,0.0019901975422588,-0.0048583621912537,-0.0087483481320306,0.0040221763350627,0.0044673214159048,-0.0017003719760445,0.0034808240753922,-0.000593734300919,-0.0001001335426395,-0.0012537986185824,0.0077566462550451
1964-03-01,0.0141,0.0141,0.0329,-0.0203,0.0298,0.0031,0.0069,-3.5233263882808945,-3.508273163606737,-2.938883409321839,-0.5844429789590557,0.5236754417,0.0177832391,0.0354,0.0424,0.0037,0.0,0.0001147114,0.004500000000000004,-0.009899999999999999,0.006999999999999999,0.009865005192107867,0.0140122547309011,0.0086464728338364,0.0201842649992994,-0.011564658700634,-0.0008065814686356,0.0150822665880767,0.0017866648605778,-0.0115689697918475,-0.0034354389235657,0.0007180718569085,0.0043539907676057,0.0040468605809056,0.0217948945453579
1964-04-01,0.0011,-0.0148,-0.0054,-0.0132,-0.0113,0.0029,-0.0064,-3.5222436644400403,-3.5161845699120917,-2.9330517573282657,-0.5891919071117745,0.5253031069,0.0207680034,0.0347,0.0423,0.0047,0.0,0.0002547552,0.004500000000000004,-0.0007000000000000001,0.007599999999999996,0.015167095115681262,-0.0091430427869485,-0.0080033136933307,-0.0050563970557441,-0.0057582510003124,0.0286206132728636,-0.0098418185376198,-0.0047849146619728,-0.0038766959558536,-0.0075571219313819,0.0035948181660613,0.0117743303174373,-0.0017707600612441,0.0009247407359281
1964-05-01,0.0141,-0.0062,0.0181,-0.0015,0.0013,0.0026,0.0253,-3.5265820248205233,-3.5151948029823488,-2.9326879626309212,-0.593894062189602,0.5190357804,0.0211793163,0.0348,0.0422,0.005,0.0,0.0002257771,0.004400000000000001,0.0007000000000000001,0.007400000000000004,0.006077487971638318,-0.0002913505571727,0.0011166646292514,-0.0048061416109829,0.0032516370065172,-0.0015911475086511,0.0109998314169394,0.0078213616032588,0.002356814617815,0.0075512150289813,0.0001918037967373,-0.0044343205780867,-0.0039355964577676,-0.0008618555042543
1964-06-01,0.0127,0.0013,0.0068000000000000005,-0.0033,0.001,0.003,0.004699999999999999,-3.5358311076703943,-3.5195404845412437,-2.9373640533393788,-0.5984670543310152,0.5122068551,0.0205029799,0.0348,0.0419,0.0069,0.003236246,0.0003978509,0.004400000000000001,-0.0021000000000000003,0.007100000000000002,0.011452303045557555,-0.0035738563195194,-0.0012677969809222,-0.002350722227821,-0.0121700521081697,0.003992572894483,-0.0022475648025969,-0.0045697838173258,-0.0021748562926638,0.0020683552607971,-0.0010520829006434,0.0028037079219885,0.0032088642280695,0.0082376561454779
1964-07-01,0.0174,0.005,0.0079,0.0015,0.018500000000000003,0.003,-0.0038,-3.5455381969608655,-3.5274628579998777,-2.9447119185509427,-0.6008262784099225,0.5063607181,0.0213126914,0.0346,0.0421,0.0008,0.0032258065,0.0001989067,0.004300000000000005,0.004399999999999999,0.0075,0.01642403882045529,0.0031189153413757,-0.0007799481967398,0.0042734857302906,-0.0005918314576982,0.0135437962481406,-0.0078399480693176,0.0031402684443478,0.0037288427506203,-0.0068774460753505,0.0015473001382476,0.0043733650812503,-4.34838319297e-05,0.0030885643465518
1964-08-01,-0.0144,0.0029,0.0007000000000000001,0.0015,0.0031,0.0028000000000000004,-0.0025,-3.5208763843706956,-3.5372393941461704,-2.9177579006867047,-0.6031184836839908,0.5079429444,0.0206966751,0.035,0.0423,0.002,-0.0032154341,0.0004259263,0.0040999999999999995,0.0017000000000000001,0.007299999999999994,0.01823968662014952,0.0005951890373262,-0.0062604737829375,0.0027937520496991,-0.0130959565788719,0.0096549122216067,-0.0031614919860147,-0.0016160417070858,-0.0065909544209302,-0.0083226166402319,0.0073726184598634,-0.0003969237764176,0.0072054229202893,0.0120543258611555
1964-09-01,0.0269,-0.0034000000000000002,0.0172,-0.005,0.005600000000000001,0.0028000000000000004,-0.0039000000000000003,-3.5409593240373143,-3.51264588523418,-2.9355689547169472,-0.6053903693203669,0.4865371214,0.0204031456,0.0353,0.0421,0.005,0.0032258065,0.0001704974,0.003999999999999997,-0.0029000000000000002,0.0068000000000000005,-0.016229862947824136,0.0035192460640651,0.0029800150014688,0.0006538821537461,0.0064025083150103,-0.0166216201031652,-0.0031887807136707,0.0024382952388619,-0.0050137706901009,0.0005860668003233,-0.0023071100277808,0.0034435294991854,-0.0062580953792258,0.0041536484350615
1964-10-01,0.006,0.009000000000000001,0.0108,-0.002,0.0052,0.0029,0.0019,-3.5408414898299077,-3.532796013398153,-2.9376590453516567,-0.6031824444782513,0.4878132588,0.0201157932,0.0357,0.0421,0.0043,0.0,0.0001870439,0.0038999999999999937,0.0007000000000000001,0.006399999999999996,0.028718074055969822,0.0046627955932223,0.0005947367505104,0.0019174722168132,0.0030856296857572,0.0022858228456556,0.0030352353012266,-0.0010223279975278,-0.0041709301198731,0.0005925586979936,0.0025096041231777,0.0021399578427095,0.0077628316491767,0.0045641095953939
1964-11-01,-0.0001,-0.0024,-0.0204,0.0070999999999999995,-0.0016,0.0029,0.011000000000000001,-3.527545780177462,-3.5327442795972885,-2.926562524399595,-0.600983255777867,0.4865037753,0.0191674784,0.0364,0.0422,0.0017,0.0032154341,0.0002128659,0.003799999999999998,-0.0021,0.0058,0.00807792824899023,-0.0013929606485227,0.0003307169935281,-0.0055908092046755,0.0012407342231296,0.0176030963496529,0.0029368099870804,0.0026301246084785,0.0050297124691431,0.0061588906783111,-0.0004668578030582,0.0056796596057609,0.0037641584163206,-0.0070422283363847
1964-12-01,0.0004,-0.006500000000000001,-0.024300000000000002,0.0095,-0.0155,0.0031,-0.0069,-3.523415014386405,-3.5195136084801977,-2.9245785132977007,-0.598836501088704,0.4872273003,0.0230953694,0.0384,0.0423,0.003,0.0,0.0003512133,0.003699999999999995,0.0058000000000000005,0.0039000000000000007,-0.005185010605703533,-0.0115724221316426,0.0016057155760319,-0.0097435578168016,0.0110687851732704,0.0008508388444374,-0.0032474157523855,0.0011626809253372,0.007800464807509,0.0105044643287147,0.0037758292710673,0.0028946493328806,-0.0028937126653824,-0.0103286743345772
1965-01-01,0.0354,0.025,0.0036,0.009399999999999999,-0.0002,0.0028000000000000004,-0.0138,-3.5493757531164403,-3.5167572267223384,-2.94772555265764,-0.6016502004588005,0.4717231907,0.0179038005,0.0381,0.0422,0.004,0.0,0.0001658128,0.003700000000000002,0.0040999999999999995,0.0040999999999999995,0.003909026297086005,-0.0044212050789674,0.0035203260757358,-0.0087237695816112,0.0134721411610488,-0.0149824046203738,-0.0038568015296609,-0.0033710805873197,0.0006508608704699,0.0091871149392832,0.0029856381531899,0.0052335126030525,0.0143268987607066,-0.006178448746903
1965-02-01,0.0044,0.032400000000000005,0.0022,0.0026,-0.0062,0.003,0.0024,-3.541315672549926,-3.5428014720117886,-2.9368355668787887,-0.6044801056711373,0.4713994776,0.0148232673,0.0393,0.0424,0.0014,0.0,0.0003931965,0.003700000000000002,-0.0005,0.0030999999999999986,0.033156342182890874,0.0008685800793527,0.0047805599443887,-0.0016806409998174,0.0070737518772046,-0.0180689120673344,0.0056792789968061,-0.0020251677092566,-0.0013097801898922,0.0110301351204643,0.0021803883414831,0.0020536886107253,0.0104869105280781,-0.0019936595242193
1965-03-01,-0.0134,0.0208,0.0115,-0.0029,0.006500000000000001,0.0036,0.0017000000000000001,-3.520112673677798,-3.5347451140224644,-2.9129079229185777,-0.6072047507592205,0.469489905,0.0191342809,0.0393,0.0422,0.0054,0.0032051282,0.0001446203,0.003599999999999999,-0.004200000000000001,0.0029,-0.0014846962083142623,0.0025832364252901,-0.0004235779936984,0.0025623147431544,-0.0047972013755395,0.0001616418414584,0.001331206683166,0.0076557968771177,-0.007144271658593,0.0005856727876118,-0.0007687686337849,0.0031579309540352,0.0125525898683126,0.0086293269721801
1965-04-01,0.0311,0.011399999999999999,0.0073,0.0029,-0.0227,0.0031,0.0253,-3.5459656627175002,-3.5123001339410047,-2.9352489279638414,-0.610716734753659,0.4525593347,0.0147225723,0.0393,0.0422,0.0036,0.0031948882,0.0001627597,0.003700000000000002,-0.0015,0.0029,-0.014525906439437408,-0.0105757944693705,-0.0023267680894508,-0.0102494432867149,0.008696863065429,-0.0134633909565705,0.0183689557716922,-0.003246671708953,-0.0038902312744189,0.0075101699404645,-0.0007942796006888,0.002296770329689,0.0037622896908386,-0.0012598773469705
1965-05-01,-0.0078000000000000005,0.0005,-0.0155,-0.0042,0.0059,0.0031,0.0055000000000000005,-3.5304403126866504,-3.538213685913182,-2.916256949682075,-0.6141833630045758,0.4546642848,0.0162450566,0.0389,0.0423,0.0018,0.0,0.000333764,0.003699999999999995,-0.0026,0.0034000000000000002,0.03423862581244208,0.0056353159591292,0.0048876503031169,0.0017526064313089,-0.002547964334893,0.004809665124096,0.0107237958291598,0.0038232888409761,0.0001171507705927,0.0129527245491121,0.0018097600744758,-0.0020028206751672,0.0024967178527806,-0.0013195697195844
1965-06-01,-0.055099999999999996,-0.042,0.0023,0.0024,0.0043,0.0034999999999999996,-0.0318,-3.472894129499897,-3.522747967063495,-2.8553296301059587,-0.6175644993939383,0.4808589565,0.0175512226,0.038,0.0423,0.0047,0.0063694268,0.0018293746,0.0039000000000000007,-0.0044,0.004299999999999998,-0.007743238693749266,0.0025426473088767,-0.0014219954747475,0.0088604069243423,-0.0051978135947001,0.0342936216105797,-0.026265764264524,-0.0081456769936678,0.008158721810228,-0.0118454558551371,0.0021334024112285,0.0137213228545946,-0.0167634855719068,0.0052575379843059
1965-07-01,0.0144,0.011000000000000001,0.0219,-0.0141,-0.0008,0.0031,0.0409,-3.47985981068714,-3.466516045358013,-2.859070887114094,-0.6207889235730458,0.4733821762,0.0156274939,0.0384,0.0424,0.0022,0.0,0.0005218656,0.0040000000000000036,-0.00030000000000000014,0.0040000000000000036,-0.048631531327753885,0.009000778575729,0.0037347077759794,0.0021371823145609,0.0072407833104272,-0.0225127050463008,0.0262357176887357,0.0060403845029065,-0.003494740592694,0.0023974351532273,0.0061579242523082,0.0097413526485674,0.001572601845038,0.0029694060108737
1965-08-01,0.0273,0.0277,-0.0098,0.0203,-0.008100000000000001,0.0033,0.0258,-3.4958320984648283,-3.4735599796049694,-2.871852099701109,-0.6239799987637191,0.4673608778,0.0156011883,0.0384,0.0428,-0.0013,0.0,0.0001075344,0.0039000000000000007,0.0007,0.004400000000000001,0.013433190679980944,-0.0044927883655754,0.003591396810004,-0.0121097220437016,0.013357306421159,-0.027820875926019,0.010463851227927,0.0007004503787292,0.0013285179879065,0.0121541824709174,0.0013728354674318,-0.0009085100490793,0.0088901759126711,-0.0075793985348613
1965-09-01,0.0286,0.006999999999999999,-0.0014000000000000002,-0.0085,0.0073,0.0031,0.0329,-3.521039004297507,-3.4895341122298773,-2.8939352360545527,-0.6271037682429539,0.4485374713,0.0168953899,0.0392,0.0433,-0.0034,0.0,0.0002991012,0.0039000000000000007,0.0018999999999999998,0.0040999999999999995,0.022521994134897305,0.0003055242513006,0.0053339621223921,-0.0070942600538251,0.0010452671647975,-0.0231200012940224,0.0221650048965278,0.0091804981725314,-0.0016778225235937,0.0114860175719023,-0.0021230120148425,-0.0063310304014125,-0.0011795648072611,-0.0010840057475511
1965-10-01,0.026000000000000002,0.0345,0.0155,0.011899999999999999,-0.0076,0.0031,0.0345,-3.540526610919355,-3.513548332568349,-2.906955162154852,-0.633571448764503,0.4344205991,0.017464193,0.0403,0.0433,0.0027,0.003164557,0.0001883791,0.003699999999999995,0.0018999999999999998,0.0029999999999999957,0.03200642422851896,0.0017220988747394,0.0058268542265389,-0.007108063258,0.0051384335361584,-0.0335242915263388,0.02755267953509,0.0106153504658154,-0.0038042230509903,0.0112266679203605,-0.0004991093240758,-0.0110067271226103,0.0145105264262235,0.0017358160465383
1965-11-01,-0.0002,0.052199999999999996,0.0016,-0.0108,-0.0087,0.0034999999999999996,0.044000000000000004,-3.5242886630168337,-3.5330916324318373,-2.8843859969757006,-0.6399026660411329,0.4408953111,0.0207624998,0.0409,0.0441,-0.0062,0.0,0.0001414189,0.003500000000000003,0.0004999999999999996,0.0032000000000000015,0.027345486883059156,0.008767811387829,0.0064952388758833,-0.0065659124375537,0.0175385756615429,-0.039922927624583,0.0453744973416599,0.0093153108478769,0.0004197954160756,0.0227986154730471,0.0102477922894923,-0.0070669600261199,0.0192484936707855,-0.0114312259877181
1965-12-01,0.0101,0.0262,0.0215,-0.013000000000000001,-0.0055000000000000005,0.0033,-0.001,-3.52581972096878,-3.516908555719211,-2.8797179040988885,-0.6461018168698913,0.4306378062,0.0208375187,0.0438,0.045,-0.0078,0.0031545741,0.0003013655,0.0034000000000000002,-0.0071,0.0011999999999999997,-0.008764336723652955,-0.0054838139500219,-0.0032079191222353,-0.0094362346427577,0.0143274729815685,-0.0267005419010974,0.0001805816079295,0.0066925154175635,-0.0099093033424323,-0.0044860575552764,0.0015410352569599,0.0043521195150572,0.0102297414843188,0.0075610417509462
1966-01-01,0.0072,0.048499999999999995,0.0327,-0.0265,-0.0026,0.0038,0.0528,-3.5233504169896577,-3.5184936808767073,-2.8749868390566853,-0.648363577932972,0.4243983284,0.0202786269,0.0459,0.0457,-0.0104,0.0,0.0001518044,0.0032000000000000015,0.0126,-0.00020000000000000573,0.00895098788341886,0.0021686777363864,0.0018836400123837,-0.0034521037167625,0.0092872570234379,-0.0245711371963375,0.0430205165974889,0.0129410260874521,-0.0126535890913635,0.0039591947870545,0.0135464615325443,-0.0082331951837517,0.0163905726905006,0.004897193681566
1966-02-01,-0.0121,0.0479,0.0038,-0.0016,-0.014499999999999999,0.0034999999999999996,0.0458,-3.498043491554496,-3.5160776576605777,-2.8474559254133465,-0.6505875661411495,0.4384960447,0.0200259742,0.0465,0.0477,-0.025,0.0062893082,0.0003370655,0.0034000000000000002,0.013700000000000002,0.0011999999999999997,0.004868549172346581,-0.0067647574193134,-0.0018970891644616,-0.0122763239712974,0.0152054372724269,-0.0437048652476596,0.0478903613448355,0.0081925015725626,-0.0119079759379668,0.0108838208461822,0.0081960313997738,-0.0205975473362594,0.0250915395254647,-0.0196903979878851
1966-03-01,-0.025099999999999997,0.0021,-0.0213,0.0129,-0.0005,0.0038,0.0147,-3.4687663782095144,-3.490823243581009,-2.8159916529399567,-0.6527747252695579,0.4901759356,0.0167881795,0.0459,0.046,0.0296,0.003125,0.0009310079,0.003999999999999997,-0.035500000000000004,9.999999999999593e-05,-0.017872523686477182,0.0087791625830823,0.0058165911542726,0.0008930914159312,0.0042276180526109,-0.0050144424907829,0.0055807033033198,0.0033615202649269,0.0079716284522749,0.0082129716035527,0.0098743524121438,0.0012878423994408,0.0043251592534843,-0.0128948262996786
1966-04-01,0.0213,0.0333,-0.0036,0.0042,-0.0092,0.0034000000000000002,0.0588,-3.4830784792155285,-3.4627771552209525,-2.8288302557329428,-0.6542482234825859,0.4854982435,0.0156362514,0.0462,0.0467,-0.0063,0.0062305296,0.0003512647,0.004500000000000004,0.0076,0.0005000000000000004,-0.021815391361543424,0.0042488775336977,0.0008742090189489,-0.0058357740546194,0.0024598595049692,-0.0304146676065952,0.0318435101786655,0.0083467700897341,-0.0017622896387394,0.0117732301052602,0.0021259579074434,-0.004108813933524,0.011301048860884,-0.0182986073648805
1966-05-01,-0.0567,-0.051100000000000007,-0.016,0.016399999999999998,-0.0148,0.0040999999999999995,-0.0471,-3.421499611272751,-3.4771604583783042,-2.765761967349528,-0.6557376439232232,0.5127422037,0.015945601,0.0464,0.0473,-0.0059,0.0,0.0019354754,0.0050000000000000044,0.0033,0.000900000000000005,0.020508797489633412,0.0043348789520004,-0.0018351699581533,0.0120255191004383,-0.011681353328842,0.052048162850902,-0.0439697389854645,-0.0044268883235343,0.0089267693762147,-0.0090311689428443,-0.002154684154539,0.020649192624974,-0.0053956933727771,0.0114141184898362
1966-06-01,-0.0144,0.0132,0.0049,0.0008,0.0079,0.0038,0.0323,-3.3993110335432664,-3.4155810711459362,-2.7421389554415994,-0.6571720781016672,0.5209746006,0.0171229559,0.045,0.0477,-0.0016,0.0030959752,0.0005012069,0.0051,0.0046,0.002700000000000001,-0.05414012738853513,-0.0010556829238537,0.0004993262294176,-0.0022101226930532,0.0086707741597209,-0.0217144876841663,0.0248033580457267,0.0043559639028346,0.0038980358570016,0.0063248324501619,-0.0005004332640931,-0.001884748139597,0.0003979515329287,-0.0084890896176801
1966-07-01,-0.0163,-0.0038,0.0091,-0.0038,0.0174,0.0034999999999999996,-0.013000000000000001,-3.378724525810097,-3.3922687509178537,-2.725540790300844,-0.6531837355092529,0.5349430008,0.0186412636,0.048,0.0482,-0.0037,0.0030864198,0.0010137845,0.005200000000000003,-0.0060999999999999995,0.0001999999999999988,-0.016138395448740295,0.008668723521319,0.0058150693245001,0.008539805781837,-0.0019993395939999,0.0116389353553209,-0.0004942355334287,-0.0012042144164892,0.0033089241220467,0.0012436125613763,-0.0023453432397512,0.006694685422611,-0.0009813534896436,0.0050696993888409
1966-08-01,-0.0794,-0.0315,0.005,-0.0064,0.0077,0.0040999999999999995,-0.022099999999999998,-3.2907912507977537,-3.3717314903191262,-2.6415741127356425,-0.6492171380621108,0.5749546556,0.0214702713,0.0496,0.0499,-0.0206,0.0061538462,0.0031652347,0.005199999999999996,-0.005299999999999999,0.00030000000000000165,-0.013452914798206317,0.0035223828684289,0.0044555670205226,0.0103791889320655,0.0115280581284482,0.0200856511832835,-0.0118972543446201,0.0009547958304652,0.0108058180440374,0.0059017870682797,0.0022822806334537,0.0041176746881104,-0.0035593729573963,0.0092757444386244
1966-09-01,-0.0106,-0.0102,0.0048,-0.011899999999999999,0.0235,0.004,-0.018600000000000002,-3.2768182450203582,-3.2838467784449428,-2.6315101239798757,-0.6453081210404823,0.5854924957,0.0169844585,0.0537,0.048,0.0332,0.0,0.0016003107,0.006000000000000005,-0.0254,-0.005699999999999997,-0.0777511961722488,0.0178181973731771,0.0084830404865604,0.0247582087843976,-0.0109195675909351,0.0264108370328318,0.0105284740144895,-0.0026211514536734,0.0004423587408234,-0.0074361405071918,0.0039780103323227,0.0154227977207286,-0.0083838783358596,0.0069627848773715
1966-10-01,0.038599999999999995,-0.06480000000000001,0.0274,-0.0391,0.042300000000000004,0.0045000000000000005,-0.052000000000000005,-3.3255880433572576,-3.2791392756294875,-2.6755480071233353,-0.6500400362339223,0.5616613181,0.0151840797,0.0535,0.0467,0.0228,0.006116208,0.0025467766,0.006899999999999996,0.003300000000000001,-0.0068000000000000005,-0.007003891050583522,0.0192485330215858,-0.0037227681632378,0.028021725170755,-0.0393435705992078,0.049862791016264,-0.0240323677688557,-0.0211011958616073,0.0006564142847632,-0.0374631883937726,0.0003929790175049,-0.0092714318813361,-0.0387786267270074,0.0330763475451018
1966-11-01,0.0138,0.0334,-0.0463,0.0466,-0.06509999999999999,0.004,0.057300000000000004,-3.330992069592784,-3.3278797110268608,-2.676237218029825,-0.6547548515629593,0.5726449298,0.0175496373,0.0532,0.048,-0.0148,0.0,0.0007744163,0.007800000000000001,0.0128,-0.005199999999999996,0.04754440961337503,-0.0212686389439965,0.0031877916163285,-0.0407786139129589,0.0321736474573558,-0.0681948758665716,-0.0035401628897074,0.0242757432761065,0.0152501546189813,0.0301046277375344,0.0116005220014459,0.0195763730828953,-0.0045736439913839,-0.0422771729577797
1966-12-01,0.0013,0.018799999999999997,-0.0095,0.0017000000000000001,-0.0016,0.004,0.009899999999999999,-3.3318311204141917,-3.3333238436668626,-2.6723452224273783,-0.6594858979868132,0.5769451056,0.0172076295,0.0496,0.0455,0.0413,0.0,0.0006269421,0.007899999999999997,-0.021200000000000004,-0.0040999999999999995,0.0031172069825435855,-0.0047323207107701,-0.0047517303426907,-0.001131310006526,-0.0102676980886998,-0.0015061070746185,-0.0041456730060853,0.0019360597622448,-0.0036253170299975,-0.0089762807750191,0.0038824190023042,0.0019657480440756,0.0106857282964796,0.0003502291570079
1967-01-01,0.0815,0.0898,0.0236,0.0129,-0.030600000000000002,0.0043,-0.07,-3.403624988195099,-3.328352856037867,-2.753635426910173,-0.6499895612849256,0.5333631411,0.0156975215,0.0472,0.0448,0.0154,0.0,0.0007334878,0.0077000000000000055,0.029599999999999998,-0.0023999999999999994,-0.0014916096954630254,-0.0107059082712894,-0.0058075940401209,-0.015778427747011,0.0122183704332981,-0.0562100891705617,-0.06659269659714,0.0089660147331674,-0.0086134246435883,0.0086619967194679,0.0051900166062096,-0.0021136643672862,0.0561693998147574,0.0284205385352821
1967-02-01,0.0077,0.0301,-0.0226,0.0166,-0.009300000000000001,0.0036,0.0351,-3.402119678245864,-3.4001587802186126,-2.7616690708727663,-0.6404506073730973,0.5400478931,0.0177009311,0.0456,0.0465,-0.0221,0.0,0.0004124037,0.007900000000000004,0.0020000000000000018,0.000899999999999998,0.07817751773932535,-0.0062877024966107,-0.000281437340528,-0.011710761244262,0.0107022745033412,-0.0171852731378876,0.009085251666842,0.0043637528851411,0.0008434423376989,0.0170611754178708,0.0022397226592537,-0.0034691018381234,0.0172127593407748,-0.0201652395687543
1967-03-01,0.04,0.0177,0.004699999999999999,0.008199999999999999,-0.015,0.0039000000000000003,0.0139,-3.43731869007615,-3.398665443377776,-2.806413818393425,-0.6309048716827246,0.5495507979,0.0149212351,0.0426,0.0455,0.0198,0.0030395137,0.0005011362,0.007200000000000005,-0.008100000000000001,0.0029,0.001962821845052476,-0.0059507555804133,0.0016677395953654,-0.017611200087814,0.0149681066613164,-0.0127884748008869,0.0152716016556651,0.00303858026018,-0.0074348929916519,0.0127571533859441,0.0023634923166106,-0.0041480861471322,0.005979661624577,-0.0108230030603638
1967-04-01,0.038900000000000004,0.0043,-0.0229,0.030899999999999997,-0.037200000000000004,0.0032,0.0052,-3.478690422598031,-3.43731869007615,-2.855152066732069,-0.623538355865962,0.5305166936,0.0150458766,0.0384,0.0477,-0.0291,0.003030303,0.0008370969,0.007199999999999998,0.022,0.009300000000000003,0.039410002304678615,-0.0057145733645263,-0.000170945697312,-0.0208486732586942,0.0168274708262117,-0.0137630826100963,0.0132970320564475,0.0028566416732462,0.01065163716114,0.0158743198744778,-0.0046043980413789,0.0016750951823834,-0.00317269611307,-0.0208129257381903
1967-05-01,-0.0432,0.0245,0.008,-0.011899999999999999,0.016200000000000003,0.0033,0.0066,-3.424824105396739,-3.478690422598031,-2.808706933868394,-0.6161171715283451,0.5582011823,0.0114640939,0.036,0.0482,-0.0039,0.003021148,0.0008903396,0.007199999999999998,-0.0215,0.012200000000000003,0.042239467849223944,0.004688751120881,0.0038807200397316,-0.0050134385291516,0.0055313275402296,0.003041265675639,-0.0047442640571933,0.0075223991395928,-0.0075334098936461,0.0017913409535594,-0.000471725391299,0.0072058148915493,0.030156547274328,0.0067009723224141
1967-06-01,0.0242,0.0642,0.008,-0.0084,-0.024900000000000002,0.0027,0.0601,-3.4421848797273227,-3.424824105396739,-2.8335443785419976,-0.6086405011853249,0.553204845,0.0101528235,0.0354,0.0507,-0.0312,0.0030120482,0.0010707328,0.007100000000000002,0.008899999999999998,0.015300000000000001,-0.05244122965641962,-0.0078689744147811,0.0022277984462341,-0.019275474685525,0.0175105957299496,-0.0459629705277029,0.0338912493991024,0.0038945487637965,0.0005044735403753,0.0200037904465081,-0.0024238588193713,-0.0196803412115086,0.029212130897755,-0.0124777704802591
1967-07-01,0.0458,0.0358,0.0275,0.0045000000000000005,0.026600000000000002,0.0032,-0.011000000000000001,-3.4842234268856043,-3.4398771996428197,-2.8797685406089824,-0.6044548862766221,0.5262983279,0.0066870035,0.0421,0.0505,0.0068,0.003003003,0.0002184469,0.0068000000000000005,-0.0026999999999999993,0.008400000000000005,0.017512348450830828,0.0066104207172973,0.001980161778464,0.0022218012465064,0.0011462234004465,-0.0182452492393862,0.0089804548643144,-0.0004888431796405,-0.0071331726221553,0.0012200598185307,0.0014908146542463,-0.0068119017873144,0.013857078531288,0.0078185656494281
1967-08-01,-0.009000000000000001,0.0077,0.0143,0.003,0.013500000000000002,0.0031,-0.0132,-3.4701711833364293,-3.4819553846762545,-2.8698658073688628,-0.6003053759675665,0.5280209478,0.0058413147,0.0427,0.0514,-0.0084,0.002994012,0.0002966179,0.007099999999999995,0.007699999999999999,0.0087,0.045344218887908294,0.0041532185599348,0.0063676277039393,0.0092426591835237,0.0019874483623458,0.016896402964039,-0.0080404914945938,-0.002981865462933,0.0016628713445574,-0.000569308493223,-0.0017976738122335,0.0107876655610916,0.0125819695888056,0.0125467654801508
1967-09-01,0.0311,0.024300000000000002,-0.024700000000000003,0.0022,-0.009300000000000001,0.0032,0.0239,-3.5001331934486815,-3.46787402634252,-2.904009989170796,-0.5961232042778857,0.5135648458,0.0055998163,0.0442,0.0517,-0.0004,0.0029850746,0.0003585438,0.0075,0.0098,0.0075,-0.011715039577836373,-0.012410248146832,0.0009190032620848,-0.0098114583584738,0.0153040315288835,-0.0207061481562681,0.0196410926155582,-0.0075555986441199,-0.0011457978917119,0.0168391843498922,-0.0015192591761948,-0.0029124941275666,0.0213189635770324,-0.0134042119517015
1967-10-01,-0.0308,0.005699999999999999,-0.0329,0.0097,-0.0274,0.0039000000000000003,0.0368,-3.4706467699340267,-3.5001331934486815,-2.8726385509603696,-0.5980082189736571,0.5409552822,0.0037152213,0.0456,0.0549,-0.04,0.0029761905,0.0004449025,0.006999999999999992,0.0119,0.009299999999999996,0.032785134557881124,-0.0043652845257581,-0.0062012819352875,-0.0159339627375633,0.0074132894535039,-0.0068822036477011,0.0282447507713605,0.0082256309337656,-0.0007357848985232,0.0082477562201215,-0.0001229726694872,-0.006381970350195,0.0034735445272336,-0.022743352563814
1967-11-01,0.0037,-0.0006,-0.0171,0.0131,-0.022799999999999997,0.0036,0.012199999999999999,-3.4717111659898134,-3.4706467699340267,-2.8718214789164507,-0.5998896870733628,0.5433826972,0.0027729982,0.0473,0.0567,-0.0196,0.0029673591,0.0009547825,0.006499999999999999,-0.007599999999999999,0.009399999999999999,-0.02905594044049209,-0.004292781859696,-0.0007052428287129,-0.0116130848548372,0.002760223393678,-0.0006977901994518,-3.37603951027e-05,0.0019423934920986,0.0031529237250524,0.0011436888841733,0.0020340946584652,0.0050557722595727,-0.0036855230473337,-0.0137025453558675
1967-12-01,0.0305,0.0559,-0.0054,-0.0074,-0.0003,0.0033,0.032,-3.4976484629022715,-3.4717111659898134,-2.8958808410047086,-0.6017676218975627,0.5257924451,0.01436111,0.0497,0.0556,0.0192,0.0029585799,0.0002708992,0.007400000000000004,-0.006499999999999999,0.0058999999999999955,0.0010649627263044081,0.0093075624237694,-0.0042219242098896,0.0056979903350691,-0.0090622058217961,-0.0310755715051464,0.0166874506778745,0.0029225508494279,-0.0076906655065198,-0.004878490737061,0.000104534114657,-0.0050653688963751,0.0170243468459012,0.0013490535665749
1968-01-01,-0.0403,0.046799999999999994,0.048499999999999995,-0.0489,0.0646,0.004,-0.0446,-3.4493914529318275,-3.494229656153486,-2.8441806814776607,-0.6052107714541664,0.5563023835,0.0128542354,0.05,0.0536,0.0328,0.005899705,0.0004833189,0.0067000000000000046,0.0032999999999999974,0.003599999999999999,0.026276595744680886,0.0376887377252597,0.0155519991636331,0.0468553886224521,-0.0198313119292942,0.0275365501811769,-0.0150044174888214,-0.0129937229773311,-0.0172456991139584,-0.0208042201603747,0.0100905752593233,0.0035774467206503,0.0623469300700201,0.0525184823277964
1968-02-01,-0.0374,-0.0292,0.0123,-0.0008,0.0246,0.0039000000000000003,-0.0334,-3.414263573410355,-3.445984294610213,-2.805663276731961,-0.6086002966783941,0.5662105889,0.0104508102,0.0498,0.0542,-0.0033,0.0029325513,0.0008204453,0.007000000000000006,0.007,0.004400000000000001,-0.04384782834041678,0.0139714451079068,0.0079519012945343,0.0244752354753935,-0.0146805175740581,0.0413676209537358,-0.0195891810056498,-0.0166333987058625,0.0013965634488797,-0.012270675412338,0.0020872334555692,0.0017446347387035,-0.0016779421652643,0.0341848699751498
1968-03-01,0.0021,-0.0155,-0.0063,0.010700000000000001,-0.0115,0.0038,0.0319,-3.4202242567168497,-3.410867984409217,-2.8082503662007268,-0.6119738905161229,0.5668098065,0.0126772459,0.0517,0.056,-0.0212,0.0029239766,0.001395481,0.007400000000000004,0.0015000000000000013,0.004299999999999998,-0.031222896790980004,-0.0055942442379984,0.0052598987878047,-0.0114919713181123,0.0165679848961592,-0.0132761735975784,0.0010062433026118,0.0141721405986624,0.0062305292147368,0.0145914121569508,0.0017738693253727,-0.0014640071347754,-0.0167762203361815,-0.0172522981192942
1968-04-01,0.0901,0.0617,-0.011000000000000001,0.0279,-0.0373,0.0043,0.051100000000000007,-3.4944715169528577,-3.4157259148680663,-2.8790679196559315,-0.6154035972969263,0.5223520642,0.0081402394,0.0538,0.0547,0.0227,0.0029154519,0.0016075746,0.007599999999999996,-0.017900000000000003,0.000899999999999998,0.009400179051029633,-0.0198149809252565,-0.0064580270363947,-0.0340772530184301,0.0251620683101596,-0.0641919010097164,0.0102663593780995,0.0119848926833333,0.0016448623853087,0.0267323598530247,-0.0057366580062121,-0.0089257626465711,0.0084248185406194,-0.0524660436312737
1968-05-01,0.022799999999999997,0.0697,0.008199999999999999,0.0049,-0.0192,0.0045000000000000005,0.0375,-3.50106698729527,-3.489959724787484,-2.882291399277217,-0.6187755880180534,0.5300333704,0.0106465009,0.0566,0.0547,0.0043,0.0029069767,0.000386531,0.007599999999999996,-0.0010999999999999998,-0.001899999999999999,0.081929046563193,-0.0131594696830753,-0.0015235868763579,-0.014873177538691,0.0155009620345603,-0.0312231502527852,0.0174126586036405,0.0084924835957236,-0.0040443681144978,0.0094090251765452,-0.0050054320934275,-0.002473908638039,0.029081073775559,-0.0209090797967567
1968-06-01,0.006999999999999999,-0.0033,0.0066,-0.015600000000000001,0.027999999999999997,0.0043,-0.0209,-3.5056879538114414,-3.4966089042585606,-2.883566287274844,-0.6221216665365976,0.5307418133,0.0120901814,0.0552,0.0534,0.023,0.0057971014,0.0004995047,0.007900000000000004,-0.010799999999999999,-0.001799999999999996,0.011169177169791933,0.0140575257533115,0.008161669293484,0.0226720923893882,-0.0175797754959197,0.0403329681210631,-0.0145287377208976,-0.0054387040043301,0.0025516244934931,-0.0191707196037258,-0.0021227432063043,0.0139952311749847,0.014920251458306,0.037341497604632
1968-07-01,-0.0269,-0.0139,0.053099999999999994,-0.0318,0.0379,0.0048,-0.0089,-3.4825992077305985,-3.501249657102626,-2.859544294100905,-0.623054913629693,0.5396375991,0.0138855278,0.0531,0.0517,0.0289,0.0057636888,0.0007566193,0.007400000000000004,0.0052,-0.0013999999999999985,0.00912038913660318,0.0202727011874371,0.0089762664717704,0.0271195697592566,-0.0139090343176743,0.0307141704616501,0.007095061544911,-0.0009937207442349,-0.0090716492488032,-0.0133416809570913,0.0038779844638619,0.0004827822188018,0.0066699718810481,0.0303716949102525
1968-08-01,0.013500000000000002,0.0233,0.009899999999999999,-0.0066,0.004699999999999999,0.0042,0.019,-3.489541189172379,-3.4781473731355748,-2.8655952657272143,-0.6239459234451648,0.5318021004,0.0180351377,0.0509,0.052,-0.0003,0.0028653295,0.0003164034,0.008,0.020900000000000002,0.0010999999999999968,-0.018477605944968944,0.0166727173875142,0.0055105612483883,0.0083767994501397,0.0020456004709688,-0.0091039503632,0.0145106701592915,0.0034319598252116,-0.0074250672612772,0.0054814854754885,-0.0032464804512477,-0.0051635415606801,0.0134287146385747,-0.0001827256150297
1968-09-01,0.0405,0.0281,0.003,-0.0194,0.0087,0.0043,-0.0064,-3.5229573417895956,-3.4851420883575353,-2.898096069095782,-0.6248612726938139,0.5091954391,0.0182871234,0.0519,0.0531,-0.0102,0.0028571429,0.0002682317,0.008199999999999999,0.004900000000000001,0.0011999999999999997,0.01145897278493968,0.0016853188167556,-9.29666403914e-05,-0.001538209113304,0.0026798613839222,-0.0289705371560597,-7.53801583808e-05,-0.0044192680407113,-0.0125234264435231,-0.0012675378959784,-0.0033631809308799,-0.0022887126593033,0.0098824601448572,0.0006883991823999
1968-10-01,0.0044,-0.0043,0.0282,-0.013600000000000001,0.028399999999999998,0.0044,-0.0146,-3.525759216220619,-3.5185775083346087,-2.8994116243226458,-0.6263475918979731,0.500320247,0.019410182,0.0535,0.0543,-0.0132,0.0056980057,0.000268403,0.0075,-0.0028000000000000004,0.0008000000000000021,0.03853934857374064,0.0065818528141568,0.0058580155687513,0.0164926616680216,-0.0065974920203273,0.0237184297785992,0.0038723497689165,-0.0006660803358901,-0.0028243796962473,-0.0065918914971517,-0.0019375063157927,0.0142307792725369,0.005176547116353,0.0199639868116576
1968-11-01,0.0542,0.0239,-0.0096,0.0044,-0.025099999999999997,0.0042,0.0174,-3.568215395268691,-3.5213657665306712,-2.940411849342075,-0.6278035459266165,0.4837170585,0.0211887855,0.0545,0.0566,-0.0269,0.0028328612,0.0002629658,0.008199999999999999,0.004300000000000002,0.0020999999999999977,0.007207558196162367,-0.0107085274171107,-0.0042777211320963,-0.0102214110284883,0.0028452172040816,-0.0175012067832945,-0.0039608421374891,0.0032021253500402,-0.0001394807010248,-0.005762594798441,0.0005019216821424,0.0097026987356085,0.0029156634761871,0.0014499703149745
1968-12-01,-0.0393,0.0355,0.0004,-0.0191,0.019299999999999998,0.0043,0.0032,-3.5213662768170666,-3.5638737363357977,-2.892106363708373,-0.6292599131086942,0.5049006623,0.0319614467,0.0596,0.0598,-0.0363,0.0028248588,0.0003339751,0.007800000000000001,0.012999999999999998,0.0001999999999999988,0.04796441349966152,0.0077072096110747,0.0050850257526903,0.0068378409737746,0.0057119828332807,0.0005525047983514,-0.004704349815657,-0.0066268848057345,-0.0033955035792929,0.003414726615134,0.0011268784185088,0.0079871035621164,0.0215901070394645,0.0079333304770103
1969-01-01,-0.0125,-0.0042,0.0166,-0.0152,0.0129,0.0053,-0.0015,-3.5098964739101186,-3.5181142414306894,-2.880422388211316,-0.629474085698803,0.5036731674,0.0365244924,0.0614,0.0617,-0.0206,0.0028169014,0.0006067703,0.007300000000000001,0.0345,0.0002999999999999947,-0.04161668358401771,0.0069671239840693,0.0029997466432675,0.0134925749393888,-0.0061040546246674,0.0081897930875033,-0.0033471346583333,-0.0015104435804122,-0.0035529486526731,-0.0129581575998965,-0.0009475750113848,0.0110078171181494,0.001111312590895,0.0206185717837442
1969-02-01,-0.058600000000000006,-0.0416,0.0089,0.0199,0.0075,0.0046,-0.0255,-3.4581220393087477,-3.5066549799859477,-2.828435212666028,-0.6296868266427196,0.5263971896,0.0413173288,0.0612,0.0618,0.0042,0.0056179775,0.0005955963,0.006399999999999989,-0.0202,0.0006000000000000033,-0.008184093972655404,0.0103147579588191,0.0088380143822716,0.0169033813460918,-0.0033139401854349,0.0407905548584142,-0.0193284722795529,0.0091070612363775,0.0111353208336208,0.0123848258907014,0.0009987729352945,0.0121804996573367,-0.0082763276868883,0.0176341681374074
1969-03-01,0.026699999999999998,-0.0051,-0.0042,-0.0134,-0.0044,0.0046,0.0406,-3.4887552043052397,-3.4548910187273014,-2.8588570540529936,-0.6298981502522458,0.557040236,0.0395080039,0.0602,0.062,0.001,0.0083798883,0.000541631,0.006599999999999995,-0.021,0.001800000000000003,-0.047374041355208285,-0.0031908376908422,0.0045996467516819,0.0019226683769135,0.0041207649731783,-0.007854988282616,0.0164631746845229,0.01115518355345,-0.0004262255845105,0.0072890054755617,0.0023512030136712,0.00429051561489,-0.0190319411969381,-0.0182438179527034
1969-04-01,0.0147,-0.0078000000000000005,0.0002,0.0028000000000000004,-0.0016,0.0053,0.0124,-3.5067829523790435,-3.485534589605197,-2.878954876203472,-0.6278280761755717,0.5484224042,0.0442909517,0.0611,0.0593,0.0427,0.0055401662,0.0005504122,0.006499999999999992,-0.0092,-0.001800000000000003,0.03444410475899318,-0.0013974939700281,0.0018980243405118,-0.0026743199600507,0.0131643762128423,-0.0021874913041672,0.0108904391587836,-0.0022589396950383,0.0073460995665299,0.0101022996205066,0.003592305168864,0.0008736849945044,-0.0141901190074594,-0.0184081407972038
1969-05-01,-0.001,-0.0018,0.0062,-0.0087,0.0105,0.0048,0.0181,-3.5013520627539783,-3.5035726767487954,-2.8756021866160513,-0.6257498761379268,0.5558044285,0.0440056458,0.0604,0.0635,-0.049,0.0027548209,0.0004268974,0.007300000000000001,0.0263,0.0030999999999999986,0.021475716678159618,0.0048013559563108,0.0111449393106545,0.0053483607372458,0.0128843812840777,0.0112550065982306,0.0138982945747366,0.005945525577178,0.0097984786089175,0.0170165499063694,0.005521960758981,0.0046528225985911,0.0060150981469943,-0.00884803391037
1969-06-01,-0.0718,-0.0547,-0.011000000000000001,0.042699999999999995,-0.0163,0.0051,-0.0231,-3.4409709034041898,-3.4981520600233074,-2.8172731111161164,-0.6236977922880738,0.5967773337,0.0451527603,0.0644,0.0623,0.0214,0.0054945055,0.0007522369,0.007199999999999998,-0.0179,-0.0020999999999999977,-0.0022181502555694843,0.0103828100996324,0.0104384091982343,0.0115959363587568,0.0005164051056043,0.0414232410244481,0.001190107378612,0.0017471674896302,0.0139350733839512,0.0095919036329866,0.0006203337817478,0.0090107095874478,-0.0307276399044435,0.0057662559621939
1969-07-01,-0.07,-0.0339,0.0118,0.0151,0.0184,0.0053,0.0182,-3.3767677497601576,-3.4388326160909783,-2.752352736591096,-0.6244150131690618,0.6390179896,0.0511608862,0.07,0.0621,0.0079,0.0054644809,0.00230565,0.007599999999999996,-0.0074,-0.007900000000000004,-0.05557703460274499,0.0139028547887313,0.0077816882148884,0.0198804499844512,0.0051145080159701,0.0361044663031798,0.0161774768094621,0.0107577227668665,0.0120177480114572,0.0054949547417035,0.0050728660704375,0.0043676535345323,-0.011704401486741,0.0112617294074465
1969-08-01,0.046900000000000004,0.0058,-0.0375,0.0106,-0.0398,0.005,0.021400000000000002,-3.4139577505794882,-3.374665838158273,-2.7888142975917267,-0.6251434529877617,0.6227889856,0.0469147527,0.0698,0.063,-0.0069,0.0054347826,0.0009182338,0.008900000000000005,0.0049,-0.0068000000000000005,-0.06017807798587649,-0.0122600656818513,0.0004892589077684,-0.029327316498689,0.0210203218992181,-0.0341078542058175,0.0125544371416774,0.0059265278045662,0.0117036851349589,0.0209778275878494,-0.0049270165500368,0.0054916566448346,-0.020447947850037,-0.0402514885906324
1969-09-01,-0.0297,0.0129,-0.0322,0.0336,-0.0062,0.0062,0.024300000000000002,-3.3864865311455863,-3.4118285012091047,-2.760632986319633,-0.6258535448259535,0.6408884625,0.0483912244,0.0709,0.0677,-0.0531,0.0027027027,0.0008915878,0.009099999999999997,0.0287,-0.0032000000000000084,0.0400740498747687,0.0052771156899646,0.0049483780864022,-0.0055648706582882,0.0272813891902987,0.0094638131370833,0.0186140325454132,0.010773934221111,0.0163920219646413,0.0249720368562215,0.0018368519724749,-0.0011699109406942,-0.0040599990091004,-0.0231150623338765
1969-10-01,0.050499999999999996,0.0391,-0.031200000000000002,0.0008,-0.0208,0.006,-0.0436,-3.428732625932641,-3.385439460467847,-2.8101765446860965,-0.6185560812465443,0.608768794,0.0486302811,0.07,0.0653,0.0365,0.0053908356,0.0007537233,0.008899999999999991,-0.023799999999999998,-0.00470000000000001,-0.025023557742644753,-0.0075511971326981,-0.0093126901855575,-0.0178067009632989,0.0084035157489096,-0.0162971375121373,-0.0113583449449385,-0.0022674849978623,0.0008431726880846,-0.0039726261342419,-0.0034840294801827,0.0001859897598941,0.0120974756015153,-0.0099171518394636
1969-11-01,-0.038,-0.0242,-0.0125,0.013999999999999999,0.0021,0.0052,0.036699999999999997,-3.3917442820016444,-3.427654971311707,-2.780538369514927,-0.6112059124867171,0.6415117567,0.0479040093,0.0724,0.0676,-0.0243,0.0053619303,0.0005091362,0.009000000000000008,-0.022800000000000004,-0.004800000000000013,0.044243986254295375,0.0077058747956038,0.0035954766357768,0.0026616731401323,0.0163669669898209,0.0148301249419057,0.0250984646787396,0.0116630748935186,0.0127572322867501,0.0174714799360788,0.0065318390260731,0.0097982641331685,-0.0209154560570672,-0.0144147417833727
1969-12-01,-0.0263,-0.037200000000000004,-0.0288,0.0255,-0.0192,0.0064,0.0527,-3.371868510790275,-3.390699432539039,-2.7680368557048096,-0.6038316550854654,0.6510820131,0.0342737833,0.0782,0.0687,-0.0068,0.0053333333,0.0011635548,0.009299999999999989,-0.006600000000000001,-0.009500000000000008,-0.03527354997943222,-0.0024150404178555,0.000989516024929,-0.0028258481419494,0.0148645072386992,0.0240948298849979,0.0449324562205743,0.0070937447918763,0.0135177568734857,0.0110013408858663,0.0017882884544934,-0.0070742281044145,-0.0296323881561171,-0.0178480748521898
1970-01-01,-0.08109999999999999,0.0308,0.0317,-0.0175,0.039599999999999996,0.006,0.005600000000000001,-3.291270736440234,-3.3708247518986854,-2.697170992203996,-0.5940997442362381,0.7003467462,0.034473208,0.0787,0.0693,-0.0021,0.0026525199,0.0010670973,0.009499999999999995,0.0162,-0.009400000000000006,-0.01865472764097642,0.0243639380832271,0.0103937087035363,0.0263072543829538,-0.0020933251480166,0.0410309705918782,0.0048258487703636,-0.0030091300215216,0.0001763715431816,0.0011670872410756,0.0158892614152053,-0.0008819386289218,0.0323158751754748,0.0170234965229859
1970-02-01,0.051399999999999994,-0.025699999999999997,0.0369,-0.0241,0.0287,0.0062,0.0027,-3.341548589082036,-3.2901964867318707,-2.7572873925477497,-0.5842611965342861,0.670147507,0.035855217,0.0713,0.0651,0.0587,0.0052910053,0.0010587117,0.008500000000000008,-0.018600000000000005,-0.006199999999999997,-0.0764718661742343,0.0074294644566626,-0.0016400176946852,0.0101720186042265,-0.0281007576050716,0.0028293793949481,0.0023943973753271,-0.0118552657772675,-0.0115336520482028,-0.0276860355220246,-0.0095002194790066,0.0142057023208109,-0.0237970082224926,0.0199749918695292
1970-03-01,-0.0106,-0.0242,0.0408,-0.0106,0.044199999999999996,0.005699999999999999,-0.0036,-3.341958497480081,-3.34050703739162,-2.7675806432176717,-0.5743778542624098,0.6903267691,0.0358415812,0.0663,0.0661,-0.0068,0.0052631579,0.000963539,0.007900000000000004,0.0023,-0.00019999999999999185,0.05269348388614459,0.0263893926372153,0.0081443129824136,0.0321351698803085,-0.0228780075570112,0.0326680476706652,7.43828177261e-05,0.0019899603717448,-0.0019780800694253,-0.012445983228793,0.0017817728903998,-0.0015355073051247,0.0134628347402423,0.0386394741706055
1970-04-01,-0.1099,-0.0634,0.061399999999999996,-0.0063,0.059000000000000004,0.005,-0.0083,-3.2460763330361555,-3.3409180294909566,-2.6792789360368428,-0.5667973969993125,0.7367505808,0.0357121248,0.0651,0.0699,-0.0413,0.0078534031,0.001614677,0.0087,0.016300000000000002,0.004799999999999999,0.0014525139664804954,0.0471510593160267,0.0185574903104259,0.0537245410443784,-0.0234022172256953,0.0701792857574141,0.0164494830841995,0.0081141541503606,0.0042993343483142,-0.011612244905314,0.0019779188727247,-0.0039397734456016,-0.0244896512011973,0.0485244531017952
1970-05-01,-0.0691,-0.0446,0.0332,-0.0129,0.0379,0.0053,-0.026600000000000002,-3.1821011999813114,-3.245005466792088,-2.6229397152268525,-0.5591614847544588,0.7742276283,0.0386610283,0.0684,0.0743,-0.0468,0.0025974026,0.0081518544,0.0087,0.030500000000000003,0.0059000000000000025,-0.09048309717728442,0.0239488432811135,0.0119797844922153,0.0301318912958753,-0.0229665689961971,0.0284790970702908,0.0104620376146355,0.0025008542589325,0.0008153900297834,-0.0137024056135514,-0.0001927661483702,-0.0039169575125841,-0.0224526049554681,0.0290057811249058
1970-06-01,-0.057999999999999996,-0.021,0.0044,0.0014000000000000002,0.0271,0.0058,0.0564,-3.1297352530771376,-3.181062925311607,-2.578238589580219,-0.5514966634969183,0.7933814171,0.0422907479,0.0668,0.0709,0.0486,0.0051813472,0.002651911,0.0076999999999999985,-0.048499999999999995,0.004100000000000006,-0.060966633954857685,0.0200969350121418,0.0174104303135808,0.0187323557535106,0.0044523660431499,0.0570167820389907,0.0624060679303069,0.0139824950705637,0.0203178342631368,0.0203850727452951,0.010117967039986,0.01095004835823,-0.0245715699753029,-0.0101032056659688
1970-07-01,0.0692,-0.0066,0.009300000000000001,-0.003,0.0172,0.0052,-0.031200000000000002,-3.1994312523959234,-3.1286980553037056,-2.6586745032570125,-0.5407567491389114,0.7387075682,0.0430738217,0.0645,0.0687,0.0319,0.0051546392,0.0021264764,0.009599999999999997,0.0237,0.004199999999999995,-0.05003265839320703,0.011468534264596,0.0049660183825577,0.0114911160156927,-0.0107348499402065,-0.0042268077151019,-0.0200116971403854,-0.0164573990335969,-0.0015149744831542,-0.01208665123599,-0.0020017682296258,0.010809699456291,-5.02903097737e-05,0.0201459858385818
1970-08-01,0.045,0.0144,0.0141,0.005699999999999999,-0.0014000000000000002,0.0053,-0.0668,-3.241862490322931,-3.1983637483699026,-2.7119895005034733,-0.5298729898194576,0.7092782966,0.0387292526,0.0641,0.0694,-0.0019,0.0,0.0018871043,0.0131,0.0119,0.005299999999999999,0.0732948294829483,-0.0102835979794634,-0.0069671614312739,-0.0076965898048318,-0.00352952793755,-0.0378291510457981,-0.0517186315953914,-0.0145124228405621,-0.0064527999345987,-0.0074328615166555,-0.00413901158333,7.79529819138e-05,0.0131737479665574,0.0112688909790307
1970-09-01,0.0418,0.085,-0.0541,0.0025,-0.059800000000000006,0.0054,-0.0864,-3.2732927622451475,-3.240827472117716,-2.75434970395919,-0.5189430582859575,0.7129147605,0.0379424193,0.0612,0.068,0.0228,0.0051282051,0.0010579649,0.012999999999999998,-0.008900000000000002,0.006800000000000007,0.04445868033311973,-0.0275049028474329,-0.012554479700434,-0.0368156967280051,0.033325900669923,-0.0694252981429048,-0.0756659711794114,-0.0019920481502937,-0.0073363797997564,0.0108377944174803,0.0032875209898945,-0.0003778836547892,0.0567412622021267,-0.0188178456039584
1970-10-01,-0.022799999999999997,-0.0436,0.0021,0.0181,0.0225,0.0046,0.09449999999999999,-3.2670760729822392,-3.278541623163587,-2.7572972263735407,-0.5097788466086981,0.7176982835,0.0369624911,0.0591,0.0693,-0.0109,0.0051020408,0.0010433957,0.012999999999999998,0.0013000000000000008,0.0102,0.03299803729146222,0.0166414901840296,0.0106165442439227,0.0091036348267204,-0.0016501608159503,0.0504354064789175,0.0436777128483276,0.0090535615740155,0.0207557024452486,0.0193021219541444,0.0040128286766234,0.0290485418886534,-0.033673097756761,-0.0058312545750328
1970-11-01,0.0462,-0.0388,0.0158,0.015300000000000001,0.0139,0.0046,0.0259,-3.3186771527787187,-3.272320950724338,-2.8182580731433413,-0.5004190796353776,0.682920072,0.035224928,0.0528,0.0637,0.0791,0.0050761421,0.0008854536,0.013299999999999992,-0.020700000000000003,0.010900000000000007,-0.011400071250445287,0.0111292724785625,0.0032486077924581,0.0102530695182911,-0.0120530487795973,0.0165545508314207,0.0133181954953177,0.0006613290431587,0.0077489522325141,-0.0002220401130468,-0.0069958178699597,0.0119855704255561,-0.0295147692466353,0.008233449123037
1970-12-01,0.0574,0.028900000000000002,0.0104,0.0028000000000000004,0.003,0.0042,-0.023,-3.3791948841956705,-3.3239815309947716,-2.888312024933154,-0.4908828592625163,0.6464263577,0.0314617074,0.0487,0.0648,-0.0084,0.0050505051,0.0005351999,0.014800000000000008,0.045599999999999995,0.016099999999999996,0.047447447447447555,0.0042900077397111,0.0015541732655001,0.0081871041234108,-0.0073364348558614,0.0059962650293099,-0.0242282661676053,-0.005360045128343,-0.0072274848468012,-0.0025223417345251,9.48683311791e-05,0.0109033536048922,0.0378419506089284,0.0261208645881209
1971-01-01,0.0483,0.07440000000000001,0.0155,-0.0202,-0.0006,0.0038,-0.06860000000000001,-3.4220644050141216,-3.3823846795637706,-2.922160830072712,-0.4999035749414096,0.6244099021,0.0305931302,0.0444,0.0612,0.0506,0.0,0.0005410309,0.013800000000000007,0.002599999999999998,0.016799999999999995,0.05676605504587151,-0.0002254152223495,0.0007404063353975,0.0022478376013062,0.010079910635789,-0.0452737266012424,-0.0398730877877239,-0.0195838597428824,-0.0204370275774851,-0.0051117716765498,0.00976106836371,-0.0016302672799173,0.0640579503984488,0.0118448162809975
1971-02-01,0.0141,0.020099999999999996,-0.0124,0.0064,-0.008,0.0033,0.008199999999999999,-3.4342973300885,-3.4252644077447925,-2.9253966347320937,-0.5089006953564061,0.6170704232,0.0258013751,0.037,0.0629,-0.0163,0.0025125628,0.0004514536,0.0131,-0.020300000000000002,0.0259,0.04047748236570792,-0.0002113033930899,0.004511716330801,-0.0061461830073805,0.0123171164156956,-0.0089104753857105,0.0073813925449119,-0.0017943879003935,0.0044517105194433,0.0210690846331177,0.0030491601374043,-0.0047171736824112,0.0135882378256852,-0.0109250594220221
1971-03-01,0.0412,0.0222,-0.0395,0.0178,-0.0265,0.003,-0.013999999999999999,-3.4736426647042506,-3.437507605718748,-2.9557679890008464,-0.5178746757034045,0.6338113825,0.0263988451,0.0338,0.0593,0.0526,0.0025062657,0.0004927194,0.012499999999999997,-0.0268,0.025500000000000002,0.009073842302878665,-0.0127641487043895,-0.0010511734364269,-0.0158332067504143,0.0190648611212894,-0.0238492669733295,0.0036139881685294,-0.0045243139761674,0.0050336872804288,0.0083162753868416,0.0011960190066496,-0.0008532007445424,0.0114666982466963,-0.0192550744091617
1971-04-01,0.0315,-0.0036,0.0086,-0.0146,0.0085,0.0028000000000000004,0.013600000000000001,-3.5103489447184595,-3.474704321309831,-2.9850535637401943,-0.5252953809782654,0.6086541014,0.0265569787,0.0386,0.0619,-0.0283,0.0025,0.0003075549,0.01200000000000001,0.004699999999999999,0.023299999999999994,0.03679586563307491,-0.0077314236820823,0.0067443951970141,-0.000489667614036,0.0127287901894631,-0.0197149335788181,0.0311944135160988,-0.0115678865160257,-0.0032787357914161,0.0085732535927489,0.0038585323264152,0.0089541279123764,-0.0045354515077208,-0.0098486576241692
1971-05-01,-0.04,-0.011200000000000002,-0.013300000000000001,0.0149,0.002,0.0029,0.009300000000000001,-3.468997262632146,-3.511443952879403,-2.9362690913678113,-0.5327281712643352,0.6314096562,0.0297225774,0.0414,0.0624,-0.0006,0.0049875312,0.0005392763,0.010899999999999993,-0.0155,0.020999999999999998,0.03628750872295883,-0.005294086995056,0.00274807251875,-0.0060615624086257,0.0106798376702447,0.0075606516293438,0.0073027309776621,-0.0018003100087164,0.0084109002865416,0.013198560488885,0.0020584971716998,0.0021483855852992,-0.0123616265567228,-0.0102964324694824
1971-06-01,-0.0009,-0.0151,-0.0197,0.0158,-0.0167,0.0037,0.0269,-3.470763565476692,-3.470061212565665,-2.930692373614239,-0.5400711918624526,0.6432210427,0.0272784983,0.0475,0.0641,-0.0159,0.0074441687,0.0009245396,0.011099999999999999,0.0266,0.016600000000000004,-0.04155844155844168,-0.0120632281668328,-0.0009188459724859,-0.0172476086979357,0.0060706466537701,0.0198342064832755,0.0092596918072134,0.0124602264171989,0.0169816475268902,0.020250723699705,0.0001497972032286,-0.0026397843074741,-0.0176663884421357,-0.0104653118949553
1971-07-01,-0.0449,-0.0143,-0.0002,0.0058,0.0139,0.004,-0.0232,-3.4296265647876614,-3.4718286486054413,-2.8816154793127042,-0.5480110854749569,0.6677306245,0.0257963205,0.054,0.0643,0.003,0.0024630542,0.0005184344,0.011200000000000002,-0.0055,0.010299999999999997,0.0007025996185887617,0.0097557602313411,0.0036887167626481,-0.0022652534332906,6.29261200131e-05,0.041814318021368,-0.014529111685991,0.0115660821016453,0.009404716185471,0.0035687499000839,0.0026224428818044,0.0060534953003169,-0.0040865788659343,0.0045499551154278
1971-08-01,0.0379,-0.0023,0.0264,-0.0043,0.0259,0.004699999999999999,0.0344,-3.466184352323341,-3.4307251109401418,-2.9102653920597907,-0.5559189602635504,0.6382575968,0.0267819627,0.0494,0.061,0.0471,0.0024570025,0.0024512229,0.011700000000000002,0.008299999999999995,0.0116,-0.041323971915747326,0.0008134814802214,0.0074760706400298,0.0136795856089975,0.0078764475289836,-0.0324920622096287,0.0246130873397647,0.0024135886812086,-0.0076960491139783,0.0034678008537241,-0.0024891204607186,0.0120533026492461,-0.000337103795281,-0.0051433234029021
1971-09-01,-0.0086,0.0026,-0.028999999999999998,0.0254,-0.0158,0.0037,0.021,-3.4602597710741394,-3.4672517436235575,-2.896491728037949,-0.56376804303619,0.6460848296,0.0279344169,0.0469,0.0598,0.0204,0.0,0.0005242639,0.01150000000000001,-0.030600000000000002,0.012900000000000002,0.0360954174513497,-0.0039021268046193,0.0058556818024141,-0.0086954720432653,0.0143735445658361,0.0046304723016086,0.0228470654311358,0.0083187333306396,0.0129267489972883,0.019965178078176,0.0003023270326665,-0.0014591820419946,-0.0048356120918103,-0.0193106044441007
1971-10-01,-0.044199999999999996,-0.0159,-0.0051,0.015600000000000001,-0.0139,0.0037,0.005,-3.419738150231689,-3.4624304099968173,-2.837360741929661,-0.5823774083020279,0.6831942789,0.029243829,0.0446,0.0588,0.0167,0.0024509804,0.0006619355,0.010900000000000007,0.0115,0.014199999999999997,-0.006967585580127222,0.0041487771213284,0.0031951414485423,-0.0049657473101252,-0.0047448704553491,0.0256027059720809,0.0021148925486779,0.0109586234297821,0.0100958332559424,-0.0044394598328375,0.0022938449503338,-0.0054679257416229,-0.0076378427742431,0.0050469086533652
1971-11-01,-0.0046,-0.0286,-0.0167,0.0241,-0.0044,0.0037,0.0151,-3.419330799608063,-3.421881008194518,-2.818637674097605,-0.6006931255104575,0.6894892583,0.0294519101,0.0422,0.0596,-0.0047,0.0,0.0018662556,0.011200000000000002,0.0076,0.0174,-0.04179377669310558,-0.0023547526104113,0.0007183535903386,-0.0080334981956864,0.0063543766133169,0.0072624186458222,0.0111487575350592,0.0049445975915423,0.0153149402154872,0.01308989196615,0.0021749248977527,-0.0005460891861049,-0.0276380576554513,-0.0087304618713713
1971-12-01,0.08710000000000001,0.032400000000000005,-0.0038,-0.0043,-0.0168,0.0037,-0.0062,-3.5041772155818185,-3.4215108320331042,-2.88538860234042,-0.6187886132413989,0.6439002471,0.0340233587,0.0401,0.0597,0.0044,0.0048899756,0.0011829844,0.011300000000000004,0.0179,0.019600000000000006,-0.002546959567017004,-0.0083683802659297,0.0001752235967076,-0.0044665922934505,0.0063684057291269,-0.022378470610833,-0.0166704160147217,0.0052184977168298,-0.0027753024954837,0.0051011783624137,0.0043523632351012,0.0144381020432824,0.023382126893472,-0.0173611645862414
1972-01-01,0.024700000000000003,0.060899999999999996,0.0212,-0.0169,0.0054,0.0029,0.0007000000000000001,-3.52213624798119,-3.5041772155818185,-2.8969296774665922,-0.6252065705145982,0.6353569726,0.0330751166,0.0338,0.0606,-0.0063,0.0,0.0004942247,0.010399999999999993,0.003,0.026800000000000004,0.08617938078519005,-0.0010961530508908,0.0079445975689351,0.0083667874254519,0.0146527996614861,-0.0473258737392506,0.0006422062430736,0.0090476067507431,-0.0114694701915394,0.0013463896841846,0.0132417428676742,-0.0115490361939032,0.0546602106771619,-0.008020797457283
1972-02-01,0.0287,0.0087,-0.028300000000000002,0.0169,-0.005,0.0025,0.0253,-3.547124484633759,-3.52213624798119,-2.915558205455409,-0.6315662791783505,0.6175858985,0.0330297786,0.032,0.0602,0.0088,0.00486618,0.0002843844,0.009599999999999997,0.001899999999999999,0.028199999999999996,0.018121265550004928,-0.0093716367393949,0.001909047449114,-0.0136268388339764,0.0250627313854901,-0.0133206228228579,0.0189659649669914,0.0035711494441529,0.0104743218805746,0.026307381353563,0.0009792339370297,-0.0013048555521505,-0.0039699115908754,-0.0331383645446066
1972-03-01,0.0062,-0.004699999999999999,-0.0161,0.0158,-0.002,0.0027,0.0294,-3.5530186870375955,-3.547124484633759,-2.9151156777728815,-0.637903009264714,0.6459019879,0.0317231825,0.0373,0.0613,-0.0082,0.0024213075,0.0005451044,0.009999999999999995,0.0106,0.024,0.025303059457379318,-0.0065697471816167,0.0002293968365401,-0.0036703069321626,0.0086305987571984,0.0115510236798924,0.006738120977481,0.0072696863194311,0.0048102846659912,0.0016673269147333,-0.0003983933174618,0.0077229636686927,-0.0055729095626495,-0.0059691460643009
1972-04-01,0.0029,0.0027,0.0003,-0.0040999999999999995,-0.0106,0.0029,0.0279,-3.55739343222852,-3.5530186870375955,-2.910358408810752,-0.6470350234177684,0.6367838016,0.0324918322,0.0371,0.0615,0.0027,0.0024154589,0.0003833915,0.009400000000000006,0.0007999999999999999,0.024399999999999998,0.005911607394201157,-0.0027904303005846,-0.0054492737022268,-0.0001142095028395,0.003175480293426,-0.0008333580948439,0.0133015728934684,0.0037072732385256,0.0003059954412638,0.0037369557980461,0.0017517692866937,-0.0014391411667379,-0.0065146537597658,-0.0085024255656654
1972-05-01,0.0129,-0.031200000000000002,-0.027200000000000002,0.024,-0.0197,0.003,0.0333,-3.574520922736549,-3.55739343222852,-2.918419623295393,-0.6561012994411564,0.6324423349,0.0306570665,0.0369,0.0597,0.027,0.0024096386,0.0007690517,0.009300000000000003,-0.010700000000000001,0.0228,0.004384328358209011,-0.017923032096596,0.0034623626057242,-0.0163516931315893,0.0185119334079557,0.0042098792639736,0.0349591811928778,0.0130476612839354,0.0222617121326753,0.0258770419844243,-0.0007937812436648,-0.0028950915770044,-0.0308224059606769,-0.0356702080734404
1972-06-01,-0.0246,-0.0043,-0.0246,0.0178,-0.0034999999999999996,0.0029,0.019,-3.552458828853708,-3.574520922736549,-2.8873894630483035,-0.665069365805405,0.6540154785,0.0341993895,0.0391,0.0607,-0.0065,0.0024038462,0.0003653522,0.0097,-0.0002999999999999999,0.021599999999999994,0.01727500696572859,-0.0035964862097652,0.0001521035186689,-0.0082262220506103,0.0125546943416805,0.018377565536042,0.0184322192515262,0.005061114731116,0.0169229561462137,0.0130838814761765,0.0003155912498186,-0.0040712473749445,-0.0045649426066811,-0.0084987163846516
1972-07-01,-0.008,-0.0279,0.006,0.012,-0.0070999999999999995,0.0031,0.0268,-3.5537151650155354,-3.551384487598224,-2.880267470616049,-0.6734476943994865,0.6570495491,0.0333250925,0.0398,0.0593,0.0216,0.0047961631,0.000595487,0.0102,-0.018600000000000002,0.019499999999999997,-0.02182050579749839,0.012080396828452,-0.0001421940421439,0.0087627992777618,0.003366263488224,0.03512764168887,0.0124688381065327,0.0113993826824611,0.0057017203377447,-0.0003580185453061,-0.0021155048227749,-0.0004020639101271,-0.0043553173452491,0.0102208100640975
1972-08-01,0.0327,-0.0346,0.045599999999999995,-0.0204,0.028999999999999998,0.0029,-0.0536,-3.5864830895694837,-3.552609473845978,-2.904793371700307,-0.6816897178691763,0.6304670395,0.0318487846,0.0402,0.0595,0.0029,0.0023866348,0.0005949987,0.009999999999999995,0.0043,0.019299999999999998,0.0023333955572149012,0.0120326307395591,-0.0014781372694204,0.0239233804137614,-0.0199386531345915,0.0200873245208081,-0.0265122626008879,-0.0137504022528382,-0.005170640455291,-0.0280937959596229,-0.0064664394377412,0.0078398744773282,-0.0114035585928016,0.0371650179293912
1972-09-01,-0.011399999999999999,-0.022400000000000003,0.0049,0.0165,-0.0197,0.0034000000000000002,0.0183,-3.580538310317972,-3.585411086608148,-2.890643165144404,-0.689895145173568,0.6373850011,0.0328697745,0.0466,0.0606,-0.0083,0.0023809524,0.0004657121,0.0087,0.0114,0.013999999999999999,0.03445385976347892,-0.0064549697318968,-0.0041426465602129,-0.007914530403935,-0.0003652376099048,0.021019548056088,0.0173146100781871,-0.0009383848538163,0.0107212572467587,0.001442741370845,-0.0038343206620659,0.0047287646406857,-0.0130122393809541,2.31762944218e-05
1972-10-01,0.0052,-0.0255,0.012199999999999999,-0.0011,0.0003,0.004,0.006999999999999999,-3.582275760992763,-3.573001845878836,-2.8848359348328323,-0.697439826159931,0.6358841259,0.0323534438,0.0474,0.0591,0.0234,0.0047505938,0.0008582678,0.008500000000000008,-0.013300000000000001,0.011700000000000002,-0.004860923575479403,0.0136311212591704,-0.0031607179676065,0.0074957461882808,-0.0159125723557981,0.0268121581768257,0.0086534443647056,0.0040771553759858,0.0047482719495234,-0.0146961357009977,0.0020554587108986,0.0039691599418082,-0.021228387018057,0.0124129674614164
1972-11-01,0.045899999999999996,-0.0059,0.048799999999999996,-0.019799999999999998,0.0334,0.0037,-0.0508,-3.61937130156176,-3.5747636871433763,-2.914570663632075,-0.7048006379296854,0.5967334833,0.0309522498,0.0478,0.0577,0.0226,0.0023640662,0.0004884564,0.0087,0.0023,0.009899999999999999,0.009317051108095997,0.0102403313966776,-0.0016975555876217,0.0123647208172777,-0.0227785468130522,-0.000180030420674,-0.0375306998092323,-0.0044454592222695,-0.0139252354408264,-0.0097448642056198,0.0013762659391635,0.0169616862059396,0.0101144646021605,0.0343215369967115
1972-12-01,0.0062,-0.0189,-0.0218,0.0258,-0.021400000000000002,0.0037,0.0495,-3.62370581069398,-3.6119469839982243,-2.911690145829652,-0.7120156648643281,0.5956745946,0.0342034837,0.0507,0.0599,-0.0229,0.0023584906,0.000517171,0.008499999999999994,0.0225,0.0092,0.04561749417458327,-0.0105537478940839,0.0008983514418889,-0.0162478040263037,0.0210957779731475,0.0176704333055233,0.0364883975774102,0.0077116719583746,0.016930825326372,0.0224353926415377,-0.0049968838245364,0.0186151256349681,-0.0199816532895429,-0.0287344801038084
1973-01-01,-0.032799999999999996,-0.0282,0.027000000000000003,0.004,0.009000000000000001,0.0044,0.038,-3.6043216002232388,-3.6215810853953068,-2.874887672464512,-0.7294339277587272,0.6081960321,0.0356473121,0.0541,0.0685,-0.0321,0.0023529412,0.0005156042,0.007500000000000007,0.026699999999999995,0.014400000000000003,0.011828233479043382,0.0045906835016705,0.0014471615627282,0.0089551754455092,0.0035725803969631,0.0407789160733401,0.0329357049057938,-0.0045243190295004,0.0067510710510197,0.0012075719072713,-0.0018605261829788,0.0030434278874107,0.0062730704949473,0.008464378715312
1973-02-01,-0.048499999999999995,-0.0394,0.016399999999999998,-0.0029,0.0005,0.0042,0.0222,-3.564021852523652,-3.6022329918690437,-2.817523148812567,-0.7464987037110846,0.6361837352,0.036299867,0.056,0.0688,0.0014,0.0070422535,0.0012645944,0.007499999999999993,0.0009,0.012799999999999999,-0.01711139347734003,0.0184328174703059,-0.0005992839559274,0.0152998769183432,-0.0044486923673111,0.0400395834684316,0.0228462274856611,0.0022644827770101,0.0019072639816485,-0.0090470328765607,-0.0051151526996341,-0.0036349543471065,-0.0163301501467417,0.0216078602700219
1973-03-01,-0.013000000000000001,-0.0229,0.025699999999999997,-0.0096,0.005,0.0046,0.0355,-3.5604723591230245,-3.561906051124873,-2.797281334830153,-0.7631910242928719,0.6760181281,0.0367061493,0.0609,0.0686,0.0082,0.0093240093,0.0015575644,0.00739999999999999,-0.003700000000000001,0.007699999999999992,-0.03749030423166422,0.0175518994960582,0.0042713298563297,0.0153062858261735,-0.0072266767811947,0.0106984193209484,0.0259178805364636,0.0044386531976147,0.0001645233787488,-0.0092563030534513,0.0006762684287051,0.000660894326619,-0.0117583223060947,0.0101018789770717
1973-04-01,-0.056799999999999996,-0.0292,0.053899999999999997,-0.0155,0.0252,0.0052,0.0635,-3.5135625227265006,-3.5552180484206755,-2.7347712554929147,-0.7787912672335862,0.6977198485,0.0378332368,0.0626,0.0687,0.0046,0.0069284065,0.0015175398,0.008300000000000002,0.0015000000000000005,0.006099999999999994,-0.0014326647564470996,0.0301877196603926,0.0032844449727135,0.0316701292129434,-0.0172589915104847,0.0477868482987198,0.0523876862212151,0.0093004716862776,-0.0038373693396443,-0.015716576430151,-0.0011114275148897,0.00506246427591,-0.0069545240431315,0.03977395941622
1973-05-01,-0.0297,-0.061200000000000004,0.0038,0.0197,-0.017,0.0051,0.0719,-3.4893025178339547,-3.508366892885352,-2.6952642583631503,-0.7940382594708046,0.7132159617,0.0396022163,0.0636,0.0703,-0.0105,0.0068807339,0.0030775217,0.0076999999999999985,0.006600000000000001,0.006699999999999998,-0.04079985652797702,0.0118463872396617,0.0046848749910844,0.0095852620798821,0.0007379348332607,0.0426889564826944,0.0550056064102061,0.0128797421313958,0.0204013432866604,0.0038579632863546,-0.0009055385023931,-0.007039333545273,-0.0450782031527468,0.000752214711307
1973-06-01,-0.015700000000000002,-0.0248,0.011399999999999999,-0.002,0.0009,0.0051,0.0433,-3.4775064197836434,-3.484102686710325,-2.6686487431692867,-0.8088576766143565,0.7209743078,0.0390133985,0.0719,0.071,-0.0021,0.006833713,0.0021646025,0.007599999999999996,-0.0035,-0.0009000000000000119,-0.01888379919603622,0.0075918509740412,0.0032167601187552,0.0078249875391878,0.0042298212834999,0.0138502719008384,0.0294486051043087,0.0033761758684432,0.0046354292351317,-0.0110390459572998,-0.0010259420638504,-0.0001879573658177,-0.0157344789822661,0.0027596302980333
1973-07-01,0.0504,0.0719,-0.0526,-0.0009,-0.0323,0.0064,-0.1167,-3.5096118999713224,-3.472333487096693,-2.684945499074432,-0.8246664008968905,0.6939766839,0.0373500626,0.0801,0.076,-0.0433,0.0022624434,0.0018680136,0.007900000000000004,-0.004300000000000005,-0.004100000000000006,-0.006574559313959005,-0.0388286262987844,0.0100143202335677,-0.0360509411656194,0.0375160756226062,-0.0813051583085779,-0.0845863657475913,-0.0057332827319639,-0.0043110416601571,0.0333977027003372,-0.0044422076437562,0.0133847520634366,0.0344991251193881,-0.0350192155083146
1973-08-01,-0.0382,-0.0178,0.0103,-0.0132,0.0124,0.006999999999999999,0.0359,-3.4671219948761482,-3.504496326411827,-2.6270074402451624,-0.8401145546309858,0.7243372354,0.0373887675,0.0867,0.0728,0.0391,0.0180586907,0.0010958834,0.008500000000000008,-0.003500000000000003,-0.013899999999999996,0.037981968156531654,0.002886009706526,0.004866234845635,0.0055434215172578,-0.0037608276953701,0.0065918614771257,0.0338627912038349,0.0112006008912951,0.0006351528937093,-0.0014028510090196,0.0028780781732012,0.0064243585603292,-0.0207697647791914,-0.0021051945152452
1973-09-01,0.047400000000000005,0.0358,0.0222,-0.0222,0.0173,0.0068000000000000005,-0.0698,-3.501314818574928,-3.4620018757697486,-2.6461840199665376,-0.8551307986083905,0.6788089959,0.0343612257,0.0829,0.0703,0.0318,0.0022172949,0.0009345578,0.009999999999999995,0.003799999999999998,-0.0126,-0.036684531509887264,-0.003350977895874,-0.0026099739586036,0.0049771868501601,-0.0164833619861302,-0.0295905471145809,-0.0376574724127139,-0.0084238065598635,-0.0143185240189346,-0.0110790027617464,-0.0014929382988006,0.0033097704272846,0.0121917270267609,0.0158435866819535
1973-10-01,-0.0083,-0.0027,0.0166,-0.0199,0.0273,0.006500000000000001,0.0678,-3.488862100417265,-3.4901540902610666,-2.6247197523969303,-0.8641423480203343,0.6720817914,0.0346603301,0.0722,0.0689,0.0215,0.0088495575,0.0013447449,0.008099999999999996,-0.0281,-0.0032999999999999974,0.04009592326139089,0.0156623308179383,0.0122092698021835,0.0196944765621828,6.71617020548e-05,0.0183772217258551,0.0457886172319599,0.0160581299928515,-0.0118729259049776,-0.0082832985549651,-0.0017420833021913,0.0035927147782506,0.0040060598585722,0.002337793420807
1973-11-01,-0.12789999999999999,-0.0727,0.0409,-0.0277,0.0166,0.005600000000000001,0.08929999999999999,-3.356973094805192,-3.4778544704739867,-2.484077481346394,-0.872895613458798,0.7818789906,0.0387363392,0.0783,0.0712,-0.0183,0.0065789474,0.0043697483,0.007499999999999993,0.026099999999999998,-0.007099999999999995,-0.0012911555842478606,0.0380373544156344,0.0074736857205243,0.0308930784319112,-0.0135604159977864,0.0469778480534194,0.0347410471249816,0.0042217352445737,0.0014721661813167,-0.0293666479947638,-0.005300185262935,-0.0084070187498515,-0.0426222581198571,0.0079725369096427
1973-12-01,0.0059,-0.0472,0.0401,-0.028900000000000002,0.024399999999999998,0.0064,0.1016,-3.3624893575741934,-3.346055728476567,-2.481120898093105,-0.8813684594810882,0.7555884634,0.0130073951,0.0745,0.0726,-0.0082,0.0065359477,0.005358338,0.008000000000000007,-0.0006999999999999992,-0.001899999999999999,-0.11386092898697953,0.0195151936969685,-0.0015065068669928,0.0154328731047492,-0.0279916659286021,-0.0057218212004746,0.0665563586787316,0.0202104428771941,-0.0003142434327011,-0.0267455662725512,0.0076052116191048,-0.0034542690855503,-0.0531195706764794,0.0027684864130587
1974-01-01,-0.0016,0.1039,0.059500000000000004,-0.0292,0.0449,0.0063,-0.0892,-3.346492702356711,-3.356589635447005,-2.462883171754101,-0.8836095306026102,0.751446438,0.0116267491,0.0777,0.074,-0.0083,0.0086580087,0.0034094717,0.006500000000000006,0.003,-0.003700000000000009,0.016569403918299308,0.0132217277586289,0.0040065246150943,0.0214150743563112,-0.0127763312108887,-0.0186510795880271,-0.0715201142032931,-0.016086805414755,-0.0350482913594291,-0.0197306235007235,0.0062007748088119,0.0169936393122228,0.109379472059832,0.0690373348539521
1974-02-01,-0.0046,0.0012,0.024700000000000003,-0.018500000000000003,0.026699999999999998,0.0058,0.0037,-3.3369966851967936,-3.340627582904313,-2.4511892763691203,-0.8858074088276733,0.7470977188,0.0109186477,0.0712,0.0748,-0.0024,0.0128755365,0.0018780077,0.0068000000000000005,0.0033,0.003600000000000006,-0.010046130189646396,0.0184502785242891,0.0115513638648693,0.021616758662019,-0.0081663086603461,-0.0014524369642388,0.004275372035473,0.0086945478866286,-0.0052119078119449,-0.0014431627170141,0.0016468878964739,0.0026540595114428,0.0068666856037851,0.0230875798083831
1974-03-01,-0.0282,0.0262,-0.0014000000000000002,0.028999999999999998,0.0044,0.005600000000000001,-0.01,-3.3076105222893624,-3.3311657648860002,-2.419623566578059,-0.8879869557113034,0.8151840129,0.0103999361,0.0796,0.0783,-0.0292,0.0127118644,0.001693635,0.006099999999999994,-0.0015000000000000013,-0.0013000000000000095,-0.003624313969141535,0.0011025777060636,0.0032037406485246,-0.0007357691073113,0.0077064543259756,0.0128642819917255,-0.0241642202686746,0.0022636019985194,0.003095579334536,0.0215913104005105,0.006802382471085,0.0092585279848512,0.0260519481601035,0.014303615048442
1974-04-01,-0.0528,-0.0066,0.0092,0.0271,0.021400000000000002,0.0075,0.0206,-3.2619796071930747,-3.3018134046050367,-2.364747964079498,-0.8972316431135767,0.8248580819,0.0096574913,0.0833,0.0816,-0.0253,0.0041841004,0.0017291765,0.006199999999999997,-0.008799999999999999,-0.0016999999999999932,-0.023279983371440438,0.004376296552673,0.0130358071953734,0.0101997329641391,0.0133551209953155,-0.0002337913773767,0.020823541688708,0.0104338799521389,0.01102974608278,0.0301753680051892,0.0071777747160725,0.0010054246291883,-0.0009187226696331,-3.77774958256e-05
1974-05-01,-0.047,-0.030600000000000002,-0.0208,0.0501,-0.0033,0.0075,-0.0029,-3.2220890477384323,-3.256215902476325,-2.3158138212550523,-0.9062752264833798,0.8604161213,0.0092469234,0.0823,0.081,0.0123,0.0125,0.0020987464,0.0068000000000000005,-0.0017999999999999995,-0.0012999999999999956,-0.03905086188550755,-0.0023963635855143,0.004748924914028,-0.0034137412545095,0.0114640206522381,0.0208160737098424,-0.0123356235248258,-0.0041827476866241,0.0192121035627777,0.039524524374204,-0.0011168276070812,-0.0058793401329895,-0.0125042018306829,0.0004613983932579
1974-06-01,-0.028399999999999998,-0.0005,0.0083,0.005,0.0298,0.006,0.0232,-3.2015843277581393,-3.216358373029447,-2.2864371065860634,-0.9151472211720759,0.8601587717,0.0080281695,0.079,0.0812,0.0045,0.0082304527,0.0023003694,0.008000000000000007,-0.033,0.0021999999999999936,-0.033551101760602386,0.0131366659078103,0.0177420097203019,0.0083323372041197,0.001944267025882,0.0142358063379239,0.0225796004864204,0.0178441076367836,0.0097819567094929,0.0274148780298633,0.0039007898507192,-0.0007492340806184,-0.0091243469591218,-0.0045081496510739
1974-07-01,-0.0806,0.0184,0.0516,-0.032,0.045,0.006999999999999999,0.03,-3.1120663531500226,-3.1930494253083017,-2.1914450683278166,-0.9206212848222062,0.9112393224,0.0068388852,0.0755,0.0823,-0.0029,0.0081632653,0.0049175157,0.007599999999999996,-0.0182,0.0068000000000000005,-0.01466544454628782,0.0433873497201706,0.006056658516661,0.0270082846653139,-0.0275937849041044,0.0088859965176819,0.0081057502770971,0.0218202452400268,-0.0104010451602815,-0.0298931709985234,0.0129608615422682,0.0024040694383683,0.0174295484785979,0.0457532014917316
1974-08-01,-0.09390000000000001,0.0028000000000000004,0.026099999999999998,-0.0029,0.0259,0.006,0.030299999999999997,-3.0089867403559407,-3.103603679231289,-2.083001578651949,-0.9259851617039918,1.0171239942,0.0065552244,0.0896,0.0855,-0.0232,0.012145749,0.0047910264,0.0076999999999999985,-0.0036000000000000025,-0.0040999999999999925,-0.0777906976744186,0.0267615232849647,0.0063340264343054,0.0235800736371266,-0.0048592699312061,-0.0098480746112554,0.0155007296574558,0.0125490323868758,-0.0021917317953577,-0.0086475100696106,0.005611359295596,-0.0007678293857492,0.0146213300269449,0.0246494877386153
1974-09-01,-0.11779999999999999,0.0147,0.054299999999999994,-0.0433,0.0582,0.008100000000000001,0.0424,-2.8735174263411825,-3.000595082719692,-1.9422969175695033,-0.9312205087716794,1.1354401435,0.0051374792,0.0806,0.0837,0.0247,0.012,0.0078117125,0.009400000000000006,-0.007300000000000001,0.0030999999999999917,-0.09027865338544949,0.0407343896268922,-0.0018888095163473,0.0407472333427508,-0.0412217824022405,0.042873643381993,0.008125569646613,0.0042032059163458,-0.0228079191287743,-0.0360352056151396,0.003160824463517,0.0084228023318491,0.0210031462762337,0.0514351815990339
1974-10-01,0.161,-0.0678,-0.09910000000000001,-0.0029,-0.0291,0.0051,-0.0053,-3.0236418276222894,-2.872598628509503,-2.10141876444273,-0.9222230631795594,1.0370837841,0.0036384075,0.0746,0.0795,0.0489,0.0098814229,0.010084948,0.0121,0.039599999999999996,0.004900000000000002,-0.1193347193347194,-0.0205513038506664,0.0128845458601073,-0.0310309916394519,0.0276798208633644,-0.0451130111667744,-0.0417834755949323,0.0355983580358618,0.0337835913027617,0.0125319771650909,-0.0040223559816014,0.0195001362165092,-0.0922820427877132,-0.0688101650112872
1974-11-01,-0.0453,-0.0141,-0.0025,-0.0342,0.028999999999999998,0.0054,0.022000000000000002,-2.9680498203582246,-3.022696069554576,-2.054928116006649,-0.9131217043515754,1.115637022,0.0078146012,0.0747,0.0771,0.0295,0.0078277886,0.003513799,0.01709999999999999,-0.017799999999999996,0.0023999999999999994,0.16304689959080898,0.0139120922718438,0.0036197528839396,0.0134483482603752,-0.0081524231876208,0.0035329816567894,0.0210937953170459,0.0074885296297872,-0.003199833406231,-0.0129203794738144,-0.0006831278970537,-0.0015702845247692,-0.0244572112468031,0.0024541822598472
1974-12-01,-0.0345,-0.042699999999999995,0.0012,-0.0076,0.0338,0.006999999999999999,0.0298,-2.9467754288274604,-2.967132733295741,-2.042782224763711,-0.9039932040637491,1.1200181747,0.008771574,0.0715,0.076,0.0171,0.0077669903,0.0038144275,0.0174,-0.0246,0.004500000000000004,-0.053179972936400643,0.0206211160845883,0.0001073402352144,0.0144310668223276,-0.0142983807462857,0.0146890241635743,0.0276676295002186,0.0009687556116541,0.0055298494465015,-0.0001790586189416,-0.0045644496285365,-0.0006783011381518,-0.0364516131972371,0.0081734365035009
1975-01-01,0.1367,0.1288,0.08259999999999999,-0.0054,-0.0105,0.0058,-0.138,-3.056160435064923,-2.9403240614988473,-2.1752579550807116,-0.8809024799842116,0.9808296267,0.0085104486,0.0626,0.0796,0.0225,0.0038535645,0.0040172082,0.019799999999999998,0.0371,0.017,-0.020151493497213013,-0.0071143235853603,-0.012578953615622,0.0260696753547389,-0.0291227887185672,-0.0208532424811234,-0.146407007371039,-0.0373063181007844,-0.0630041341852428,-0.0395507106964152,0.0032841208837387,0.010047330569076,0.14143770810077,0.0877173314382246
1975-02-01,0.0556,-0.0069,-0.0447,0.011699999999999999,-0.021099999999999997,0.0043,-0.0058,-3.1078840563889356,-3.0497229988038264,-2.2503282967511944,-0.8575557596377414,0.9339016305,0.0116523318,0.055,0.0788,0.0131,0.0076775432,0.0021790299,0.0203,0.0005999999999999998,0.023799999999999995,0.12281213535589264,-0.0232373755518584,0.0042310822545169,-0.0146342587834013,0.032037267947068,-0.021650264047402,-0.0239450561004804,-0.002601601068682,0.0135184289879898,0.0351330397616498,0.0065264080296978,0.0188712364320718,-0.0059345882854255,-0.0323527890044841
1975-03-01,0.026600000000000002,0.0397,0.0242,0.0125,-0.0134,0.0040999999999999995,-0.0207,-3.122976915938578,-3.1015150433742305,-2.2890021366359745,-0.8339747793026033,0.9724663152,0.0204669502,0.0549,0.0824,-0.0267,0.0038095238,0.0024026153,0.018100000000000005,0.0020000000000000018,0.027500000000000004,0.05988568459340082,-0.0071146899400149,0.0079763229487849,0.000356001660133,0.0198285965861727,-0.030905356929222,-0.0035520919809481,-0.0073077434232259,-0.0047454117175027,0.03340962403935,0.0021909833831347,0.0005780579035371,0.0307633752168805,0.0014752061745097
1975-04-01,0.042199999999999994,-0.0069,-0.0113,0.0139,-0.0137,0.0044,0.0151,-3.1655413733646096,-3.1193594885241094,-2.3546986429130454,-0.8108427304515644,0.909489371,0.0224962245,0.0561,0.0852,-0.0182,0.0037950664,0.0023137776,0.01630000000000001,0.013000000000000001,0.0291,0.02169383502880251,-0.0016471996022198,0.014549229348596,-0.0179602087591741,0.024536408734863,-0.0288387891282134,-0.0070247542604033,0.0220491600849029,0.0183821623247361,0.0334306587964642,0.0035490095608604,-0.0119754161296333,-0.0118245626068976,-0.0145468085694529
1975-05-01,0.052000000000000005,0.0298,-0.0405,-0.0113,-0.005600000000000001,0.0044,-0.0058,-3.205065971338608,-3.1619099330594933,-2.4177700255699124,-0.7872959457686957,0.8975236997,0.0229537717,0.0523,0.0836,0.0212,0.0056710775,0.0018071722,0.0179,-0.0106,0.031299999999999994,0.047264875239923176,0.0040197592105343,-0.0025314819784763,0.0021869511010694,-0.0036487752843514,-0.0099178105647194,-0.0041125214374359,-0.0034061335908953,-0.0048718208082763,-0.0096153343113965,-0.0024254154181678,0.0148735709451599,0.0142516576411563,-0.0079636876473439
1975-06-01,0.0487,0.013300000000000001,0.013500000000000002,-0.027000000000000003,0.010700000000000001,0.0040999999999999995,-0.0004,-3.24484301764387,-3.2014746245053276,-2.481445894406922,-0.7633971232369479,0.8498390198,0.0229616961,0.0534,0.0813,0.0292,0.007518797,0.0013533555,0.018500000000000003,0.0011999999999999997,0.027899999999999994,0.04410080183276066,0.0080875515960583,-0.0011597992861244,0.0058702006572953,-0.0145619947682685,0.004593727952044,-0.0005837607307137,-0.0027719095138593,-0.0120745035436066,-0.0204496645734972,0.002126033724177,0.0217742819608768,0.0114428430219453,0.0156658387697142
1975-07-01,-0.066,0.034,0.0176,0.0045000000000000005,0.0124,0.0048,0.0034000000000000002,-3.174791551736181,-3.24484301764387,-2.4198091299897198,-0.7549824217464616,0.898365624,0.0256278961,0.0613,0.0829,-0.0087,0.0111940299,0.0012444037,0.01709999999999999,0.005699999999999999,0.0216,0.04432254525507395,0.0138321773840542,0.0095313522504032,0.0082115461614111,-0.0108930983488162,0.0209831875351172,-0.0113165365754647,0.0117702679673286,-0.0071587577363115,2.87116633026e-05,0.0069980699548685,0.0013430142344276,0.0307358197348804,0.0294172143533394
1975-08-01,-0.028399999999999998,-0.0277,-0.0091,0.0109,-0.009899999999999999,0.0048,-0.0016,-3.153495979566281,-3.174791551736181,-2.4069868909591263,-0.7465090886071548,0.8942466541,0.0263663778,0.0644,0.0844,-0.0068,0.0018450185,0.0023431364,0.016399999999999998,-0.010700000000000001,0.020000000000000004,-0.06765416535350355,0.0074341004824264,-0.0001413305859847,-0.0061356084655925,-0.0063502470126298,0.0171404313564325,0.0002633162818259,0.005647742126778,0.0106995556872074,0.0111267726673353,0.0011355861990945,0.0044649610682419,-0.0206316859508939,0.0117803732884498
1975-09-01,-0.0426,-0.0002,0.0033,0.0058,0.005699999999999999,0.0053,0.004,-3.118236104376976,-3.153495979566281,-2.380285646801193,-0.7379504575757834,0.9409482541,0.0279195234,0.0642,0.0862,-0.0098,0.0055248619,0.0023046248,0.016600000000000004,-0.0028000000000000004,0.022000000000000006,-0.021070422535211297,0.0098954839319739,0.0091171851976845,0.005971868136195,-0.0077708298705788,0.0207826362457311,0.0087832700290903,0.0107128133673977,0.0035823467397626,0.0091739985317485,0.0050111983889331,0.0002514368619543,0.0051712622049946,0.0129645549226376
1975-10-01,0.053200000000000004,-0.0425,0.0034999999999999996,-0.0052,0.022799999999999997,0.005600000000000001,-0.0022,-3.1807528873171105,-3.120935161346141,-2.4315447417407907,-0.7492081455763198,0.8934979188,0.025898458,0.0596,0.0819,0.0475,0.0054945055,0.0021545816,0.017600000000000005,0.007800000000000001,0.0223,-0.034645488029465876,-0.0063870214200345,-0.0026830246263614,0.0218037863329199,-0.003217502042622,0.0094505687799207,0.0017627792596892,-0.0086700589865386,-0.0158262556054999,-0.0035055071119425,-0.0010291913303986,-0.0016192862333329,-0.0211842411599111,-0.0082297541095649
1975-11-01,0.0265,-0.011000000000000001,0.0203,-0.0066,0.0174,0.0040999999999999995,-0.005,-3.207866939363752,-3.1834592489148537,-2.447479099050382,-0.7603878403133697,0.8679284743,0.0246224796,0.0548,0.0838,-0.0109,0.0072859745,0.0008126854,0.017799999999999996,0.0020999999999999994,0.028999999999999998,0.06164301895791113,-0.0001672802597059,-0.0023812858470189,0.01308133821847,-0.0064108104349911,0.0036338999443586,-0.0056237639294915,-0.0066986306046089,-0.0159057884635758,-0.0096027104815528,-0.001611018536543,-0.0176094268543308,0.008484529860801,0.0061636332955059
1975-12-01,-0.016,-0.0016,0.017,-0.0011,0.0077,0.0048,-0.001,-3.1990058039967773,-3.210580645235348,-2.427489556321325,-0.771516247675452,0.876338851,0.0237119656,0.0544,0.0805,0.039,0.0036166365,0.0013307999,0.017699999999999994,0.005200000000000003,0.026100000000000005,0.024707996406109434,0.0100235689373675,-0.0038998094160959,0.0046342094470355,-0.0119288527948327,-0.0019936981343917,-0.0059736214762988,-0.0012944803762823,-0.0034165336381454,-0.0146312996819151,0.0035778838203181,0.0114436224581255,-0.0014349474374224,0.0179052817101694
1976-01-01,0.1216,0.0639,0.0863,-0.0175,0.0233,0.004699999999999999,0.0437,-3.309924327167632,-3.1981094666966694,-2.5104166695353265,-0.7995076576323059,0.7659338857,0.0218521822,0.0487,0.0802,0.009,0.0018018018,0.0019782826,0.018100000000000005,0.009800000000000001,0.03149999999999999,-0.0115081104778606,0.0129392711140851,0.0159664599986564,0.0288342113337197,0.0114036397100395,-0.0385412663829856,-0.0106474318615625,-0.0019018086833998,-0.0171405299307757,0.006173519496324,0.0106807785117928,0.0133048578661619,0.0647884622531427,0.0345380779427802
1976-02-01,0.0032,0.0791,0.0571,-0.0255,0.037000000000000005,0.0034000000000000002,0.0038,-3.297534223864177,-3.3090016676720553,-2.4708607365417756,-0.8266734873224015,0.7680365203,0.0222330928,0.0488,0.0802,0.0062,0.0035971223,0.0012214388,0.0169,-9.99999999999994e-05,0.03139999999999999,0.11830579886905435,0.0236151745658047,0.0158408067423843,0.0285217118165232,0.0032954610085139,-0.031563124547465,-0.0041242747993287,-0.0059155810970849,-0.0220295709648909,-0.0001622470679529,0.004642626672454,-0.0185578768949053,0.0712774427977065,0.0312224081346455
1976-03-01,0.0232,-0.0138,-0.0011,-0.0038,0.009899999999999999,0.004,0.0022,-3.3268670235845463,-3.2966395147882657,-2.4737787590626383,-0.853088264521908,0.7840312172,0.0150721313,0.05,0.0792,0.0166,0.0017921147,0.0012657161,0.016,9.99999999999994e-05,0.029200000000000004,-0.011401943287725591,0.0030372394894735,-0.0026081132339053,0.0010176222409541,-0.0032575932120762,-0.0037576703205726,-0.0009297644915748,0.0008620543490232,-0.0043394711928627,-0.0060243321945776,-0.0018800507223739,0.0087893338636208,-0.0043043935616788,0.0081892341014346
1976-04-01,-0.0148,0.001,-0.0016,0.0045000000000000005,-0.0105,0.0042,0.0053,-3.3095161893219074,-3.3205725125069265,-2.4402629237122264,-0.869253265609681,0.7860761398,0.0142394847,0.0486,0.0797,0.0018,0.0035778175,0.0010071323,0.015399999999999997,-0.0033,0.031099999999999996,0.030688998094474007,0.0061426909790892,-0.0067129139783914,-0.0072742554889727,-0.0080524894592711,0.0213518738113874,-0.0024363877810038,-0.0030725021165933,0.0013040216852351,-0.0049880602494604,0.0009415483708174,0.009125479287172,0.0012951135727516,0.0112156154286085
1976-05-01,-0.013500000000000002,-0.0109,-0.0129,0.024300000000000002,-0.0139,0.0037,-0.010700000000000001,-3.2887656989466993,-3.3032342894691915,-2.4038392357989884,-0.8849264631477107,0.8035027635,0.0141483212,0.052,0.0821,-0.0158,0.0071301248,0.0009364703,0.012799999999999992,0.005500000000000001,0.03010000000000001,-0.010995426680938003,-0.004558201506377,-0.0052581393415213,-0.0172164644055574,-0.0017953311992974,-0.0023343931503484,-0.009399751832945,-0.0065838975223218,0.0118586221504634,0.0035774909001195,-0.0006620829776928,-0.0030865064570886,-0.0110723481325248,0.0073049060249527
1976-06-01,0.0405,-0.010700000000000001,0.0073,-0.0067,0.0102,0.0043,-0.0044,-3.3226606316634983,-3.282549610527668,-2.422456037540967,-0.900204594122531,0.7814276312,0.0189250313,0.0541,0.0807,0.0208,0.0053097345,0.0009715815,0.012700000000000003,-0.0058,0.02659999999999999,-0.014364423455332509,0.0041377604536007,0.0072645657996609,0.0053326402815163,-0.002089178762201,-0.0174537313637247,-0.0072066266950505,0.002004384110523,0.0018479616518618,-0.0032289760544242,-0.0033712861910412,-0.0019234305536157,-0.0098758311880128,0.0065185154609005
1976-07-01,-0.0106,0.0060999999999999995,0.0174,-0.0103,0.003,0.004699999999999999,-0.0015,-3.306625715369267,-3.3147135699709662,-2.4036153911630063,-0.9030103242062606,0.7958238544,0.0188427707,0.0523,0.0805,0.0078,0.0052816901,0.0004871522,0.0126,0.0071,0.028200000000000003,0.040926332601317617,0.007724144097559,0.0024371672546489,0.0131438538595761,-0.010885151821385,0.0200602036397721,-0.0089283683871951,0.0038874485079365,-0.0112346785246567,-0.0162508484025805,0.0034797647121742,0.008865848517504,0.0119305096963971,0.0177142781447156
1976-08-01,-0.005699999999999999,-0.0202,0.0079,-0.004,-0.005699999999999999,0.0042,-0.0078000000000000005,-3.293604397229517,-3.2987413118451183,-2.3878400783423492,-0.9057643188871676,0.8047322694,0.0206295275,0.0514,0.079,0.0211,0.0052539405,0.0007445224,0.011899999999999994,0.0019999999999999983,0.0276,-0.008055235903337232,-0.0047857426721532,-0.0040712282655629,0.001614550433943,-0.014430120966512,0.022792679907377,-0.0108727503740349,0.0067882507276768,-0.001009766011805,-0.0115344596298109,0.0027941500805685,-0.0070693531278957,-0.0072229294183937,0.0134471320008813
1976-09-01,0.0204,0.002,-0.0031,0.0098,-0.011399999999999999,0.0044,0.002,-3.308170307872399,-3.2857816715483077,-2.399702301679453,-0.9084680061929462,0.7913632737,0.0237826575,0.0508,0.0781,0.0145,0.0034843206,0.0008906883,0.0102,0.002199999999999999,0.027300000000000005,-0.005123743232791966,-0.0024010289585098,-0.002575073438009,-0.0023052113085368,-0.0036381155965069,-0.001170115364494,0.0044128269757994,1.11026020432e-05,0.0033558776105576,-0.0014995564879822,0.0023276806643899,-0.0029967626899875,-0.0012608298333063,0.0040654621233457
1976-10-01,-0.0242,0.0005,-0.0017000000000000001,-0.0019,-0.0037,0.0040999999999999995,-0.0043,-3.2685081803158624,-3.290993993647951,-2.3647293333748007,-0.9037788469410619,0.8120796327,0.0255691262,0.0492,0.0779,0.0084,0.0052083333,0.001269993,0.0097,-0.0013999999999999993,0.028699999999999996,0.02264114274608886,-0.0009369320419367,-0.0058164997350752,-0.0005954585159236,-0.0085038896427061,0.013259150469448,0.0036921351059845,-0.0009042092161522,8.20626870874e-05,-0.0106886514561935,0.0002212285358661,-0.0023313799845281,-0.0013688432780042,0.0096680485232142
1976-11-01,0.0037,0.027000000000000003,0.015300000000000001,-0.0131,0.0007000000000000001,0.004,0.0282,-3.2438421036970597,-3.251647021366444,-2.3445912686282004,-0.8992508350688595,0.8272629379,0.0278954289,0.0475,0.0749,0.0339,0.0017271157,0.0011179253,0.00979999999999999,-0.0020000000000000018,0.027399999999999994,-0.022234891676168655,0.0011256578329325,0.0094907188899049,0.0038324475656646,-0.0121575359269445,-0.0150669866230003,0.0129118186283888,0.0081603251759499,-0.0042432378074656,-0.0008545651630012,0.004628851309108,-0.0005387049428757,0.0057839408930154,0.0139801522481017
1976-12-01,0.0565,0.036000000000000004,0.0223,-0.0072,0.0241,0.004,0.0073,-3.278401804182227,-3.2272358440521716,-2.3835743369587785,-0.8948274672234486,0.779973125,0.0285665543,0.0435,0.0721,0.0327,0.0034482759,0.0005762273,0.011400000000000007,0.0020000000000000018,0.0286,-0.007774538386783436,0.0113846466537999,0.0030306652776128,0.0121153880114814,0.0012818484657848,-0.0083163980831184,-0.0060140590415296,-0.0013383381397638,-0.0065479851169101,-0.0093384426451607,0.0010242177436905,0.0131832130557521,0.0342848040331974,0.0231893233058716
1977-01-01,-0.0404,0.0591,0.0432,-0.0054,0.019299999999999998,0.0036,0.0405,-3.215085116113981,-3.2669369137274424,-2.32601735148267,-0.8890677646313112,0.8210652053,0.0295997969,0.0462,0.0764,-0.0388,0.0051546392,0.00069563,0.011200000000000002,0.0085,0.030199999999999998,0.0524975514201762,0.0067301662824512,-0.0026811950648095,0.0125380394575819,-0.0231428849858205,-0.0031458422897413,0.0346495542677689,-0.0053076312632954,-0.0221000596375304,-0.0268929121100254,0.0129716101812673,-0.0083143748697878,0.0501739240132127,0.0355381055519732
1977-02-01,-0.0194,0.0105,0.0045000000000000005,-0.0021,-0.0019,0.0034999999999999996,0.0034000000000000002,-3.1818759922716073,-3.2037743159173577,-2.298456181288326,-0.8834198109832814,0.8368039982,0.0279702171,0.0467,0.0775,-0.0049,0.0102564103,0.0003346756,0.010800000000000004,0.0029,0.0308,-0.050530429927414744,0.0018589158458857,0.0005022807737395,0.0032408858544495,0.0034893029668531,0.0094917520510706,-0.0025136016927694,-0.0039026761080052,-0.0003196351168742,0.0048055739905386,-0.0005434237195317,0.0073745641462425,0.0122411803899979,0.0090225778289396
1977-03-01,-0.013500000000000002,0.0129,0.0109,-0.0032,-0.0011,0.0038,0.0068000000000000005,-3.1565433015037856,-3.1706678301074165,-2.2786907727946097,-0.8778525287091758,0.8684299283,0.0303383572,0.046,0.0772,0.0091,0.0067681895,0.0006657328,0.0102,0.0002999999999999999,0.031200000000000006,-0.0216602959913752,0.0032754615173363,0.000119091258837,0.0019591935808714,-0.0035132344903444,0.0018380692726274,0.0017569829873001,0.0008576212536722,-0.0049007076545718,-0.0053767878661344,0.0005866179149697,0.0028211880567914,0.0094698802907888,0.0075258998509431
1977-04-01,0.0015,0.006,0.0338,-0.019799999999999998,0.0104,0.0038,0.04190000000000001,-3.1433050147841897,-3.1431018246991664,-2.267716583806579,-0.8755884309776105,0.8611500701,0.0311400296,0.0454,0.0771,0.0071,0.0084033613,0.0009848511,0.010300000000000004,0.0029,0.0317,-0.014025245441795176,0.0146681498286775,0.0020989657404006,0.0075430405999484,-0.0126811465336762,-0.0041302114877997,0.0233713479640366,0.0046323500731659,-0.0070637701028028,-0.0112865289406396,0.0017384317513678,0.0003924277645007,0.0040437442619107,0.0168386907501567
1977-05-01,-0.0147,0.0137,0.008100000000000001,0.0043,0.0022,0.0037,0.020099999999999996,-3.106215240641212,-3.1300650552957987,-2.232803241669735,-0.873411998971477,0.8882113369,0.0353154695,0.0496,0.0765,0.0125,0.005,0.0006348018,0.009599999999999997,-0.0019000000000000006,0.0269,0.00020321072952644847,0.0014420852022189,0.0036438342852694,0.0054322415985519,-0.0038278329452361,0.0082738048022928,0.0113374265357893,0.0061267177507692,0.0022652298722608,-0.00214472107989,0.0048063007881834,-0.0043636077491227,0.0067925778098083,0.0061037776509644
1977-06-01,0.0472,0.021,-0.0062,0.0091,-0.0127,0.004,0.016,-3.137486645358945,-3.0931253535073253,-2.2662316663946673,-0.8712549789642778,0.8711120812,0.0319410996,0.0502,0.0754,0.0164,0.0066334992,0.0005633646,0.009599999999999997,0.0011000000000000003,0.025199999999999993,-0.023567655424624023,-0.0059725694658948,0.0026352780202377,-0.0041074892393509,0.0043834287631561,-0.029413338681957,0.0022384838103054,0.0102612109426673,0.0088481731965957,0.0078159810375151,0.0052023387646977,-0.0085031590634298,0.0084465944698867,-0.0106808118965298
1977-07-01,-0.0169,0.0181,-0.006,0.0075,0.0012,0.0042,0.0038,-3.110477439593284,-3.1268325926965463,-2.2406390797304288,-0.8698383598628554,0.8967833991,0.033181837,0.0519,0.0768,-0.007,0.0049423394,0.000594708,0.009300000000000003,0.006500000000000001,0.02489999999999999,0.04535996670828135,-0.0064746334371994,0.0032267654531769,0.0043363166769323,-0.0018975217831651,0.0119485162647127,0.0049236647050795,0.0063552456752257,-8.37513443661e-05,-0.0034991649240191,0.0057260556151381,0.0034522347075086,0.01595056193503,0.0037312389660475
1977-08-01,-0.0176,0.009300000000000001,-0.0277,0.0104,-0.0067,0.0044,-0.0163,-3.078691634510414,-3.099958155234189,-2.2102290972932277,-0.8684625372171864,0.9265342604,0.0337503868,0.0549,0.0754,0.0198,0.0032786885,0.0005824464,0.008400000000000005,-0.006200000000000002,0.020499999999999997,-0.016222133757961887,-0.0111869184160688,0.0061163691785857,-0.0024661914272108,0.0136533890482695,-0.0062397214155501,-0.0085172000052131,-0.0046287171770999,0.0081536554006829,0.0155420355172071,-0.000983812267017,-0.0073651327730599,0.0095892282944182,-0.0104894120583842
1977-09-01,-0.0027,0.016200000000000003,-0.0026,0.0092,-0.006500000000000001,0.0043,0.021,-3.0657764440842494,-3.0682596321165767,-2.198675956400866,-0.8671004876833832,0.9422625161,0.0323675866,0.0581,0.0764,-0.0029,0.0032679739,0.0004631961,0.008799999999999988,0.0006999999999999997,0.018299999999999997,-0.02104198280222558,-0.0012956295371011,-0.0009583214384433,-0.0028275137853254,-0.0034655659324299,-0.0006758311387375,0.0158354475693818,0.0054612797623449,0.0047196244107684,0.0021179146644337,0.005429575287923,0.0019524542654195,0.0080352869916161,-0.0012211528704072
1977-10-01,-0.043899999999999995,0.0141,0.016200000000000003,-0.0009,-0.0046,0.0049,-0.0012,-3.008878739748897,-3.0532551635305776,-2.1487129259105457,-0.8601658138383514,0.9753772836,0.0327751368,0.0616,0.0781,-0.0093,0.003257329,0.0007261726,0.008500000000000008,0.0055,0.0165,-0.002480107471323656,0.0020404686425692,0.0024462368696041,0.0030344763645561,-0.0007641117923564,0.0090549559112955,0.0005274485602374,-0.0004855707148898,-0.0011387598217938,0.0045974953701459,0.0006004857877047,-0.0004464734163109,0.0133879084508333,0.0106385003339258
1977-11-01,0.04019999999999999,0.036000000000000004,0.0023,-0.0006,0.0068000000000000005,0.005,0.021400000000000002,-3.0231423788338523,-2.996533981017059,-2.169765753882737,-0.853376624951115,0.9620344703,0.0292167295,0.061,0.0777,0.0093,0.0048701299,0.001387547,0.0087,-0.003199999999999999,0.016700000000000007,-0.04340619496529574,0.0003599104138201,0.0079175669195644,0.0003449269806125,0.0071425718681164,-0.0247125697511546,0.0071835038293339,0.0062742272410309,0.0011592083123304,0.0103842962210399,0.0024712001124416,0.0005084310650708,0.0227664188721705,-0.0019990043174542
1977-12-01,0.0027,0.0161,-0.0029,0.009300000000000001,-0.0066,0.0049,0.0159,-3.0137698978705387,-3.0109267432148306,-2.1670840326064753,-0.8466858652640632,0.9603330245,0.0304753992,0.0607,0.0803,-0.0168,0.0032310178,0.0006266271,0.007999999999999993,0.006299999999999998,0.0196,0.026965562053281378,0.0065136908833117,0.0021544793860622,0.0029260427021678,0.0026379531903356,-0.0023814916713805,0.0079708816789714,0.0076424942014602,0.0002239253591393,0.0055410907901724,0.0022928035768345,-0.0048364391403105,0.0077419249408091,-0.0019170570000429
1978-01-01,-0.0599,0.0276,0.0338,-0.018000000000000002,0.015600000000000001,0.0049,-0.0058,-2.941053121020224,-3.00454066991182,-2.102678631424651,-0.8383744895955736,1.0367310889,0.0288142482,0.0644,0.0816,-0.008,0.0064412238,0.0009080501,0.0076000000000000095,-0.0008999999999999998,0.017200000000000007,0.002847200253084381,0.0019759839965076,0.003224258526563,0.0133010852208035,-9.64749653739e-05,-0.0003363653276101,-0.0024686110214156,-0.0063094691772456,-0.0174172894206038,-0.0145466805394747,0.0029283364961932,0.0010097411640643,0.029883201996687,0.0142831579990587
1978-02-01,-0.0139,0.037000000000000005,0.008100000000000001,0.003,0.0105,0.0046,0.0196,-2.906813632603072,-2.9318872701551877,-2.0766879832626537,-0.8301256493404183,1.0755672937,0.0311689879,0.0645,0.0822,0.0004,0.0064,0.0006698948,0.007300000000000001,0.0047,0.017699999999999994,-0.061514195583596165,0.0050600173032693,0.0106539900210295,0.0028016111952781,-0.0015657910078122,-0.004533741482047,0.0151030905684937,0.0076432272432732,0.0054338139969118,0.0097617832957165,0.0023415555397709,-0.0046506136682736,0.0206067475032503,0.0093935594694419
1978-03-01,0.0285,0.0365,0.0115,-0.005699999999999999,0.02,0.0053,0.014499999999999999,-2.9223772230118468,-2.8977518651937877,-2.100397170608933,-0.8219800524029139,1.1114925531,0.0275695984,0.0629,0.0831,-0.0021,0.0079491256,0.0006228568,0.007500000000000007,0.0063,0.020199999999999996,-0.02476190476190465,0.0056423159613867,0.0106306984462591,0.0043973620548025,0.0040132791964588,-0.0174761673868418,0.0089731435766934,0.0067150496593929,-0.0006644825484357,0.0044470133808183,0.0053732665510066,-0.0011890102372957,0.02454386145535,0.0051980104057713
1978-04-01,0.0787,-0.0032,-0.0354,0.0287,-0.0127,0.0054,0.0049,-2.996724193620442,-2.914760470922694,-2.1729456491911407,-0.8237785444293011,1.0053504037,0.0229459889,0.0629,0.0838,-0.0005,0.0078864353,0.001741181,0.0076000000000000095,-0.0018,0.020900000000000002,0.02493106617647034,-0.0032366103724052,0.0131956417736297,-0.0118571019261511,0.0229361128905948,-0.0236431527504162,-0.0043689674306748,0.0077383298865001,0.020224295312865,0.0306025424719457,0.0013308083941283,-0.0011452492364998,-0.0050532958704295,-0.0141320658758939
1978-05-01,0.0176,0.0454,-0.0055000000000000005,0.002,0.0029,0.0051,0.0277,-2.9934108237630723,-2.98918553793859,-2.1678345240809587,-0.8255762996821137,1.0014156386,0.0165594591,0.0641,0.0852,-0.0058,0.0093896714,0.0010850552,0.007999999999999993,-0.005000000000000001,0.021099999999999994,0.0854164331352989,-0.0006678414685624,0.0088532950080683,-0.0047703345836145,0.0164750580311818,-0.0281696748537263,0.0249642847190055,0.0053443944487889,0.0056718599137087,0.0210985845888227,0.0012915058446767,-0.0036991342847848,0.0251549388988701,-0.0096308048987664
1978-06-01,-0.0169,0.016399999999999998,0.006,-0.0141,-0.0012,0.0054,0.0278,-2.9681663924754877,-2.9859082076414927,-2.140851565531565,-0.8273148269439228,1.0279015813,0.0165234648,0.0673,0.0865,-0.0062,0.0108527132,0.0010274141,0.008400000000000005,0.0085,0.019199999999999995,0.004234224930290242,0.0012862378060656,0.002098274521987,-0.0012578283556829,0.0019121569690665,0.0082606788479485,0.0111176967048418,0.0051264000845704,0.0003302810984839,0.00332040048403,0.0030588796325158,0.0072383729632854,0.0112189300831513,-0.0052141303363036
1978-07-01,0.0512,0.0017000000000000001,-0.01,0.0147,-0.0073,0.005600000000000001,0.04190000000000001,-3.0132264826742197,-2.960719646689022,-2.1833199090103306,-0.8299065736638891,0.9762603361,0.0146714141,0.0701,0.0858,0.0143,0.0076687117,0.0008499296,0.007199999999999998,-0.004200000000000001,0.015700000000000006,-0.017585355820649906,0.0036523175263095,0.0096682471340179,-0.0032198619030716,0.0111822809889802,-0.0267147106037674,0.0330913288246799,0.0100116147119968,0.0081302533050658,0.0130994848846919,-0.0051259207044222,-0.0028260058852527,0.0004053482950999,-0.0085419239314022
1978-08-01,0.0379,0.0493,-0.0066,0.015700000000000002,0.005,0.005600000000000001,0.03,-3.031448243835538,-3.005854848084111,-2.1989658543150306,-0.8324823895205076,0.9600602176,0.0120027078,0.0708,0.0843,0.0218,0.00456621,0.0010022377,0.00789999999999999,0.0039000000000000007,0.013499999999999998,0.05390976656547686,-0.0120548291945196,-0.001885706642202,-0.0158724919614247,0.0072742791964656,-0.0252938918314796,0.0237973681471419,0.0050819103744315,0.0033171678890106,0.0158003344701611,-0.0027242830368797,-0.0051189743486836,0.0220426137039245,-0.0042894432392776
1978-09-01,-0.014499999999999999,-0.0038,0.018799999999999997,-0.0069,0.015700000000000002,0.0062,-0.032,-3.0168230326519163,-3.024110632314904,-2.1818374251499693,-0.8349856075019473,0.9722575131,0.0127039061,0.0785,0.086,-0.0106,0.0075757576,0.0009479772,0.007300000000000001,0.0058000000000000005,0.007499999999999993,0.02592371871275323,0.0041304692298995,-0.0071321449866997,0.0105405617205734,-0.0097436472862801,0.0146765488220997,-0.0224822170949739,-0.0064591213987482,-0.012919193034552,-0.0163007141499246,0.0029961199819259,0.0159825573581773,0.0028904530863197,0.0133368379004738
1978-10-01,-0.1191,-0.10039999999999999,0.0126,0.0017000000000000001,0.011399999999999999,0.0068000000000000005,-0.0842,-2.9174599913192725,-3.0135018606272292,-2.0641389362180527,-0.8533210551012198,1.0622752224,0.0143505524,0.0799,0.0889,-0.02,0.0090225564,0.0021000234,0.006999999999999992,-0.0005000000000000004,0.009000000000000008,-0.007261109497531226,0.0160904476797329,-0.0026255268401124,0.0228224131281318,-0.0154071177003109,0.0952898525843527,-0.0562140416480074,-0.0092714406355785,0.0052921216491358,-0.0147149846284093,0.0069576564978333,0.0114076707838117,-0.0407757696852908,0.0312636376426323
1978-11-01,0.027200000000000002,0.028999999999999998,-0.0208,0.0109,-0.011899999999999999,0.006999999999999999,0.0545,-2.9306725049737405,-2.9141696018293057,-2.0594360238134377,-0.8712364811603031,1.053527402,0.0140892722,0.0864,0.0877,0.0189,0.0044709389,0.003180889,0.007999999999999993,-0.0055,0.0012999999999999956,-0.09157401989467528,-0.0068006290086299,0.0005248552271786,-0.0116915443924293,0.0090751034035815,-0.0421261635974527,0.014696854394105,0.0099284857158932,0.0029232928560978,0.0110151701451176,0.0046345845464614,0.0200743760015682,0.0148113940446418,-0.0135513805492451
1978-12-01,0.0088,0.0101,-0.021400000000000002,0.020099999999999996,-0.0147,0.0078000000000000005,0.0301,-2.942152551232101,-2.9273731825889406,-2.05345805165894,-0.8886944995731609,1.0457012956,0.0148505522,0.0908,0.0898,-0.013,0.0044510386,0.00166563,0.007800000000000001,-0.0002999999999999999,-0.0010000000000000009,0.016639828234031206,-0.0043824937487646,0.0049324635315609,-0.0053473121428865,0.0095288285131637,-0.0086386501728526,0.0141097474941768,0.0077936587164215,0.0128771411066361,0.0147202928432418,-0.0009640287193622,-0.0030684280510576,-0.0022250705066898,-0.0078475438862499
1979-01-01,0.042199999999999994,0.0374,0.0219,-0.024,0.0158,0.0077,-0.0143,-2.97262495252877,-2.9336483804902644,-2.0665518901555,-0.9060730623732698,1.0030742833,0.0143875325,0.0935,0.0886,0.0191,0.0088626292,0.0010011132,0.008800000000000002,-0.0006999999999999992,-0.004900000000000002,0.01488912354804639,0.0101604387892471,0.0038697675707817,0.0096716554703034,-0.002979830137704,-0.0153158268835668,-0.0241045369476081,0.0046156703951335,-0.0165020070611708,-0.0120453987729981,0.0092818023872181,0.0135896035377662,0.0318791633783345,0.0126008556278167
1979-02-01,-0.0356,0.0053,0.011699999999999999,-0.0111,0.0096,0.0073,-0.009899999999999999,-2.926963772894787,-2.964173100853614,-2.0041051712508406,-0.9228586016439464,1.0407754507,0.0122277102,0.0932,0.0908,-0.0135,0.0117130307,0.0008140809,0.008199999999999999,0.0006999999999999992,-0.0023999999999999994,0.039746124232650226,0.0082022805860522,-0.0066525384766182,0.0081289826159133,-0.0065199885938006,0.0081924060307334,0.0045805728734687,-0.0065551922026387,-0.0090874731084096,-0.0112132442789878,0.0008294176971409,-0.0003619694263767,0.0027508112632564,0.0056003853458178
1979-03-01,0.0567,0.0317,-0.0068000000000000005,0.0054,0.0029,0.008100000000000001,0.0291,-2.972286479516072,-2.9186019873274893,-2.0331810698757455,-0.9391054096403266,1.0330789394,0.0116703077,0.0948,0.0902,0.0129,0.010130246,0.0008007332,0.008899999999999991,-0.0023,-0.004599999999999993,-0.036525567897528366,-0.0014360571380263,-0.0015842179393414,-0.0089656368876525,0.0083454980408881,-0.0543402508707308,0.0145973775412458,0.0120440086220803,0.0013295415077317,0.002991429611582,-0.0009738007868688,-0.0116061790900839,0.0096495906345214,-0.0086477378966671
1979-04-01,-0.0007000000000000001,0.024,0.011200000000000002,0.011399999999999999,0.0024,0.008,0.0087,-2.965017792050694,-2.9633457975623356,-2.017951589597177,-0.947066202453517,1.0418762428,0.0115703138,0.0946,0.0922,-0.0112,0.0114613181,0.0006468352,0.009500000000000008,0.006,-0.0023999999999999994,0.055151641046946365,0.0014418925061588,-0.001700760677766,-0.0058391129394675,0.0052676586596109,-0.0097029130546618,0.0049329715164861,0.004399355272449,0.0042557109449191,0.0117946120290509,0.0007804790336768,-0.0031778966913115,0.0105941453252276,0.0005436982394104
1979-05-01,-0.022099999999999998,0.0018,0.0132,-0.015600000000000001,-0.0031,0.008199999999999999,-0.0055000000000000005,-2.929485734719326,-2.956175229689979,-1.9746488093039716,-0.9548369254153541,1.0831418044,0.0141831592,0.0961,0.0903,0.0261,0.0127478754,0.000924227,0.0097,-0.003300000000000001,-0.0058,0.001673393050497074,0.0003299921965828,-0.001237896051226,0.0092307175285501,-0.0083856919045493,0.0144546503945092,0.0003047630180384,-0.0067852235658221,-0.008639185693347,-0.0117358441094196,0.0026433622343742,0.0050672313917662,0.0014963793988907,0.0068088179166243
1979-06-01,0.0384,0.009399999999999999,0.014199999999999999,-0.0158,-0.005600000000000001,0.008100000000000001,0.0077,-2.9586291668758973,-2.9207019516490558,-1.9962270830423363,-0.9624020838335607,1.0578636072,0.0120683771,0.0906,0.0877,0.0311,0.0111888112,0.000571481,0.010900000000000007,-0.004199999999999999,-0.0029,-0.026336477987421447,0.0067832013184196,0.0006772495426657,0.0060231331273716,-0.0085113230327806,-0.0159022269184946,0.015905416273398,-0.0092762623727155,-0.0134600855834068,-0.0260161239548274,-0.0011250438398881,-0.0094935561836244,-0.000329926576899,-0.0019398957298823
1979-07-01,0.0083,0.0127,0.0179,-0.0044,0.0052,0.0077,-0.010700000000000001,-2.956774649550541,-2.9480671641933873,-1.9895527619718916,-0.9672218875786496,1.0523144538,0.0096782476,0.0924,0.0895,-0.0085,0.0110650069,0.0007076848,0.010900000000000007,0.0054,-0.0029,0.038655631812676505,0.0073148874214645,0.0035434017667987,-0.0008739084471968,-0.0028444948672939,0.0001687275760605,-0.0127770652775017,0.0001557092439845,0.0058458192828099,0.0009801481032423,-0.002707662356848,0.0098260749544958,8.18751183364e-05,0.0124239965612015
1979-08-01,0.0554,0.018500000000000003,-0.0158,0.015,-0.0146,0.0077,-0.0029,-2.998058431041495,-2.946341375186782,-2.026127969633094,-0.9719304614084008,1.0034586483,0.0115690793,0.0952,0.0907,-0.0035,0.0095759234,0.0005064798,0.011200000000000002,0.0041,-0.004500000000000004,0.00874550578175115,-0.0038586694114677,0.0041948468363322,-0.0117023579450166,0.010513329423724,-0.0133201575430116,0.0018872978201563,0.0081961177344231,0.0100666020850606,0.0192168788746683,-0.0019838789397256,0.0148076744767869,0.0097288276646408,-0.0088178464342132
1979-09-01,-0.0083,-0.0028000000000000004,-0.009399999999999999,0.0084,0.005,0.0083,0.0528,-2.987714737895044,-2.987714737895044,-2.011205146027834,-0.97650959186721,1.0137949874,0.0094039237,0.1026,0.0927,-0.0122,0.0108401084,0.0012330663,0.010999999999999996,-0.0056999999999999985,-0.009899999999999992,0.05307773817551298,0.0016598898732005,0.0048953150347719,-0.0002551145730988,0.0038115891810258,-0.0031112012341152,0.0290744048399753,0.009817707919787,0.0081438004955395,0.0090026189232674,0.0026002051210344,-0.0059955580244522,-0.0139805810657721,-0.0118507144760003
1979-10-01,-0.081,-0.0349,-0.0183,0.0096,0.0014000000000000002,0.0087,0.0204,-2.90820214159735,-2.979274954183027,-1.9349033762137826,-0.9732987653835674,1.0919455682,0.0102095448,0.117,0.1034,-0.0841,0.0080428954,0.0025892994,0.012700000000000003,-0.004900000000000002,-0.013600000000000001,0.0,0.0031179379655247,-0.0005845931836643,0.0013028031561639,0.0015029521527723,0.0151567206107358,0.0085724046575337,0.0026000200773269,0.0101460183073716,0.0082536470247575,0.0054376058104452,-0.0015008326088492,-0.0224919369353423,-0.0100013394350901
1979-11-01,0.052300000000000006,0.025099999999999997,-0.0321,-0.0003,-0.0183,0.009899999999999999,0.0803,-2.941591680129209,-2.8998508385794466,-1.9714492247304474,-0.9701424553987612,1.0831154618,0.0107786938,0.1179,0.1009,0.0311,0.0093085106,0.0015583806,0.012300000000000005,-0.008899999999999998,-0.017,-0.06860592755214046,-0.0073793980824917,-0.0055680286864612,-0.0171307612326654,0.0049628887159936,-0.0417994320559745,0.04712743502006,0.0196364117141618,0.0040178736228223,-0.004881017622545,0.0064245662972423,0.0024427512443236,-0.0006748880515752,-0.0341240809289826
1979-12-01,0.0178,0.042699999999999995,-0.0213,-0.0067,-0.0101,0.0095,0.0472,-2.9499199720321476,-2.933291844865603,-1.982902477900884,-0.9670174941312635,1.061950068,0.0105144647,0.1204,0.1012,0.0057,0.0105401845,0.0004696422,0.013200000000000003,-0.0165,-0.019199999999999995,0.042624238852877694,0.0050956087467966,0.0113627249895528,-0.005959673213261,0.0135454221309679,-0.0376499527270871,0.0345100136556846,0.0215863562196801,0.0068595040125596,0.00981365164252,0.0078271426072498,-0.0014390030072837,0.0100422181797585,-0.0178714105191006
1980-01-01,0.055,0.018799999999999997,0.018500000000000003,-0.0184,0.0189,0.008,0.0745,-2.9971347983280765,-2.9411093423499928,-2.029330796262822,-0.9678040020652541,1.016954958,0.0112974707,0.12,0.1114,-0.0741,0.0143415906,0.0019064055,0.013300000000000006,0.009599999999999997,-0.008599999999999997,0.016767143933684947,0.0136004407849126,0.0121060381220775,-0.0016633399442178,0.0001025840019219,-0.0434098027512879,0.0649101082531485,0.0306776405804145,0.0043525610743873,0.0029660279893313,0.0161986905094764,-0.0305630304805123,0.0033412562744456,-0.021142753502397
1980-02-01,-0.0123,-0.016200000000000003,0.0059,-0.0095,0.0292,0.0089,0.0789,-2.984011681059717,-2.988401118359322,-2.0154288494223858,-0.9685828316373308,1.0319299303,0.0108271852,0.1286,0.1186,-0.0467,0.0141388175,0.0018976181,0.011899999999999994,-0.019800000000000005,-0.009999999999999995,0.057624606262738576,-0.0005550000917887,0.0008917450757203,-0.0048077910070235,0.0059075225584887,-0.0340361578581221,0.0642494536845632,0.0297431402765752,0.0084875343866331,0.0001685488928479,0.0037815532731666,-0.0237196836365251,-0.0167570334322368,-0.0291820277947714
1980-03-01,-0.12890000000000001,-0.0697,-0.0096,0.0182,-0.0105,0.0121,-0.0958,-2.8679968596285508,-2.975353618316602,-1.8986557572399536,-0.9693411023885972,1.0937321031,0.0118774451,0.152,0.1239,-0.0315,0.0152091255,0.0046218942,0.014899999999999997,0.0253,-0.0281,-0.004379817799579522,0.0056634986433858,-0.0001071527907108,0.0202729357059803,-0.0113147661201111,0.0973256705622514,-0.099587111742238,-0.0310132435715227,0.0105494433437393,0.0028942634151063,-0.0066306753385563,0.0604317267580982,-0.0191603822001862,0.0502651386837174
1980-04-01,0.039599999999999996,0.0105,0.0103,-0.0218,0.0034000000000000002,0.0126,-0.0048,-2.900293808031539,-2.859977377666973,-1.9466339032344933,-0.953659904797046,1.0518199398,0.0153468468,0.132,0.1076,0.1523,0.0112359551,0.0027455493,0.021500000000000005,-0.01469999999999999,-0.024400000000000005,-0.10179482667605133,0.0072373900931825,-0.0155668203142516,0.0051784274057828,-0.0183415421743697,0.0083195433647848,-0.0162505194225305,0.0022261018224357,-0.0121678096179509,-0.0346433661465379,-0.0006492725389237,-0.0019508829864652,0.0031257461525985,-0.0041796100131912
1980-05-01,0.0526,0.02,0.0038,0.0043,-0.0063,0.008100000000000001,-0.0118,-2.9378739169489694,-2.892355095128696,-1.999866954511056,-0.9380069624379135,1.0100487748,0.0150518602,0.0858,0.1037,0.0419,0.0098765432,0.0015097166,0.021800000000000014,0.014100000000000001,0.0179,0.0411401704378489,0.0008280615097966,0.002621467034738,0.0029255141781807,0.0017810781482827,-0.0086555998526039,-0.0191323155290148,-5.80308858057e-05,-0.0017088746333625,0.0048473374191099,-0.0032147469311669,0.0126257635930204,0.0076796585210066,0.0143407865020891
1980-06-01,0.0297,0.0146,-0.008,-0.002,-0.008100000000000001,0.0060999999999999995,0.0158,-2.9565923652167205,-2.9299808959912106,-2.0342593188866025,-0.9223330463301178,0.990183427,0.0153043875,0.0707,0.1006,0.0359,0.011002445,0.0013710848,0.021299999999999986,-0.001800000000000003,0.029899999999999996,0.046570702794242136,0.0033455398911565,-0.0062136894040017,-0.0131617073335877,-0.0022189180565602,-0.01055013538516,0.0145600400914216,0.0193265255959314,0.007204436950356,-0.0098540252702528,0.0090985768499933,0.0101832739446895,-0.008571837655317,-0.0173088483121022
1980-07-01,0.06509999999999999,0.0374,-0.0629,0.0406,-0.024399999999999998,0.0053,0.0029,-3.0123402065793385,-2.9493292433712543,-2.1039862240601237,-0.9083539825192151,0.9188299192,0.020154038,0.0806,0.1074,-0.0476,0.0,0.001362831,0.015799999999999995,0.004700000000000003,0.02679999999999999,0.026968716289104577,-0.0270763992442138,0.0047497597411661,-0.0310633021366451,0.0389255009167385,-0.0327375764322704,-0.0037297133126647,0.004522209768934,0.0279424192310176,0.0548289638624896,-0.0182581292129681,0.0154229598701103,0.0167691731408559,-0.0239875553086132
1980-08-01,0.0175,0.042300000000000004,-0.0246,0.020499999999999997,-0.0073,0.0064,0.030600000000000002,-3.0109313607803188,-3.005112864545282,-2.1165660712732044,-0.8943652895071141,0.9215196389,0.0199498435,0.0913,0.114,-0.0432,0.0072551391,0.0017081584,0.015100000000000002,-0.0012999999999999956,0.022699999999999998,0.06503851540616257,-0.0047187761318563,0.0034654027066151,-0.0136601932367099,0.0149121475039005,-0.032561913680825,0.0134025948714621,0.0183057602320209,0.0116335901602066,0.0161652483323356,0.0037186088715156,-0.0029778187098209,0.0243041795880016,-0.0188756898340417
1980-09-01,0.0219,0.0063,-0.0461,0.019,-0.0286,0.0075,0.054299999999999994,-3.02862837759719,-3.003772352962988,-2.148229474135431,-0.8803989034617588,0.9216876515,0.0237960395,0.1027,0.1185,-0.0262,0.0084033613,0.0026574057,0.01680000000000001,0.0025000000000000022,0.015799999999999995,0.005835456562833796,-0.0076478992547163,0.0045153095708891,-0.0222139080212492,0.0140662477463955,-0.0196482714459804,0.0267178086026461,0.0288370034665787,0.028021615597936,0.0204450242635526,0.00077180172986,-0.0041205121275508,-0.0124529069107186,-0.0240836763231738
1980-10-01,0.0104,0.022099999999999998,-0.029300000000000003,0.0177,-0.0143,0.0095,0.0713,-3.0395922716155646,-3.0236982114893314,-2.1600335490101394,-0.8795587226054251,0.9295936138,0.0227691861,0.1162,0.1231,-0.0263,0.0095238095,0.0021906435,0.01920000000000001,0.0104,0.006900000000000003,0.025167511031214174,0.0048753702396628,0.0036634548996723,-0.0164670545717089,0.0051080855635091,-0.0246797818769433,0.0376034566411097,0.0247058651579467,0.0079615747614411,0.0063789487826941,0.0032830577712481,-0.0074367528456082,0.0004056210755794,-0.0218220030938023
1980-11-01,0.096,-0.0327,-0.08109999999999999,0.0426,-0.0552,0.0096,0.1515,-3.1321550774495064,-3.03468629284671,-2.2534290082252997,-0.8787260692242065,0.8651619788,0.0219492748,0.1373,0.123,0.01,0.008254717,0.0024190718,0.016699999999999993,-0.0083,-0.014300000000000007,0.016021042563366894,-0.0288933957892864,0.0014974497516839,-0.0598568786220928,0.0254541306906727,-0.0790607277833042,0.0680881105788392,0.053317637605677,0.0447208908866519,0.0304366877370367,0.0126153756230678,-0.0252442437817606,-0.0550082537356154,-0.0703268125061675
1980-12-01,-0.0446,-0.0028000000000000004,0.027999999999999997,-0.0127,0.0127,0.0131,-0.06709999999999999,-3.0928118433805425,-3.1272730498521977,-2.21491100105803,-0.8779008423225125,0.8915030239,0.0268163754,0.1549,0.1199,0.0352,0.0093567251,0.0029515288,0.01930000000000001,-0.010400000000000003,-0.035,0.1023770298893858,0.002183149186702,-0.0017246395308781,0.0197194749975125,-0.007069501145377,0.0510616105501111,-0.0377173587563131,-0.0130300037686404,-0.0145815592454431,-0.0155213114254053,-0.012778381142784,0.0232284130243015,0.0102986958492425,0.0329244731337655
1981-01-01,-0.0506,0.033,0.0674,-0.0338,0.042699999999999995,0.0104,-0.0782,-3.0395176149570737,-3.0863393288749252,-2.173502020246929,-0.8660155947101444,0.9072386965,0.0286954334,0.1502,0.1211,-0.0115,0.0081112399,0.0015974348,0.022199999999999998,-0.0014999999999999996,-0.0291,-0.03387418161115874,0.026957816287355,0.0005468312824254,0.044763528131698,-0.0195226648310621,0.0485657469572277,-0.0587758613360467,-0.0236484433960818,-0.0389314093413227,-0.0213663446283031,0.0002109777726826,-0.0092918393718697,0.0494855514749559,0.054982814687552
1981-02-01,0.0060999999999999995,-0.006500000000000001,0.0097,0.0026,0.0206,0.010700000000000001,-0.013500000000000002,-3.04627608843398,-3.0330867246267834,-2.1921335743568107,-0.854142514077169,0.8818157565,0.0300093729,0.1479,0.1283,-0.0435,0.0103448276,0.001530909,0.020199999999999996,0.016599999999999997,-0.019600000000000006,-0.0457424867413081,0.0062605059129395,0.0073676441872166,0.0173146219467,-0.0046625547095499,0.0142357875020842,-0.0033384453796506,-0.007909733010037,-0.0051998125748442,0.003602961287191,-0.0027751871346333,-0.0099647864016743,-0.004252001959706,0.0182104164969201
1981-03-01,0.0366,0.0285,0.0060999999999999995,-0.0227,-0.005600000000000001,0.0121,0.008199999999999999,-3.075284905255945,-3.0398862903352084,-2.23300415915554,-0.8422807461004049,0.9249205574,0.027939298,0.1336,0.1248,0.0384,0.0068259386,0.0020759444,0.020100000000000007,-0.0072999999999999975,-0.008800000000000002,0.01327672713238126,-0.0010564219647561,0.0007664544849301,0.0127471785445797,-0.0032333340112996,0.0003981864845826,-0.0151860261276876,-0.0062937898557653,-0.0118816912040955,0.0001075876158869,0.0051393944517398,0.0155301811192763,0.0138498781268258,0.0120019146453061
1981-04-01,-0.0216,0.0472,0.022799999999999997,0.008100000000000001,0.0154,0.0108,-0.0108,-3.0457226155209023,-3.069457965844795,-2.199488262454474,-0.8462343530664287,0.9305938361,0.0273520119,0.1369,0.1332,-0.0518,0.006779661,0.0008320026,0.01679999999999998,-0.025099999999999997,-0.003699999999999981,0.03603260455549617,0.0027556484330774,0.0046672904223502,0.0086215910621793,0.0057963840166792,0.0187260427657052,0.0109853498147094,-0.0056833588844021,-0.0035917720489796,0.0122811005796818,0.0009083136903353,0.0011360643250883,0.0320952985277443,0.0105612533566756
1981-05-01,0.0013,0.0236,-0.0043,0.004699999999999999,-0.0178,0.0115,0.0356,-3.038287297172161,-3.039945172457693,-2.188137847618766,-0.8501494495533952,0.9362238467,0.0288446179,0.163,0.1265,0.0622,0.0078563412,0.000921688,0.01630000000000001,-0.002700000000000001,-0.036500000000000005,-0.02345588235294116,-0.0034556698379337,-0.000922057995413,-0.005975670940179,0.0098117540706098,-0.0120205139869413,0.0245492014311743,0.0074010084545252,0.0045270440217264,0.0049386715000623,-0.0012007647910217,-0.0177115312775164,0.0061816137366386,-0.0146966016161551
1981-06-01,-0.023399999999999997,-0.009300000000000001,0.051399999999999994,-0.0129,0.0269,0.013500000000000002,-0.0567,-3.022064824728181,-3.032527391737184,-2.1680824474722544,-0.853982377255927,0.9504749816,0.0278934365,0.1473,0.1304,-0.0179,0.008908686,0.0009955428,0.02049999999999999,0.0202,-0.0169,-0.0016565017694450956,0.0287783648430281,0.0071518244980233,0.030594794709968,-0.0317147158203234,0.0454948969410312,-0.0283366222598297,-0.007569789360274,-0.0180322699236885,-0.0241187440514434,0.0046078479645756,0.0142126080202103,0.0108238875649663,0.0549946531172794
1981-07-01,-0.0155,-0.0195,-0.0060999999999999995,0.0108,-0.026600000000000002,0.0124,-0.024399999999999998,-3.013098823750823,-3.015311467235468,-2.16011027274247,-0.852988551008353,0.9749669236,0.0255902194,0.1495,0.137,-0.0353,0.0110375276,0.0011029891,0.0179,-0.001899999999999999,-0.012499999999999983,-0.010408024737913801,-0.0040034678136064,7.15555753384e-05,-0.0211094530307153,-0.0057278602127852,-0.0226480747740556,-0.0360927449137763,0.0148658023546105,0.0153939440741791,-0.0027141510723914,0.0068469247029837,-0.0061888797438115,-0.0246032392555321,-0.0066070451039421
1981-08-01,-0.0702,-0.0182,0.0471,-0.0031,0.0138,0.0128,-0.011000000000000001,-2.9422644577840353,-3.0063753282445935,-2.0902794395266553,-0.85198501825738,1.0533540563,0.0269917415,0.1551,0.1445,-0.0386,0.0076419214,0.0018249381,0.014499999999999985,0.0040999999999999995,-0.010599999999999998,-0.0022101973934914865,0.0138184807853889,-3.99521597067853e-06,0.0135888269610483,-0.0175158392140548,0.0357486544969964,0.0020523963162872,-0.0016247470579506,-0.0004831340774738,-0.0069625568592784,-0.0015287990314937,-0.0008848144152717,-0.003325203708355,0.0270200937434995
1981-09-01,-0.07200000000000001,-0.0246,0.051100000000000007,0.0008,0.0253,0.0124,0.0213,-2.8802663366258248,-2.93560120323386,-2.029250593333845,-0.8510157432919796,1.0923786442,0.0214833701,0.147,0.1482,-0.0145,0.0097508126,0.0027611735,0.01429999999999998,-0.0054,0.0012000000000000066,-0.06209899175068734,0.0290077589236802,0.0137484221360964,0.0282224717867714,-0.0088687542448901,0.0480685113667477,0.0317289083065789,0.0035370165107602,0.0004622154180961,0.0070636100193818,-0.0017149082887849,0.022781663567587,-0.0053192323678317,0.0301278247762858
1981-10-01,0.0492,0.022799999999999997,-0.0409,0.031200000000000002,-0.0279,0.0121,0.0383,-2.9226315710637225,-2.874653284960363,-2.0752661702693556,-0.8473654007943672,1.0890856841,0.0148971083,0.1354,0.1384,0.0829,0.0021459227,0.0020782516,0.017100000000000004,-0.0308,0.0030000000000000027,-0.05383174525612833,-0.0128610544410672,0.0018477547734299,-0.0321825889539847,0.0140836904664955,-0.0375333170455725,0.024635935454334,0.0295017784211684,0.0290822406858702,0.0157824553219826,-0.0009902504397017,-0.005996483905421,-0.0152005057157288,-0.0372609658597453
1981-11-01,0.034,-0.0158,0.0191,0.0014000000000000002,0.01,0.010700000000000001,-0.0021,-2.953001851932256,-2.9170650167657977,-2.109244140950481,-0.8437577109817749,1.0444554433,0.0156728261,0.1086,0.122,0.141,0.0032119914,0.0015040033,0.021699999999999997,-0.01429999999999998,0.013399999999999995,0.04914787398863818,0.0087081215097945,-0.0048785101373256,0.0108884658334269,-0.014110933098174,0.0253997243195304,-0.0069332351557694,-0.0061987513832841,-0.0111045384655369,-0.0167236303150642,-0.0028985976246698,0.0094493549260767,0.00296582205125,0.0228879016762684
1981-12-01,-0.0363,0.0118,0.0079,0.0021,0.0245,0.0087,0.0128,-2.9169143057763507,-2.9474510296364325,-2.076752382254596,-0.8401619235217548,1.0611428571,0.0119096464,0.1085,0.1334,-0.0713,0.0032017076,0.0009057975,0.0232,0.0133,0.02489999999999999,0.036590368364919135,0.0158266008197322,0.0125599030638393,0.0159140471489915,0.0026914209129716,0.0171532356664557,0.0014907189960205,0.0033618388370953,0.0007114072846793,0.0165429422717064,0.0020172149462462,0.0074760478733034,0.0134888431284795,0.0143217050336611
1982-01-01,-0.0323,-0.011000000000000001,0.0319,-0.0143,0.0195,0.008,0.0177,-2.894700048322423,-2.9123996254218243,-2.071058175844499,-0.8236418724779238,1.0658936976,0.0107004867,0.1228,0.1415,0.0046,0.0031914894,0.0025219329,0.019200000000000023,-0.0175,0.01869999999999998,-0.03007518796992481,0.0242726550987017,0.0130435949964599,0.0287724452865234,0.0022626450505029,0.0218588540618675,0.0181699779350951,0.0039128632776089,-0.0053158863408328,0.0039705264544484,-0.0082506325435675,0.0110481486613955,0.0116893560512944,0.0180268052583224
1982-02-01,-0.058600000000000006,0.004,0.060899999999999996,-0.0355,0.045700000000000005,0.0092,0.0487,-2.8277469224031524,-2.8902056587345832,-2.0207573618930166,-0.8069895605101358,1.1262873155,0.0105060983,0.1348,0.1402,0.0182,0.0031813362,0.0019182315,0.019100000000000006,0.012999999999999998,0.005399999999999988,-0.01754385964912275,0.0389216953892141,0.0117829124504294,0.0432750024046246,-0.0204601214513558,0.056723238608227,0.0451802176979442,0.0074076655451514,-0.015969542785218,-0.0049703166304591,0.0024793681321226,-0.0086310928307799,0.0095742105305035,0.0324430912606224
1982-03-01,-0.0182,0.0002,0.037599999999999995,-0.0128,0.023700000000000002,0.0098,0.028999999999999998,-2.8130535101121947,-2.8232726420082312,-2.0228390363675457,-0.790214473744649,1.1857505743,0.0055484327,0.1268,0.1387,0.0231,-0.0010570825,0.0017952261,0.022399999999999975,0.0075,0.011899999999999994,-0.06054817275747515,0.0228613031800266,0.0121468354829146,0.0267984113309738,-0.0160442390545734,0.0282282798078413,0.0324522753385497,-0.0010660140871033,-0.0088173492288449,0.0019778504778107,0.0067576836982897,-0.0095957648196834,0.0058419435061843,0.0181182966250318
1982-04-01,0.032400000000000005,0.0121,-0.0308,0.015,-0.0005,0.0113,-0.0046,-2.847833613992984,-2.8085991597628146,-2.076580643108434,-0.7712529708845499,1.1499834976,0.0029236858,0.127,0.1348,0.0373,0.0042328042,0.0012468205,0.0232,-0.003500000000000003,0.007800000000000001,-0.010167093979312258,0.0045534532570234,0.0016587769812,-0.0005550125907406,0.0100883648931457,-0.0082294464059483,0.0070749708907456,0.005094655960749,0.0055378383502812,0.0130071599326095,0.001518347729017,0.0069538283238446,0.0008607159456819,-0.010501363311288
1982-05-01,-0.0393,0.0040999999999999995,0.0178,0.0096,-0.0012,0.0106,0.025099999999999997,-2.803449766381455,-2.843399016925118,-2.0513590569722204,-0.7520907094092346,1.1904238963,-0.0009581844,0.1209,0.1358,0.0034,0.009483667,0.0008548156,0.023799999999999988,0.0211,0.01490000000000001,0.040014290818149334,0.0083457201235841,-0.004323473464667,0.0033298803082347,-0.0060722809644076,0.020021802112843,0.0187861291183784,-0.0027207370563866,-0.0034075523377308,0.0028275335423539,0.0050820583856454,0.0102404966387358,0.0104347228170195,0.0091000104084401
1982-06-01,-0.0308,-0.0051,0.015600000000000001,0.0009,0.0253,0.0096,0.0489,-2.7785364910662107,-2.799034748172338,-2.0458015575250426,-0.7327349335411684,1.2015814171,0.0012130304,0.1247,0.1412,-0.0223,0.012526096,0.0014902926,0.02109999999999998,-0.0245,0.016499999999999987,-0.039161800068704955,0.0263019309259031,0.0147731601234632,0.0279714401438844,-0.0056552517314886,0.0169267365558084,0.0541692638799456,0.0055253751704304,0.00108609600398,0.0165377729856142,0.0039878695479403,-0.0004411232260187,-0.0171148349484237,0.005680462280029
1982-07-01,-0.032,0.0101,0.0007000000000000001,0.01,0.0144,0.0105,0.044000000000000004,-2.753326376617479,-2.776585385432327,-2.0369936775208046,-0.7163326990966741,1.2065298046,-0.0115518915,0.1135,0.1352,0.0501,0.0051546392,0.0009585831,0.021900000000000003,0.0039000000000000007,0.021699999999999983,-0.020289595995709675,0.0119445257458804,0.0149596553305031,0.0226334526137774,0.0064816117561753,0.0197581291097727,0.0364391030219899,-0.005863975915892,-0.0007175152779877,0.0155851310338183,0.0039966305606157,-0.000353611555719,0.0141119040866697,-0.0044873679561716
1982-08-01,0.1115,-0.0446,0.0109,-0.018500000000000003,0.0017000000000000001,0.0076,-0.036000000000000004,-2.8610948908040914,-2.751364443338086,-2.1613944205457543,-0.6997004702583369,1.082424471,-0.0028576304,0.0868,0.1254,0.0781,0.0020512821,0.0064159331,0.026100000000000012,0.005599999999999994,0.03860000000000001,-0.022990603047167157,-0.006105995409644,-0.0103487591715246,0.0007947191645203,-0.0045605046748988,-0.0069365745202099,-0.0336381221631435,-0.0145876901760293,-0.0139210496035244,-0.0159512648464656,-0.0062426250025963,0.009103089402663,-0.0117096056610486,0.0091820148379976
1982-09-01,0.0132,0.0255,0.0023,0.0216,-0.0002,0.0051,0.0414,-2.866736979762168,-2.8591513976046556,-2.183861349524052,-0.6828756302381156,1.0885355649,0.0005507087,0.0792,0.1183,0.0618,0.0020470829,0.0021312943,0.026900000000000007,0.0005000000000000004,0.039099999999999996,0.11597721542627704,0.0100145393768372,0.0061804678049105,0.0061560473438734,-0.0055269507393069,0.021126777251061,0.0233494721248086,0.0100749342235075,0.004973872379552,0.0071487747855689,0.0059102491790597,0.0096993436691549,0.0001354338245954,0.0068099249866925
1982-10-01,0.1124,0.0196,-0.0362,0.002,-0.003,0.0059,0.0001,-2.9704469991929234,-2.8657593556026506,-2.311426697600017,-0.6590203015929066,0.983745412,0.0065578321,0.0771,0.1112,0.0634,0.0030643514,0.0061259079,0.026099999999999984,0.012499999999999997,0.03409999999999999,0.00761442557108194,-0.0247537188682722,0.0084519922947562,-0.0175432580704978,0.0303910454542896,-0.0446029276086583,-0.0116322248713792,-0.002047040849276,0.0026962943751064,0.0062704669931083,-0.0129564624935953,0.0087058721710945,0.0095333076574166,-0.0247753108682746
1982-11-01,0.046799999999999994,0.043899999999999995,-0.018000000000000002,-0.0102,0.0029,0.0063,0.0592,-3.004970716961231,-2.969484899993346,-2.370318163177466,-0.6346525537837653,0.9387268109,0.0009581552,0.0807,0.1125,-0.0002,-0.0020366599,0.0054916495,0.026199999999999987,0.0203,0.03180000000000001,0.11036372695565522,-0.0187096825286937,0.0094482286944511,-0.0072666625561042,0.0217340115025734,-0.020655904275562,0.0392820066175068,0.0062022062929222,-0.0005317682183592,0.0174175803997108,-0.0052776227716226,-0.0123064121010758,0.0161745210629465,-0.0368374268675125
1982-12-01,0.005600000000000001,-0.0014000000000000002,-0.0006,0.0,0.01,0.0067,-0.0002,-3.0190393277026084,-3.003994986360201,-2.4093370452181553,-0.6097022824844534,0.9322147266,0.0029900535,0.0794,0.1095,0.0312,-0.0040816327,0.0024902383,0.023099999999999996,-0.020399999999999998,0.030100000000000002,0.036122952658738994,0.0095204026397821,0.0012569239580782,0.0102068988514934,-0.0051254809957625,0.0070226494663199,-0.010190016248038,-0.0077059616478567,-0.0041540735745766,-0.0006954720990929,0.0064105144345008,0.0199487713054835,0.0110845909367449,0.0088059149789834
1983-01-01,0.0359,0.0341,-0.0072,-0.0152,-0.005600000000000001,0.0069,-0.0163,-3.049702382464043,-3.017105245824672,-2.447750112274006,-0.6019522701900368,0.9069443153,0.0021947601,0.0786,0.1113,-0.0309,0.0020491803,0.0032808574,0.02149999999999999,0.0215,0.03269999999999999,0.015158077089649113,-0.0090165847369468,0.0044095885750919,-0.0029575747422381,0.0280593908798978,-0.025248715296815,-0.0179175050605517,-0.0128739813892191,-0.0158125185231392,-0.0121897258201664,0.0108518489671649,0.0146973115837696,0.0440320341427268,-0.0144530998673468
1983-02-01,0.0259,0.0288,0.0066,-0.0036,0.0101,0.0062,0.0369,-3.0665745606845114,-3.0477575342457968,-2.4724250964060475,-0.5941494642784637,0.8768492387,0.0003558813,0.0811,0.106,0.0492,0.0010224949,0.0019116417,0.019400000000000014,-0.006400000000000003,0.02489999999999999,0.03313424345847582,0.0137365770778234,0.0148645568525749,0.0112186737581255,0.0029154898445278,0.0157959813275328,0.0246492562186404,0.0120176521660666,0.0013068023007344,0.0135178675566914,-0.0010735349473102,0.007410450368647,0.0043594390504707,-0.0022533597394221
1983-03-01,0.0281,0.0137,0.0206,-0.0019,0.027999999999999997,0.0063,0.0088,-3.097206811523513,-3.0646479592353737,-2.5108683727977588,-0.5863384387257542,0.7800677858,0.0059935424,0.0835,0.1083,-0.0094,0.0,0.001571821,0.018799999999999997,0.0166,0.02479999999999999,0.01899518238127995,0.0128892819268923,0.0105117517303752,0.0131477182478464,-0.0145162263116601,0.0119627027822818,0.0039924314886074,0.0090122148895473,-0.0035656219780679,0.0041690128177006,0.0043382311853536,-0.0007019151848269,-0.001463054815531,0.0142380581498702
1983-04-01,0.0665,0.0043,0.0043,-0.0007000000000000001,0.0151,0.0070999999999999995,0.0163,-3.168008360094409,-3.0957606796735133,-2.5785612248255747,-0.5894471352688342,0.7188876203,0.0066268443,0.0821,0.1051,0.035,0.0071501532,0.0014237505,0.017799999999999996,0.019799999999999998,0.022999999999999993,0.033094691341348126,0.0062291863964064,0.002978563832384,0.0027756218323077,0.0001746651776879,-0.0083473677814839,0.0084390067558672,0.009572857179943,-0.001156265136013,-0.0057082582339571,0.0014327680922414,-0.001675737993113,0.0088007985791105,0.0053503932303561
1983-05-01,0.0051,0.0626,-0.013999999999999999,-0.0181,-0.0143,0.0069,-0.0155,-3.1541410362751843,-3.1665643165221753,-2.561611747327262,-0.5925292889479223,0.7345955766,0.0104289126,0.0819,0.1112,-0.0386,0.0060851927,0.001084614,0.016299999999999995,0.006200000000000004,0.029299999999999993,0.07492154811715457,-0.0089075631480852,-0.0072895055871773,-0.0077551879654613,0.0121394835442431,-0.0300340670173393,-0.0148463764399179,-0.0119447661466623,-0.0216676125883091,-0.0125264662287218,0.0074700628454209,0.0004905921510606,0.0391138441851302,-0.0171082681111379
1983-06-01,0.030699999999999998,0.0116,-0.038900000000000004,0.0255,-0.0078000000000000005,0.0067,0.0183,-3.1873167525262547,-3.1526990749582833,-2.5917156789887117,-0.5956010735375428,0.721382042,0.015826551,0.0879,0.1119,0.0039,0.0030241935,0.0013991486,0.01630000000000001,-0.0085,0.023999999999999994,-0.012346429874711129,-0.0190473229089198,0.0076776208244129,-0.0140222523911529,0.0222004669233309,-0.0247553400399417,0.0111651598124494,0.0091205956538352,0.0154691839108659,0.0293228903171459,0.0039147160527753,-0.0128180481237581,-0.0009172319428552,-0.0171280304671569
1983-07-01,-0.0406,0.0105,0.0554,-0.0007000000000000001,0.0288,0.0074,-0.0308,-3.150867690043789,-3.1844390526986395,-2.539518228511499,-0.6113494615322896,0.7350611231,0.0253802086,0.0908,0.1198,-0.0486,0.0040201005,0.0022928246,0.012399999999999994,0.0030999999999999986,0.028999999999999998,0.03522384383274857,0.024828082163039,-0.0036330607373651,0.0179796832238142,-0.0204430667966502,0.0403045226492225,-0.0085018308149933,-0.0048915810125614,-0.0125008742030793,-0.0152677326550834,0.0004077174967158,0.0140890072394429,0.0209589959132816,0.0348369606955422
1983-08-01,-0.005,-0.0432,0.0559,0.0052,0.018500000000000003,0.0076,-0.0538,-3.1592535658477985,-3.1479982476158357,-2.53249571075325,-0.6267578550945487,0.7248223918,0.0194746307,0.0934,0.121,0.002,0.003003003,0.0013690453,0.011300000000000004,0.0031000000000000003,0.0276,-0.03301409791208143,0.0142950754999535,-0.0060107977416385,0.0184119974503033,-0.014365472719868,0.0083521950220299,-0.0279187429324776,-0.0167868825443432,-0.0015922858378981,-0.0164403236433376,-0.0065580150170235,-0.0049829816964412,-0.0183526963087446,0.0312395424500298
1983-09-01,0.0091,0.003,0.009899999999999999,0.0121,0.005,0.0076,-0.0001,-3.1664992371633485,-3.1563923335667665,-2.5246453509909537,-0.641853886172395,0.714847583,0.0231783929,0.09,0.1157,0.0505,0.00499002,0.0010572931,0.011800000000000005,-0.011300000000000004,0.0257,0.011318897637795367,0.0098866667990798,0.0075341218095155,0.0069514498132822,-0.0111726945601815,0.0326942178127015,-0.009567430672381,0.0029379020050648,0.0037395997363162,0.0116597337331864,0.0043711569138504,0.0140222318642757,-0.0022311861901871,0.0193184528761683
1983-10-01,-0.034300000000000004,-0.0375,0.0496,-0.008199999999999999,0.03,0.0076,-0.0446,-3.14693204816182,-3.1622226803960887,-2.4912267938914368,-0.655705254270383,0.7194743715,0.024744376,0.0864,0.1188,-0.0132,0.002979146,0.0011153555,0.0121,0.0107,0.0324,0.010158150851581338,0.0276296881513424,-0.0015435409668831,0.0259955840555683,-0.0347187261560152,0.0482382979603275,-0.0193443253303744,-0.0089296194234744,-0.0015174967707717,-0.0008425778494862,0.00878315500048,-0.0045480370203301,-0.0201361675799083,0.0514285779956927
1983-11-01,0.0216,0.0187,-0.0073,-0.0068000000000000005,0.0064,0.006999999999999999,-0.0014000000000000002,-3.1599494768819576,-3.1426737024792426,-2.490690169062996,-0.6692593078189617,0.6908198931,0.0266368271,0.0876,0.1176,0.0183,0.001980198,0.0008363031,0.011999999999999997,-0.0040999999999999995,0.03,-0.015174324080207025,-0.0044439022613163,0.0139265019707463,0.0020403585080887,0.0153096523970356,-0.0191594518088425,-0.0111887163146344,0.0133064156550994,-0.0048883524232058,-0.0007359905785943,-0.0040685972875603,0.0198285015606177,0.0061076982406958,-0.0125305899824446
1983-12-01,-0.0177,-0.0042,0.0175,0.0155,0.013300000000000001,0.0073,0.008100000000000001,-3.146835800916025,-3.155709187843072,-2.4643232473456913,-0.6825125535703336,0.7003591178,0.027056897,0.09,0.1197,-0.0059,0.0009881423,0.0005281144,0.011800000000000005,0.0026,0.029700000000000004,0.017425863650259776,0.0100885295328495,0.0056618505028183,0.0192117737531067,-0.0037568107283944,0.0081565752884335,0.002378377303297,-0.0081405529499433,-0.0038944847265067,-0.0033778576019823,0.0004306811240339,0.0080528738560303,0.0018696802952125,0.0224063244361907
1984-01-01,-0.0192,0.0,0.0748,-0.0088,0.0288,0.0076,-0.025699999999999997,-3.1333546546398083,-3.1426134160361765,-2.426260246599013,-0.7070944080407955,0.7221976437,0.0307360053,0.089,0.118,0.0244,0.005923001,0.0007946061,0.014500000000000013,0.002599999999999998,0.028999999999999998,-0.008834134615384626,0.020796183351181,-0.0045293664899884,0.0330101341775914,-0.029912384166616,0.0144955084348273,-0.0088060280025557,-0.0197332128867517,-0.0188923408764864,-0.0263704461084419,-0.0037282021394929,-0.0007523311098508,0.0126668845801935,0.0478838411906442
1984-02-01,-0.047599999999999996,-0.0158,0.0341,0.0104,0.0151,0.0070999999999999995,0.0045000000000000005,-3.0895155412408117,-3.1291500233577763,-2.35862803269802,-0.7308875085427922,0.763448031,0.0267017483,0.0909,0.1217,-0.0178,0.0049067713,0.0020194765,0.015099999999999988,0.0005999999999999998,0.030800000000000008,-0.009216031043473016,0.00394305991902,-0.0030574706726311,0.0069186319051389,-0.0109437459286794,0.0117942150418546,0.0045704024355418,-0.0067029061273034,0.0026792901785307,-0.000370750578912,-0.0020644881522538,-0.0001105063783168,-0.0089373283064087,0.0167987483402137
1984-03-01,0.006500000000000001,-0.0025,0.0053,-0.0097,0.0115,0.0073,0.0109,-3.0987362543175703,-3.085328514886595,-2.3448006115213924,-0.7539356427961781,0.7624754269,0.0241049363,0.0952,0.1253,-0.0156,0.001953125,0.0013545875,0.01419999999999999,-0.0079,0.030099999999999988,-0.03885931093568318,0.0151819348284801,0.0108175647730037,0.0183990789149856,-0.0062609906826204,0.0007435097561107,0.0130330824986808,0.00075896517796,-0.0107477252922207,-0.0065706371611168,0.0031025004821717,0.0121169705929073,-0.0083682347700464,0.0094057307362775
1984-04-01,-0.0051,-0.009399999999999999,0.011899999999999999,0.033,0.0077,0.008100000000000001,0.021400000000000002,-3.0981743542210274,-3.0927237251828585,-2.32992835697726,-0.7682459972437674,0.7586589793,0.0226819545,0.0969,0.1284,-0.0105,0.0048732943,0.0010355282,0.015000000000000013,0.0032000000000000006,0.031499999999999986,0.013498026232013238,0.0010524833322206,0.0009487967907314,-0.0047833345808065,0.0012982355726456,0.0099144962217945,0.0077720861642221,0.0003519224167867,0.0163135436549538,0.0220398099840675,0.0020223685504743,0.0033830767812182,-0.0051571682248576,0.0102333486326771
1984-05-01,-0.059800000000000006,0.0014000000000000002,0.0026,0.0241,-0.0051,0.0078000000000000005,0.0154,-3.0309929866553666,-3.092183998143496,-2.248812973731906,-0.7821800129234608,0.803910033,0.0215141284,0.0983,0.1381,-0.0516,0.0029097963,0.0009330503,0.014600000000000002,0.0032999999999999974,0.0398,0.005465510742555635,0.0060062377207135,-0.0109807832161449,-0.0038154077113546,-0.011573632425858,0.0240952250507993,-0.007426904831575,0.0011148823829537,0.0123428392787777,0.0151736719924516,0.011753606942336,0.0001671086167016,-0.0011838093293013,0.0149463030936452
1984-06-01,0.0181,0.0016,-0.0275,0.0308,-0.015700000000000002,0.0075,-0.0053,-3.04237042671976,-3.0250519811660554,-2.246602458243109,-0.795767968476651,0.7843518191,0.0013040651,0.0987,0.1374,0.015,0.002901354,0.0016757627,0.014999999999999986,0.004900000000000002,0.0387,-0.05935645110902843,-0.0070279011069583,0.0007924047297422,-0.025858716452147,0.0096442651828537,0.0001174924592947,-0.0053397135831133,0.01344010234292,0.0307523823628429,0.038940348427816,-0.0003337477704888,0.0016116584610085,-0.0113942789826964,-0.006328841245043
1984-07-01,-0.027200000000000002,-0.022099999999999998,0.0039000000000000003,0.0352,-0.0216,0.008199999999999999,0.0277,-3.0226000231722185,-3.0391880812561167,-2.222634292861588,-0.7999657303106307,0.7963919375,-0.0018621419,0.1012,0.1293,0.0693,0.0038572806,0.0008656576,0.017100000000000004,-0.010700000000000001,0.0281,0.017469279309199504,0.0019372882670645,-0.0023554594117012,-0.0076620345102225,-0.0124002391914977,0.0271424377691603,0.0151607645261003,0.0171693081470822,0.0188195913129139,0.0202188733790805,0.0005059741371575,-0.0061868315889871,-0.0218213522650897,0.0207059232627264
1984-08-01,0.1027,-0.0028000000000000004,-0.0174,-0.0073,-0.0091,0.0083,-0.0562,-3.1204643439263755,-3.0194141797696714,-2.316358416926219,-0.8041059270001563,0.7254283801,-0.0031008335,0.1047,0.127,0.0266,0.0038424592,0.0031268328,0.017600000000000005,0.004100000000000003,0.0223,-0.016451233842538215,-0.0155287800746855,0.0046416117819068,-0.0072454827540444,0.0156093864601947,-0.0340449680315443,-0.0388994190205464,0.0047853638309316,-0.0019133908774072,-0.0068679850537994,0.0037375814962036,0.0180675617123252,0.0021406465325338,-0.0112518756834664
1984-09-01,-0.008,-0.0004,0.0525,0.0137,0.0239,0.0086,0.0366,-3.113816378006868,-3.117302167941872,-2.3055998676621354,-0.8082165103447325,0.7360509153,-0.0094925469,0.1037,0.1235,0.0342,0.004784689,0.0009432267,0.0169,-0.002800000000000004,0.019799999999999998,0.10633213859020318,0.0268660476871922,-0.0037040033139864,0.0208256694120635,-0.0323720541281167,0.033714716542394,0.0161007540557877,-0.0053778907393437,-0.002833061410118,-0.0126322758219148,0.0019459749179696,0.0161112332112216,-0.006403165746682,0.0370268918037423
1984-10-01,-0.0084,-0.0134,0.0059,0.011399999999999999,-0.0104,0.01,0.032799999999999996,-3.1070039513812397,-3.1070641578895812,-2.3039286407038104,-0.8030753106774293,0.7356424655,-0.0135284804,0.0974,0.1173,0.0561,0.0028571429,0.0012918483,0.0131,0.0011000000000000038,0.0199,-0.003479721622270282,0.0088833745169997,-0.0052420580605226,0.0002879080722563,-0.0161119087348931,0.0184742339212023,0.0174615909744957,0.0100210715608703,0.0102092189810237,0.0060635399161522,-0.0017356370142262,-0.000154347931753,-0.020725105151759,0.0199851678420673
1984-11-01,-0.0177,-0.0106,0.0387,0.008,0.0195,0.0073,0.015600000000000001,-3.085069375320442,-3.1002970181245217,-2.287098587918299,-0.7979707874021433,0.7470519959,-0.0218772065,0.0861,0.1169,0.0118,0.0,0.0010202895,0.011900000000000008,0.0094,0.030800000000000008,-6.020469596623723e-05,0.026489327704879,0.0031736849783664,0.0270302105885657,-0.0174482795476511,0.0254665809759284,0.0130226621072794,0.0024772475970884,-0.0004382657614979,-0.0039186001728361,0.0009164519819932,0.0018038715151967,-0.0120789926094972,0.0306858537714518
1984-12-01,0.0184,-0.006,-0.0003,0.0108,-0.0141,0.0064,0.0146,-3.1005348646765625,-3.078407125495026,-2.307620471095302,-0.7929143935812606,0.7330983765,-0.0271967866,0.0806,0.117,0.0091,0.0,0.0011901054,0.012700000000000003,0.0037,0.0364,-0.015112288518273176,-0.0076965172189927,-6.47960634709e-05,-0.0115179334850172,0.0032420609136093,0.001593236966114,0.012303861063733,0.0047076824724504,0.0114476921808955,0.0067902876348867,-0.0022609574985993,0.0044687875024195,-0.0110088710240374,0.0025604668871457
1985-01-01,0.0797,0.0345,-0.052000000000000005,-0.009899999999999999,-0.0346,0.006500000000000001,-0.0682,-3.16627027601404,-3.0948010027216606,-2.3841083260439224,-0.7821619499701176,0.6902554458,-0.0299050052,0.0776,0.1127,0.0364,0.0018993352,0.0016358207,0.011799999999999991,-0.0039000000000000007,0.03509999999999999,0.02237437339528059,-0.0363066905643448,0.0015915575031644,-0.0341293722750316,0.0291576153405316,-0.0372268622569289,-0.0424220143261985,-0.0060325342211855,-0.0029437463880588,-0.0028052763669366,0.0053236303703046,0.0092534615441277,0.0343019047292593,-0.0333327181696856
1985-02-01,0.012199999999999999,0.0091,-0.0036,0.0152,0.0116,0.0058,0.019,-3.169202999417874,-3.1605559747506016,-2.397805316029988,-0.7713976833878862,0.6917391609,-0.0245189175,0.0827,0.1209,-0.0493,0.0047393365,0.0007452963,0.010999999999999996,0.011999999999999997,0.0382,0.0740851470939965,0.0100632292625987,0.0025986265718556,0.0046944057938362,-0.0033068125885585,0.0083885335152521,0.0056604082861676,0.0001816276703075,0.0081949482446937,0.0093276856318084,0.0026411941356314,0.0053088746588798,0.001363947143985,0.0070379421452773
1985-03-01,-0.0084,-0.0138,0.0401,0.0123,0.0286,0.0062,0.0178,-3.1606048279691974,-3.1635342206955164,-2.399945418965959,-0.7606594090032384,0.7236457791,-0.0248157693,0.0852,0.1181,0.0307,0.0037735849,0.0008022855,0.011300000000000004,-0.012800000000000002,0.0329,0.008684518176251155,0.0371595305676605,0.0059819786452782,0.0314464503262052,-0.02854050550521,0.0299362580267007,0.0007543918005457,-0.0038460562119549,-0.0024211823969348,-0.0083360539696108,0.0013294957642105,-0.0071594647576037,-0.0161915584385952,0.0262091267168294
1985-04-01,-0.0096,-0.0014000000000000002,0.036000000000000004,0.016200000000000003,0.0070999999999999995,0.0072,0.029500000000000002,-3.152520397500262,-3.157125249044854,-2.4113310680399884,-0.7411893294602736,0.7286615901,-0.022411793,0.0795,0.1162,0.0242,0.0046992481,0.0004598802,0.012799999999999992,0.005400000000000002,0.036699999999999997,-0.002925106242066322,0.0208003344051112,0.0036293721108044,0.0153066933649039,-0.019392008615155,0.0276091764491578,0.0209680927276021,0.0009182132529958,-0.0002964403959756,-0.0112947788508941,0.0016461100910779,-0.0054194471397091,-0.0082257362404989,0.0157328026231007
1985-05-01,0.0507,-0.0236,-0.0098,0.0127,-0.0143,0.0066,0.0405,-3.2017067303954363,-3.1490658486101983,-2.480222307424026,-0.7214844229714101,0.6968929839,-0.0254809306,0.0748,0.1062,0.0896,0.0037418148,0.0008338603,0.014300000000000007,-0.007599999999999996,0.0314,-0.004594265471050463,0.0069132106070893,-0.0030810475522136,-0.0050368244924141,-0.0116631788906458,0.0057649787399912,0.0142747622555195,0.0015777267248782,0.0190574178441766,0.0221571667255237,-0.0012448554598963,-0.0027970995985822,-0.0315375764299757,0.0059262870041768
1985-06-01,0.0127,0.0021,0.0038,0.0169,-0.0102,0.0055000000000000005,0.0337,-3.2103121290913257,-3.1982511543607077,-2.508802082165621,-0.7015100469257045,0.6864301439,-0.0266075139,0.0695,0.1055,0.0142,0.0027958993,0.0007415203,0.014600000000000002,-0.005900000000000001,0.03599999999999999,0.0540510482122003,0.0042253786783776,-0.0071589535275101,-0.005311693255996,-0.0057318088313678,0.0096739163632628,0.0210218870095303,0.0057656203974152,0.0091691184487978,0.0047839775519518,0.0002869504657816,-0.0041736451731835,-0.0101606665819878,0.0043697621307654
1985-07-01,-0.0072,0.0285,-0.016200000000000003,-0.0036,-0.0037,0.0062,-0.0369,-3.2011597074973737,-3.2060190320526396,-2.512092468400805,-0.6890672390965689,0.6803220899,-0.024638663,0.0708,0.1091,-0.018,0.0018587361,0.0007186299,0.014599999999999988,0.005899999999999999,0.0383,0.012134001582695841,-0.0038134022925108,0.0078032205003807,0.0040089398598058,0.0240373303044359,-0.0120132401939409,-0.0385489589311882,-0.0017890783385327,-0.0072526928429112,0.0016193546563171,-0.0020372136822999,0.0159049302429478,0.0337683015068943,-0.0066607149653108
1985-08-01,-0.0101,-0.003,0.023399999999999997,-0.0016,0.019299999999999998,0.0055000000000000005,0.0177,-3.1848050850104626,-3.196872152790525,-2.5082355634703317,-0.6765695215401308,0.687176258,-0.0242274732,0.0714,0.1068,0.0259,0.0018552876,0.0006296953,0.014499999999999999,9.99999999999994e-05,0.0354,-0.004847537138389368,0.022170933323875,0.0066787509981855,0.0174903516104937,-0.0121549478911168,0.0114433813149758,0.0153804575293999,0.0004443547793824,-0.002139273695289,-0.0014376503196028,0.0029567196575022,0.0020856700147017,-0.0016661217079735,0.016485834201686
1985-09-01,-0.045,-0.0184,0.0121,0.0111,0.0158,0.006,0.016,-3.14520731657565,-3.180548589995317,-2.4811789840308958,-0.664028332544754,0.6899588298,-0.0312943542,0.071,0.1082,-0.0021,0.0027777778,0.0008658431,0.014099999999999988,0.0092,0.03720000000000001,-0.011994552692227045,0.0238481044371761,0.0067870556733127,0.0215649498394871,-0.0048137647340965,0.0205691021996584,0.012930559663641,-0.0001708112670177,0.0070343912606489,0.0196723683511323,-4.3167857061e-05,-0.0065971591721393,-0.0125033262467279,0.0187026679467831
1985-10-01,0.04,-0.0147,0.0077,0.0088,-0.0106,0.006500000000000001,0.0487,-3.1842896482612306,-3.142659544496851,-2.536473925441161,-0.6478157228200696,0.6670256347,-0.0270693422,0.0716,0.1051,0.0338,0.0036934441,0.000911764,0.013399999999999995,-0.000899999999999998,0.0335,-0.03472406298043784,0.006094322623808,-0.0041425035898963,-0.0022933144589499,-0.0113184856751992,0.0081363312810264,0.0214900445054194,0.0068888379729201,0.0081820481277269,0.0003824005402996,0.0076873327920348,0.0017499542772091,-0.0240391032444548,0.0088723718174765
1985-11-01,0.0646,-0.0005,-0.0291,0.0032,-0.0235,0.0060999999999999995,-0.0055000000000000005,-3.2447810237564476,-3.181748350832558,-2.613354004618177,-0.6314270191382705,0.622703158,-0.027715873,0.0724,0.1011,0.0401,0.0027598896,0.0009430684,0.01440000000000001,-0.0030999999999999986,0.02869999999999999,0.04250878734622132,-0.0147407713983043,-0.0034710718172531,-0.0153760964172899,0.0166448690721153,-0.0028340525346441,-0.0041524212685865,0.0020250273674957,0.0111741774256339,0.0117650127213475,-0.0051008668041216,0.0101414231238407,-0.000284975478056,-0.0107570454549529
1985-12-01,0.0388,-0.0040999999999999995,-0.0146,0.0096,-0.0177,0.006500000000000001,-0.0023,-3.286321508515901,-3.2422461681532595,-2.671478042226269,-0.6148434662896318,0.5926926882,-0.0194650815,0.071,0.0956,0.0541,0.0027522936,0.0012300755,0.014200000000000004,-0.007200000000000005,0.02460000000000001,0.06506163734063852,-0.0034699355850057,-0.002821661930378,-0.0052117495609934,0.0065130896895039,0.0021069239296824,-0.0022929049009478,0.0033595973730252,0.0071606019005794,0.0078394002451488,-0.0038135230457861,0.0028525843778559,-0.0005375958812801,0.002523739659144
1986-01-01,0.006500000000000001,0.0095,0.0046,-0.0199,-0.0199,0.005600000000000001,0.029500000000000002,-3.283634724743264,-3.2812709927298327,-2.675897273421796,-0.607737451321468,0.5835173999,-0.0191717774,0.0707,0.0958,-0.0025,0.0027447392,0.0019201584,0.013899999999999996,0.006999999999999999,0.025099999999999997,0.04506108720383839,0.006972875956792,-0.0095598481555882,-0.0033020674641603,-0.0073216065803574,0.0050729921956186,0.0285459081637976,0.0124513656520986,-0.0049088054183636,-0.0057852432645335,-0.0015117081377599,-0.0002609095961799,0.001312360163114,-0.0022198734668217
1986-02-01,0.07139999999999999,-0.0072,-0.0063,0.0116,-0.0123,0.0053,0.0256,-3.3476591209966493,-3.278609588540591,-2.747006538840865,-0.6006525821557842,0.5363767217,-0.0179142569,0.0706,0.0841,0.1145,-0.0027372263,0.0010892902,0.01440000000000001,-0.0393,0.013499999999999998,0.002366527830367282,-0.0060372570503755,-0.017190000728914,-0.0149564396819402,-0.0022673469228685,0.0036348733194957,0.0191848838309158,0.0027144287293877,0.0156709305763748,0.0114203274407121,-0.0085189208135193,-0.0002728923740833,-0.012192926603754,0.0009118582564419
1986-03-01,0.049100000000000005,-0.0063,-0.0039000000000000003,0.01,0.008100000000000001,0.006,0.023799999999999998,-3.394106632453341,-3.3426591105799437,-2.800518044935114,-0.593588587518227,0.5196276277,-0.0164196221,0.0656,0.0766,0.077,-0.0045745654,0.0013737344,0.015,-0.0514,0.010999999999999996,0.07148928132968169,-0.0013347549053927,-8.23136728095e-05,-0.0085257229050378,-0.0058169472572017,0.0104420668653482,0.0134432156756337,0.0146523131887871,0.0154222969412122,0.0172161341247574,0.0001719381071008,0.0035116754304562,-0.0086361266599042,0.00439986856137
1986-04-01,-0.0128,0.0281,-0.0281,0.028999999999999998,-0.001,0.0052,-0.0034999999999999996,-3.376533766045745,-3.390782984836997,-2.781918797121896,-0.5946149689238487,0.5297144587,-0.0245847833,0.0606,0.0782,-0.008,-0.0018382353,0.0024589457,0.013999999999999999,0.009600000000000001,0.017600000000000005,0.05279393618896533,-0.0096721267950164,0.0072588128202017,-0.0115140703294361,0.0267621960993696,0.0019721819593176,-0.0046101989935405,0.001491140662642,0.0123477939381226,0.0205445097018745,0.0082059714012912,0.0053362966539128,0.0193302316778438,-0.0168150063855387
1986-05-01,0.0463,-0.0129,-0.0014000000000000002,0.0207,0.011000000000000001,0.0049,0.0206,-3.4222420170445624,-3.3732335149113566,-2.826589283557275,-0.5956527334872876,0.5035407708,-0.0218719553,0.0615,0.0848,-0.0505,0.0027624309,0.0013699311,0.01200000000000001,0.034100000000000005,0.0233,-0.014148179154457874,0.0007004715710322,0.0052883548971415,-0.0058413467497926,-0.0036394198170393,0.0025118414932168,0.0148200670582488,0.0104509041957111,0.0213693379530326,0.0212593891035793,0.0037015927789911,-0.003778827688223,-0.0212644998823945,-0.001972381793539
1986-06-01,0.0106,-0.0087,0.012,0.018500000000000003,0.0083,0.0052,0.049400000000000006,-3.432951223996427,-3.4189402759953245,-2.836287751061474,-0.5966634729349529,0.4992814574,-0.0122932373,0.0621,0.079,0.0613,0.0055096419,0.0015965185,0.0121,-0.0395,0.0169,0.05022927989130421,-0.0040418618119478,3.57761524189e-05,-0.0102434649583908,-0.0139917574824888,0.0214536491196498,0.0337667649329446,0.0124675241433588,0.0190589776563387,0.019286572952992,0.0094704285454788,-0.0120720042804293,-0.0199386907210545,0.0125065896764746
1986-07-01,-0.0643,-0.0353,0.0466,-0.0055000000000000005,0.008100000000000001,0.0052,0.0189,-3.3671446471072026,-3.427619782409534,-2.7726429334330507,-0.5945017136741519,0.5323014009,-0.0112860333,0.0583,0.0809,-0.0108,0.0,0.0024158243,0.012799999999999992,0.013900000000000001,0.022600000000000002,0.014109561350313271,0.0264378418241473,0.0053496958379801,0.0185011111646208,-0.0227744292383535,0.0382880462854706,0.0076545217048621,0.0013950176063362,0.0044381079298857,-0.0019155148969076,0.0040491083583029,-0.0042096825531514,-0.0169196262179165,0.0301386600413511
1986-08-01,0.060700000000000004,-0.0434,0.0354,-0.0171,0.0332,0.0046,-0.051699999999999996,-3.430601884338913,-3.361829264108708,-2.8382626417144303,-0.5923392426244827,0.497803344,-0.0096769523,0.0553,0.0763,0.0499,0.001826484,0.0012605846,0.014600000000000002,-0.0224,0.021000000000000005,-0.058682825705629105,0.022461224532935,0.0058981671345493,0.0313556212484078,-0.0147955329021724,-0.0064180731308706,-0.0370447307465107,-0.0066975659285028,-0.0072174241115902,-0.0211563813145753,0.0019991052100513,-0.005532463117252,-0.0253856261026205,0.0278354125976326
1986-09-01,-0.0859,0.021,0.0323,-0.0017000000000000001,0.0371,0.0045000000000000005,-0.056799999999999996,-3.3360160186010392,-3.4253267559137153,-2.745802168041309,-0.5902138505597301,0.5346292671,-0.0051386604,0.0521,0.0827,-0.05,0.0045578851,0.004207383,0.013099999999999987,0.0386,0.030599999999999995,0.07119261392512288,0.0088755426097007,0.0033331902366177,0.0257167820078515,-0.0134074205135539,-0.002733101772442,-0.0368523095089933,-0.0201702476192811,-0.0266468098182891,-0.0169008318539215,0.0033535565788402,-0.0071097120327568,0.0196583740708114,0.0212699225809564
1986-10-01,0.0464,-0.023700000000000002,-0.014199999999999999,-0.0001,0.0101,0.0046,0.044800000000000006,-3.3872731343953415,-3.3339889129647675,-2.8074240819316594,-0.5798490524636821,0.5032458023,-0.0080245039,0.0518,0.0803,0.0289,0.000907441,0.0009905938,0.013800000000000007,-0.009999999999999998,0.028499999999999998,-0.08543865891748714,-0.0050847689792474,-0.0008119503099001,-0.0073581014317608,0.0013345008747112,-0.0091433548882586,0.0062286172274576,0.0069028841631807,0.0198278839426609,0.0201785772088489,0.0051918641046666,0.0122727199025098,-0.0276095118455716,-0.0022710463016044
1986-11-01,0.0116,-0.018600000000000002,-0.0002,0.0098,0.006999999999999999,0.0039000000000000003,-0.0027,-3.4065120170284997,-3.3852622312343694,-2.8370885099435146,-0.5694235070849851,0.4936710845,-0.0021244383,0.0535,0.0779,0.0267,0.0009066183,0.0017308565,0.013899999999999996,-0.0034000000000000002,0.024399999999999998,0.054729379214940366,0.0032573947618529,0.0031774072328083,0.0056346859769046,0.0067961183284562,0.0023368405415314,0.0016966716926097,0.0008259317945949,0.012263779313252,0.0187918257013244,-0.0026135679504587,0.0036521405775459,-0.0104450433123247,0.0080141556734278
1986-12-01,-0.0326,0.0019,0.0036,0.0087,0.0009,0.0049,0.0045000000000000005,-3.375796990475242,-3.4044930721175537,-2.81687157191484,-0.5589254185604022,0.4984308658,-0.0113759993,0.0553,0.0789,-0.0018,0.0009057971,0.0012623423,0.014799999999999994,0.0135,0.023599999999999996,0.021477170259857514,0.0059785861980121,0.0020109138603034,0.006435909202154,0.0029142231638916,0.013534612553439,0.0004447272824937,0.0005859119777034,0.00374994250348,0.0029575627134984,0.0010350030078773,0.0049721605220929,0.0083469718610606,0.0053134630233862
1987-01-01,0.1244,-0.0161,-0.0318,0.0017000000000000001,-0.0103,0.0042,0.0203,-3.497164519773257,-3.373384444069858,-2.926477712239978,-0.5706868075332792,0.4378973513,-0.0058406587,0.0543,0.0778,0.0161,0.0063348416,0.0024782274,0.013600000000000001,0.005500000000000001,0.023499999999999993,-0.02828825936923207,-0.0034400254350253,0.0085571635909065,-0.0041471033220409,0.0314429252060857,-0.0218900951496262,0.0203098593260999,0.0074711857847865,0.0153594968008191,0.0189984296041266,2.69567826904e-05,0.0035498206083634,-0.0004571565668902,-0.024248145366673
1987-02-01,0.0437,0.0336,-0.058600000000000006,-0.0079,-0.0255,0.0043,-0.0222,-3.531015960829883,-3.494757779742692,-2.9487667682704837,-0.5822491925593991,0.4249119825,-0.0045059361,0.0559,0.0763,0.0202,0.0035971223,0.0014122466,0.012700000000000003,-0.0144,0.02040000000000001,0.13176694057893212,-0.0153581585291844,-0.0004173614068143,-0.0244030733028745,0.0291084942159142,-0.0319004782953137,-0.0178391460948106,0.0130271215982892,0.0035838754117654,0.0096280553155082,0.0075645364472288,-0.0003311294582977,0.0238773442365557,-0.0338062171186862
1987-03-01,0.0163,0.0032,0.0166,0.013000000000000001,0.0417,0.004699999999999999,0.0166,-3.5546626605030203,-3.5286149992923446,-2.961031133052797,-0.5936315274502233,0.4280402137,-0.0022174302,0.0559,0.0795,-0.0223,0.0044802867,0.0019710953,0.012500000000000011,0.013600000000000001,0.023600000000000003,0.036923525977816674,0.0131780692987947,0.0116909288538704,0.0179203494150744,-0.0035091244358139,-0.0013493951137768,0.0256431953486575,-0.0063925360794193,-0.0084124508247921,-4.97424110222e-05,0.0038185975562157,5.75557620954211e-06,0.012664780436274,0.0011959545822946
1987-04-01,-0.0209,-0.0158,-0.0036,-0.0052,0.0116,0.0044,0.002,-3.53597799368711,-3.547494171024408,-2.9646420403500797,-0.5713359533370301,0.4314718592,0.0044930045,0.0564,0.0859,-0.0473,0.005352364,0.0041939063,0.011900000000000008,-0.0029,0.029500000000000005,0.02638986629134421,0.0121233339800083,0.0074093375081503,0.0156126799700797,0.0146284825306746,-0.0151088965257328,0.0296000230519891,0.0003130691489793,-0.0112020817325711,-0.000100722847509,0.0029202230543563,-0.0039967326334463,0.0060984142895792,-0.0059419467721779
1987-05-01,0.0011,-0.0058,0.0022,0.0049,0.0113,0.0038,-0.0077,-3.5348765175092263,-3.5288605259182457,-2.9860106370109154,-0.5488658804983109,0.4304908862,0.0069409582,0.0566,0.088,-0.0105,0.0035492458,0.0024892339,0.011800000000000005,0.005300000000000001,0.0314,-0.0114501199862872,0.0083815844389993,0.0038546629980256,0.0039200057597238,0.0024654093485756,-0.0025449766854653,0.0025218148573352,-0.0060336886610561,-0.0043695041687873,0.0012014725172208,0.004701283496703,-0.0073608008031378,-0.0088612970093987,-0.0036292012337306
1987-06-01,0.0391,-0.021099999999999997,0.0113,0.015600000000000001,0.010700000000000001,0.0048,-0.0022,-3.5746113605649974,-3.527809350286134,-3.048411569549419,-0.5261997910155785,0.4078923974,0.0052024616,0.0567,0.0877,0.0098,0.0035366932,0.0010704212,0.011999999999999997,0.0057,0.031,0.006034124011652153,0.0058421532084651,-0.001202282291068,0.0059015157932834,-0.024702379268675,0.0243961637511382,-0.0174737870685985,0.0049603067951024,0.010962412345157,0.0069930120546587,-0.0001763146587606,0.0072170328198168,-0.019907334218788,0.0222650750415088
1987-07-01,0.0384,-0.010700000000000001,0.009399999999999999,-0.006500000000000001,0.0158,0.0046,0.025699999999999997,-3.6162421093862847,-3.5691451071301437,-3.0627634907109496,-0.5534786186753351,0.3835432162,0.0018821969,0.0569,0.0907,-0.0178,0.0026431718,0.00081816,0.011899999999999994,0.005899999999999999,0.033800000000000004,0.04791451223715959,0.0068181548024216,0.0034680510931581,0.0163791524176648,-0.0051655355903427,-0.0137526197830616,0.0422630386036822,0.0038546987601826,-0.0072302821715848,0.0008642357849009,0.0005125352914364,-0.0023569586841368,-0.0078409430389647,-0.0058959618417701
1987-08-01,0.0352,-0.0101,-0.0098,0.021099999999999997,-0.0155,0.004699999999999999,-0.0095,-3.645178889855736,-3.6108171833926,-3.0654184460480005,-0.5797604438077353,0.37045382,0.0019974361,0.0604,0.0936,-0.0165,0.0052724077,0.0017761286,0.011300000000000004,0.009000000000000001,0.0332,0.04822368421052636,-0.0079856408692084,-0.0074106140371995,-0.0179741227730296,0.0129290445622917,0.0095929567426708,-0.0242659595758206,0.0052703726054446,0.0194516803481873,0.012097008940228,-0.0042159446320949,0.0165469855205906,-0.0060992474022961,-0.0015684601675921
1987-09-01,-0.0258,0.0045000000000000005,0.0026,-0.0088,0.0182,0.0045000000000000005,0.008,-3.6153087332446687,-3.6397716875511548,-3.0102232396123108,-0.605085493632358,0.3799667216,0.0063503319,0.064,0.0992,-0.0369,0.0052447552,0.0025348306,0.011300000000000004,-0.005299999999999999,0.035199999999999995,0.034958890353354644,0.0210291541126409,0.0017723464784952,0.0168278096820203,-0.0016712683159912,-0.0015077095022761,0.0219848404543907,0.0064893799162847,-0.0119497843433605,-0.0063744405883573,-0.0010752995250647,-0.0024395703576519,0.0003210974188774,-0.0018262614486125
1987-10-01,-0.23190000000000002,-0.0791,0.0418,0.0229,0.022400000000000003,0.006,-0.0775,-3.3641236158984342,-3.609551664954601,-2.7309056187756764,-0.6332179971227578,0.4948508425,0.0104777401,0.0613,0.0926,0.0623,0.0026086957,0.0709451379,0.010999999999999996,-0.0116,0.0313,-0.024166161309884915,0.0390675428409246,0.0036422380973823,0.0345805099716085,-0.0307380355407535,0.0691001069162657,-0.0638804758146089,-0.0162634323560344,0.0193144786128609,0.002563453500975,0.0106358692979293,0.0144331875468881,-0.0423483303860762,0.0610306836022727
1987-11-01,-0.0776,0.0278,0.031400000000000004,-0.019299999999999998,0.006,0.0034999999999999996,-0.0121,-3.2691869018783395,-3.358399501814546,-2.6089203016843836,-0.6602666001939559,0.538027324,0.0098984399,0.0569,0.0931,0.0037,0.0008673027,0.0067854547,0.012200000000000003,0.0088,0.0362,-0.217630426001305,0.0160231562564766,0.0030400425801287,0.0179702240473623,-0.0160332103940973,0.0273609971240262,0.0070563582858528,0.0016048875802773,-0.0157168999844356,-0.0126312132952215,0.006710602616629,0.0201709582269333,0.0087483662191922,0.009278893394628
1987-12-01,0.0682,-0.0001,-0.044199999999999996,0.0313,-0.0246,0.0039000000000000003,0.0588,-3.33382473087961,-3.2634953668785514,-2.6475112898982296,-0.6863134409813805,0.5088120155,0.013274756,0.0577,0.092,0.0165,0.0,0.0068521879,0.011800000000000005,0.004699999999999999,0.0343,-0.0853489018626633,-0.0249095173180171,-0.0022190244716512,-0.0323584611873488,0.0285208826497358,-0.0380135908579015,0.013009747746733,0.0261662217596606,0.0343843682871694,0.0440146590988385,0.0034118705096744,0.0146883184313065,-0.0206826811049704,-0.0299778118248975
1988-01-01,0.0421,-0.005600000000000001,0.0493,-0.011899999999999999,0.021,0.0029,-0.0735,-3.3681741866094006,-3.3285379360879617,-2.6666000925320086,-0.701574094077392,0.5037738354,0.0084227445,0.0581,0.0852,0.0666,0.0025996534,0.009157508,0.011900000000000008,-0.014900000000000004,0.0271,0.0728614850195397,0.0145085267810095,-0.0019949205306636,0.020674539352854,-0.0252969585565711,0.0241054122772135,-0.0572931794619406,-0.0294724919345407,-0.0156937581394367,-0.0282753665772458,-0.0093980797113344,0.0111708685708926,0.0094542827840898,0.0542068454814812
1988-02-01,0.04769999999999999,0.033,-0.015300000000000001,0.0151,0.0006,0.0046,-0.014499999999999999,-3.403893118536805,-3.362926426818522,-2.6874275610592147,-0.7164655574775902,0.4761973721,0.0087922636,0.0566,0.0854,0.0052,0.0025929127,0.0019673463,0.012200000000000003,0.0086,0.028800000000000006,0.040432248664400205,-0.0149476552673398,0.0004282947787544,-0.0104112216287401,0.0113407121900647,-0.0292638273341248,-0.0208357102613641,0.0132882914133829,0.0065301256480419,0.0188472813702642,0.0066720947631337,0.0134173543850687,0.0099576871799132,-0.0082436223769148
1988-03-01,-0.0226,0.0611,0.0086,-0.0023,0.0178,0.0044,0.0060999999999999995,-3.3647497287730466,-3.3986615807806557,-2.633779459326458,-0.7309702694465887,0.5075299538,0.0060800302,0.057,0.0901,-0.0307,0.0043103448,0.0016591988,0.011800000000000005,0.0119,0.0331,0.04181740381997123,-0.0041568789939938,0.0030978334050762,0.0002833127380765,0.0013170960981008,-0.0086218184080612,-0.0021112848186796,0.0089743051423871,-0.011292000861509,0.0023094944453293,0.0027815471932984,-0.0184355045931583,0.0414020351350147,-0.0052927800824979
1988-04-01,0.005600000000000001,0.0109,0.0151,-0.0009,0.019,0.0046,0.022000000000000002,-3.363759824459478,-3.3543791090203787,-2.589402732226833,-0.7743570922326448,0.4964744899,0.0050636719,0.0591,0.0929,-0.016,0.0051502146,0.0034595611,0.012300000000000005,0.0011000000000000003,0.0338,-0.03334329026958405,0.0110320578817851,0.0105296682908046,0.0089303908946348,-0.0019825124031102,-0.0045409071302655,0.0068191545546247,0.0064048104915199,-0.0062895501257513,0.0030696450420064,0.0057320142429665,-0.0038369894510728,0.0096108112698308,0.0003048380602148
1988-05-01,-0.0027,-0.0252,0.024399999999999998,-0.0077,0.003,0.0051,0.0066,-3.3566557344470906,-3.3534847065554416,-2.5415641928363066,-0.815091541610784,0.4967702548,0.0013473054,0.0626,0.0952,-0.0102,0.0034158839,0.0025557732,0.011399999999999993,0.0045000000000000005,0.032600000000000004,0.009424852253852922,0.0126603935186718,0.0042606856226973,0.016401361934334,-0.0122129446694651,0.0083186493748151,-0.0082193135426736,-0.007250417441181,-0.0051331752529674,-0.0127242816142959,-0.0024878095205095,0.0111206443981107,-0.0183885530720945,0.0177441645147645
1988-06-01,0.0478,0.0207,-0.013500000000000002,0.0152,-0.0352,0.0049,-0.0302,-3.388842573347275,-3.346495955875798,-2.535372806313768,-0.853469767033507,0.4711188723,-0.0053979214,0.0646,0.0917,0.0368,0.0042553191,0.0023613077,0.011400000000000007,0.0011000000000000038,0.0271,0.0031760609191444633,-0.0075434136898226,-0.0068705730865838,-0.016670282967352,0.0101808922840641,-0.0140140009931446,-0.0143159376045468,0.0001233267331218,0.0106841523965129,0.0060273858485545,-0.0066415556250593,0.0076711080545739,0.0061670910939816,-0.0033703256090395
1988-07-01,-0.0125,-0.0018,0.0218,-0.0049,0.015300000000000001,0.0051,0.0066,-3.3751410221230684,-3.380567050980497,-2.513774609178307,-0.8613664129447614,0.4739915349,-0.0028231284,0.0673,0.0947,-0.017,0.0042372881,0.0019106187,0.01150000000000001,0.005900000000000001,0.027400000000000008,0.043256026853829566,0.0089208380014862,0.0012746590170904,0.0139934549889071,-0.0175010448998662,0.0119720266116514,0.0040238446898856,-0.0045447656640345,-0.0116968035819825,-0.0127658542603461,-0.0008143513322178,0.0096738306472407,0.0037572062351098,0.0158852872073207
1988-08-01,-0.0331,-0.0002,0.021400000000000002,-0.0085,0.0165,0.0059,0.0036,-3.327579248902544,-3.366944079491196,-2.4584905234875607,-0.8690887254149833,0.4966406615,-0.0062397522,0.0706,0.095,0.0058,0.0042194093,0.0013903193,0.01100000000000001,-0.0003999999999999993,0.024400000000000005,-0.005411334552102409,0.0141959639401775,0.0030645432681231,0.0184157741748957,-0.0184737738289322,0.016047727100221,-0.0095250094487183,-0.0079539153826431,-0.0120396564147607,-0.0133335072600257,-0.0009156307171945,-0.003010900113662,-0.0053097586514188,0.0187449734005425
1988-09-01,0.0331,-0.0138,-0.0075,0.0176,-0.0055000000000000005,0.0062,0.0029,-3.3583987461256246,-3.3194383793521682,-2.4817854913249597,-0.8766132548006649,0.4775404537,-0.0100015137,0.0724,0.0917,0.0345,0.0067226891,0.0011927398,0.010800000000000004,-0.0019000000000000059,0.019299999999999998,-0.03860010293360783,0.0006282009825773,-0.0066443234867322,-0.0050486912934799,-0.0083714121996931,0.0050115883959907,0.0008177029745493,-0.0022808883359146,0.0086057373957688,0.005882346881036,-0.0035121509083258,0.0065399761715477,-0.0181233471889305,0.0054256119109929
1988-10-01,0.0116,-0.0297,0.0203,0.0139,0.009899999999999999,0.0060999999999999995,0.013000000000000001,-3.373861769970614,-3.3482286500018104,-2.4925711769725534,-0.8812905929980608,0.4695971889,-0.0104624725,0.0735,0.0889,0.0308,0.0033388982,0.0016315424,0.008999999999999994,-0.0034999999999999996,0.015400000000000011,0.03972927500764767,0.0054721457963394,0.0019010533919531,0.0136566402481777,-0.022455538235836,0.0112363282001667,0.0068916912398592,0.0005001632521225,0.0026307983070148,0.000604672271537,0.0031194559236813,0.0008657732203953,-0.0221428721612333,0.0196213495401465
1988-11-01,-0.0227,-0.0158,0.0147,-0.0036,0.016399999999999998,0.005699999999999999,0.0018,-3.344732790241863,-3.363804423353445,-2.458869334543814,-0.8858634556980491,0.4771791101,-0.0077649556,0.0776,0.0923,-0.0196,0.0008319468,0.0013479967,0.010300000000000004,0.002700000000000001,0.01469999999999999,0.025964473539038746,0.007519549973598,0.0025282827630953,0.00570786581175,-0.0043713133807359,0.0092102938753262,0.0030306629509529,0.0007991618795794,-0.0015450367534414,-0.003203701781992,0.0047570897836292,0.0027837518297216,-0.0096169648749615,0.0033310297613827
1988-12-01,0.0148,0.0194,-0.0183,0.0069,-0.0038,0.0063,0.0031,-3.3493461268753166,-3.3347653310368774,-2.459030881404422,-0.8903152454708945,0.465283574,-0.0214057475,0.0807,0.0918,0.011,0.0016625104,0.0006281109,0.010800000000000004,-0.0070999999999999995,0.011100000000000013,-0.018890920170627767,-0.0046465877535837,0.0042877746423906,-0.0082848868006364,0.0130486367402144,-0.016698741876237,-0.0076247126645869,0.0130695214473927,0.007737548693387,0.0178335587474362,0.0044174258825359,0.0017471174769374,0.0078353623986201,-0.0093432564225957
1989-01-01,0.060599999999999994,-0.0226,0.0060999999999999995,-0.0097,0.0011,0.0055000000000000005,-0.0025,-3.409162593034201,-3.340462625354452,-2.5108923628387165,-0.8982702301954846,0.4307694935,-0.0223605106,0.0827,0.0903,0.0203,0.0049792531,0.0009645729,0.010300000000000004,-9.99999999999994e-05,0.0076000000000000095,0.014687614176105424,-0.00198780779897,-0.0019363958969064,-0.0039451617005128,0.0003600932752682,-0.0108919377022777,-0.0022485125929215,0.0063272631747592,0.0064748109117194,-0.0033532894913733,0.0022964806432476,0.0036042181515513,-0.0094601576782965,0.0015534454930164
1989-02-01,-0.0223,0.027000000000000003,0.009899999999999999,-0.0084,0.018799999999999997,0.0060999999999999995,0.009899999999999999,-3.3709860758434664,-3.400357313735267,-2.4649574122426876,-0.9060286636007788,0.4467784572,-0.024823372,0.0853,0.0935,-0.0179,0.0041288192,0.001176079,0.0097,0.004999999999999999,0.008199999999999999,0.07111479187671033,0.0055016034154166,0.0047196969207409,0.0069298499369452,0.0025049055405206,-0.0030981942037783,-0.0001378373839027,-0.0008932116573233,-0.0114023782428227,-0.0100366756557581,0.0040205804539679,-0.0032479609095321,0.0156377249582397,0.0005765551124142
1989-03-01,0.015700000000000002,0.0068000000000000005,0.004699999999999999,-0.0001,0.006500000000000001,0.0067,0.0351,-3.3828500928093015,-3.3622576532356745,-2.4692600377454212,-0.9135900550638802,0.4686914136,-0.0231021339,0.0882,0.0929,0.0122,0.0057565789,0.0012864519,0.0087,-0.0058000000000000005,0.004699999999999996,-0.028944095202877662,0.0080581248540933,0.0031488062190544,0.0104130630432298,-0.0126060018605007,0.0043794589144829,0.0213000280017089,0.004199843939328,0.0006159413104941,-0.0060487978386119,-0.0005025480854035,0.0014098192571976,-0.0073881396068383,0.0060726871690928
1989-04-01,0.0435,-0.0075,-0.0148,0.0073,-0.0048,0.0067,0.0171,-3.419909014075921,-3.371033262986056,-2.5146682500106037,-0.9052407640653173,0.4444352572,-0.0228019666,0.0865,0.0918,0.0159,0.0065412919,0.0009555837,0.008199999999999999,0.0053999999999999986,0.005300000000000013,0.02080592674652082,0.0020964227992555,0.0025853820152999,-0.0034403092126369,0.0015440416481024,0.0006071879238992,0.0093094885255194,0.0081668896645528,0.0094726429487926,0.0091105166786133,0.0021006528937615,-0.0044482363438445,-0.0153423300220763,-0.0061617206944789
1989-05-01,0.032799999999999996,-0.0006,-0.009000000000000001,0.0045000000000000005,-0.0026,0.0079,0.014199999999999999,-3.442764537060444,-3.408230192487087,-2.545751016824896,-0.8970135202355483,0.4334415257,-0.0277140566,0.0843,0.0878,0.0401,0.0056864338,0.0010730556,0.008900000000000005,-0.0021999999999999936,0.003500000000000003,0.05008987011225274,0.0023234840125105,-0.002991030547396,-0.0068334275143322,0.000198912352367,-0.0069530117874787,0.0043631386296213,0.0031597570940866,0.0038153877679099,-0.0007231274178614,-1.61347513891e-05,-0.0076909111394169,-0.0089158285036025,-0.0049704490467724
1989-06-01,-0.013300000000000001,-0.0104,0.022099999999999998,0.0013,0.0152,0.0070999999999999995,0.004,-3.4232643481106444,-3.4312205372999514,-2.5343511571837896,-0.8889131909268548,0.440562937,-0.0239480705,0.0815,0.0821,0.055,0.0024232633,0.0014295303,0.009300000000000003,-0.0155,0.0006000000000000033,0.03513757912414417,0.016497158607939,0.0027406556467905,0.0219259798134804,-0.0221558094132366,0.0260977916232693,0.0060085452175204,-0.0084016213360761,-0.0154087085245215,-0.0247369155245511,0.0029305313073548,0.0082604781401874,-0.004753029904953,0.0127421333929278
1989-07-01,0.0718,-0.041100000000000005,-0.027999999999999997,0.020499999999999997,-0.005600000000000001,0.006999999999999999,0.053200000000000004,-3.4962475397965425,-3.4115660653123574,-2.6394619422042296,-0.8567855975923129,0.404035089,-0.028536215,0.0788,0.0801,0.0238,0.0024174053,0.0010188257,0.009399999999999992,-0.006000000000000002,0.0013000000000000095,-0.007924622488456157,0.0029621555438147,0.0029028760730351,-0.0007469391214736,-0.0070002930697107,0.0018506375032982,0.0291804506463745,0.0100209446500771,0.0267287535429392,0.0162183636804046,-0.005942768647061,-0.0051176921788375,-0.0384173456249769,-0.0001418017515282
1989-08-01,0.0143,0.0048,0.0062,0.0036,-0.0060999999999999995,0.0074,-0.0049,-3.5000820173464207,-3.484684525929255,-2.675714820459273,-0.8243671968871475,0.3927270602,-0.0248221492,0.079,0.0841,-0.0259,0.001607717,0.0013804507,0.0092,0.009600000000000001,0.005099999999999993,0.08837033775709147,0.0038203351438519,0.0041979910248039,-0.0100501073616998,0.0048222572010252,-0.0073202802744539,-0.0167334471060047,0.0071366146256805,0.0131666198127614,0.0095902063431415,0.0103750727987283,0.0047276216568313,-0.0011072380710983,0.0062014867503665
1989-09-01,-0.0076,0.004699999999999999,-0.0127,0.0139,0.0058,0.006500000000000001,0.0351,-3.4820853555374076,-3.488651179867277,-2.6904486111213504,-0.7916367444160572,0.3992097504,-0.0257470986,0.0775,0.0847,0.0019,0.0032102729,0.0005501917,0.008999999999999994,0.0021000000000000003,0.007199999999999998,0.01551664355062421,0.0007287325222543,0.0020128586996507,-0.0041027566978592,0.0083266293318319,0.0077005454993567,0.0211579450566166,0.0028371673301082,0.002394439010021,-0.0019693650118952,0.0031885756967862,0.0101118792797695,0.0044294959445729,-0.014253036618248
1989-10-01,-0.0365,-0.033,-0.0116,0.0008,-0.0011,0.0068000000000000005,0.013500000000000002,-3.446668638302202,-3.47216638661289,-2.67655443794908,-0.7701142003531221,0.4064149288,-0.0243506384,0.0764,0.081,0.0379,0.0048,0.0056359108,0.008900000000000005,-0.010300000000000004,0.004600000000000007,-0.006544316403471417,0.0026906164079586,0.0008188094854828,0.0001244423986777,0.0034462475484814,0.0285748377703555,0.0083125533775592,-0.0019034404982713,0.0067298219751643,0.0083870154388457,0.0032210530496913,-0.0123236588720634,-0.0164876030518254,-0.0052673091720223
1989-11-01,0.0104,-0.0126,-0.0113,-0.0074,0.0138,0.0069,0.027000000000000003,-3.453253081727524,-3.436847089802924,-2.7047045511095043,-0.7485485306180197,0.3972257018,-0.0270327725,0.0769,0.0808,0.0078,0.002388535,0.0008448088,0.0092,-0.0007999999999999995,0.0039000000000000007,-0.0251754260346555,0.0003440940817511,0.0101257633637425,0.0082184845113774,0.0022007999600777,0.0070832560251219,0.0157917484015346,0.005475509109565,-0.0006702445818666,0.0053076518579038,0.0034013385001541,-0.0060326144472194,-0.0115474391494673,-0.0087217734836063
1989-12-01,0.0118,-0.022799999999999997,0.0015,-0.0007000000000000001,0.0131,0.0060999999999999995,0.0279,-3.4647177455761864,-3.443527058596547,-2.7377745518509062,-0.7269431937252802,0.3904547436,-0.0123335365,0.0763,0.0816,-0.0006,0.0015885624,0.0009234228,0.009599999999999997,0.0012,0.005299999999999999,0.01654130920202146,-0.0069273015035243,0.0060163791753108,0.0132710813151874,-0.0018791633846644,0.0105631556971559,0.0109482973382363,0.0017380788202708,0.0035276936814593,0.0084228919366608,-0.0019905273302896,-0.0045072460669726,-0.0173324200365119,0.0040815726799415
1990-01-01,-0.078,-0.0121,0.0083,-0.011200000000000002,0.013999999999999999,0.005699999999999999,-0.0298,-3.385516307329996,-3.4568159849148623,-2.684119796103492,-0.7013965112265041,0.4149713959,-0.0138967896,0.0764,0.0865,-0.0343,0.0103092784,0.0028920477,0.009500000000000008,0.015199999999999998,0.010099999999999998,0.021416803953871355,-0.0066318832772676,0.0066532369036677,0.0081901473735932,0.0093163978384848,0.0191768734208373,0.0024018085683929,-0.0118677043413924,-0.0040602831657139,0.0036075680513891,-0.0030205152938693,0.0027333371232465,0.0065173875870291,0.0039684459254112
1990-02-01,0.0111,0.0115,0.006500000000000001,-0.0004,-0.0060999999999999995,0.005699999999999999,-0.0051,-3.38618810616289,-3.3776853997486906,-2.710584368446284,-0.6756037377166058,0.4091730897,-0.0117292028,0.0774,0.0876,-0.0025,0.0047095761,0.0010085783,0.0092,0.0013000000000000002,0.0102,-0.0688172043010753,6.24477206211e-05,0.0025366062650306,-0.0054520833227847,0.0080130956090252,-0.0145157035499883,-0.0018460620457892,0.0065365014957101,0.0017430494543478,0.0003148987817794,0.0007666493461943,0.002290866618577,0.0037469273879006,-0.0022922076651252
1990-03-01,0.0183,0.0159,-0.028999999999999998,0.0199,-0.009399999999999999,0.0064,0.0172,-3.4023747527288735,-3.378409209994597,-2.752840315900938,-0.6495344368279357,0.4713339564,-0.0102914402,0.079,0.0889,-0.0044,0.00546875,0.0010322447,0.00839999999999999,0.0033,0.009900000000000006,0.008538957092500299,-0.0128088882636691,0.0048529065033275,-0.0154551161159979,0.0169788387902823,-0.0117283851518023,-0.0037790232562923,0.0043841944136008,0.0134057039562657,0.0321645023444903,0.0018243863131165,0.0047513951924189,0.0026870566947444,-0.0147223546300834
1990-04-01,-0.0336,-0.0034999999999999996,-0.025699999999999997,0.0178,-0.01,0.0069,0.022799999999999997,-3.365010052589703,-3.3922652208893727,-2.7319133890179037,-0.6330966635717994,0.480284256,-0.0101492797,0.0777,0.0924,-0.0202,0.0015540016,0.0009667774,0.00839999999999999,0.0011000000000000003,0.01469999999999999,0.02425502425502435,-0.0098348007250121,0.0002828718065951,-0.012086731171814,0.0085069015880128,0.0032827160576537,0.0070692658422653,0.005281411764294,0.0133566695578697,0.0236590486828179,0.0032229044669388,-0.0065439724367986,-0.0041283942530914,-0.0136660753144985
1990-05-01,0.08439999999999999,-0.0241,-0.038900000000000004,0.0168,-0.0163,0.0068000000000000005,0.031400000000000004,-3.4430026127715485,-3.3550017013488476,-2.826278170042815,-0.6167244427287337,0.4435699735,-0.0022618111,0.0774,0.0883,0.0415,0.0023273856,0.0013614467,0.009399999999999992,-0.0030000000000000027,0.010900000000000007,-0.026887097723127584,-0.0087144611542874,-0.0005233427003201,-0.0216591138336675,0.0157101107238102,-0.029337089969282,0.0139785085993307,0.0109504561734388,0.0236912337654453,0.0191110219456023,-0.0072648842384752,-0.0016362995596537,-0.0294759212097435,-0.0259484590915538
1990-06-01,-0.0109,0.0131,-0.02,-0.009899999999999999,-0.0039000000000000003,0.0063,0.024900000000000002,-3.4241674130531323,-3.433093436863324,-2.8237614778482434,-0.6004059352048889,0.4429494323,-0.0005072745,0.0773,0.0864,0.023,0.0054179567,0.0013508255,0.009599999999999997,-0.0013999999999999985,0.00910000000000001,0.09198911729141468,-0.0078173388632764,0.0033799899040665,-0.0052983973877977,0.0095872762763057,0.0045428986119719,0.0169151253989942,0.0086286086395545,0.0045902010322948,0.0148513441982574,0.0037561451816145,-0.0022379989331098,0.0073123672636377,-0.0102082602559797
1990-07-01,-0.019,-0.0315,-0.0006,-0.001,0.0321,0.0068000000000000005,0.0604,-3.4140552062754965,-3.4192920666131785,-2.8110269254047604,-0.6030282808707361,0.4392124466,0.0048850583,0.0762,0.086,0.0107,0.0038491147,0.0012984369,0.009599999999999997,-0.0004999999999999987,0.00979999999999999,-0.008886305124159222,0.0097783475707084,0.0098943940806098,0.0163766205375005,-0.0123078150285815,0.0297386896839119,0.0206825476744447,0.0086143869579783,0.0061553920718432,0.0080838499372221,0.0037349444254935,0.0060933322298073,-0.0246008642535805,0.0155866423737793
1990-08-01,-0.1013,-0.0379,0.015600000000000001,-0.0048,0.029900000000000003,0.0066,0.0197,-3.310140688583538,-3.4092035135649517,-2.7045222056129608,-0.6056184829705771,0.4880735629,0.0014392103,0.0745,0.092,-0.0419,0.009202454,0.0058277892,0.009999999999999995,0.0127,0.0175,-0.005223171889838563,0.0109823049697403,0.0057565162974277,0.0187832346547952,-0.0065114433009306,0.0290897333343525,0.0076520707434536,0.0079162365608198,0.0006391910190561,-0.0055458460366894,-0.000812454766785,-0.0177521026968569,-0.0192130350273179,0.0068445326248232
1990-09-01,-0.0611,-0.037200000000000004,0.0059,0.0003,0.0362,0.006,0.0571,-3.2527717430425764,-3.305312421188447,-2.6445946056040155,-0.6081771374385609,0.520289666,0.0013728769,0.0736,0.0914,0.0117,0.0083586626,0.0019847915,0.01079999999999999,-0.0026,0.017799999999999996,-0.09431419345781267,-0.0083984507567156,0.0052679698846784,0.0176460173564725,-0.0084520836682254,0.0500997217084041,0.0424599046165989,0.0080993949857984,0.0050479501240904,0.0108164264709309,0.0108474437104614,-0.0115124661186963,-0.0293617392969743,0.0002885132407942
1990-10-01,-0.0191,-0.0506,0.0008,0.0317,-0.0025,0.0068000000000000005,0.0674,-3.2389778390814348,-3.2456986249722917,-2.644024249628396,-0.5949535894530387,0.5224519209,-0.0004706842,0.0717,0.0898,0.0215,0.006028636,0.0044927639,0.0121,-0.008299999999999998,0.018100000000000005,-0.05118427579365081,-0.0215200221703584,0.0034567869859223,0.00548516435023,-0.0039580655127361,0.0362837503375994,0.0455871510245915,0.0078022771339468,0.0221260300095666,0.0230996950003733,0.0139914359393285,-0.0005449676173943,-0.0346546640632403,-0.001995737054686
1990-11-01,0.0635,0.0002,-0.0297,0.0058,-0.0471,0.005699999999999999,-0.0536,-3.2901612394955198,-3.2319543988389006,-2.708424239142049,-0.5817370003534705,0.4985056551,0.0009098866,0.0706,0.0858,0.0402,0.002247191,0.0024398922,0.013200000000000003,-0.011699999999999999,0.015200000000000005,-0.006698251919621034,-0.0006431004274251,-0.0054592485252002,-0.0247086457377995,0.01120766184877,-0.05251866542546,-0.055499497181189,0.0058384070073499,0.0265386686405923,0.0074576445021563,-0.0150657978569092,0.0014916445883369,-0.0202178388007865,0.0144600241220955
1990-12-01,0.0248,0.006,-0.015700000000000002,0.026600000000000002,-0.019799999999999998,0.006,0.0025,-3.30771134106432,-3.2831867841234743,-2.73917585313008,-0.5685354879342404,0.4844968599,-0.0018459075,0.0674,0.0844,0.0187,0.0,0.0007945958,0.013800000000000007,-0.0020000000000000018,0.017,0.05993421052631587,0.0025563005598088,-0.0021365815857267,-0.0128982122602075,0.0052077083355766,-0.0166474854098841,-0.0206003268608704,-0.0014449511336872,0.0241300217286185,0.0190122446207436,3.17479575397e-05,-0.0070804149815352,-0.014858547956293,0.0078409516005726
1991-01-01,0.046900000000000004,0.0387,-0.0148,0.0134,-0.0407,0.0052,-0.0647,-3.347728686443716,-3.307049637152666,-2.786120978810327,-0.5616077076333892,0.4663077997,0.0007215596,0.0622,0.0837,0.013,0.0059790732,0.0031935486,0.014100000000000001,0.002,0.0215,0.02482775743280996,0.0138479815321792,0.0081067199927497,-0.0208464285055901,0.0300084443144396,-0.059005800236027,-0.0271420167982814,0.0018840379882203,0.0253204341295694,0.0286803412031571,0.0026105176458856,-0.0035758770769451,0.0245699168253864,0.0015628295581639
1991-02-01,0.0721,0.04019999999999999,-0.0062,-0.0006,-0.0034000000000000002,0.0048,-0.049400000000000006,-3.412181837361523,-3.3470674200946076,-2.85754572922146,-0.554636108140063,0.4427204408,0.001246896,0.0594,0.0841,0.003,0.0014858841,0.0024313467,0.012399999999999994,0.0091,0.024699999999999993,0.04151777602810247,-0.004644938122501,0.0084504168443056,-0.0050566211955921,0.012882047981035,-0.0300543842798929,-0.0303310890584807,0.0009181896843079,-0.0108134637989191,-0.0099071988812381,0.0040189476271421,-0.0045955641204253,0.0400976019289467,-0.0022656310218308
1991-03-01,0.026699999999999998,0.0381,-0.013000000000000001,-0.0052,-0.009899999999999999,0.0044,0.0271,-3.4334809630504637,-3.411521007996652,-2.8858513151730736,-0.5476296478773901,0.4571255997,0.0032513958,0.0591,0.0844,0.0038,0.0014836795,0.0013750555,0.0116,0.007000000000000001,0.025300000000000003,0.06728113278864889,0.0037553829978744,0.0124438581476164,-0.0007930512811477,0.0115264403727806,-0.0192245805475688,0.0306696041205087,0.0078983161235011,0.0051059067959941,0.0143701234326533,0.0019285794064075,-0.0003608647187762,0.024516746267205,-0.0119014426116249
1991-04-01,-0.0029,0.0034999999999999996,0.0149,0.0067,0.008100000000000001,0.0053,-0.0232,-3.4328121924048,-3.4324657890012533,-2.9108545151894805,-0.5219576772153194,0.4612395987,0.0057301566,0.0565,0.0837,0.014,0.0014814815,0.0020727745,0.010800000000000004,-0.00020000000000000052,0.027199999999999995,0.022202849592720897,0.0078848662380295,-0.004030896577759,0.0049643969456791,-0.0125732899129467,0.0111373106597574,-0.0111299992233718,-0.0062884514718237,-0.0027202317661068,-0.0145447084827027,0.001785288616914,0.0049185124364892,0.0048636174225539,0.0147733654405518
1991-05-01,0.0366,0.0014000000000000002,-0.0052,0.0207,-0.0236,0.004699999999999999,-0.0009,-3.4696416296627794,-3.4317898070249,-2.9739864945004384,-0.49565513516234105,0.4399669694,0.0069821048,0.0546,0.0845,0.0,0.0029585799,0.001585169,0.009999999999999995,0.0039,0.029900000000000003,0.0003464634081338236,-0.0082838230168896,-0.004876247981659,-0.007562799970496,-0.0015003517658144,-0.0208436327579007,0.0090978065010555,-0.0083062791563039,0.0039780643428274,0.0025803799846259,-0.0026675219842407,-0.0050908171292874,-0.0123500605272782,-0.0010741716726292
1991-06-01,-0.049400000000000006,0.003,0.0108,0.0175,0.0068000000000000005,0.0042,0.0042,-3.4195510107668445,-3.468628520938757,-2.9508448393040596,-0.4687061714627849,0.458243743,0.0142474894,0.0557,0.086,-0.0063,0.0029498525,0.0011798904,0.009499999999999995,0.0045000000000000005,0.030299999999999994,0.03857732782736112,0.0042799905989665,-0.0012877864448749,0.0158931466564426,-0.0088736910081685,0.0303716566332439,0.0009213774264363,-0.001214887069841,-0.0011376454530567,0.0016598053866188,0.0016331700988215,0.0057079210115204,0.0096531909922899,0.0170830976715744
1991-07-01,0.0424,-0.01,-0.013000000000000001,0.016,-0.0144,0.0049,0.0426,-3.4599241961099665,-3.416041903630979,-3.0224123682466115,-0.43751182786335496,0.4403567816,0.0148355528,0.0558,0.085,0.0157,0.0014705882,0.0011053299,0.008900000000000005,0.0010000000000000009,0.029200000000000004,-0.047892671164353584,-0.0049803792301365,0.002983929148486,-0.0163527017589673,0.0104603251365794,-0.0214858383499963,0.0248691432815935,0.0131541572470034,0.0133361665841278,0.0046747572101687,-0.0007770066423448,0.0037163104780251,-0.0164099230068636,-0.0149983843248879
1991-08-01,0.0232,0.014199999999999999,-0.0079,0.0085,-0.0032,0.0046,0.0158,-3.475893786232598,-3.4564355348040796,-3.070344205891905,-0.405549580340693,0.4376396373,0.0173312983,0.0533,0.0818,0.034,0.0029368576,0.0020376369,0.009000000000000008,-0.006500000000000002,0.028499999999999998,0.04485935984481082,-0.0044227024482211,0.0021575741997969,-0.0107282833273984,0.0051555242936736,-0.0178825369038613,0.0079973490638631,0.0064980712584345,0.0088870354813941,0.003557958252941,-0.0015778616103158,-0.0153888274188596,-0.0042756731728223,-0.0083707059541083
1991-09-01,-0.0159,0.0158,-0.0123,-0.0177,-0.0004,0.0046,0.0175,-3.453079776087511,-3.4724091067119,-3.0803230277254317,-0.3727567483620793,0.441531837,0.023289044,0.0522,0.079,0.0303,0.0043923865,0.0004746966,0.009000000000000008,-0.0032000000000000015,0.026799999999999997,0.01964879709135925,-0.012592337899304,6.40005200208e-05,0.0014618962726655,0.0030955903663748,0.0066213552025673,0.0155008746224454,0.0105229061536611,-0.0063844267783612,-0.0092137910798915,0.0007431723718257,0.0011795069119525,0.0100255783082774,-0.0044769746328306
1991-10-01,0.0129,0.0085,-0.0043,-0.0165,-0.003,0.0042,0.0318,-3.466827054889143,-3.4550368834560614,-3.127333395319518,-0.33949365956962474,0.4340034538,0.0255088958,0.0499,0.0791,0.0054,0.0014577259,0.0011256624,0.009399999999999992,-0.0011000000000000003,0.029200000000000004,-0.01914371696634043,-0.0047678787035534,-0.0012214212734163,-0.0032683556271893,0.0199155970148356,-0.0066136195469301,0.0113097260125652,0.0084290544896606,-0.0078984156349419,-0.0027109947178512,-0.0050325476227688,-0.0088812416178043,0.0086795722280762,-0.0119126188742853
1991-11-01,-0.042,-0.0088,-0.0177,0.011000000000000001,-0.0012,0.0039000000000000003,0.0118,-3.4238658994534115,-3.4687880000391234,-3.1189113512083675,-0.304954548245044,0.4601544903,0.030689947,0.0456,0.0789,0.0082,0.0029112082,0.0020490197,0.0097,0.0023999999999999994,0.033299999999999996,0.011859949466302089,-0.0158297985781573,-0.0051693854508668,-0.0086602896554708,-0.0013472404750073,0.0290191243407967,0.0082986197133833,0.0085234496738424,0.0125621102257676,0.0115028804220872,-0.0024389325783756,0.0032518856952686,-0.0026052772554987,-0.0028621578641249
1991-12-01,0.10859999999999999,-0.0241,-0.042300000000000004,0.036699999999999997,-0.031400000000000004,0.0038,0.08289999999999999,-3.5316202026998593,-3.4258306974657624,-3.2625900636226404,-0.26903013907721895,0.4203444173,0.0318123844,0.0407,0.073,0.0581,0.0007256894,0.0020495495,0.009500000000000008,-0.014499999999999999,0.032299999999999995,-0.043928043622279866,-0.0080646727644165,0.0099986568404291,-0.0243158355673393,0.0179136232255185,-0.0361108566547096,0.0345619910123984,0.0243841843503003,0.0445848805745919,0.0371336482311935,-0.0061788427133224,0.011993565489781,-0.053237260282497,-0.0319193632340293
1992-01-01,-0.0059,0.0919,0.0467,-0.011699999999999999,0.0325,0.0034000000000000002,-0.025,-3.5082227281611145,-3.5283231772599075,-3.237910259812231,-0.27031246834888334,0.4132296785,0.0319414665,0.038,0.0776,-0.0324,0.0014503263,0.0008724427,0.009300000000000003,0.015099999999999999,0.0396,0.11158786845050894,0.0274692552595797,0.0173290207047652,0.0225758274775068,0.0222797026702819,-0.0493264332723279,-0.037685290539827,-0.0119909809381794,-0.0373181890888315,-0.0099377628138692,0.0204406099144719,0.0078603245351292,0.0900579127195516,-0.0039545515620691
1992-02-01,0.0109,0.013000000000000001,0.06509999999999999,0.0007000000000000001,0.0225,0.0028000000000000004,-0.006999999999999999,-3.514447756490556,-3.5049283964827884,-3.2428649352771544,-0.2715828212134017,0.4076305252,0.0335560213,0.0384,0.0777,0.0051,0.0036205648,0.0009132282,0.009399999999999992,0.004499999999999999,0.03930000000000001,-0.01989978182166907,0.0210992040056387,0.0115013165774113,0.0211676101060978,-0.0109440725997279,-0.0138941389347017,-0.0120100329707246,-0.0023934741198767,-0.0088165306349959,-0.0072288318482301,0.0076003285642239,-0.0149837466574236,0.0172271731650455,0.0176038540264806
1992-03-01,-0.026600000000000002,-0.0089,0.0349,-0.0006,0.0182,0.0034000000000000002,-0.0021,-3.4890986759482137,-3.511172356024115,-3.216253488993091,-0.2728451869551227,0.4021060342,0.041900538,0.0404,0.0797,-0.0094,0.0050505051,0.0004697573,0.008999999999999994,0.0021000000000000003,0.039299999999999995,0.009564813229286262,0.0035433723110211,0.0029432671589641,0.0248280599359406,-0.0295353180954673,0.0282134300430885,-0.0010623695887099,-0.0027215547392152,-0.0023347682242624,-0.0101002864514959,-0.0003069315893751,-0.0013052016204988,-0.0028184725574328,0.0350950310391911
1992-04-01,0.0109,-0.0575,0.0436,0.0165,0.024,0.0032,-0.0255,-3.5167149411060614,-3.4892041667442393,-3.226210769332828,-0.2905041717732333,0.3873034718,0.0386618101,0.0375,0.0803,0.0016,0.0014357502,0.0016610436,0.008800000000000002,0.0,0.0428,-0.021831839108311102,0.0216674165623326,0.0015973167949634,0.0403337484862273,-0.0400619871845581,0.0477961817034767,-0.0114912738619568,-0.0126474627406287,0.0059595370840084,-0.0216218338956892,0.0026304610011708,-0.0055199833666297,-0.0289392399597406,0.057146374528316
1992-05-01,0.003,0.002,0.0111,-0.0091,0.0049,0.0028000000000000004,0.0006,-3.517792066265976,-3.5168285590253525,-3.209929565238186,-0.30786250102779,0.3829985163,0.0371754887,0.0363,0.0781,0.0243,0.0014336918,0.0006900288,0.008500000000000008,0.0011000000000000003,0.041800000000000004,0.027892689935346437,0.0012354267869149,-0.0011716697466122,0.0013714120032632,-0.0024030667479219,0.0063391402423933,-0.0073709142385604,-0.0040856477971495,-0.0026980898923724,-0.009931821872639,0.0009611261101407,-0.0045346109900226,-0.0009101168451232,0.0082197175361569
1992-06-01,-0.0233,-0.0276,0.032400000000000005,-0.0006,0.0095,0.0032,-0.005699999999999999,-3.5003862946955655,-3.5178975801797066,-3.1754600490714138,-0.32492624562415173,0.3920423538,0.0430765596,0.0366,0.0765,0.02,0.0035790981,0.0007529192,0.008300000000000002,-0.004400000000000001,0.0399,0.0009639715628388945,0.0019220223908416,-0.003882486565274,0.009003825110662,-0.0231306610953147,0.0275476441846959,0.0040249030571727,-0.0038332223862565,0.0016552876525417,-0.0196332235755899,-0.0005258305016294,-0.0011384383208708,-0.0201734015418718,0.0240858013192854
1992-07-01,0.0378,-0.006500000000000001,-0.0051,0.0124,-0.0097,0.0031,0.0147,-3.536977492841532,-3.4983591300037964,-3.194908495801429,-0.34206899704010274,0.3833486997,0.0414947919,0.0321,0.0726,0.0398,0.0021398003,0.000897463,0.007700000000000012,-0.009000000000000001,0.0405,-0.017358853978572397,0.0025473854764625,0.0018939888634675,-0.0036912271471839,0.0012020255710517,-0.0021857139848154,-0.002544116032997,0.0097938474367533,0.010810892921215,0.0071431823315277,0.0007582911990377,0.0077320029378857,-0.0089825693302613,0.0049615864950543
1992-08-01,-0.023799999999999998,-0.0039000000000000003,-0.0109,0.0366,-0.016399999999999998,0.0026,-0.004699999999999999,-3.5106642485636614,-3.5349544292342783,-3.1518089831733156,-0.35885526539034585,0.3994050369,0.0430499562,0.0313,0.0725,0.0067,0.0028469751,0.0003695474,0.006999999999999992,0.002299999999999999,0.041199999999999994,0.03937374430342522,-0.0081651132882727,-0.0049681269873799,-0.0004402030109411,-0.0060883657611296,0.0235463471117036,-0.000476582104186,-0.003918124237669,0.0140854303949889,0.0121529970521973,-0.0001813064638615,-0.0113697748401598,-0.0085492192188178,0.0068605089214784
1992-09-01,0.011899999999999999,0.004699999999999999,-0.0019,0.0161,-0.0068000000000000005,0.0026,0.0144,-3.5177096836353114,-3.5086452694809043,-3.1424113344879876,-0.37529834914732385,0.3976569721,0.0411377823,0.0291,0.071,0.0185,0.0028388928,0.0008722412,0.006999999999999992,-0.008599999999999998,0.04189999999999999,-0.0239975483840551,0.0044348368395216,0.0010503470546849,-0.0055528681010539,0.0016194918624878,-0.0070817326956887,0.0124897138485299,0.0062447527776519,0.013347764101187,0.0129265581492994,-0.0003330926407851,-6.54964688162e-05,-0.0055722639667336,-0.0039276134906196
1992-10-01,0.0102,0.0209,-0.019799999999999998,0.011899999999999999,-0.0091,0.0023,0.025,-3.520080011332367,-3.517975955468149,-3.1252998663704536,-0.3947801449619135,0.4032511778,0.0410960987,0.0286,0.0741,-0.0198,0.0035385704,0.0009441448,0.008500000000000008,0.004200000000000002,0.0455,0.009105620365674083,-0.0032748453507243,0.0074546172072531,-0.0200024598341047,0.0184343764976377,-0.0315286188586413,-0.004270854488427,0.0159480758400309,0.0140042220996816,0.0188985672061596,-0.0051912984483809,-0.0047986564006456,0.0017112297516055,-0.0178291755829848
1992-11-01,0.0414,0.0388,-0.0152,-0.0054,-0.0158,0.0023,-0.0025,-3.5501673467206794,-3.5203544261847752,-3.1362595487123115,-0.41390779800836786,0.3936264585,0.0379866517,0.0313,0.0748,0.001,0.0014104372,0.0005080947,0.008599999999999997,0.0059,0.043500000000000004,0.002106270943034838,-0.0039946285582699,0.0005532888802456,-0.023660493794455,0.0168575428966917,-0.0419026595564527,-0.0111490532673915,0.0124471669565669,0.007550030780067,0.0139204811105444,-0.0061730222330162,-0.0175535185561616,0.0208905077759534,-0.0210071815095389
1992-12-01,0.015300000000000001,0.0165,0.0264,-0.0052,0.0083,0.0028000000000000004,0.0433,-3.5604908214908733,-3.5504337625812648,-3.12781224669454,-0.4326785747963333,0.3941096142,0.0388286878,0.0322,0.0726,0.0246,-0.0007042254,0.0004715523,0.008300000000000002,-0.0017999999999999995,0.0404,0.03026177510270367,0.0027805545827738,0.0041771740104739,0.0085703331819048,-0.0011532552745527,-0.0012713770863818,0.016004855804066,0.0031237606415102,-0.0059136529540079,-0.0141460568334314,0.0006891141514516,-0.0073606190564299,0.0161236909743891,0.0062436096745497
1993-01-01,0.009300000000000001,0.0194,0.059000000000000004,-0.019,0.0294,0.0023,0.048499999999999995,-3.5649880229908235,-3.5579667589121047,-3.1218226584857667,-0.44316536450505684,0.3930481045,0.0417538423,0.03,0.0725,0.028,0.0049330514,0.0003488508,0.007599999999999996,-0.002999999999999999,0.042499999999999996,0.010107801089602297,0.0101820100882146,0.0106863128212982,0.0205175494602198,-0.0061205885219635,-0.0061725379814742,0.0191967427066802,0.0065038512314041,-0.015331746520492,-0.0202443105388299,0.0090819602447494,-0.0071804664373694,0.0216635563540999,0.0074530025101457
1993-02-01,0.0012,-0.0337,0.06480000000000001,-0.004699999999999999,0.0415,0.0022,0.0318,-3.572891323277257,-3.5624622816223646,-3.119407958209358,-0.4534833650678989,0.3859601969,0.0407281702,0.0293,0.0698,0.0354,0.0035063114,0.0011468965,0.0068000000000000005,-0.0098,0.0405,0.007045970943976521,0.0186117640132291,0.0016079879813694,0.0489967813801166,-0.0444793245116404,0.0457326788360622,0.0039066742811087,-0.0015744026534223,-0.0188934481874169,-0.0366601140399492,0.0020745879090189,0.001442165467522,-0.0149118397841106,0.0476785544149621
1993-03-01,0.0232,0.0009,0.0126,-0.0022,0.008199999999999999,0.0025,0.037000000000000005,-3.588904593166543,-3.57037995864009,-3.125251722835533,-0.46365287033100966,0.3336135264,0.0371064145,0.0295,0.0702,0.0021,0.0034940601,0.001004725,0.005699999999999997,0.0004000000000000002,0.0407,0.010483613656046442,0.0091147487957202,0.0029028835706826,0.0024503081923482,-0.007036787549594,-0.0037129915377505,0.0218150265349531,0.0090699747084101,-0.0011417280294875,-0.0041589543116905,0.0044169795500016,0.0013990289945125,-0.0082723959086427,-0.0024888609122336
1993-04-01,-0.0305,-0.008100000000000001,0.0255,-0.0369,0.0138,0.0024,0.0036,-3.5619819346299204,-3.5877273074346956,-3.108111819486517,-0.4538701151434035,0.334349806,0.0398126855,0.0287,0.0701,0.0072,0.0027855153,0.001004785,0.0068000000000000005,-0.002,0.04139999999999999,0.018697279985565585,0.0153538549259887,0.0045059819922764,0.0243683237701693,-0.0016731629731263,0.0112812243149176,0.0014135584728464,-0.0027573800084825,-0.0251924328843166,-0.0207332335708207,0.0025977718809697,0.0044117747265122,0.0107595424440456,0.0112004903861512
1993-05-01,0.028900000000000002,0.0194,-0.0346,-0.0014000000000000002,-0.0103,0.0022,0.0021,-3.5832772919180753,-3.560814027929693,-3.1392552503061664,-0.44402204161190895,0.3248824215,0.0402546288,0.0296,0.0701,0.0047,0.0013888889,0.0008173082,0.007800000000000001,-0.0027,0.040499999999999994,-0.025416786591980878,-0.0011035915796855,0.0057952473556637,-0.0221032582523795,0.0298955142507368,-0.0408730331251331,0.0017903930533844,0.0083605597823554,0.00134765245901,0.0200894459380436,0.0070904889729216,-0.0084634231783328,0.0115349017756358,-0.0338252935846644
1993-06-01,0.003,0.0012,0.0264,-0.0091,0.0116,0.0025,0.045700000000000005,-3.582857713924109,-3.582102762293972,-3.148766374285765,-0.4340913396383441,0.3259312476,0.0411540214,0.0307,0.0668,0.0449,0.0013869626,0.0005738514,0.00739999999999999,-0.015600000000000003,0.03609999999999999,0.02271746291374188,0.0035009099339024,0.0016583462209771,0.0109786442908504,-0.0098926366662312,0.0006982168439665,0.0308522456828011,0.0092441487312958,-0.0020162161389166,-0.0171464770352918,0.0032689467757773,-0.0038683704900656,0.0012387751250014,0.0061703281747414
1993-07-01,-0.0034000000000000002,0.0096,0.0287,-0.0184,0.020499999999999997,0.0024,0.0322,-3.5776202296908415,-3.5829615283040908,-3.124972476241721,-0.45264775344912067,0.3237770308,0.0410077869,0.0304,0.0656,0.0191,0.0,0.0006089625,0.007599999999999996,-0.009099999999999999,0.03520000000000001,0.0007552366778471598,0.0120157754668141,0.0031445071962647,0.015198228457194,-0.0169079598901917,0.0110205413116576,0.0229363940249502,0.0019365255212082,-0.014431071514406,-0.0202043057021825,0.0042277553648864,-0.0055763058750238,0.0050461757434602,0.0074720967998029
1993-08-01,0.037200000000000004,0.0008,0.0018,-0.0152,0.0004,0.0025,0.0254,-3.611584499419972,-3.5777320418465366,-3.1407066727136126,-0.4708778267063596,0.3138649833,0.0401929369,0.0302,0.0623,0.0434,0.0027700831,0.0002815688,0.007499999999999993,-0.014700000000000001,0.032100000000000004,-0.005327059241337917,0.0003412950484931,0.0001214000205864,-0.007890032422874,0.0074398454338026,-0.0086394050151242,0.0139006575242408,0.0079105513004466,-0.0023060669810417,0.0033125378807952,0.0029575843176766,-0.0013764319581389,-0.0042528082452216,-0.0169484939988169
1993-09-01,-0.0012,0.0302,-0.0024,0.0025,-0.0019,0.0026,0.0339,-3.601650202706259,-3.6116883361886654,-3.112872716162031,-0.48877748654422826,0.3223518215,0.0418407109,0.0295,0.0627,0.0005,0.0020718232,0.0004706748,0.0068000000000000005,0.0038,0.03320000000000001,0.03443197286501687,-0.0073397679710023,0.0038941453237563,-0.0181084365870892,0.0102624463877699,-0.0134848412455459,0.0212899401839264,0.0136831314813568,0.0077639839715061,0.0085797589949543,-0.0021637033832285,0.0006411687537333,0.0132252593826985,-0.0165635349278781
1993-10-01,0.0141,0.018600000000000002,-0.0278,0.0060999999999999995,0.005600000000000001,0.0022,-0.026699999999999998,-3.6193170222372624,-3.600109733157134,-3.1081979408203675,-0.5111190814168949,0.3113628329,0.0403671364,0.0302,0.0623,0.0096,0.0041350793,0.0003142271,0.006400000000000003,-0.004499999999999999,0.032100000000000004,-0.009987919578910986,0.0079347466512348,0.0125001400523702,0.0060236475567586,0.011834863396256,-0.0167097808636231,-0.01702284752531,-0.0056841367342341,-0.0092979372240483,0.0125020030296123,0.0044483160045339,0.0056435920273127,0.0266158090372862,-0.0078153732005858
1993-11-01,-0.018600000000000002,-0.0131,-0.0078000000000000005,0.0219,-0.0103,0.0025,-0.04769999999999999,-3.6047762190378494,-3.6177709588116693,-3.0718735377606707,-0.5329026812771787,0.3110794108,0.0438375603,0.031,0.0651,-0.0259,0.0006863418,0.0005763517,0.007300000000000001,0.007099999999999999,0.034100000000000005,0.019392935741834316,0.0033866736165608,0.0074653582415324,0.0083447724718386,-0.0007042106734927,-0.0007433686816654,-0.0415258808489889,-0.0085220444335948,0.0088541380942009,0.0145817536750159,-0.0014531120728437,-0.0053343167683957,-0.0024726378257987,0.0153455891443514
1993-12-01,0.0165,0.013500000000000002,0.0025,0.011399999999999999,-0.0034999999999999996,0.0023,0.0233,-3.613281084341952,-3.6032404932250746,-3.0591209218721986,-0.5541601624697532,0.3052672229,0.0457268699,0.0306,0.0654,0.002,0.0,0.0002696821,0.007599999999999996,0.0047,0.0348,-0.012910672680247037,0.001478260756221,0.0019262698732326,-0.0055309559036118,0.0014494994417693,-0.0013337903599433,0.0122247639739091,0.0099916656495457,0.0056981736566893,0.007208736802434,0.0027775160197758,-0.002365456243686,-0.0002953205010149,-0.0036839648182218
1994-01-01,0.0287,-0.0005,0.011000000000000001,-0.0154,0.0139,0.0025,0.0011,-3.64182802927731,-3.6098442047856394,-3.07869689013908,-0.5631311391382301,0.2880585672,0.0436711352,0.0298,0.0637,0.0257,0.0027434842,0.0004234883,0.007300000000000001,-0.005500000000000001,0.033900000000000007,0.010091166980662036,0.0145118906976861,0.0159683790199317,0.0113069244034765,0.0085823421669178,-0.0162418399036841,0.0007709383780492,0.0061967729301054,-0.0057409067939238,-0.0070596636447185,0.0049629223719481,0.0048579612952448,0.0132195447715153,0.0006202516834202
1994-02-01,-0.0255,0.0262,-0.0152,0.0208,-0.009399999999999999,0.0021,-0.0034000000000000002,-3.6078893655089392,-3.6383950247982493,-3.035930987592574,-0.5719583779163653,0.2990588209,0.0450411316,0.0325,0.0682,-0.045,0.0034199726,0.0010260765,0.0068000000000000005,0.016399999999999998,0.035699999999999996,0.03250080394468857,-0.0011765479182408,0.005728247324617,-0.0079583992297742,0.0110663097923965,-0.0055254584995134,0.0074008454915029,0.001565263593223,0.0156810931745115,0.030621285119679,0.004645270410495,0.0020950014343018,0.0052522596114856,-0.0013128890761618
1994-03-01,-0.0479,-0.0103,0.0167,0.006500000000000001,0.0139,0.0027,-0.0132,-3.5576501012139685,-3.604475975886934,-2.9769977678188986,-0.5806523333950699,0.3074838051,0.0419050878,0.035,0.0725,-0.0395,0.0034083163,0.0008921025,0.006499999999999992,0.0011999999999999997,0.03749999999999999,-0.030045057203961778,0.0026712838268071,-0.0024927110486469,0.0117550782898051,-0.0077839719915582,0.0192383373116721,-0.0146122937274543,0.0004971751123341,0.0068256464760715,0.0010773263008498,-0.0047721432403859,0.0003307465502959,-0.0019084235252043,0.0175784702717641
1994-04-01,0.0068000000000000005,-0.01,0.0166,0.0105,0.011399999999999999,0.0027,0.0033,-3.5657600211317533,-3.5542953820205163,-2.952566661215472,-0.6131933599162811,0.3036647862,0.0398456593,0.0368,0.0745,-0.015,0.0013586957,0.001373668,0.006400000000000003,0.005299999999999999,0.0377,-0.04574645716487569,0.0078037182287642,-0.0030960724972509,0.012736533705166,-0.016014037782008,0.0193125762790779,-0.000732131287475,0.0042535356069959,0.0074114774497361,-0.0074850200413145,-0.0006057814160506,0.0055568820268732,-0.0138307093799577,0.0175000391537008
1994-05-01,0.0058,-0.024900000000000002,0.006,0.0064,0.006,0.0032,-0.020499999999999997,-3.574767178185879,-3.5624243356333487,-2.930257737963018,-0.644509440222861,0.2974694757,0.0396410671,0.0414,0.0759,-0.0082,0.0006784261,0.0007505029,0.0063,0.002000000000000001,0.034499999999999996,0.011530609955807014,0.006066382100342,0.0003685317419651,0.0181763427890968,-0.0045863902704823,0.0036494585236343,-0.0020031721547463,-0.0105204218553709,0.0019064092738802,-0.0130041618499669,-0.0093038039355308,-0.0014263337039757,-0.0010376259572839,0.0155580461762363
1994-06-01,-0.0304,-0.0052,0.0177,0.0105,0.015,0.0031,-0.009000000000000001,-3.5442566713944177,-3.5714347912770292,-2.869588491200144,-0.6746681801942738,0.3084170767,0.033995564,0.0414,0.0774,-0.01,0.0033898305,0.0007971327,0.0068000000000000005,0.0019000000000000006,0.036,0.012419329799738144,0.0154700202655769,-0.0001846149557548,0.0251086267680607,-0.0195648713166621,0.0287818172973634,-0.002401747589358,-0.0070133315349858,-0.0046033319957732,-0.0054156641813072,0.0004736107864959,-0.0032939014804687,0.0015698614659195,0.0244273713744444
1994-07-01,0.0282,-0.0187,0.0060999999999999995,-0.0066,0.001,0.0028000000000000004,0.0011,-3.5729588536596095,-3.541976452657316,-2.8727858921457963,-0.7001729615138133,0.2969853808,0.0312112174,0.0433,0.0746,0.0363,0.0027027027,0.0003272825,0.0068999999999999895,-0.0053999999999999986,0.0313,-0.026812118025892118,0.005537089312441,-6.92133442138e-05,0.0080430119093609,-0.0051523980611223,-0.0028428597887935,-0.0029990497285976,-1.28440117073e-05,-0.0028906560575929,-0.0071713980244075,0.0021379522760914,0.0032421456742433,-0.0089449088275663,0.0056536330675108
1994-08-01,0.04019999999999999,0.0144,-0.0255,0.0098,-0.0152,0.0037,0.0154,-3.607628062003333,-3.570676066737703,-2.8827040690184793,-0.7249239929848539,0.2856838193,0.0287065182,0.0448,0.0761,-0.0086,0.0040431267,0.0005603876,0.0067000000000000115,0.0055,0.0313,0.03146735093524211,-0.0015201842309034,0.0043321067373321,-0.0155828205688155,0.0274504366889294,-0.0305582731649262,0.000996926547325,0.00756067790677,0.0111314198474862,0.0212020508252191,-0.0019819393341279,-0.0063668906119437,0.0040140674514842,-0.0179977353939756
1994-09-01,-0.022799999999999997,0.0271,-0.0181,0.005600000000000001,0.0106,0.0037,0.0132,-3.5780918384121305,-3.6053582124423906,-2.8291155080152084,-0.7489763303969221,0.2909046586,0.0290032948,0.0462,0.08,-0.0331,0.0026845638,0.000801893,0.006400000000000003,0.006599999999999998,0.033800000000000004,0.03764320785597386,0.0031626049972379,0.0068311717945324,-0.0025582917063744,0.0190291135981336,-0.0092884461740416,0.0101390618378736,0.00176540403369,-0.0068175391583246,0.0117581172304139,0.0081764789858897,-0.0125429657529616,0.0239268792066069,-0.0201954824639128
1994-10-01,0.013500000000000002,-0.0222,-0.0166,0.0018,-0.0073,0.0038,0.0131,-3.5923632695298426,-3.5717435412698837,-2.810627113546189,-0.7817361559836535,0.2860712737,0.0260004953,0.0495,0.0809,-0.0025,0.000669344,0.001158428,0.0063,-0.0025,0.0314,-0.02689800210304949,0.0003242517158579,0.004049048365257,-0.0085849768790605,0.0161193411445496,-0.0046811507491799,0.0010934259646382,0.0068793457441466,0.0151367199605979,0.0229625497538486,-0.0025979281274883,0.0058976584510565,-0.0057942716549043,-0.0054595278066148
1994-11-01,-0.0403,0.0009,-0.0073,0.0048,-0.0053,0.0037,-0.0012,-3.545741287593467,-3.5860473783778515,-2.732684956475911,-0.813056331117556,0.2989926143,0.022917147,0.0529,0.0808,0.0066,0.0013377926,0.0008363991,0.006400000000000003,-0.0048000000000000004,0.027899999999999994,0.020833783579347953,-0.0115857436347351,0.0045910389400279,0.002412195301639,0.0070835221290024,0.0046237301718717,-0.0066044025758305,0.0005152499525171,0.0049341355825792,0.009014045341751,-0.0034881727737428,-0.0031940143646758,0.0009734365013571,0.0060464477346624
1994-12-01,0.0086,-0.0005,-0.0009,0.004,0.0036,0.0044,0.0345,-3.5516967566569093,-3.5394726296755694,-2.708638263453764,-0.8430584932031455,0.2915683,0.0165942926,0.056,0.0799,0.0161,0.0,0.000704923,0.006400000000000003,-0.00040000000000000105,0.023899999999999998,-0.039504604636392604,0.0058456046103988,0.0080322801466347,0.006623900705109,0.0014202220505594,0.0076337950447212,0.0096280339220588,0.0122535451128642,0.0126588705937288,0.0075122875215748,0.0041476786796485,0.0043306428693064,-0.0052568256969377,0.0044121651717379
1995-01-01,0.018000000000000002,-0.030699999999999998,0.0259,0.0015,-0.006500000000000001,0.0042,-0.0184,-3.575684396932208,-3.5516967566569093,-2.711606536504987,-0.864077860427221,0.2908537344,0.0150933699,0.0571,0.078,0.0273,0.004008016,0.0002893766,0.006200000000000011,-0.0017000000000000001,0.020900000000000002,0.01229914699464385,0.011208717852707,-0.0061489213749247,0.0143130373819994,-0.0169579076619386,0.0187569088020089,-0.0146047839487351,-0.0118864552589265,-0.0002969027127737,-0.0187140560133169,-0.0100818086481654,0.0089376310778898,-0.0026323608796021,0.0287996053622716
1995-02-01,0.0363,-0.0049,0.009899999999999999,0.0060999999999999995,-0.004,0.004,-0.004699999999999999,-3.6111231081963044,-3.575684396932208,-2.7264586141606952,-0.8846644940356092,0.2787300356,0.0145320951,0.0577,0.0758,0.0287,0.003992016,0.0004724141,0.005899999999999989,0.0001999999999999988,0.018100000000000005,0.024277658022514137,0.0062722693973053,0.0028147405593019,0.000579231649613,0.0064083242337777,-0.0043335235528132,-0.0048854923232471,0.0073660246101252,0.0128596771026044,0.0045296548242717,0.003516343673492,0.0008810305245472,-0.0039790021397913,0.0038063210352145
1995-03-01,0.0219,-0.0053,-0.0213,-0.0013,0.0023,0.0046,0.0045000000000000005,-3.6380855754204164,-3.6111231081963044,-2.733249722521028,-0.9048358528993883,0.3138765419,0.0143885983,0.0573,0.0755,0.0091,0.0033134526,0.0004843058,0.0058,0.0003999999999999993,0.0182,0.03607414650737639,0.0073002632361722,0.003741664769045,-0.0073663091678312,0.0166412284806433,-0.0127731693496477,-0.0039021320637284,0.0091131252127341,0.0121079630166946,0.0165604228697677,0.0050434258881465,-0.0050542298067987,-0.0057694315339094,-0.0152114339510775
1995-04-01,0.021099999999999997,-0.0026,0.0167,0.0043,0.008199999999999999,0.0044,0.018000000000000002,-3.660837028813699,-3.633260484725861,-2.741755812951892,-0.9190812158618069,0.3019947008,0.0130124069,0.0565,0.0745,0.0169,0.0033025099,0.0002569204,0.005699999999999997,0.0006000000000000033,0.017999999999999995,0.027329243521615032,0.0035903268158208,0.00433329986479,0.008388724494764,0.0087856927365743,0.0001004198149798,0.0090890310850715,3.1287226858187e-06,0.0019271054996008,-0.0045658499447662,0.0017971182116946,-0.0038781776196533,0.0173817333336511,0.0107607414622366
1995-05-01,0.028999999999999998,-0.0217,0.022799999999999997,0.0040999999999999995,0.0001,0.0054,-0.0055000000000000005,-3.6917106046478185,-3.6560426281633482,-2.758713180888651,-0.9329974237591676,0.2922642542,0.010743778,0.0567,0.0677,0.079,0.0019749835,0.0010114421,0.005500000000000005,-0.015899999999999997,0.010999999999999996,0.027960296379141658,0.0056903966284079,0.0019873483814323,0.0088690333463695,-0.0056379865256885,0.0095737512266003,-0.0059008735359168,-0.0056908294581875,0.0026428214833177,-0.0079429481282074,-0.0048248253333051,0.0027182870866369,-0.006842443920385,0.0183067736963474
1995-06-01,0.027200000000000002,0.0305,-0.0254,-0.0023,-0.0239,0.004699999999999999,0.0301,-3.7079869582179725,-3.6869315961411573,-2.761398696474297,-0.9465882617436754,0.2864296179,0.0082749191,0.0547,0.067,0.0139,0.0019710907,0.0006967643,0.006000000000000005,-0.005999999999999998,0.012300000000000005,0.0363117095063239,-0.0129725340359809,0.0053576538396569,-0.0323757526728981,0.0410383758393793,-0.0399522947091433,0.0142975218088396,0.0157513051714818,0.0076620287291172,0.0207814211006966,-0.0043849617923196,0.0103173528546605,0.0169631254240497,-0.038193900943746
1995-07-01,0.0371,0.0212,-0.0158,0.0022,-0.0158,0.0045000000000000005,0.026000000000000002,-3.7339463515120443,-3.7026647195758566,-2.7854454538485762,-0.9485008976634681,0.2771603672,0.0070611198,0.0542,0.0691,-0.0168,0.0,0.0007732277,0.0063,0.006699999999999999,0.014899999999999997,0.02127859017622802,-0.0082604081505475,-0.0025170044282104,-0.0336847468260791,0.0291081462862636,-0.0388766475065755,0.0163218897446524,0.0155498213645373,0.0099246235485606,0.0182494206296141,-0.0001452055420669,-0.0178157893466265,0.0074006024549084,-0.0337939844148235
1995-08-01,0.0055000000000000005,0.017,0.0268,-0.011699999999999999,0.0149,0.004699999999999999,0.0005,-3.728324581995689,-3.7286448837938972,-2.7779422451439686,-0.9503823368517206,0.2830461347,0.0091214683,0.054,0.0674,0.0236,0.0026229508,0.0002067297,0.006199999999999997,-0.0022000000000000006,0.013400000000000002,0.031776044056906816,0.0076431301715252,0.000117378999369,0.0104753034176821,-0.0020899605222445,0.0068851961963448,0.0014531864056376,-0.0046159961562654,-0.0105040917665283,-0.0196501550628777,-0.0005564013403227,-0.0017870990443722,0.0198053469617454,0.0078568074873039
1995-09-01,0.0336,-0.018600000000000002,-0.0011,0.009899999999999999,0.004,0.0043,0.0286,-3.7623729254775635,-3.72305843814271,-2.8101250519881504,-0.9522478734894131,0.2724949976,0.006379353,0.0528,0.0663,0.0175,0.0019620667,0.0003814536,0.006099999999999994,-0.0022000000000000023,0.013499999999999998,-0.00032025050706319114,0.0035135780138662,0.0045547138538562,0.0060838048751029,0.001717153962327,0.0066419335878935,0.0157256888976124,0.0008733627336555,0.0049196922038535,-0.0016106133861083,-0.0027446496665012,0.0003530972747318,-0.0077791106307871,-0.0001548570933568
1995-10-01,-0.0151,-0.0407,-0.0049,0.019299999999999998,-0.001,0.004699999999999999,0.0417,-3.752164533565487,-3.7571563529043304,-2.8167611210379024,-0.9354034125275845,0.2744202453,0.0122212523,0.0528,0.0641,0.0294,0.0032637076,0.0004878173,0.0063,-0.0109,0.011300000000000004,0.040097529721648595,0.0063500629165058,0.0073747385105299,0.015112751552302,0.0007997038757488,0.0249312445398959,0.0142504857285635,0.0132092004800726,0.0198302881570119,0.0116805839155464,-0.0010343159607508,-0.0136799876074254,-0.0289835997241983,0.0097934186534916
1995-11-01,0.039599999999999996,-0.0106,0.0052,-0.005699999999999999,0.01,0.0042,-0.0072,-3.7872039018496326,-3.746975032462449,-2.8687517690594637,-0.9184521327901689,0.2571688515,0.0168709535,0.0536,0.0623,0.0249,-0.0006506181,0.0005461627,0.006599999999999995,-0.0006999999999999992,0.0087,-0.0049793809140842304,0.002383973416907,0.0057043462390825,0.0076345575515761,-0.0038757603653785,0.0008751722797573,-0.0088051713061301,-0.0099994181039604,0.0046517243610518,-0.0044970792195796,0.0008513776190751,0.0016030926265553,-0.0137793757979652,0.0071395360156731
1995-12-01,0.0104,0.006500000000000001,0.0024,-0.0144,0.0302,0.0049,0.0248,-3.7993346720581638,-3.782041192691284,-2.897949959269636,-0.9013847127885279,0.2550263829,0.0155265173,0.0514,0.0603,0.0272,-0.0006510417,0.0008205365,0.006699999999999998,-0.004399999999999998,0.008899999999999998,0.04104901117798798,0.0078797569295443,0.0063837647490744,0.0266087300705131,-0.017878022492889,0.0323395558109624,0.0125787136675502,-0.0119255031773631,-0.0190568312459275,-0.0203820850995422,-0.0008302892013083,0.0010769748781173,0.0114713474855121,0.0096858380131726
1996-01-01,0.0226,-0.0264,0.0046,0.0026,0.023,0.0043,0.005699999999999999,-3.823823299844693,-3.7917266111709047,-2.9292607377704716,-0.8945625620742215,0.2418771721,0.0161278629,0.05,0.0609,-0.0011,0.0058631922,0.0013839551,0.006600000000000009,0.0025,0.0109,0.017443877298181087,0.0126464147276949,-0.0002457575595329,0.0130825320088143,-0.0110496163327694,0.0134681382531818,-0.0041188724237685,0.0022947929499103,0.0029880535194799,-0.0128123260894772,0.0033439370221123,0.0129179022051267,-0.0005575001170885,0.0127595609365586
1996-02-01,0.013300000000000001,0.0177,-0.0105,0.0016,-0.0189,0.0039000000000000003,0.005699999999999999,-3.8231753575858467,-3.8162655412256608,-2.935388201149576,-0.8877871564362705,0.2378947371,0.0168013686,0.0483,0.0659,-0.0483,0.003238342,0.0012676309,0.006400000000000003,0.011000000000000003,0.017599999999999998,0.032617342879872835,-0.0044552949487196,-0.0028620467892536,-0.0195399628046212,0.014053170416376,-0.0184988639807831,-0.0028459977712768,0.0043272209120513,0.0080811571306948,0.0175270528861629,0.0060767207304796,0.008424719925204,0.0064317441374613,-0.0166605972898485
1996-03-01,0.0074,0.015600000000000001,0.0042,0.0144,-0.0095,0.0039000000000000003,-0.018500000000000003,-3.823566765191128,-3.8156813806511876,-2.9424889065815236,-0.8810778586096042,0.2392996154,0.0168919131,0.0496,0.0684,-0.021,0.0051646223,0.0017417161,0.0068000000000000005,0.008000000000000002,0.018800000000000004,0.006933744221879756,0.0040772591700552,-0.0030516850162266,0.0061606320194158,-0.0237818735411502,0.0060961078957144,-0.0075778458803141,-0.004658650432951,-0.0035268164424898,-0.0024405943780498,0.0078483793252983,-0.0017052119698019,0.0005465125975801,0.0096113654237681
1996-04-01,0.020499999999999997,0.047,-0.0397,-0.002,-0.0203,0.0046,-0.009399999999999999,-3.832924982035051,-3.819582935804875,-2.9473476490472725,-0.8855773329877783,0.2400758062,0.0211219538,0.0495,0.0706,-0.0165,0.0038535645,0.0009818376,0.006900000000000003,0.0005000000000000004,0.021099999999999994,0.007916556063894742,-0.0107865674827029,-0.0004196200880407,-0.0364237120554759,0.0533506146467446,-0.0525568124164309,-0.0131807004616687,0.0104056684223013,0.0012181171670589,0.0346834657114268,0.0036786293698183,-0.0030147601346845,0.0309611871536074,-0.0497853821074771
1996-05-01,0.0236,0.0323,-0.009000000000000001,0.0003,-0.0033,0.0042,0.016200000000000003,-3.8515460863075535,-3.828949926584158,-2.9615318664922055,-0.890014219815348,0.2369235155,0.0264191545,0.0502,0.0717,-0.0054,0.0019193858,0.0011252912,0.0068000000000000005,0.005900000000000001,0.0215,0.01343144848954303,-0.0132741207012481,0.0029925381664241,-0.0091635423042326,0.0133054399107376,-0.0154416291405272,0.0164005857301937,0.0002326661864371,-0.0095730501054957,0.0058943820505913,0.0020556313480359,-0.0021832627535299,0.0251377557454373,-0.0211949101890307
1996-06-01,-0.0113,-0.036699999999999997,0.0233,0.035,0.012,0.004,0.0102,-3.8498479284411316,-3.847593775592637,-2.955444247971818,-0.8944036804693134,0.2364437252,0.0272161737,0.0509,0.0703,0.0203,0.0006385696,0.0003948038,0.006900000000000003,-0.0030999999999999986,0.0194,0.022853386734335235,0.0280527546634044,0.0036555019688892,0.0419417656202816,-0.0512738434918899,0.0533655975576113,0.001061082680584,-0.006546164800788,0.0051530418851561,-0.0190575382176596,0.0030814074758483,0.0124037630307979,-0.0230462967345199,0.0525172543560182
1996-07-01,-0.0596,-0.0378,0.0519,0.028999999999999998,0.0268,0.0045000000000000005,-0.0015,-3.7939327013078485,-3.840760222094811,-2.898263744495316,-0.8956689568125324,0.2418198938,0.0311368642,0.0515,0.0707,0.0018,0.0019144863,0.0023551484,0.007000000000000006,-0.0007999999999999999,0.019200000000000002,0.0022566953610712037,0.0132263190699145,0.0058238245202582,0.0349785294853927,-0.0415010846675901,0.0560570542136698,-0.0055305662561772,-0.0001159033006755,0.020350570022613,-0.0120652850980862,-0.0033312540110131,0.0051945208578098,-0.0189924970432854,0.058188109696075
1996-08-01,0.0277,0.0258,-0.008199999999999999,-0.0038,-0.024700000000000003,0.0040999999999999995,-0.0002,-3.8035591336592987,-3.7849199575753785,-2.9066532186626635,-0.8969059149966352,0.2380611179,0.0308861056,0.0505,0.0726,-0.0139,0.001910828,0.0011215207,0.007199999999999998,0.006899999999999999,0.022099999999999995,-0.04574802797369626,-0.0070437453541246,-0.0031931903246998,-0.02274611397282,0.0164818695653831,-0.0234746297923083,0.0017582769448555,0.0011625951973184,-0.001472293787506,0.0045929036286512,0.0011066597755183,0.0039262501947661,0.0075943387346997,-0.0179413666766949
1996-09-01,0.0501,-0.0141,-0.0274,0.013000000000000001,-0.0213,0.0044,0.026699999999999998,-3.847389917171492,-3.794633713848317,-2.9492664892527856,-0.8981234279187063,0.2272973181,0.0295807368,0.0509,0.0704,0.029,0.0031786395,0.000686243,0.006900000000000003,-0.003100000000000002,0.019500000000000003,0.01881396984139383,-0.0091582782645644,-0.0014398682943152,-0.0248374648141783,0.0234199181810829,-0.0240560538682041,0.0049127570315898,0.0087547225432759,0.0213169208601246,0.0215767316801484,-0.0076069507208072,-0.0014129154662415,-0.0134725301173981,-0.0228676526147917
1996-10-01,0.0087,-0.0379,0.048799999999999996,0.0138,0.0297,0.0042,0.037200000000000004,-3.8678597956376524,-3.842064515128507,-2.9500981911761337,-0.9177616044615187,0.2217476558,0.0256558088,0.0499,0.0671,0.0404,0.0031685678,0.000606645,0.0068000000000000005,-0.004299999999999998,0.017200000000000007,0.054172610009355804,0.017969755707519,0.009124964801203,0.041668934749464,-0.0395274527430688,0.0477449109378867,0.030440751354296,0.0090860991796072,0.0076442193708379,-0.0234047540915775,-0.0032113628720727,0.0062427399807452,-0.0164037962120237,0.0503214700342494
1996-11-01,0.0625,-0.0382,0.013999999999999999,0.0206,-0.0069,0.0040999999999999995,-0.0235,-3.9333648209469425,-3.862555855997279,-2.996551609937393,-0.9368132110095497,0.2050079191,0.0220673413,0.0503,0.0643,0.0351,0.0018951358,0.0007037354,0.006900000000000003,-0.008799999999999999,0.013999999999999999,0.026130857982569866,0.0069486502083138,0.0013222746261881,-0.0033506706097713,0.0009491223339478,-0.0011234090375771,-0.0123542074005937,-0.0016856117079389,0.0278573274452978,0.0067597258096562,-0.0035536454928106,-0.007905965085927,-0.0164787465073052,0.0246758001679947
1996-12-01,-0.017,0.0319,0.0128,0.0023,0.0149,0.0046,0.0053,-3.906355589926097,-3.9280955765625025,-2.951035193004638,-0.9553203969214588,0.2073427297,0.0241256867,0.0491,0.0673,-0.0256,0.0,0.0017090846,0.006900000000000003,0.007000000000000003,0.0182,0.07337615381343321,0.004753641886122,0.0033188183724399,0.0106173095565552,-0.0060883485654434,0.0115954281137843,0.0003239329489573,0.0020268131505176,-0.0092857265266639,-0.0042872618936385,0.0030070930916836,0.0051573672956242,0.0260569466386821,0.0113937211285726
1997-01-01,0.049699999999999994,-0.0182,-0.0144,0.012199999999999999,-0.0007000000000000001,0.0045000000000000005,0.0187,-3.9622951998967353,-3.902784552373863,-2.997634458074083,-0.9646607418226525,0.1962401029,0.0244069327,0.0503,0.0689,-0.0079,0.0031525851,0.0013600822,0.006699999999999998,0.0051,0.018600000000000005,-0.021505376344086002,-0.0066569530269387,0.0011517651609509,-0.0110742187371697,0.0213944030592151,-0.0172307555317094,0.0102610159457288,0.0042365340881257,0.0076779625695165,0.0003526155605319,0.0011870099969038,0.0126877667835094,0.0149244563827163,-0.0048362191973295
1997-02-01,-0.0048,-0.0254,0.056100000000000004,0.0072,0.0347,0.0039000000000000003,-0.0218,-3.964640252900873,-3.9587302051336755,-2.990795187904119,-0.973845064996754,0.1943954108,0.0229109266,0.0501,0.0694,0.0005,0.0031426776,0.0014747914,0.0063,0.0023,0.019300000000000005,0.06131706131706127,0.0140597959887995,0.0048851111249193,0.0463044584728636,-0.0529981590401008,0.0577979931070474,-0.0078692473818196,-0.0178876148912069,-0.002304244613379,-0.0291184239338693,-0.007524520826344,0.0092270196627966,-0.0116347966020443,0.0619326604263273
1997-03-01,-0.050199999999999995,-0.0040999999999999995,0.0339,0.0039000000000000003,0.015300000000000001,0.0043,0.0088,-3.917545942245285,-3.961094562716686,-2.934660235558484,-0.9828857066868011,0.2147802023,0.0211485434,0.0514,0.0723,-0.0252,0.0025062657,0.0020014615,0.0063,0.0030999999999999986,0.020900000000000002,0.005927546555408725,0.0205035915599091,0.0063679987148619,0.0304443904036276,-0.0315558552938828,0.0311517555297375,0.0098582315049057,0.002488496545073,0.0065426474455593,0.0042308586739962,0.0063271426916296,0.0072626555240128,-0.0151790082896854,0.0344169479686078
1997-04-01,0.0404,-0.057,0.0,0.0336,-0.0102,0.0043,0.0483,-3.9720542662426452,-3.9152907011726765,-2.9888599925793025,-0.9831942736633428,0.2017410478,0.0169452901,0.0516,0.0705,0.0255,0.00125,0.003005081,0.006100000000000008,-0.007099999999999999,0.018899999999999993,-0.042613995599504406,0.0109103294801779,0.0026868718448453,0.0068611270886777,-0.020137897011918,0.009994191341836,0.0377506924620761,0.0049931479517735,0.0355962618049552,0.0100988260446675,-0.0068392097627932,0.0073001426435707,-0.0442801362407674,0.0199863493609437
1997-05-01,0.0673,0.046799999999999994,-0.041100000000000005,-0.0104,-0.0276,0.0049,-0.0519,-4.0267295433908,-3.969804099839874,-3.043225711994618,-0.9835038313961824,0.1928785879,0.0132644502,0.0505,0.0701,0.0097,-0.0006242197,0.0020074558,0.006199999999999997,0.0031000000000000003,0.019599999999999992,0.05840553677092153,-0.017027650237411,-0.0005957581593731,-0.0401178996903026,0.0503207413454987,-0.0485509960145903,-0.0448985096585002,0.0044436656123076,-0.0002769299451514,0.0232424352437962,0.0031072990353762,0.0125378425644837,0.0346258548740293,-0.0377569715071323
1997-06-01,0.040999999999999995,0.011699999999999999,0.0144,0.005600000000000001,0.0045000000000000005,0.0037,0.0259,-4.067019483487831,-4.024484428871418,-3.0832100440258534,-0.9838094394619774,0.184287615,0.010846707,0.0493,0.0688,0.0195,0.0012492192,0.0019744632,0.006099999999999994,-0.0007999999999999986,0.019500000000000003,0.058576883719769324,-0.008591096908363,-0.0020544484856252,0.0056083676370481,-0.0136633449924424,0.0128389426694696,0.0108876365598378,0.0069131602714224,0.0044518291805254,-0.0021263456676406,0.0012685713248067,0.0027269484378258,0.0098472049137525,0.0075946267530847
1997-07-01,0.0731,-0.0274,0.0013,0.0018,-0.0256,0.0043,0.037000000000000005,-4.13846895742606,-4.063247173530078,-3.1576922740855884,-0.9807766833404719,0.171964943,0.0115926587,0.0505,0.0637,0.0626,0.0012476606,0.0020102151,0.006099999999999994,-0.009800000000000003,0.013200000000000003,0.04345263356438922,0.0042757366018472,-0.0016020502161153,-0.014233479129484,0.0159992952024973,-0.0234087846246249,0.0354152058925309,0.0084865328645685,0.0163509993816398,0.0103723142622632,-0.0081727230069356,0.0140875811578683,-0.0188116239208664,-0.0071562512051123
1997-08-01,-0.0409,0.075,0.0113,-0.0102,-0.0017000000000000001,0.0040999999999999995,-0.025699999999999997,-4.0755423704506875,-4.1347042779616885,-3.0977913592740496,-0.9777510111766383,0.1855054038,0.012877263,0.0514,0.0672,-0.0317,0.0018691589,0.0024647217,0.006000000000000005,0.0076999999999999985,0.015799999999999995,0.07812323474252647,-0.0036830668959906,0.0007624833499748,-0.0080813578771629,0.0222635565793715,-0.0161989366958608,-0.0131521303757651,0.0049658365910923,-0.01997009077394,0.0044721194727254,0.0076021938020331,0.0020984481104645,0.0464981221343666,-0.0112988882668201
1997-09-01,0.053399999999999996,0.0248,0.0024,-0.0158,-0.009300000000000001,0.0044,0.0146,-4.12358735156845,-4.071798332518004,-3.148841916752475,-0.9747454348159743,0.177967857,0.0146342661,0.0495,0.0649,0.0316,0.0024875622,0.0026264943,0.005500000000000005,-0.009000000000000005,0.015399999999999997,-0.05744584979408773,-0.0014644255710423,-0.0053243233062079,-0.0100722740807287,-0.0003054400099071,-0.0060267490688959,0.0149980356055273,0.0091707886495658,-0.011416875197755,-0.0155419058243077,0.0031968281721537,-0.0002954081120845,0.0206073298855289,-0.0111891918886781
1997-10-01,-0.0381,-0.005600000000000001,0.0233,0.0075,0.020099999999999996,0.0042,-0.0053,-4.084940189478857,-4.1200262310336395,-3.1213312479859088,-0.9636089414929478,0.1900006773,0.0162628256,0.0497,0.0623,0.0341,0.0024813896,0.0093638214,0.005699999999999997,-0.015,0.0126,0.05315352374175908,0.0022556149791405,-0.0002006582030898,0.0160494317747554,-0.0287019386594452,0.0329414065220166,-0.0062486545989154,0.0119614903308289,0.0036540955072201,-0.0134577703969349,0.008649296653228,-0.001828993503052,-0.0014107659481488,0.025703036834595
1997-11-01,0.029900000000000003,-0.0501,0.012199999999999999,0.0308,0.0173,0.0039000000000000003,0.0038,-4.125019603722656,-4.081398181234713,-3.172583369520963,-0.9524362342016928,0.1807462988,0.0156672081,0.0514,0.0614,0.0148,-0.0006188119,0.00266211,0.005500000000000005,-0.004700000000000001,0.010000000000000002,-0.03447766235959793,0.0004575761672863,0.0138014101384064,0.0354038513774651,-0.0325656484589414,0.0379356665633809,-0.0069134600925872,0.001708527248014,0.01960002983525,-0.0015722390834919,-0.0115318563721088,-0.0088735891269679,-0.0392006527009813,0.0400697899654746
1997-12-01,0.013600000000000001,-0.0209,0.0374,0.0064,0.0195,0.0048,0.0391,-4.137092815433343,-4.121483644150663,-3.195884433061569,-0.9412083823717738,0.1788008842,0.0155594713,0.0516,0.0602,0.0184,-0.0012383901,0.0022493744,0.005600000000000008,-0.002100000000000001,0.008599999999999997,0.044586822942861426,0.0037664185844267,-0.0018444409503013,0.019025380997485,-0.0438433327589869,0.0484147321836799,0.0339160456955544,0.0042890325581413,0.0011356180852554,-0.0314692573388487,-0.0075333902250136,-0.01530348124863,-0.0262584221293303,0.0298125490858758
1998-01-01,0.0014000000000000002,-0.0128,-0.0168,0.0091,-0.0062,0.0043,0.0005,-4.144099201631061,-4.134000228727825,-3.2074951220501284,-0.936604079580933,0.1788402734,0.0137396363,0.0504,0.0589,0.02,0.0018598884,0.0024688425,0.0058,-0.0063,0.0085,0.015731630730583923,0.0078780139397825,0.0131979687169291,0.0065656761599543,0.0155621636549017,-0.0046266896766099,-0.0097046353180276,-0.0088519746936022,0.0003554759143685,0.0133336120969374,0.0011629217681168,0.0190650249415198,0.010497337095669,-0.0018003044208607
1998-02-01,0.0704,0.0005,-0.009300000000000001,-0.0037,-0.0258,0.0039000000000000003,-0.011899999999999999,,-4.1410161495390305,,-0.9320070226576864,0.1654630971,0.0120563774,0.0509,0.0599,-0.0072,0.0018564356,0.0010533477,0.0058,0.0065,0.009000000000000001,0.010150139628824384,-0.0106207553064189,-0.0034436090245839,-0.0204331060470827,0.0120493586012805,-0.0230891174750751,-0.0092839330672453,0.0013570472314756,0.0063275209347355,0.0126525859432331,0.0023592965697269,0.0029409608478386,-0.0052118659845296,-0.0155913152708857
1998-03-01,0.047599999999999996,-0.0073,0.0138,-0.0055000000000000005,-0.0023,0.0039000000000000003,0.0213,,,,-0.9274171460503662,0.181140396,0.0164888614,0.0503,0.0602,0.0025,0.0018529957,0.0011367858,0.006000000000000005,0.0013,0.009899999999999999,,0.0110316043616101,-0.0028291854522452,0.0050808021690986,-0.0130426193278915,0.0064058248428777,0.0149330625295105,8.48673974169e-05,-0.0059706745648711,-0.0119515348514916,0.003633841783238,0.0084545157098762,-0.004117232275733,0.0034897228876663
1998-04-01,0.0074,0.0001,0.0103,-0.0168,-0.0036,0.0043,0.0076,,,,-0.9160366345535147,0.1758729222,0.0164053658,0.0495,0.0604,0.0026,0.0018495684,0.001614764,0.006400000000000003,0.0027,0.0109,,0.0012888630567188,0.0058700904210895,-0.0051534435801186,0.0184038837648075,-0.0176280345478206,-0.0045207458589255,0.0044817332043799,0.0064292052087597,0.0058715828443326,0.0052095379184696,0.0031370253171657,0.0109068524761627,-0.0065687026051314
1998-05-01,-0.0305,-0.03,0.0341,0.0103,0.024700000000000003,0.004,0.0191,,,,-0.9046756097016386,0.1791022057,0.0190752061,0.05,0.0592,0.0182,0.0018461538,0.0009588233,0.006099999999999994,-0.0015000000000000013,0.0092,,0.0018665208704103,0.0053561738907491,0.0288342606934,-0.0314805494800753,0.0393738167658793,0.019462647998336,-0.0064287428422262,0.005952973154613,-0.0044108677728212,-0.0048940817376993,0.0074383297062104,-0.0177502879082312,0.0279651730037128
1998-06-01,0.0321,-0.0361,-0.0203,-0.0026,-0.030299999999999997,0.0040999999999999995,0.0726,,,,-0.8933332901197644,0.178060606,0.0240105767,0.0498,0.0576,0.0228,0.0012285012,0.0020973439,0.006000000000000005,-0.011300000000000001,0.007800000000000001,,0.0047774420528832,0.0080057766697058,-0.0121889416359857,0.014204465192565,-0.0080289901177157,0.0688792037376684,0.0086157912980576,0.004397589442335,0.0054965167934257,0.0034197662876623,-0.0088972522595064,-0.0393734392835177,-0.0291462046926093
1998-07-01,-0.0242,-0.052000000000000005,-0.0183,0.016399999999999998,0.0076,0.004,0.0379,,,,-0.8817552784539839,0.1794381089,0.0253535652,0.0496,0.0584,-0.004,0.0012269939,0.0022281758,0.0059999999999999915,-0.0015999999999999999,0.008800000000000002,,0.0126919628571667,0.0109328154433994,0.0181635384692513,-0.0060682716491403,0.0185162914249728,0.0352969966137259,-0.0013850346808694,0.010276537555991,-0.0029469707399629,-0.0036373644955941,-0.0028094284807883,-0.0211053588194869,0.001876778548928
1998-08-01,-0.1605,-0.049699999999999994,0.035699999999999996,0.0335,0.057800000000000004,0.0043,0.019,-4.086600514930241,,-3.2164734604759935,-0.8701270544542474,0.2114320916,0.0285190292,0.049,0.0547,0.0465,0.0012254902,0.009333917,0.006200000000000011,-0.0376,0.005699999999999997,,0.0152684201806484,0.023086714987041,0.0716530090868055,-0.0445293692851434,0.0962378247727158,0.0303105842518251,-0.0100853374981595,0.0214721835469881,0.0057320506068443,-0.0065324694571326,-0.0032420076026272,-0.0344741684714375,0.0610695645113304
1998-09-01,0.061900000000000004,-0.0089,-0.0351,-0.0184,-0.028399999999999998,0.0046,-0.006500000000000001,,-4.082609410466329,,-0.8584652613151205,0.2032484042,0.0240829091,0.0461,0.0517,0.0395,0.0012239902,0.0099710169,0.006900000000000003,0.001800000000000003,0.005600000000000001,,0.0273658499861999,0.0044237771272927,-0.0157764501990141,0.0523096682536474,-0.0362285114733997,-0.0057705362329778,0.0035096242937162,-0.0127381271821662,-0.0022799111615765,0.0016938960437494,-0.0025983685014804,0.0049225589270304,-0.0315577295010057
1998-10-01,0.0698,-0.0336,-0.0233,0.0088,0.0018,0.0032,-0.0533,,,,-0.854062286300481,0.1855190768,0.0207400892,0.0396,0.054,-0.0218,0.0024449878,0.0051715275,0.008099999999999996,0.0028000000000000004,0.014399999999999996,,-0.0036130213035135,0.0024426822740224,-0.0085771086216732,0.0146367767751163,-0.036862189231472,-0.0503028032220139,-0.0024011744384195,0.0273830278483743,0.0178279954562746,-0.0114398654054002,0.0214964549499228,-0.0212233252289496,0.0116302983247767
1998-11-01,0.060700000000000004,0.0076,-0.032400000000000005,-0.0092,-0.0092,0.0031,0.0113,,,,-0.8496457803558983,0.1748468445,0.0220035773,0.0441,0.0535,0.0097,0.0,0.0019366789,0.009300000000000003,0.0173,0.009399999999999999,,-0.0016374630480928,0.0121495893450528,-0.0146300347888211,0.0378593517274221,-0.0368304458715202,-0.0104428111658468,0.0103777458116944,-0.0020487292667638,0.0185429733643388,-0.0012646792674194,-0.0008201632954482,0.0067202773527218,-0.0283463170095477
1998-12-01,0.061500000000000006,-0.015,-0.0425,-0.0069,-0.0326,0.0038,0.08869999999999999,,,,-0.8452227586469729,0.1736113154,0.0200570294,0.0439,0.0542,-0.0032,-0.0006097561,0.0032868972,0.010100000000000005,0.004200000000000001,0.010299999999999997,,0.0034158334446611,0.0129709897319526,-0.0437070417590821,0.0463198415105731,-0.0325297887704736,0.0736760193804898,0.0263998173623966,0.0093689108203055,0.0304130521611656,0.0070879757787147,-0.0003557468983534,-0.024171418276782,-0.0689038398104259
1999-01-01,0.0347,-0.008199999999999999,-0.0446,-0.027999999999999997,-0.0641,0.0034999999999999996,0.028399999999999998,,,,-0.8459104214029352,0.1703206191,0.0155876993,0.0434,0.0536,0.0121,0.0024405125,0.0033356136,0.01050000000000001,0.00020000000000000052,0.0102,,0.0105790429500138,0.0099994537147136,-0.0337661736306533,0.0856744511984338,-0.0830751843131548,0.0384038389179331,0.012658429242911,-0.0290360645876702,0.0063541289577508,0.0066394525832499,-0.0295877204029295,0.0195565504362764,-0.0707421545402471
1999-02-01,-0.0408,-0.051500000000000004,0.0195,-0.0123,0.0408,0.0034999999999999996,-0.0014000000000000002,,,,-0.8465992320281863,0.1712768096,0.0184466675,0.0444,0.0587,-0.052,0.0012172855,0.0034821497,0.009899999999999992,0.0119,0.0143,,0.0088196075805769,-0.0006799780104879,0.0279815465735484,-0.0359434967130845,0.0353102187336742,-0.016254131807246,-0.0009700065516143,0.0164333717246455,-0.0121235184760937,-0.0043076925189063,0.0094205365123786,-0.0276259335216269,0.0343217128257822
1999-03-01,0.0348,-0.0437,-0.026099999999999998,-0.0405,-0.010700000000000001,0.0043,-0.0121,,,,-0.847271805489533,0.1728971707,0.0206681224,0.0444,0.0592,-0.0008,0.0030395137,0.0032135873,0.00910000000000001,0.001,0.0148,,0.0215708607133402,-0.0065685314581073,-0.021610917120331,0.0340772712224675,-0.0539366775255207,0.0171883709373815,2.151298309e-05,-0.0120743253794146,-0.0094382653221601,0.002645428892325,-0.0210108492036504,-0.0433372536861449,-0.0315035202819005
1999-04-01,0.0434,0.0452,0.024,-0.024700000000000003,0.0084,0.0037,-0.0898,,,,-0.8699597421153835,0.1568258764,0.0251812663,0.0429,0.0594,0.0021,0.0072727273,0.002726626,0.008400000000000005,-0.0045,0.0165,,0.014849468619844,-0.0171943800470979,0.0125362658800498,-0.0306911919861398,-0.0066139955908386,-0.0454031875238769,-0.0164329507562326,-0.0201213195937988,-0.0267508339733893,0.0042482631142785,-0.0018080588573721,0.0173806030550594,0.0413297451778646
1999-05-01,-0.0246,0.0375,0.024900000000000002,0.0095,0.0318,0.0034000000000000002,-0.0525,,,,-0.8921512149621607,0.1602311354,0.0258974347,0.045,0.0615,-0.0185,0.0,0.0030856487,0.007900000000000004,0.000899999999999998,0.0165,,-0.0045857216678572,0.0126546634054812,0.0175931341417028,-0.001628363261217,0.0129287537783451,-0.0445192112626302,-0.0047321440998505,0.0038664205520221,0.0120554332051172,0.0045851616978595,0.010057208534267,0.0440688569572505,0.0303191685197998
1999-06-01,0.04769999999999999,0.023399999999999997,-0.0322,0.009300000000000001,-0.0291,0.004,0.0466,,,,-0.91385586337148,0.1542274468,0.0188685806,0.0457,0.0627,-0.0078,0.0,0.0024092465,0.00789999999999999,-0.0082,0.017000000000000008,,0.0024604906421674,0.0112806805331431,-0.0132920760685026,0.0519248353511952,-0.0469255878967822,0.0320211211883222,0.0078113350909501,0.0055718224237111,0.0266138292672276,-0.0086882770562206,0.0031681264176762,0.0144584085122555,-0.0437148027601426
1999-07-01,-0.0349,0.0254,-0.0018,0.0029,0.0327,0.0038,0.017,,,,-0.933564060544612,0.1587964727,0.0193704415,0.0455,0.0639,-0.0077,0.0030084236,0.0016111779,0.007599999999999996,-0.003599999999999999,0.0184,,0.0077943452216536,0.0058715184715974,0.0227868143023996,0.010314102506175,0.0113886075671546,0.0144939788786701,-0.0066514342115075,-0.0022312954735142,0.0045596411941927,0.0037869558643218,0.0015850910777703,0.0320049844512893,0.0078231495228359
1999-08-01,-0.0137,-0.0167,-0.019299999999999998,-0.0024,0.0072,0.0039000000000000003,0.0298,,,,-0.9527367962992122,0.1562430269,0.0188807383,0.0472,0.0649,-0.0053,0.0023995201,0.0027298485,0.007500000000000007,0.0027,0.0177,,0.0142741478214867,0.0143374083872701,0.0033503400103364,0.0461762908042823,-0.0253379138416895,0.0311219389897886,-2.76140957849e-05,-0.0089259472789158,0.0051125900239017,0.0064710579637315,-0.0145639436627042,-0.0056766460579459,-0.0256560456136127
1999-09-01,-0.0277,0.0248,-0.028999999999999998,-0.0096,-0.009899999999999999,0.0039000000000000003,0.0638,,,,-0.9714105997942135,0.1636844982,0.0203796791,0.0468,0.0646,0.0084,0.0047875524,0.0027049432,0.00810000000000001,0.0008999999999999998,0.017800000000000003,,0.00886405423428,0.0085647277234049,-0.015969559286643,0.0420777762929829,-0.0308631043308969,0.0361125668218606,0.0120137023272887,-0.0163214893720476,0.0104932085121472,-0.0001607940556535,-0.0128835184867837,0.013094459899932,-0.0427433855783529
1999-10-01,0.060899999999999996,-0.0713,-0.0288,-0.0175,-0.0087,0.0039000000000000003,0.0545,,,,-1.0018128265828503,0.1576906607,0.0204452369,0.0486,0.0651,-0.0012,0.0017867778,0.0048759751,0.008300000000000002,0.0059,0.016500000000000008,,0.00250840025845,0.0075552158249952,-0.019986512933693,0.0502980326895364,-0.0305881111389955,0.0298655841970345,0.0178909442208804,0.0051101075320832,-0.0058085280971474,-0.0130197677816106,-0.0093614272023769,-0.0680965750228498,-0.0509361432941949
1999-11-01,0.0341,0.056900000000000006,-0.0565,-0.0418,-0.0184,0.0036,0.054900000000000004,,,,-1.031260819396739,0.1555459671,0.0182804544,0.0507,0.0662,-0.0061,0.0005945303,0.0013542672,0.007900000000000004,0.0037000000000000006,0.015499999999999993,,0.0252471079989291,0.0187099915121903,-0.0552268930743053,0.127416635945811,-0.117054806407507,0.0621266592574405,0.0240943039212819,-0.0530941331158951,0.0276865242507304,0.0055310442855532,0.0016919047836399,0.0192918504605252,-0.127573094567782
1999-12-01,0.0766,0.051,-0.0766,-0.08,-0.0587,0.0044,0.13140000000000002,,,,-1.0598068579128235,0.1471672594,0.0178887565,0.052,0.0682,-0.0155,0.0,0.0011487749,0.006400000000000003,0.005299999999999999,0.0162,,0.0281513247150329,0.0225815894749149,-0.0592533071926612,0.133869838696421,-0.150936283949041,0.126999773864242,0.0392628674179442,-0.0691674957125566,0.0071779132012895,0.019533553086425,-0.0835253988744507,-0.0079838191707779,-0.15000519291681
2000-01-01,-0.047400000000000005,0.0421,-0.011200000000000002,-0.061500000000000006,0.045599999999999995,0.0040999999999999995,0.018600000000000002,,,,-1.077467355103888,0.15465416,0.0253587807,0.0532,0.0666,0.0228,0.0029708853,0.0052062998,0.005500000000000005,-0.024900000000000002,0.013400000000000009,,0.0021220857506713,0.0134617803062802,0.0017648921779987,0.0583116637349532,-0.0253911669757179,0.0284454734116671,-0.0004629030518451,-0.0600108659826472,-0.0307554287150416,0.0013359658066359,-0.0081327894333748,0.0572252571588871,-0.0540973929497757
2000-02-01,0.0245,0.18460000000000001,-0.0977,-0.1895,-0.0113,0.0043,0.1802,,,,-1.0947654931415638,0.1670564326,0.027418814,0.0555,0.0646,0.0264,0.0059241706,0.0030004662,0.006100000000000008,-0.0172,0.009100000000000004,,-0.0036712435738692,0.0669433972608831,-0.102687905445439,0.286429727190628,-0.266760687178678,0.231999478572952,0.0198599743911828,-0.141064060343757,0.0248726082519497,0.0066411199179802,-0.0719788802731192,0.0317732021634245,-0.280588200065154
2000-03-01,0.0521,-0.15539999999999998,0.085,0.1165,-0.012,0.004699999999999999,-0.06849999999999999,,,,-1.111730339992019,0.1499735618,0.0182913901,0.0569,0.0618,0.0367,0.0082449941,0.0066783159,0.006900000000000003,-0.019800000000000005,0.004900000000000002,,-0.0158047292110009,-0.026440307590298,0.0464894974080406,-0.172262648630094,0.151067212596252,-0.132738433022106,-0.0049133434982451,0.160460248977622,0.0375613994999534,0.011183430173226,0.110864337175386,0.0078319241863227,0.186778020974797
2000-04-01,-0.0635,-0.0475,0.0645,0.08070000000000001,0.056299999999999996,0.0046,-0.086,,,,-1.1192078064720437,0.1526004182,0.0119449458,0.0566,0.063,-0.0076,0.0005841121,0.0079417469,0.0076000000000000095,-0.0039,0.006400000000000003,,-0.0155211260167038,0.0022049023435469,0.0709445977516719,-0.132060481430608,0.145120080606939,-0.076085396745418,-0.0016019275263424,0.133263776497201,0.0422206231176718,-0.0024310109535756,-0.0091988767273797,0.0124616223803705,0.172240118963251
2000-05-01,-0.043899999999999995,-0.038599999999999995,0.045899999999999996,0.0405,0.0147,0.005,-0.08990000000000001,,,,-1.12665476035101,0.1556687311,0.0091785275,0.0579,0.064,-0.0054,0.0011675423,0.0051854234,0.009099999999999997,-0.0107,0.006100000000000001,,-0.0026735642529586,-0.0069179448168774,0.0758229874725119,-0.10323137859988,0.125489719746501,-0.064314478751917,-0.0178887941994977,0.0742379291677382,-0.0038379887585507,0.0034174966806718,-0.002513982969429,-0.0031793175338169,0.127260647791755
2000-06-01,0.046799999999999994,0.09949999999999999,-0.08039999999999999,-0.08310000000000001,-0.0317,0.004,0.1663,,,,-1.1340558606956064,0.1567779616,0.0071242127,0.0569,0.0622,0.0244,0.0052478134,0.0023597572,0.008099999999999996,0.008199999999999995,0.005299999999999999,,-0.0057796444120588,0.0344427223839908,-0.0973548050470542,0.191829158475732,-0.176605340854859,0.049517184964719,0.0420404965918447,-0.107975894327944,0.0013725630879475,-0.021100162717454,0.0055560787033671,0.0084443381111605,-0.196514755329897
2000-07-01,-0.0248,-0.009399999999999999,0.0806,0.0572,0.0298,0.0048,-0.0016,,,,-1.152567798448425,0.155674151,0.0047122339,0.0596,0.0611,0.0173,0.0023201856,0.0020654329,0.007000000000000006,0.0005999999999999998,0.0015000000000000013,,-0.0069758647169132,-0.0095974373740188,0.0380020102137259,-0.0792560757880683,0.0872041178490144,0.0017895101209379,-0.0183745078784542,0.0530296507205441,-0.0062164352920818,0.0051262595697193,0.0496476642654764,0.0069136415278,0.0978000439680443
2000-08-01,0.0703,-0.0095,-0.0137,-0.030600000000000002,0.0121,0.005,0.0559,,,,-1.1710054484364893,0.146053064,0.0046746382,0.0609,0.0594,0.024,0.0,0.0010392529,0.007100000000000009,-0.0105,-0.0015000000000000013,,-0.0191141614573086,0.0031236935405795,-0.0301467014176517,0.0668176999666181,-0.0802259651248694,0.0403375634637013,0.0224808732545322,-0.0078633632138199,-0.0020774030377995,-0.0023269313058867,0.0117663334175072,-0.0302757008710459,-0.0590048383288774
2000-09-01,-0.054400000000000004,0.0027,0.0724,0.027000000000000003,0.0554,0.0051,0.0189,,,,-1.1893686072457479,0.1537894629,0.0044689258,0.06,0.0612,-0.0157,0.0052083333,0.0015999952,0.007300000000000001,0.0203,0.0011999999999999997,,-0.0067218198301193,0.0044415126807282,0.0546478310320326,-0.0654979793980817,0.0816739436110207,0.0444507436958595,-0.0258942132706645,0.0342020063713768,0.0010919503561787,0.0127446301196545,0.0027614224401073,-0.0102610748783379,0.0759933101861719
2000-10-01,-0.0278,-0.0258,0.0558,0.09539999999999998,0.0371,0.005600000000000001,-0.045599999999999995,,,,-1.1676831718613494,0.1493007889,0.0037442804,0.0611,0.06,0.0187,0.0017271157,0.0055682093,0.007900000000000004,-0.0142,-0.0011000000000000038,,0.0028535089005997,0.0046296999183236,0.0709227465436552,-0.102668661152435,0.0912376621873383,-0.0147969150363707,-0.0313176632519937,0.0889805821254844,0.0430874532526684,0.0032061911900332,0.0045724079745605,-0.0174527428196188,0.122159926143757
2000-11-01,-0.107,-0.0034999999999999996,0.12240000000000001,0.1305,0.08349999999999999,0.0051,-0.0217,,,,-1.1454516230774625,0.1572808929,0.0011574522,0.0617,0.0576,0.0319,0.0005747126,0.0032724144,0.008300000000000002,-0.005599999999999997,-0.0040999999999999995,,-0.0216936442213968,0.0128748588548896,0.145066623462574,-0.183695536478252,0.221500206792535,0.0275815117433326,-0.0671449661186088,0.116530559206922,0.0344804209870815,0.0231718163148518,-0.020372214049362,0.0150978264705687,0.210586404089055
2000-12-01,0.0118,0.0326,0.0755,0.0192,0.0482,0.005,0.0659,,,,-1.122638623270964,0.1518515036,-0.0022617472,0.0577,0.0558,0.0243,-0.0005743825,0.0052992481,0.008099999999999996,0.002700000000000001,-0.001899999999999999,,0.0038570063203586,-0.0072361783123344,0.0316995281984297,-0.0514703472113989,0.0389462666518825,0.053156580714728,-0.0009714580777899,0.0232108699820447,-0.0136642491196704,0.0028925853123704,0.0073462232686029,-0.0354547129776384,0.0477410909488647
2001-01-01,0.0325,0.052300000000000006,-0.050499999999999996,-0.052000000000000005,-0.0521,0.0054,-0.2535,,,,-1.09788854073585,0.1504496662,-0.0031925908,0.0515,0.0562,0.0005,0.0063218391,0.004941018,0.007800000000000001,0.0354,0.004700000000000003,,0.0072766936281493,-0.0033764777505434,-0.066006484756682,0.0829927522573954,-0.132544667189335,-0.222522847063798,-0.020735422029057,-0.0398588348075005,0.0051058325796193,0.0152937172710712,0.0185504481214192,0.129148619898915,-0.0316791709330055
2001-02-01,-0.1003,0.0287,0.1223,0.09119999999999999,0.0901,0.0038,0.126,,,,-1.0721988821784292,0.1560700913,-0.0068557205,0.0488,0.0549,0.0191,0.0039977156,0.0025284102,0.007700000000000012,-0.0063999999999999994,0.006099999999999994,,-0.015966782472194,0.0136723574793629,0.146156299926128,-0.175745453978211,0.196740632952393,0.167737025923727,-0.0427864195272097,0.0611207432910052,-0.000356424740134,0.0258243035468155,0.0720571315821695,0.0091956015645265,0.177070887855366
2001-03-01,-0.0725,0.0233,0.0647,0.0334,0.037200000000000004,0.0042,0.08650000000000001,,,,-1.0454929776050763,0.1331135514,-0.0052134444,0.0442,0.0559,-0.0074,0.0022753129,0.0071395945,0.008599999999999997,0.0045000000000000005,0.011699999999999995,,-0.0281120988765379,0.0103206219962049,0.0809449313533403,-0.103172665891752,0.104052390146116,0.0679722413645136,0.0127319831992426,0.04361580416483,0.0075125802614668,0.0105005600019536,-0.0236060461052027,0.0050400912025133,0.107483402054018
2001-04-01,0.0794,-0.0088,-0.0464,-0.0318,-0.0319,0.0039000000000000003,-0.0801,,,,-0.9859468882590576,0.1224969006,-0.0025430255,0.0387,0.0593,-0.0313,0.0039727582,0.0074262611,0.0087,0.018500000000000003,0.0206,,0.0137972798887751,-0.0062478257296409,-0.0863204190798941,0.104640520024279,-0.113960508778241,-0.0982925072737447,0.0200512786423936,-0.0026665138813291,0.0312609848351786,-0.0032785856961446,0.0161657010423537,-0.0078426753407054,-0.0815608341160134
2001-05-01,0.0068000000000000005,0.0355,0.0338,0.0029,0.0195,0.0032,0.0215,,,,-0.92182737643274,0.120510188,-0.0002482857,0.0362,0.0594,0.0037,0.004522329,0.0025362374,0.0077999999999999875,0.0095,0.0232,,-0.015055773877667,0.0160962939558175,0.0428715572975535,-0.0207957146064336,0.0382967220784321,0.0325074794048772,-0.0074772003272571,-0.0138812631487527,-0.0080500845627849,0.0057017987204126,0.0213017646460509,0.0434510680478527,0.0232083716579745
2001-06-01,-0.0194,0.0669,-0.0126,0.015700000000000002,-0.0167,0.0028000000000000004,0.0062,,,,-0.8524574743262083,0.1252094328,0.0050407545,0.0349,0.059,0.0085,0.0016882386,0.0015083583,0.00789999999999999,-0.003000000000000001,0.024099999999999996,,-0.0216161977922202,0.0192933558805057,0.0184769666695314,0.0138131410983534,0.002311852268045,0.0119744829741426,-0.0139397064115592,-0.0062337832928045,0.0055867482460723,0.0023893031038401,-0.012350519400172,0.0460161999129127,0.0084155183765199
2001-07-01,-0.0213,-0.0286,0.0495,0.0729,0.028999999999999998,0.003,0.0548,,,,-0.7714478577763861,0.1249665833,0.0079138367,0.0351,0.0561,0.0376,-0.0028089888,0.0028996134,0.00839999999999999,-0.0015000000000000013,0.020999999999999998,,0.0030442744406752,0.003207992371045,0.0574248346207431,-0.0771351284257039,0.0853129762633323,0.0456543312448834,-0.0059148827229087,0.0491996169813631,0.0210382751319863,0.0081243273678274,0.0156732737729884,-0.0212753121047283,0.0768573043512558
2001-08-01,-0.064,0.0254,0.0286,0.0381,0.0653,0.0031,0.0546,,,,-0.6834979310177496,0.1321641438,0.0099183208,0.0336,0.0546,0.0206,0.0,0.0022215212,0.008300000000000002,-0.005000000000000001,0.021000000000000005,,-0.0086445001759976,0.0142303218708234,0.06131914079117,-0.0577475477638867,0.072879769629434,0.0565294573340646,-0.0026081700887288,0.0170486472028575,0.0074679459696871,0.0190466274684878,-0.0096297011062838,-0.0017873927603242,0.0568114424928942
2001-09-01,-0.0924,-0.0574,0.0152,0.050300000000000004,0.0335,0.0028000000000000004,0.11380000000000001,,,,-0.5872640180370503,0.1486285882,0.008652734,0.0264,0.0542,0.0081,0.0045070423,0.0071675937,0.008599999999999997,-0.0233,0.0278,,-0.0223689493999416,0.0119227762524252,0.0654213943162457,-0.084092086685269,0.12415537841777,0.0741563850510797,0.0376076924345518,0.0324608974591328,-0.0064645927983515,0.0247203111822065,-0.0063611359358934,-0.0432194468605173,0.0508764131378798
2001-10-01,0.0248,0.053399999999999996,-0.0731,-0.0298,-0.0436,0.0022,-0.0832,,,,-0.5436218008989515,0.1449013996,0.0107492736,0.0216,0.0506,0.0464,-0.003365115,0.0032497725,0.008800000000000002,-0.002699999999999994,0.028999999999999998,,0.0123117767238893,0.0122359897638979,-0.0617941348595136,0.116158119210677,-0.0942916369159782,-0.077665029600983,-0.0141861561494303,-0.0102401578868957,0.0403647095658014,-0.0146742363775094,0.0430040863703738,0.0584979232038842,-0.0516944407329636
2001-11-01,0.0753,-0.0036,0.0217,-0.0349,-0.0168,0.0017000000000000001,-0.0861,,,,-0.4979929000039789,0.1334813667,0.0111617665,0.0187,0.0553,-0.0471,-0.0016882386,0.002189358,0.008400000000000005,0.028300000000000002,0.0366,,0.0166829959521442,0.0044060031840998,-0.0142734581374364,0.0522267883605554,-0.0735369367534195,-0.078301041531072,-0.0463319220940981,-0.0187454204376383,0.0052354887055252,-0.0013105123430551,-0.0251566045206741,0.0258864920562596,-0.026460447252638
2001-12-01,0.0161,0.051100000000000007,0.0083,0.0026,-0.0028000000000000004,0.0015,0.0002,,,,-0.4501930603678308,0.1312178459,0.0134648247,0.0169,0.0575,-0.0183,-0.003945885,0.0017979581,0.012800000000000006,0.009300000000000001,0.040600000000000004,,0.0006663137316709,0.0019004993075678,-0.0017436949627235,-0.0058699256445536,-0.0032706896640046,-0.0063384377323192,0.0125889857997527,-0.0007973244076665,0.010194757648693,0.003920764925419,0.0012579574199455,0.0308440868968207,0.0065061476213546
2002-01-01,-0.0144,0.0128,0.0342,0.0473,0.028300000000000002,0.0014000000000000002,0.0365,,,,-0.4505363876937545,0.1325605487,0.0111912895,0.0165,0.0569,0.0138,0.0022637238,0.0021838795,0.013200000000000003,0.003700000000000002,0.0404,,0.0001533521395168,0.0147300905139431,0.0343191060688419,-0.021375250404537,0.0355595810190441,0.0302348162958828,-0.0040070348068034,0.0332307498935548,0.0305455625698728,0.0039218351053941,0.0047404956380258,0.0008975946906994,0.0379309192819486
2002-02-01,-0.022799999999999997,-0.0038,0.023399999999999997,0.0803,0.051,0.0013,0.0683,,,,-0.45089014619226964,0.1301190857,0.0124990208,0.0172,0.0563,0.0115,0.0039525692,0.002567843,0.013799999999999993,0.0014999999999999996,0.0391,,-0.0150101715114737,-0.0022268442331198,0.035573148050139,-0.0893472910633708,0.0974303515567602,0.0338779066282542,0.0391401125508166,0.0598569701761464,0.0137715871087428,0.0060248961836898,0.0015827670630814,-0.0359559244853757,0.081831504688385
2002-03-01,0.0424,0.0415,0.0108,-0.0183,0.0066,0.0013,-0.0169,,,,-0.45123352656374527,0.2368334023,0.0137594442,0.0179,0.0604,-0.0436,0.005624297,0.0020148209,0.013000000000000012,0.014100000000000001,0.0425,,0.012519643979506,0.0002350218479586,-0.0098515470536862,0.0235435991706246,-0.0406667675049017,-0.0380568104136734,-0.0088465760575508,-0.0170283285931502,-0.006010074274028,0.0027105047957971,0.0230279174019317,0.0339141656499442,-0.0075933944045087
2002-04-01,-0.0521,0.0663,0.0401,0.045899999999999996,0.0535,0.0015,0.077,,,,-0.47186509276694455,0.2477323126,0.015106854,0.0171,0.0575,0.041,0.0055928412,0.002319778,0.012700000000000003,-0.015700000000000002,0.040400000000000005,,-0.0155867426086882,0.0045769601958664,0.0246893193081027,-0.0689751701214334,0.0798909363089088,0.0762590959470674,0.0190770718317176,0.0288864515643053,0.0142161221035218,0.0158194332989196,0.0117042560102444,0.0010037368414696,0.0549248150506533
2002-05-01,-0.013600000000000001,-0.030699999999999998,0.0152,0.0231,0.0253,0.0014000000000000002,0.030899999999999997,,,,-0.4918208708544567,0.2482556141,0.0222773404,0.0173,0.0578,0.0015,0.0,0.0041016102,0.013399999999999995,0.0098,0.040499999999999994,,-0.0031457930724362,0.0006291255628309,0.013721526653292,-0.0327843148714594,0.0457811076397177,0.0265959436170682,0.0131050588563677,0.0323152034830761,0.0111472129533805,0.0033288725584677,-0.0054056833742896,-0.023337700422231,0.0294163196284664
2002-06-01,-0.0723,0.037599999999999995,0.0037,0.0392,0.026600000000000002,0.0013,0.062400000000000004,-4.1224897491626304,,-3.6113524338440746,-0.5111373153185559,0.2665725018,0.0275227705,0.017,0.0566,0.0187,0.0005561735,0.0037079467,0.013200000000000003,-0.0114,0.039599999999999996,,-0.020049740374393,0.0041541613153183,0.0119263903457715,-0.0529561942472982,0.080913531897973,0.0783309750130327,0.0149030790402149,0.0394690493266833,0.0188168046456611,0.0123097092336273,-0.0021670457884328,-0.0052446173665672,0.0438863105718407
2002-07-01,-0.0819,-0.0633,-0.0351,0.0384,-0.011000000000000001,0.0015,0.0363,-4.045200303160939,-4.127490072100822,-3.48874940111177,-0.5564509020491695,0.2820321945,0.0284410263,0.0168,0.0544,0.0303,0.0011117287,0.0153427907,0.013700000000000004,-0.020900000000000002,0.037599999999999995,,-0.0215653223696402,0.0021252925976462,-0.003209910604226,-0.0112867504497284,0.0469008234052112,0.0207701951400963,0.0141479908953025,0.0373516928975674,0.0142350917404813,-0.0048899702573382,0.0032496198438314,-0.0413609141435456,0.015810923476716
2002-08-01,0.005,-0.0128,0.0301,0.0137,-0.013999999999999999,0.0014000000000000002,0.0187,-4.0550952994243445,-4.050225755034029,-3.454868059764967,-0.600227239659378,0.284411556,0.0247476984,0.0162,0.051,0.0464,0.0033314825,0.0094092909,0.0121,-0.0011999999999999997,0.0348,-0.07899495862842354,-0.0064732059908462,-0.0024171403917335,-0.0024293114836033,-0.0242086440117277,0.0130113447273958,0.006806418841528,0.0095479862900242,0.0068793140251599,-0.0036568177656111,0.003344748388325,-0.0026652966417629,-0.0059626705272394,0.0164729039694399
2002-09-01,-0.10339999999999999,0.0305,0.0126,0.0329,-0.0229,0.0014000000000000002,0.09179999999999999,-3.9435972312791616,-4.060146134077593,-3.3010140512739397,-0.642583180005222,0.3245551555,0.029299296,0.0163,0.048,0.0417,0.0016602103,0.0073661128,0.012499999999999997,-0.0087,0.031700000000000006,0.004881419889866345,-0.0154162844535039,-0.0005216231137769,-0.0219382982711984,-0.019816723255783,0.0487722859282443,0.0722484549705387,0.0265706292631789,0.0343724294536426,0.0309898721122627,0.0112345675784265,0.0068533041634591,-0.017091895338359,-0.0032144088934668
2002-10-01,0.0784,-0.0429,-0.037599999999999995,-0.0316,0.0073,0.0014000000000000002,-0.0558,-4.020712001107434,-3.9378098457281117,-3.4114796972585015,-0.6092323038489318,0.2934370638,0.025670932,0.0158,0.0508,-0.0294,0.0016574586,0.0115896355,0.014099999999999988,0.0053999999999999986,0.034999999999999996,-0.1100134269215236,0.0202942828025871,0.0082354780517017,0.0129844445399255,0.0713105147639526,-0.0622325987325775,-0.0583755651259376,-0.0009454115450461,-0.0196224211430058,0.0022592073439915,-0.0155477943961129,0.0085041758921449,0.0138944303375896,-0.0225961487269298
2002-11-01,0.0596,0.0294,-0.0116,-0.0925,0.0516,0.0012,-0.1643,-4.070464758331704,-4.014964173655592,-3.4953215853888735,-0.5751431729428309,0.2769754993,0.0229075973,0.0123,0.0521,-0.0122,0.0,0.0044490751,0.0131,0.0252,0.0398,0.08643550147800183,0.0409108900350139,0.0169507705104288,0.0409403588754408,0.0695066360333834,-0.119100980570916,-0.133680750670779,-0.0163216556574568,-0.081731777239607,-0.0384920287646892,-0.0087055522656223,-0.0268665082443354,0.0846772720535489,-0.0174272972542984
2002-12-01,-0.0576,0.0055000000000000005,0.021099999999999997,0.0632,-0.0179,0.0011,0.09720000000000001,-4.002514281304906,-4.064743558434781,-3.462263952866238,-0.5402503284386677,0.2953858956,0.0257359814,0.0119,0.0484,0.0507,-0.0022062879,0.002639538,0.012399999999999994,-0.014600000000000002,0.0365,0.05706963511560681,-0.0245337106182731,-0.0119803065210372,-0.0098420038738556,-0.0570167355734965,0.0775804009134296,0.0458417798059423,0.0133291951963295,0.0365984172358804,0.0084508487059141,0.0079247036946483,0.0508806420935539,-0.0194065593508635,0.0386872766812616
2003-01-01,-0.025699999999999997,0.0070999999999999995,-0.0079,-0.009300000000000001,0.0069,0.001,0.0159,-3.97161100216909,-3.9994084958405134,-3.4020157601494043,-0.5695952420196857,0.3059423072,0.0282889555,0.0117,0.0495,-0.0106,0.0044223328,0.0051675744,0.011799999999999998,0.0127,0.0378,-0.06033258215761861,0.0007676442953444,-0.0005016953502928,0.0015874132073631,0.0173133410256898,-0.0099653843559107,0.0058354983636112,-0.0006947881701599,-0.0100903365664984,-0.0042765383151303,-0.0008245646453241,0.0007123713677014,0.0139332638444658,-0.0078203655614767
2003-02-01,-0.018799999999999997,-0.0087,-0.013600000000000001,0.0079,-0.0068000000000000005,0.0009,0.0121,-3.951364988491539,-3.9685148327503788,-3.353435250599266,-0.5979297378922732,0.3122513206,0.0279187105,0.0117,0.0472,0.0329,0.0077050083,0.0025641197,0.011099999999999999,-0.006499999999999999,0.0355,-0.027414698461048825,0.0097468353644434,-0.002329890100273,-0.003439459218949,0.0138997589293952,0.0024305523406053,0.0147876697819497,-0.0053428451693909,0.0052152942896008,0.005915965448447,-0.0019175655673202,0.0014991894283961,-0.0090903653883648,-0.0105148185325096
2003-03-01,0.0109,0.0077,-0.021099999999999997,0.0168,-0.008100000000000001,0.001,0.013999999999999999,-3.956601250009226,-3.948278375756397,-3.3312853166438274,-0.6253159333653984,0.2861177008,0.0240985953,0.0113,0.0486,-0.0135,0.0060076461,0.0061361179,0.010600000000000005,0.0055,0.0373,-0.01700362276498779,-0.0033083495442571,-0.0044044624619061,-0.0151028784638979,0.0007956744181658,-0.0011276444797567,0.0038512440326898,0.0078221852235031,0.0088466285778412,0.0141983845017816,0.0020149811339497,-0.0076120916648049,-0.0074146013351605,-0.0069582409812318
2003-04-01,0.0818,0.011399999999999999,0.012199999999999999,-0.046799999999999994,0.0098,0.001,-0.0935,-4.03574358833124,-3.957816238301762,-3.3637576218523715,-0.6719859664788679,0.2696540306,0.0199668846,0.0113,0.0481,0.0102,-0.0021715527,0.0030648098,0.011100000000000006,0.0127,0.0368,0.00835760565891941,-0.0016293641027844,0.0109122371796026,0.0112546885388569,0.0146149972014422,-0.0497297314212277,-0.0398551858975812,-0.0089391931745128,-0.0274702465007315,-0.0253274193091537,-0.0091374567348686,0.0009442569933152,0.0407278979941321,0.0003992188519058
2003-05-01,0.0605,0.0478,0.006999999999999999,-0.0694,0.030699999999999998,0.0009,-0.1075,-4.08659954141153,-4.036953875922242,-3.3699248809383464,-0.7166746604731835,0.2583755061,0.0064481102,0.0107,0.0436,0.0592,-0.0016322089,0.0022283195,0.011599999999999992,-0.0121,0.0329,0.08104411799382216,0.0220553751555553,0.0105082820042802,0.0099515753965147,0.0439955813353394,-0.0621391833140195,-0.019024387317384,-0.0239189255201094,-0.0508977639548827,-0.0272670920646619,-0.0028674846957435,-0.0047609398058535,0.0610060708772312,-0.0195474221126184
2003-06-01,0.014199999999999999,0.0165,0.0014000000000000002,0.0044,-0.004,0.001,-0.0123,-4.099086369390221,-4.087817481759367,-3.339527230353939,-0.7595591390362824,0.2544883373,0.0012618836,0.0092,0.0452,-0.0154,0.0010899183,0.0019977007,0.012199999999999996,0.0011000000000000003,0.036,0.050898660733760925,-0.0069498870877997,0.0019157372521486,-0.0085645159728937,-0.0014117566051879,-0.0048600169755161,-0.0008338566958502,0.0015042136710365,-0.0036822256196836,0.008047916901407,0.0053084931064661,0.0017263673416718,0.0200754422052604,0.0004085420117058
2003-07-01,0.0233,0.044000000000000004,-0.015300000000000001,-0.038900000000000004,0.0152,0.0007000000000000001,-0.003,-4.106527817090342,-4.09044457223157,-3.317467376876076,-0.789060440214266,0.2476433348,0.0002715813,0.009,0.0542,-0.0982,0.0010887316,0.0020460156,0.011299999999999998,0.010099999999999998,0.0452,0.011332620720430953,-0.0008531172807982,0.0210612611779223,0.007531192968263,0.0238096399456444,-0.0235271795894991,-0.0083110606745714,0.0028360482388982,-0.0128403637314783,0.0093762032783365,-0.0033324086215074,-0.0017176257542699,0.036107286749405,-0.0107680094444515
2003-08-01,0.0233,0.023700000000000002,0.016399999999999998,-0.0229,0.0215,0.0007000000000000001,-0.0053,,-4.097953980561758,,-0.8172307892246224,0.2428560733,0.0029170177,0.0095,0.0532,0.0166,0.0038064165,0.0009660564,0.011299999999999998,0.005299999999999999,0.043699999999999996,0.016213276415839806,0.0168707590478883,0.0114440569930428,0.0037308642037287,0.0232828776850553,-0.0382215623647721,0.0084199757254592,0.0016170373745568,-0.01771467026562,0.0066679982761362,0.0034724376354436,-0.0070899116108757,0.0164761425889862,-0.020444357766913
2003-09-01,-0.0124,0.005699999999999999,0.0014000000000000002,0.009000000000000001,0.0040999999999999995,0.0008,-0.0007000000000000001,-4.095158170620028,,-3.250983129171457,-0.8441750414485711,0.2465417826,0.0073234015,0.0094,0.049,0.0546,0.0032502709,0.0018690885,0.010700000000000001,-0.004300000000000005,0.0396,,-0.0006459232789118,-0.0021414738835515,0.0028838373903876,-0.0075527847488888,0.017207159500696,-0.0010174961931691,0.0064620722787318,-0.0033273486835473,-0.0082341755922897,0.0059084360194512,0.0078675789519667,0.0142014218073322,0.0126485584824884
2003-10-01,0.0608,0.0263,0.022099999999999998,-0.0138,0.0165,0.0007000000000000001,0.0401,,-4.079229990649424,,-0.9123893006634356,0.2333089667,0.0072114259,0.0092,0.0518,-0.0283,-0.0010799136,0.0014076127,0.010299999999999997,0.008,0.0426,,-0.0063250042953961,0.0152882919515746,0.0107744552929025,0.0165901411758,-0.0307479394672321,0.0317416924812672,0.0037785723827098,-0.0145509575936053,0.0004236819783025,-0.0119602634905676,0.0075375467472031,0.0195324783074856,-0.0168184675388746
2003-11-01,0.013500000000000002,0.0231,0.0172,0.0021,0.0168,0.0007000000000000001,0.013600000000000001,,,,-0.9743115080276881,0.2337541521,0.0100007887,0.0093,0.0519,-0.0027,-0.0027027027,0.0009196631,0.010100000000000005,0.0079,0.0426,,-0.0009909568335661,0.0024310115743689,0.0056299143742723,0.002130479723834,-0.0030970223677326,0.0080368914282868,0.0003360138516132,-0.0050314936359517,0.0039244422501019,0.0019036542560384,-0.0064218588954598,0.014442896631329,-0.0006956476350146
2003-12-01,0.0429,-0.025099999999999997,0.0151,0.005699999999999999,0.0085,0.0008,-0.0554,,,,-1.0308922827372355,0.2187398648,0.0069463157,0.009,0.0511,0.0139,-0.0010840108,0.0008937,0.009800000000000003,0.0,0.0421,,0.0090548400416301,-0.009946602176618,0.0108915278409562,-0.0284785581108023,0.026208935131529,-0.0381404027834235,-0.0025961919218115,-0.0049658354786838,-0.0273516900344815,0.0110325340469248,0.000411869825744,0.0009912181217482,0.0336199593083441
2004-01-01,0.0215,0.0246,0.0242,-0.036000000000000004,0.0333,0.0007000000000000001,0.025699999999999997,,,,-1.040765725711398,0.218027721,0.0068865017,0.0088,0.0499,0.0187,0.0048833424,0.0009787934,0.009000000000000001,0.0,0.0411,,0.0205587068176087,0.0150719812835207,0.0217058413202998,0.026915666908586,-0.0304981811265904,0.0066105667049853,0.0034783752606072,-0.0351695678627291,-0.0134208445557014,-0.0001830115171207,0.0049867295079167,0.037878629339058,-0.0201093543366998
2004-02-01,0.013999999999999999,-0.0092,0.0095,0.0213,-0.011699999999999999,0.0006,-0.011699999999999999,,,,-1.0503079421279202,0.2160532204,0.0093613224,0.0093,0.0483,0.023,0.005399568,0.0006107509,0.0077000000000000055,-0.0052,0.03900000000000001,,-0.0101733268415318,-0.0094383865013528,-0.0120803232541443,-0.0250958704074455,0.0194374900458161,-0.0004656083419701,-0.001646393073752,0.0142832947946062,0.0047173761351163,0.0064294719557178,0.0016135799367817,-0.0185432552593718,0.0215915860771209
2004-03-01,-0.0132,0.021099999999999997,0.0023,0.0165,-0.0098,0.0009,0.0019,,,,-1.0595395154514842,0.2817314655,0.0122820384,0.0094,0.0474,0.0141,0.0064446831,0.0019812495,0.007800000000000001,-0.0023,0.038,,-0.0068899818825512,-0.0049126012052382,-0.0125890379681857,-0.0109768523712689,0.0111999027888327,0.0043357139151799,0.00418396522012,0.010708604113055,0.0089538632280272,0.003729423988772,-0.0099805327338786,-0.0019579931067161,0.0090667229549783
2004-04-01,-0.0182,-0.0206,-0.0323,0.0346,-0.028300000000000002,0.0008,-0.053399999999999996,,,,-1.075159207193321,0.2853718668,0.0137662795,0.0094,0.0531,-0.0588,0.0032017076,0.0012309377,0.007300000000000008,0.005399999999999995,0.0437,,-0.0034268645279084,-0.013843832820067,-0.0104508224917693,-0.0230892579101282,0.0423057808557501,-0.0217366019429045,-0.0111582827021303,0.023483095831947,0.0134210579621201,0.0105145868615792,-0.007915298245895,-0.0261003332864035,0.0248302297402508
2004-05-01,0.0118,-0.004,-0.0018,-0.011699999999999999,0.0001,0.0006,0.0149,,,,-1.0902263733092417,0.2864115739,0.0163300833,0.0102,0.0539,-0.0051,0.0058510638,0.0009776153,0.007100000000000002,-0.002,0.0437,,0.002277798190084,0.0099811860889113,0.0037368034915428,0.0124990961178837,-0.0180470721249263,-0.0037671762285892,0.0094026583275558,-7.55728237094e-05,0.0036451720716112,-0.0060671873612851,0.0110223563937018,-0.0044950551494399,-0.0087421972484571
2004-06-01,0.018600000000000002,0.0252,0.0121,0.011200000000000002,-0.0031,0.0008,0.0208,,,,-1.1047575793641773,0.279631603,0.0144914269,0.0127,0.0532,0.0121,0.0031729244,0.0007707704,0.0076999999999999985,-0.0028000000000000004,0.040499999999999994,,0.0126246073397758,-0.000515583401227,0.0040637492818473,-0.007413207948965,-0.0021841595193818,0.02280534076099,0.0021263963665183,-0.0028567846550889,0.0008811949827441,0.0019509242351256,0.0011646833570852,0.0032995462895101,0.0061371591513066
2004-07-01,-0.0404,-0.0292,0.0322,0.0521,-0.0168,0.001,-0.022400000000000003,,,,-1.1043262361248263,0.2877883095,0.0147206707,0.0133,0.0523,0.0155,-0.0015814444,0.0007770943,0.007999999999999993,0.0029,0.039,,9.47961013684241e-06,-0.0199590640739021,-0.0033315551109344,-0.0539711419719912,0.0566557508967456,0.0057592732814653,-0.0134617945881355,0.0218895337675246,-0.0094145720888487,0.0113032867893115,-0.0012853672439598,-0.0277250165181244,0.0467284348145229
2004-08-01,0.0008,-0.0118,0.0108,0.0121,-0.013500000000000002,0.0011,-0.0155,,,,-1.1039032136056957,0.2868206158,0.0142786966,0.0148,0.0493,0.0395,0.0005279831,0.001442852,0.008100000000000003,0.0,0.034499999999999996,,-0.0133012548830588,-0.008763028040103,0.0038796420559933,-0.0239661576930901,0.0321930883296782,-0.0067917735968402,-0.0132744475853098,0.0075814885408056,-0.01523268495687,-0.0002396681575608,-0.008033750210479,-0.0108925972297555,0.0230382359209957
2004-09-01,0.016,0.0322,-0.0005,-0.0149,-0.0172,0.0011,0.0548,,,,-1.1034882733068159,0.2894853015,0.0091322561,0.0165,0.0488,0.0096,0.0021108179,0.0007056832,0.008100000000000003,0.0005000000000000004,0.0323,,0.0120132259900533,-0.005889441526084,-0.0190799846501019,0.0133862898480688,-0.0286669403733079,0.0260615501630077,0.0120797394760053,-0.004197271842849,0.0058060830447547,0.0023510460675667,0.0049189944804985,0.0106268986597155,-0.0180186838220897
2004-10-01,0.014199999999999999,0.0015,-0.0026,-0.0053,0.0040999999999999995,0.0011,-0.0143,,,,-1.103137417721746,0.2910095966,0.0074288562,0.0176,0.0478,0.0154,0.0052659294,0.0012304685,0.007400000000000004,0.0010000000000000009,0.0302,,0.0099939647127058,0.0082293309446035,0.0038041877536646,0.0117963170273992,-0.0159038988567541,-0.0130638127260022,0.0059522558578037,0.0005407699211684,0.0045227579668639,0.0012043067785836,-0.005409916200474,0.0056534518152071,-0.0057170436897131
2004-11-01,0.0453,0.0412,0.015700000000000002,-0.0052,-0.0018,0.0015,0.0308,,,,-1.1027898135036667,0.2798316459,0.01217691,0.0207,0.0502,-0.0234,0.0005238345,0.0008574256,0.0068000000000000005,0.0034000000000000002,0.029500000000000002,,0.0049155703572163,0.0031181978431757,-0.0055562250868828,-0.000419141485696,-0.0230765798164072,0.0144237490715616,0.0076176496895734,-0.0154545440061564,-0.0057856280571525,0.0044877622001162,0.0079782042046347,0.0207240163604465,0.0001474376083177
2004-12-01,0.0341,-0.0004,-0.0023,-0.010700000000000001,0.0039000000000000003,0.0016,-0.0285,,,,-1.1024454156448487,0.2706192427,0.0130015047,0.0219,0.0484,0.025,-0.0036649215,0.0007278502,0.0068000000000000005,0.0006999999999999992,0.0265,,-0.0115572374365043,0.0042885600916818,0.0005763962149968,0.0082309723758462,-0.0091738224170053,-0.0218948851671638,-0.0062323656667915,-0.007211784546612,0.0008481026683248,0.0010214650921439,0.0007985511682795,0.0060995390320235,-4.69506211125e-05
2005-01-01,-0.0275,-0.0111,0.0206,0.027999999999999997,-0.0141,0.0016,0.0296,,,,-1.0985733767469301,0.2781798561,0.0135454958,0.0233,0.0465,0.03,0.0021019443,0.0008214051,0.006599999999999995,-0.0023,0.0232,,-0.0086876064512297,-0.0088625383668138,-0.0043358660143021,-0.0239694617864516,0.0205139052014305,0.0212886866666335,-0.0008949240430916,0.0138642859998713,0.0092056795193544,0.0060381580729903,0.0086814592929399,-0.0240895203500653,0.0177538231988362
2005-02-01,0.018799999999999997,-0.003,0.0141,0.0132,-0.0021,0.0016,0.034300000000000004,,,,-1.0947864393923505,0.2710410236,0.0117584139,0.0254,0.0479,-0.0128,0.0057682223,0.0008344437,0.006200000000000004,0.0016000000000000007,0.0225,,0.0039632225820326,-0.0098271882485546,-0.0116179732002339,-0.0106933661107283,-0.0041775150975015,0.0238301052619556,0.0194885601624742,0.013745274612449,0.0116960114272026,0.0159760948281705,-0.0016367381619339,-0.0130434339870499,0.0080383102694647
2005-03-01,-0.019299999999999998,-0.0141,0.0207,0.0044,0.0134,0.0021,0.0043,,,,-1.091085060109032,0.3198568893,0.009097231,0.0274,0.0488,-0.0072,0.0078206465,0.0008598946,0.006600000000000002,-0.005300000000000001,0.021400000000000002,,0.0058629440414241,0.000911642998024,0.0094180840710873,-0.016359364591614,0.0228503127878422,0.0074124262551534,-0.0061197987189406,0.0072604077973476,0.0041799074730864,0.0071303516269633,0.0014874136236251,-0.0191622606702301,0.0180762732826378
2005-04-01,-0.026000000000000002,-0.0397,0.0005,0.0097,-0.0085,0.0021,-0.0068000000000000005,,,,-1.0963024910696628,0.3296244007,0.0079355619,0.0278,0.0461,0.0373,0.0067252975,0.0018258937,0.007199999999999998,-0.0046,0.018300000000000004,,0.0026817051104341,-0.0040029250583695,0.0091929907409615,-0.0128843317632069,0.0323843460171962,-0.0024766589806841,-0.0066573301284348,0.0060986294193212,-0.0060366389813241,-0.002524751178375,-0.0003441929963826,-0.0173228722942025,0.0128487481907069
2005-05-01,0.0365,0.0276,-0.0058,-0.0102,0.0028000000000000004,0.0024,0.0037,,,,-1.1013728682121222,0.3209655046,0.0047766126,0.0284,0.044,0.0297,-0.0010277492,0.000859416,0.008600000000000003,-0.00020000000000000226,0.015599999999999996,,0.0038239468796136,0.0058318638343795,-0.0114009819745946,0.021991525231212,-0.032490263568823,-0.0010068326562421,0.0075363944089762,-0.0009113671053332,0.0135151593279576,-0.0036596119886002,0.0094430765995074,0.0126327138008479,-0.0153720173901539
2005-06-01,0.0058,0.0326,0.027999999999999997,0.0087,-0.0052,0.0023,0.0207,,,,-1.1063086015019636,0.3269790569,0.0053656599,0.0297,0.0429,0.0167,0.0005144033,0.0005421187,0.009000000000000001,-0.0026,0.0132,,0.0069741640784228,-0.0080907308795189,-0.0059139508305441,-0.0111676805595812,-0.0082821793661361,0.0196748421690969,0.0052623278947448,-0.0086701816221756,-0.0122066759231267,0.0071150505110289,0.0031782200392889,0.0132944484116012,0.0024104488358862
2005-07-01,0.0392,0.0276,-0.0078000000000000005,-0.011899999999999999,-0.0078000000000000005,0.0024,0.0003,,,,-1.114421346404428,0.3157342746,0.0044800758,0.0322,0.0456,-0.0288,0.0046272494,0.0006499082,0.008899999999999998,0.004399999999999998,0.013400000000000002,,-0.0027303020659443,0.0001357999428054,-0.0165009741580582,0.0181925319203577,-0.0281729123011583,-0.0046480267226181,0.0161704851893056,0.0016952620500685,0.0107010635969399,-0.0017204742037911,0.0035239583299508,0.0154006919711917,-0.0133421887796159
2005-08-01,-0.012,-0.009399999999999999,0.0134,-0.0196,0.0038,0.003,0.0207,,,,-1.1223317510695514,0.3205331247,0.0054049394,0.0344,0.0432,0.0333,0.0051177073,0.0006967234,0.0087,-0.010000000000000002,0.008800000000000002,,0.011418996576359,-0.004968730071457,-0.0045065314155273,0.0058123021741874,-0.0045107097375621,0.0201716540304959,0.0031028851791904,-0.0010264467832266,-0.0043913914262155,0.011280083578071,-0.0048812147963594,0.0011607839165218,-0.0057628655525836
2005-09-01,0.0048,-0.0031,0.0078000000000000005,0.0026,-0.0060999999999999995,0.0029,0.0346,,,,-1.1300475306289202,0.3178915098,0.0067164013,0.0342,0.0464,-0.0338,0.0122199593,0.0006599007,0.009000000000000001,0.002799999999999997,0.012199999999999996,,0.0092768273069725,-0.0007639851447674,-0.0097859948023073,0.0049683083336623,-0.0150675001621332,0.028393558469464,0.0121528801221032,0.0046674637259579,-0.0028784573045151,0.0078109249831998,-0.0126293104820158,-0.0012708089277741,-0.0104254529437759
2005-10-01,-0.0204,-0.015,0.0043,-0.006999999999999999,-0.0126,0.0027,-0.011899999999999999,,,,-1.1352587769268303,0.3218081871,0.0057493057,0.0371,0.0484,-0.0196,0.0020120724,0.0018179863,0.009500000000000001,-0.0008000000000000021,0.011299999999999998,,-0.0048166726618808,0.0087635369187757,0.0060284644060406,-0.0034927666365672,0.0172230786942584,-0.0226766199150224,0.0028735770025011,0.0099854253689293,0.0024647893936895,-0.00251241242927,-0.0017227100692624,-0.0091916764330299,0.008101988327017
2005-11-01,0.0361,0.009000000000000001,-0.011899999999999999,-0.0079,-0.0109,0.0031,0.0034000000000000002,,,,-1.1403215563378564,0.3109143456,0.0057679659,0.0388,0.0481,0.0076,-0.0080321285,0.0005398989,0.0097,0.002300000000000001,0.009299999999999996,,0.0003757953222567,0.0001469453395264,-0.0083165647841134,0.01136415136368,-0.0141315387464946,-0.0022382788310407,0.0007978886213904,0.0044371819588276,0.0092769376047813,-0.0042750751769287,0.0013523572055813,-0.0002057068431805,-0.007312137930673
2005-12-01,-0.0024,-0.0025,0.0015,0.0018,0.002,0.0032,0.0078000000000000005,,,,-1.1452509668534456,0.3134779566,0.0030588856,0.0389,0.0461,0.0267,-0.004048583,0.0004329976,0.009500000000000008,-0.004200000000000002,0.007200000000000005,,0.0063704339469959,-0.0021275452888011,-0.005087694528809,-0.0009068121429285,-0.0059383483478597,0.0079347588377591,0.0042861612015572,-0.0037330443337018,-0.0014442273577938,0.0046577386137199,0.0058937712105284,-0.0027633422580232,-0.0041240078634662
2006-01-01,0.030299999999999997,0.0583,0.009899999999999999,-0.0066,-0.0034999999999999996,0.0034999999999999996,0.0252,,,,-1.1502323124736935,0.3092262579,-0.0004457404,0.0424,0.0474,-0.0118,0.0076219512,0.0009754252,0.009499999999999995,0.0025000000000000005,0.0049999999999999975,,0.0071688253959474,-0.0042651659630038,-0.0248938272081625,0.0280988985133723,-0.0543250315061692,0.0336682197529803,0.0110939668683637,-0.0035420424217091,0.0090128088001697,0.0067893985263966,-0.0002795444363985,0.0259024468565101,-0.0310776041759973
2006-02-01,-0.003,-0.0046,-0.0031,-0.0054,0.019799999999999998,0.0034000000000000002,-0.0178,,,,-1.155100294446973,0.3056103611,0.0020383228,0.0443,0.0457,0.0238,0.0020171457,0.0006485364,0.009200000000000007,-0.011000000000000001,0.0013999999999999985,,-0.0031792138031595,0.0068081296386973,0.0234155635983309,-0.011608515437749,0.0284064229798497,-0.0199951412266528,-0.016307884842391,-0.0112346984901606,-0.0127185768237101,-0.0060506088873631,0.0092675658029256,0.0099982888320243,0.0175155242538618
2006-03-01,0.0147,0.0334,0.0060999999999999995,0.0003,-0.0044,0.0037,0.0126,,,,-1.1598701093989794,0.3160094407,0.0021519945,0.0451,0.0507,-0.0539,0.0055359839,0.0005452508,0.008800000000000002,0.013500000000000005,0.005600000000000001,,0.000214855195777,-3.90107497264e-05,-0.0108021725516679,0.0100362563964216,-0.0240716268077143,0.0185371108247985,0.0051783283089629,0.0003554869024748,0.0131761036910551,0.005775986583147,-0.0026748800417828,0.0103300454370869,-0.0114196631621721
2006-04-01,0.0073,-0.0079,0.0226,0.0174,-0.0013,0.0036,0.006,,,,-1.158674560359585,0.3088419778,-0.0034725183,0.046,0.0532,-0.0247,0.0085085085,0.0005998073,0.008399999999999998,0.0023,0.007199999999999998,,-0.00286915388526,-0.0072204059728422,-0.0061597664560915,-0.0121486295898001,-0.0049886110013367,0.0113157772711838,0.0032124829635071,0.0055476782340749,-0.0065399518053972,0.0058224461448801,0.0020509182804276,-0.010235955458235,0.0061903704780269
2006-05-01,-0.0356,-0.028999999999999998,0.023799999999999998,0.0087,0.015300000000000001,0.0043,-0.0366,,,,-1.1575029919712723,0.3143403075,-0.0026567382,0.0472,0.0535,0.001,0.0049627792,0.0013551637,0.008000000000000007,-0.003,0.0063,,-0.0054060907733644,0.0022486732312977,0.0179966317881029,-0.032360341451736,0.0376528650023975,-0.016614791704896,-0.0105227564825678,-0.0012482801685075,-0.0147600914843253,0.0048891764354729,-0.0032618436327485,-0.0147681427210606,0.0291621595248851
2006-06-01,-0.0034000000000000002,-0.0024,0.0085,0.0132,-0.0013,0.004,0.0155,,,,-1.1563489180184479,0.3148502899,-0.0021954894,0.0479,0.0531,0.0092,0.0019753086,0.0021028157,0.008899999999999998,-0.0053,0.005200000000000003,,-0.0004757021444534,0.0031393592676493,-0.0037717942991811,-0.0057463291691803,0.0036904085906448,0.008638491765486,0.0070392030059334,0.0116650665022166,0.0058666561878399,0.0040977362019943,-0.0013789297439589,-0.0142574853708581,0.008370115331851
2006-07-01,-0.0077,-0.036000000000000004,0.0262,0.0163,0.0084,0.004,-0.0204,,,,-1.1651113328806764,0.3138521753,-0.0023631203,0.0495,0.0518,0.0199,0.0029571217,0.0014516632,0.00909999999999999,0.003799999999999998,0.0022999999999999965,,0.0009107205951273,-0.0045112973541864,0.0121402245966664,-0.0196107041164101,0.0416317135014012,-0.0055672681533383,-0.0060411158324646,0.0068281955303503,-0.0153533129576386,0.0096487290047848,0.0076807923650983,-0.0090068020150523,0.0243727567900075
2006-08-01,0.0203,0.0045000000000000005,-0.0195,-0.0181,0.021400000000000002,0.0042,-0.0336,,,,-1.1736426471745123,0.3084617987,-0.0084739867,0.0496,0.0496,0.0299,0.001965602,0.0004692515,0.009099999999999997,0.006200000000000001,0.0,,0.0101800686073239,0.0061728409910547,0.0133361543850837,0.0116690070469009,0.0020479464842778,-0.0309018904143131,-0.015234638767809,-0.0143870944883141,-0.0044568655120589,-0.0053749917909353,0.0099692594177485,0.0212986161402697,-0.0013760542067075
2006-09-01,0.0184,-0.0139,0.0006,0.0078000000000000005,0.0046,0.0040999999999999995,-0.0098,,,,-1.181944095570247,0.3005932835,-0.0094934856,0.0481,0.0484,0.017,-0.0049043649,0.0005133952,0.009199999999999993,0.001299999999999999,0.00030000000000000165,,-0.0038890116452673,0.0067554106974251,0.011632860737301,-0.0013267406829316,0.0023608924436159,-0.0126857333818878,-0.0128924400084984,0.004978264560033,0.0078932043784387,-0.0088733158030682,-0.0040497644288636,-0.0079188753381323,0.0107903572501259
2006-10-01,0.0322,0.019799999999999998,-0.0033,-0.0011,0.0032,0.0040999999999999995,-0.0025,,,,-1.18349667954018,0.2905991608,-0.00893474,0.0492,0.0481,0.0077,-0.0054213898,0.0004505882,0.00909999999999999,0.004999999999999999,-0.0011000000000000038,,-0.0019555914802342,0.0017487959918488,-0.0052046496503829,0.0017069537081279,-0.0163183779082866,-0.0101281523140105,0.000217133914258,-0.0030759746214073,0.0032111882373372,0.0016886684381881,0.0014784249479281,0.0102755011274008,-0.001715254290508
2006-11-01,0.017,0.0063,0.0004,0.002,-0.008,0.0042,-0.0104,,,,-1.185017863845642,0.2872418677,-0.0151110288,0.0494,0.0467,0.0207,-0.0014866204,0.0005921951,0.0087,0.0039000000000000007,-0.002700000000000001,,-0.0018504531355823,-0.005579019580047,-0.0150689493090186,0.0075731576591352,-0.0248678447635282,-0.0192783691074431,0.0040802087922894,-0.0014264253491015,-0.0008949859378735,-0.0008783120771479,-0.0049223477256395,-0.0012998070071024,-0.0080722831210655
2006-12-01,0.0085,-0.008100000000000001,0.0274,-0.006500000000000001,0.018799999999999997,0.004,0.0079,,,,-1.186500685453593,0.2816823997,-0.0150367791,0.0485,0.0491,-0.0236,0.0014888337,0.0003575308,0.009000000000000001,0.00040000000000000105,0.0005999999999999964,,-3.91629253061e-05,0.0014875607652182,0.0210840154864754,-0.0180216342407867,0.0247262879997217,0.0115223143306484,-0.0066677808513674,-0.0111652297363434,-0.0155790511012165,-0.0019183188698993,0.0103329952560221,0.004125015799693,0.0136679043000275
2007-01-01,0.0138,0.0002,-0.0068000000000000005,0.0019,0.004,0.0044,0.0017000000000000001,,,,-1.1850487297351835,0.2781442105,-0.0139866635,0.0498,0.0502,-0.0102,0.0030525273,0.0004504838,0.009399999999999999,0.0051,0.0004000000000000045,,0.0076909340897626,0.002164538873846,-0.0034085654702072,0.0002923104717908,-0.0099031383964442,0.0009717137069965,0.0031811627776624,0.0036559887695151,0.0101111533147769,0.0055903195364352,0.0027978542836509,-0.0107605229275754,-0.0023638066355846
2007-02-01,-0.0196,0.013300000000000001,-0.0008,-0.0052,-0.0066,0.0038,-0.0129,,,,-1.1836128920794438,0.2861484942,-0.0151410241,0.0503,0.0477,0.0335,0.0053503676,0.0014768552,0.008899999999999991,-0.004800000000000002,-0.002599999999999998,,0.0005785694822881,0.0031425950645753,0.0017340154115774,-0.004442462342389,0.0004975733304324,-0.0041448119856496,-0.0016699147255184,-0.0069864167653627,-0.000752776362758,0.0011839397126269,0.0003071853811116,0.0011895236928878,0.0029831046121141
2007-03-01,0.0070999999999999995,0.0014000000000000002,-0.0088,0.0055000000000000005,-0.0067,0.0043,0.0258,,,,-1.1822030752782071,0.2690500135,-0.0124863526,0.0494,0.0493,-0.0145,0.0091056959,0.0015875259,0.009700000000000007,-0.008599999999999998,-0.00010000000000000286,,-0.0004148172109055,0.0022170938318209,-0.0023929589244676,-0.0034620777326111,0.0037464699852018,0.0114566150216803,0.0053019048612674,0.0063603173036153,0.0075741189390826,0.0090941735894044,-0.0046704394705073,-0.0054148501601836,0.0019188115382971
2007-04-01,0.0349,-0.0208,-0.0144,0.0118,0.0101,0.0044,-0.0016,,,,-1.1804774661081536,0.2544561689,-0.0089118997,0.0487,0.0489,0.0085,0.0064961627,0.0005821462,0.0092,0.0055,0.0001999999999999988,,-0.0013240270349414,-0.0024371118592291,-0.0034882349135984,0.0048471234169818,-0.0071857878363839,-0.0022592802267756,-0.0002587426694773,0.0078207374506901,0.0053449749911349,0.0017292306047282,-0.0052966083351451,-0.0057256486943017,0.0060244312688776
2007-05-01,0.032400000000000005,0.0033,-0.0059,0.0147,-0.0126,0.0040999999999999995,-0.0033,,,,-1.1787762528257928,0.2439114941,-0.0102831177,0.0473,0.051,-0.02,0.0061107187,0.0006965734,0.0092,0.0022000000000000006,0.003699999999999995,,0.0023524759753206,0.0014619234847949,-0.0073421831354911,-0.0036338392289114,-0.0106833511587225,0.0052159367093555,0.0017955521548283,0.0090634687665078,0.007042113954969,0.0024073481882443,-0.0014666194926966,-0.0091709093517161,0.000922377267651
2007-06-01,-0.0196,0.006999999999999999,-0.0105,0.0049,0.0006,0.004,0.0052,,,,-1.1771041633113115,0.24789561,-0.0110640056,0.0461,0.0521,-0.0091,0.0019379752,0.0014724362,0.009100000000000004,-0.0057,0.005999999999999998,,0.0021562609777582,0.0021157385819817,-0.0065746734765222,0.0119557209771206,-0.0075030635847258,0.0075823467706574,4.7408044259e-05,0.0015362961038714,0.0127633051890083,-0.0021735267006808,-0.0043706807187442,0.006518920393392,-0.0090592753912218
2007-07-01,-0.037200000000000004,-0.0305,-0.0368,0.0026,-0.0116,0.004,0.028399999999999998,,,,-1.1417467971534214,0.2515849644,-0.0152618551,0.0482,0.0501,0.0284,-0.0002543772,0.0024262615,0.009200000000000007,-0.0316,0.001899999999999999,,0.0037285598045437,0.0006629263105761,-0.024810890085891,0.0152636260548997,-0.0016112236263278,0.0240802841872958,0.007869243029718,0.0130350695372003,0.0240560081379135,0.0034890090851866,-0.0054548430706233,-0.0172728493556153,-0.0243103797246681
2007-08-01,0.009399999999999999,-0.0033,-0.0187,-0.0127,-0.005699999999999999,0.0042,-0.0003,,,,-1.1058409136899012,0.2488398512,-0.0121975375,0.042,0.0487,0.0199,-0.0018339022,0.0051339638,0.008600000000000003,-0.004700000000000001,0.006699999999999998,,-0.0112840247649495,0.0019482745883564,-0.0022385725426823,0.0012772549437451,0.0131763586821404,0.0043117482868943,0.0056983129197769,0.007734493488618,0.0061306098431672,-0.0033143253695123,-0.0085910150971801,-0.0037514747362164,-0.0061503310460722
2007-09-01,0.0322,-0.024399999999999998,-0.0217,-0.0049,-0.0294,0.0032,0.0443,,,,-1.0693588862004337,0.2392074367,-0.013015004,0.0389,0.0489,0.0012,0.0027559074,0.0018684768,0.0085,0.0123,0.010000000000000002,,0.0049883571902958,-0.0096158307203237,-0.0286002018905723,0.01233026527893,-0.0059918005944521,0.0328048860123633,0.0041421638150107,0.0068425638908794,0.0031152594310754,0.0025785208422112,0.0028047413998657,-0.01311500435674,-0.0299458666254813
2007-10-01,0.0179,-0.0003,-0.0287,-0.0033,0.0006,0.0032,0.050300000000000004,,,,-1.0059778700066988,0.2386170601,-0.0179547999,0.039,0.048,0.0155,0.0021391913,0.0016828778,0.008199999999999999,-0.006699999999999999,0.009000000000000001,,0.0189376566037383,-0.0041509605579951,-0.0196614286777942,0.0156257846686638,-0.0070342291258354,0.0333888414844914,0.0108916380127309,0.0016793450195214,0.0107715829061005,0.0030389742860962,-0.0134504785548448,-0.0010488257052708,-0.0382669972277143
2007-11-01,-0.048,-0.0291,-0.0109,0.0175,-0.0036,0.0034000000000000002,0.011200000000000002,,,,-0.9395822677200791,0.2485796916,-0.025158604,0.0327,0.0445,0.0468,0.0059396179,0.005636836,0.009600000000000004,-0.038900000000000004,0.011799999999999998,,-0.0039697079110704,0.0022154641542611,0.0131568120026663,-0.0132573093420491,0.0393556698608803,0.0212011101011449,0.0061347515632346,0.0253904155695164,0.0111587819468537,0.0036131979674967,0.0008073874359776,-0.0344831178791881,0.0082869598828379
2007-12-01,-0.0087,0.0018,-0.0051,0.009000000000000001,-0.010700000000000001,0.0027,0.06559999999999999,,,,-0.8698018985709437,0.2505829731,-0.0406372941,0.03,0.045,-0.0029,-0.0006708631,0.0023453304,0.011600000000000006,0.0057,0.015,,0.0078693927789272,-0.0027704089105631,-0.0210353520119006,0.0113486541878361,0.0057670543386447,0.0441034446249915,0.0002765942702853,0.0149321369452784,0.0227243221383179,0.0092711351284733,0.0108685269210011,-0.0044515228495311,-0.0209302319803793
2008-01-01,-0.0632,-0.0063,0.04,0.0212,0.0206,0.0021,-0.0774,,,,-0.8333777100911575,0.2627544223,-0.0431791533,0.0275,0.0436,0.0213,0.0049705765,0.0048317857,0.0121,-0.0196,0.0161,,-0.0075229032733301,-0.0021000554643222,0.027689575261582,-0.0295618189360716,0.0082106519687382,-0.044921393722133,-0.0145147064085735,0.0038635109721921,-0.0318147413145141,0.0003851939786295,0.0149621984798489,-0.0052358783677075,0.0502121310374787
2008-02-01,-0.030899999999999997,-0.0064,-0.0072,0.010700000000000001,-0.0097,0.0013,0.0613,,,,-0.7960971024038348,0.270979321,-0.0496082153,0.0212,0.0438,0.0018,0.0029041122,0.0032256417,0.012899999999999995,-0.0089,0.0226,,0.0164891214873724,-0.0153185405575542,-0.0266819124048503,0.0070157230935841,0.0143607381522395,0.0498738591931573,0.0073546545187848,0.021499567894258,0.033098076467796,0.0159241782700913,0.0193716698020873,-0.0118509223840064,-0.0219996454222212
2008-03-01,-0.009399999999999999,0.0059,0.0031,0.0089,0.004699999999999999,0.0017000000000000001,0.0425,,,,-0.757902646045518,0.2540575672,-0.0518315586,0.0126,0.0432,0.0106,0.0086682129,0.0063376728,0.0138,-0.0165,0.030600000000000002,,-0.0007426446221464,0.0046573363147981,0.0136183748291214,-0.0038319398955063,0.0227975707297298,0.0189780180476557,0.0013151718771166,0.0109063896850725,0.0106747760456334,-0.0007346658152237,-0.0064265640632915,0.0011356955858121,0.0032564987857024
2008-04-01,0.0461,-0.0116,-0.0096,0.0181,-0.0256,0.0018,-0.0033,,,,-0.7020111399029272,0.2430146964,-0.0488447293,0.0129,0.0458,-0.0288,0.0060647784,0.0029037295,0.014199999999999997,0.0379,0.0329,,0.0143670333182785,-0.0107085315433441,-0.0196427353700823,0.0079427019624469,-0.0241517561979669,-0.000716891632821,0.0029639205722367,0.0080868294019122,0.0094079271479196,0.0060820537244622,0.0068639336403137,-0.0216101885063751,-0.0088628502693754
2008-05-01,0.0187,0.0304,-0.015,0.0092,0.0014000000000000002,0.0018,0.0339,,,,-0.6433967230136801,0.2465106122,-0.0454623897,0.0173,0.0475,-0.0164,0.008420886,0.001640653,0.013600000000000001,-0.011299999999999998,0.0302,,0.0136349742133658,-0.0072402545049304,-0.0259890220281062,0.0188239125894795,-0.0087812482164895,0.0185321480791718,0.0133368751186457,0.0095515592122297,0.028385720374099,0.0100940892649116,0.0003929982057909,0.0085978357452527,-0.022845809345214
2008-06-01,-0.0843,0.0116,-0.025099999999999997,0.049800000000000004,-0.0069,0.0017000000000000001,0.12710000000000002,,,,-0.5817391906338703,0.2744913881,-0.0473768859,0.0186,0.046,0.022,0.0100769969,0.0034252405,0.013899999999999996,-0.0281,0.0274,,0.0176471078395705,-0.016115019324502,-0.0304030475873801,0.0167328469458534,0.0042768169552252,0.0981827437100864,0.0174401302500159,0.0261723048979948,0.0374401411591314,0.0218622690823466,-0.0319399978861456,-0.0204278697641816,-0.0490712282939301
2008-07-01,-0.0075,0.0371,0.052000000000000005,-0.013600000000000001,0.009899999999999999,0.0015,-0.050199999999999995,,,,-0.544289447304195,0.2738156551,-0.0469318453,0.0163,0.0465,-0.0025,0.0052510111,0.0044658468,0.014899999999999997,-0.0084,0.0302,,-0.0259084952804034,0.0200993116815913,0.0488808436097324,-0.0035492964968985,0.0382653352674887,-0.0598802039772223,-0.0034809518215043,-0.010533648539463,-0.0166484867227468,0.0005155215144996,0.0367678644415674,0.0449909031830348,0.0446994401072192
2008-08-01,0.015300000000000001,0.032799999999999996,0.0152,0.0183,0.0066,0.0013,-0.044800000000000006,,,,-0.5055113722451985,0.2698892455,-0.0463334367,0.0172,0.0449,0.0242,-0.0039915623,0.0034478472,0.015099999999999995,-0.0121,0.027700000000000002,,-0.0001121783210964,0.0024952185659106,0.0230347344662482,-0.0072738892737014,0.0063646056427457,-0.0434440230821137,-0.0194599703936945,-0.0040874730429557,0.0017605788046268,-0.0069913276572733,-0.0017682820250511,0.0159662714103793,0.028039215605483
2008-09-01,-0.0935,0.0038,0.056600000000000004,0.024,0.017,0.0015,0.0086,,,,-0.46530521727811536,0.2871235482,-0.0489228444,0.0113,0.0443,0.0112,-0.0013830185,0.0237746692,0.016599999999999997,-0.0975,0.033,,-0.0142744061600836,0.0069631380942225,0.0527029472008011,-0.0170104072184959,0.0774435668156899,0.0224035195971546,-0.0172298221395025,0.003369903671324,-0.0170063085816046,-0.0113746373413901,-0.0313874728901148,0.0187702627446781,0.0411174802708208
2008-10-01,-0.172,-0.030600000000000002,-0.0189,0.0273,0.0138,0.0008,0.0787,-3.519168693105829,,-3.3038491627690285,-0.2153195303368003,0.3340993736,-0.0559541667,0.0067,0.0478,-0.0383,-0.0101013333,0.0580885247,0.02600000000000001,-0.006699999999999998,0.041100000000000005,,0.0017512524515213,0.0109792217885774,0.0303248731194388,-0.0015008289865511,0.0642365330615977,0.0592823609679831,0.0090244672978018,0.0283586104119006,0.0125430098414742,0.0061785053448879,-0.003409014910724,-0.0121919261717375,-0.0046201349058652
2008-11-01,-0.0774,-0.04,-0.0621,0.0467,0.0239,0.0003,0.0728,-3.446807022611989,-3.524605369029078,-3.5699089499747534,0.12310192736276448,0.3528673559,-0.0527795751,0.0019,0.0372,0.1443,-0.0191528953,0.0362568805,0.030900000000000004,-0.026900000000000007,0.0353,,-0.0041628233655969,0.0047493585995801,0.0058218528203331,-0.0086968989802197,0.0586124337023451,0.0407056534255422,0.0060372681174332,0.0278016759064517,0.0092841365741416,-0.005023808767361,-0.0208587307022358,-0.0320631751932039,-0.0078547001671216
2008-12-01,0.0177,0.0333,0.0005,0.0003,-0.0152,0.0,-0.0509,-3.4600680761373637,-3.4522769403600817,-4.105981340622804,0.64591326448544,0.3549842247,-0.0244984636,0.0003,0.0303,0.0967,-0.0103424738,0.0200900813,0.0338,0.059300000000000005,0.03,-0.0748490322580645,-0.0086220482686581,0.003762278983026,0.0058325444690693,0.0046259923299715,-0.014903026744781,-0.0407317811422218,-0.0070282599408417,-0.0130838976836757,0.0048261415417357,0.0014197358917583,0.0080330126950498,0.0189515221802796,0.0231584215850349
2009-01-01,-0.0809,-0.0209,-0.11019999999999999,0.0,-0.0116,0.0,-0.0236,-3.3838986057625684,-3.47344849127364,-4.214464503193927,0.8305658974313586,0.3893931402,-0.0250561378,0.0013,0.0394,-0.1124,0.0043524174,0.011971096,0.030899999999999997,0.0175,0.038099999999999995,0.007821565652057494,0.0028125937480522,-0.0024778070067913,-0.0331639050465839,0.0339459627959143,0.0208648938519628,-0.0142854479366596,0.0194749102439706,0.0126100557901138,0.0538832509968909,0.0198085612768505,0.0023296601318603,-0.0081547628515179,-0.0369462223086881
2009-02-01,-0.1014,-0.011699999999999999,-0.066,0.0101,-0.0062,0.0001,0.0436,-3.28100756237336,-3.3974641061938744,-4.345202008048076,1.0641944456747159,0.441103055,-0.0249274947,0.003,0.0401,-0.0056,0.004972933,0.0099612092,0.0281,-0.0252,0.037099999999999994,-0.0856573484638804,0.002994904106351,0.0054703401353437,-0.0161776921795718,0.031556247254801,0.0143221944226205,0.0147875170219697,0.0134100351696561,0.0298763521342858,0.0486697476613251,0.005846688919366,-0.0090734259035955,-0.0186311650447129,-0.0329472795055572
2009-03-01,0.0901,0.0059,0.0348,-0.0258,-0.02,0.0002,-0.1183,-3.376708686394564,-3.29475595017992,-4.756238235173014,1.37952954877845,0.2965282852,-0.0374273876,0.0021,0.0355,0.0641,0.0024317485,0.0203643787,0.029199999999999997,-0.0659,0.0334,-0.1099312248752845,0.0039730782704209,-0.0030160051248216,0.0113231122104319,0.0154478320781726,-0.0508143538857197,-0.0578489352032512,-0.0302985743183537,-0.0226902988206508,-0.0144375158262599,-0.0102750434153859,-0.0193629646240346,0.0273181331716569,0.0157541107777591
2009-04-01,0.1017,0.07139999999999999,0.0538,0.0134,0.005,0.0001,-0.34340000000000004,-3.487005638472275,-3.397233423551305,-4.814910194480225,1.3279045560079503,0.2762275775,-0.030993037,0.0016,0.041,-0.0649,0.0024963683,0.0075510403,0.03,0.0619,0.039400000000000004,0.08540450829150159,0.012650583702252,-0.0038201645050324,0.0136572570216853,-0.0199575656161494,-0.129165210196216,-0.201906881863494,-0.0293902739753194,-0.0433485759455607,-0.0293495510765235,0.0046118987016894,-0.0430112873373592,0.0808657896803987,0.0851289810886784
2009-05-01,0.052000000000000005,-0.022400000000000003,0.0040999999999999995,-0.008100000000000001,-0.0199,0.0,-0.1253,-3.559677217720816,-3.5079566592999343,-4.836482331761346,1.2768051140405294,0.2654320479,-0.0243487574,0.0018,0.0432,-0.0248,0.0028887638,0.0063811403,0.025200000000000007,0.0737,0.0414,0.09392507551355478,0.0051840271709883,-0.0046350743318354,-0.0245061964583046,0.0040080274622442,-0.0401923183315123,-0.0855236218729876,-0.0020077873411993,-0.0105453582707432,-0.0266501642850251,0.0077210405146614,0.0077629480485943,0.0185089452829206,0.0109505694638306
2009-06-01,0.0042,0.0227,-0.0276,-0.0141,-0.0037,0.0001,0.0545,-3.5812763173013256,-3.5810805012372553,-4.807398800540686,1.2261224832393607,0.2671078489,-0.0220974913,0.0018,0.0429,0.0083,0.0085898923,0.0034725262,0.0189,0.0267,0.0411,0.053081426656431674,-0.0002486056465074,0.0048002668269797,0.0126952812194693,0.0123516422485061,0.0361369927573705,0.0125760267724482,0.005826623310935,-0.0075166101638479,0.013551683862985,0.0017769133091559,0.0169337898195295,0.0268841591291451,-0.0017931036799215
2009-07-01,0.0774,0.0231,0.0489,-0.0026,0.0308,0.0001,-0.0554,-3.6750931236510267,-3.6035711465621345,-4.677399457487832,1.0023063338368052,0.2460047909,-0.013781643,0.0018,0.043,0.0019,-0.0015855869,0.0037710547,0.016800000000000002,0.0546,0.041199999999999994,0.00019583523728705643,0.0141789866710013,-9.63734230261e-05,0.021783958641098,-0.0070523406338294,-0.0361648403848254,-0.0156080325932604,-0.0305073717249078,-0.0262369356774061,-0.0266544122562322,-0.0073264982254209,0.008509939206333,0.0189945013609685,0.0156382393310491
2009-08-01,0.0333,-0.001,0.076,-0.0285,0.033,0.0001,-0.091,,-3.697900456324022,,0.8118656513308449,0.2375940895,-0.0079214037,0.0017,0.0415,0.0231,0.00224285,0.002177724,0.013199999999999996,0.00040000000000000105,0.0398,0.07414175695078962,0.0024434676187234,0.0117872303897391,0.0290257518364649,-0.0132593879608682,-0.0317023996375765,-0.0259166877339088,-0.0059782270220901,-0.0287536247445303,-0.033378644322361,-0.0077788080093399,-0.0061963826572418,0.0151195819091851,0.0170052220838716
2009-09-01,0.0408,0.027200000000000002,0.0115,0.0115,0.0034000000000000002,0.0001,-0.0487,,,,0.6449967638615641,0.232310024,-1.43322e-05,0.0012,0.0403,0.0176,0.0006254807,0.0019126285,0.011800000000000005,0.0097,0.0391,,0.010044547753071,-0.0069495117460255,-0.0099915274838353,0.0141817922592021,-0.0312016692277463,-0.0009933415516403,-0.0108069790000772,-0.0116099640101184,0.0017646768099988,0.0017904209516961,0.0004987043726333,0.0182344231341971,-0.0107392743467997
2009-10-01,-0.0255,-0.048499999999999995,-0.0417,0.042199999999999994,-0.0148,0.0,0.024900000000000002,,,,-0.07994442190545037,0.2322992609,0.0031975992,0.0007,0.042,-0.0171,0.0009631012,0.0038979663,0.0114,0.0187,0.0413,,-0.0079003310372553,-0.0071720849267986,-0.0067704714155394,-0.013363980887598,0.0416258692674759,-0.0120430840231313,0.0082800531110571,0.0431637371909633,0.031641659775196,-0.001684201227795,0.0116458166603828,-0.0367600585553991,0.0191720398115446
2009-11-01,0.0558,-0.0276,-0.0033,0.009000000000000001,0.0,0.0,0.0039000000000000003,,,,-0.5104893770188479,0.2181048716,0.0075319203,0.0005,0.0406,0.0208,0.0007077534,0.002001319,0.011300000000000004,-0.016399999999999998,0.0401,,-0.0025275778652918,-0.0050358264719832,-0.0028966196946611,-0.0016153816960073,-0.0081397582022671,0.0139438266868717,-0.0061326268167809,0.0022198015234704,-0.0044079771434817,0.0019069827372502,-0.0054259635831175,-0.0118704674413768,-0.0021366415250324
2009-12-01,0.0274,0.061399999999999996,-0.0011,0.0070999999999999995,-0.0009,0.0001,0.03,,,,-0.8219530761138438,0.2163645169,0.0105944679,0.0005,0.0458,-0.0584,-0.0017611982,0.0009334353,0.011100000000000006,0.0309,0.0453,,0.0150431395403735,0.0052558081125302,0.0118452618677002,0.0163478280294257,-0.0207362395987242,0.003106213932466,-0.0003632021452765,-0.0240439400391412,-0.0018405255039424,0.002938391255086,0.0042248111340852,0.0353956103166457,-0.0090886608268342
2010-01-01,-0.0335,0.004,0.0033,-0.0108,0.0051,0.0,-0.0533,,,,-0.892537510636302,0.2241170201,0.0134096854,0.0006,0.0441,0.0264,0.0034174736,0.0019917025,0.009899999999999999,-0.016800000000000002,0.0435,,-0.0085920673380992,0.000364063940576,-0.0024541048199316,-0.0153682768025859,0.0086309846530429,-0.0244880090687373,0.0019663709104276,-0.0011144695198893,-0.0087002415488187,-0.001843349433353,0.021969018887694,0.0067614356710198,0.0191241296819554
2010-02-01,0.0339,0.0149,0.0318,-0.0029,0.014199999999999999,0.0,0.0369,,,,-0.9594316341260543,0.2185184683,0.0139320766,0.0011,0.0441,0.0032,0.0002492074,0.0023732454,0.009899999999999999,0.0006999999999999997,0.043000000000000003,,0.010606567808311,0.0037606439978492,0.0141199795888495,0.003911346552754,-0.0207989966596594,0.0187646355086536,-8.95637753086e-05,-0.0076804454926043,0.0024856541566044,0.0061337216099833,0.0017240282968528,0.0004278250583556,-0.0048257237649179
2010-03-01,0.063,0.0183,0.0219,-0.0060999999999999995,0.0174,0.0001,0.035699999999999996,,,,-1.0230563957143102,0.3818781703,0.0263901075,0.0015,0.0458,-0.0179,0.0041062835,0.0006334088,0.010000000000000009,0.0224,0.0443,,0.0024794319544296,0.0133659641069057,0.0142727626969428,-0.0016406551552631,-0.0192297110242512,0.0023166354002719,0.008735037051345,-0.0162672853802098,-0.011592345574656,-0.0002915904911926,0.008948611981798,0.0155292668350456,-0.0029618125182386
2010-04-01,0.02,0.0496,0.0296,0.0060999999999999995,0.0175,0.0001,0.0316,,,,-1.0542339052186156,0.3766061292,0.0266511206,0.0016,0.0437,0.0304,0.0017368849,0.0017938348,0.009599999999999997,0.005300000000000003,0.042100000000000005,,0.0164471606621412,0.0092718059685642,0.0211926953481341,-0.0083554607284001,-0.0205483288941168,0.0019378483701993,-0.00359845598676,-0.022480195009261,-0.0155448790581358,0.0082691030371219,0.0080547403342734,0.0240813154858829,-0.0025543374699967
2010-05-01,-0.079,0.0008,-0.0248,0.013000000000000001,-0.0024,0.0001,-0.002,,,,-1.0843426218471426,0.4090027948,0.0257196642,0.0016,0.0407,0.0437,0.0007751974,0.0081078432,0.0109,-0.0488,0.0391,,0.0014642408204302,-0.005069521642925,-0.008597281575842,-0.0038085654762998,0.0221786656875945,0.0033226583559919,0.0057875083633332,0.0187848962587167,0.0200797651031146,0.004873378632174,-0.0041687313408223,-0.0084229469375712,0.0064293266428711
2010-06-01,-0.0557,-0.0242,-0.0473,-0.001,-0.0158,0.0001,-0.027000000000000003,,,,-1.1134611851100167,0.4241765415,0.0187758808,0.0012,0.0376,0.0446,-0.0009762671,0.0055917548,0.013499999999999998,0.007300000000000001,0.0364,,-0.0063263796572477,-0.012932942151364,-0.0231255898090415,-0.004096010843592,0.0459984312336597,-0.0091713126224448,-0.00217272756447,0.0204854998928347,0.0124653217182765,0.0042404952480495,-0.0074218896309764,-0.0135152149945427,0.0039637890918964
2010-07-01,0.0692,0.0004,-0.005,0.0017000000000000001,0.0202,0.0001,0.0178,,,,-1.132065778887179,0.3961335532,0.0155567614,0.0016,0.0377,0.0024,0.0002110431,0.0033487858,0.012900000000000002,0.014600000000000002,0.0361,,0.0083223153817009,0.0037202216725849,0.0153385262166746,-0.0030936837729698,-0.0250158827051791,-0.0094603520819709,-0.0039415147790179,-0.0092023510796574,-0.0119238443957037,-0.0052800663758259,0.0068760310299685,-0.0021819405544885,0.0060325681793564
2010-08-01,-0.04769999999999999,-0.030600000000000002,-0.0173,0.006,-0.016,0.0001,0.0004,,,,-1.1501532933379184,0.4139816191,0.0112177194,0.0016,0.0327,0.0702,0.0013806643,0.0027046021,0.011699999999999995,-0.022899999999999997,0.0311,,-0.00032565450835,-0.0173387345322235,-0.0239406136008152,-0.001300465643782,0.0241051582240683,0.0188917817094224,-0.0050041418166107,0.0105086977237051,0.0095570234543346,0.0068693185580117,0.0063932218353959,-0.0256156565587481,-0.0072603011573373
2010-09-01,0.0955,0.0365,-0.0302,-0.0019,0.0038,0.0001,0.0138,,,,-1.1677592414456726,0.3843057828,0.0033375091,0.0015,0.0341,-0.0153,0.0005817362,0.0023371834,0.011299999999999998,0.0008999999999999998,0.0326,,0.0042839909016535,0.0153146866579703,0.0050546744004086,0.0227028723291642,-0.0398683917107255,-0.0181921937264471,0.0137201936919479,-0.005440821452903,0.0151411255810936,-0.0100815368163627,0.0104351100256397,0.0181463208976255,-0.0138375161938786
2010-10-01,0.0387,0.0073,-0.0246,0.0128,-0.0038,0.0001,0.0146,,,,-1.1873167053887648,0.3728872859,0.0072316415,0.0013,0.0367,-0.0317,0.0012451989,0.0010800704,0.0104,0.0114,0.0354,,0.0018051047625446,0.0020037333395932,0.0009399614134892,0.0098693660426058,-0.0112439191204748,0.0075344407476206,0.0043605750123362,0.0038534279295148,0.0064915020279896,-0.0008910145740396,-0.0006729459084299,0.006277710910053,-0.0070725639489772
2010-11-01,0.0059,0.0354,-0.009000000000000001,0.0032,0.0179,0.0001,0.0273,,,,-1.2062839121449804,0.3766947543,0.0147980073,0.0014,0.038,-0.0137,0.0004206464,0.001737952,0.010500000000000002,0.008,0.0366,,0.0087060626423723,0.0041445497254785,-0.0070909831577165,0.0134964906076665,-0.0257683077691506,0.0145266873104151,0.0100326600060223,-0.0009495818163564,0.0172360872715995,0.0050610859939634,-0.0048384213987512,0.0040878388279926,-0.0200931476188474
2010-12-01,0.0682,0.0097,0.0356,-0.0342,0.0317,0.0001,-0.03,,,,-1.2246989348430524,0.3581003169,0.0126118489,0.0014,0.0414,-0.0388,0.0017184408,0.000832136,0.010799999999999997,0.0352,0.04,,-0.0028359495951869,0.0039843953070539,0.0128359374833601,-0.0016950836313232,-0.0214682165489735,-0.0263347115440871,-0.0030344577992414,-0.0254718952181943,-0.0300301118874121,-0.0002549501768782,-0.0020360266791767,0.0264042169754184,0.0003169936428052
2011-01-01,0.019799999999999998,-0.0231,0.0060999999999999995,-0.0064,0.008100000000000001,0.0001,-0.003,,,,-1.2313776634044178,0.3486322237,0.0153678849,0.0015,0.0432,-0.0196,0.0047632301,0.0008632301,0.010500000000000002,-0.00020000000000000226,0.0417,,0.0009032298762969,-0.0012971679243008,0.0011391318510451,0.0016013605746064,-0.0040395701425896,-0.0125593085560409,-0.0067545945167414,0.0005665667825236,-0.0051255118603915,-0.0032627038403696,-0.0047662200587283,-0.0092612841566652,0.0062264273207923
2011-02-01,0.0348,0.0165,0.0118,-0.0183,0.0084,0.0001,0.018799999999999997,,,,-1.2378786668945971,0.3390965735,0.0159181079,0.0013,0.0426,0.0113,0.004931365,0.0010655334,0.009299999999999996,0.004399999999999999,0.041299999999999996,,0.0045606649214517,-0.0011193191975628,-0.0008422067816401,0.0023855407240139,-0.0094505947450775,0.0116391823598913,0.0030335339200743,-0.0035601679125666,0.0007248876422414,0.0020137719769897,-0.0062418828486117,0.0066068144766488,-0.0074234439872076
2011-03-01,0.0046,0.0256,-0.0184,0.0173,-0.0007000000000000001,0.0001,0.0345,,,,-1.2442090782864503,0.3542699394,0.0124760224,0.001,0.0429,-0.0006,0.009751072,0.0023472643,0.009000000000000001,-0.0066,0.0419,,0.0080213019044361,0.0009238507126695,-0.0042444459444751,0.0017107898719499,-0.0004885811964657,0.0100280578325541,0.0024969575027364,0.0011653347988188,0.0105117417739468,0.0048163298382591,-0.004891857041856,8.81514100089e-05,-0.0063893718986706
2011-04-01,0.028999999999999998,-0.0053,-0.024399999999999998,0.011200000000000002,-0.0086,0.0,0.0005,,,,-1.2417874710869201,0.3406968012,0.0093802004,0.0006,0.0416,0.0199,0.0064394295,0.0006365303,0.008599999999999997,0.004,0.040999999999999995,,-0.0025863356127885,0.0023196619838885,0.0024064697951402,0.0033841591406162,0.0082936711777054,-0.0068162297466856,0.0029795895667516,0.0086319305285775,0.0129134897159348,-0.0032364645658904,-0.0024284687314709,-0.0066067364074235,0.0014321620977175
2011-05-01,-0.0127,-0.0072,-0.018500000000000003,0.0192,-0.0143,0.0,-0.006,,,,-1.2394183611638026,0.3472221891,0.0091168436,0.0004,0.0391,0.0355,0.0047041875,0.0009342036,0.008199999999999999,-0.009799999999999996,0.038700000000000005,,0.0075723807704203,-0.0022806358522915,0.0049412313517643,-0.0058767837927175,0.0185050993008143,-0.0097287457224762,0.0002887074771397,0.0057511942329144,0.0115070468248846,-0.0005599744881098,-0.0050348418167243,-0.009966441550865,0.0090623182278607
2011-06-01,-0.0174,0.0006,-0.002,0.0227,-0.014199999999999999,0.0,0.0182,,,,-1.2371058096465424,0.3515700392,0.0117335532,0.0004,0.0409,-0.0179,-0.0010709671,0.0022947474,0.007600000000000003,-0.003100000000000002,0.0405,,-0.0002864571309587,0.0004636239348174,0.0011033739236552,-0.0075766557463869,0.0153322151289839,0.0149206666960404,0.0042804885004814,0.0116710224115449,0.011574594351372,0.0027797276542563,-0.0058936807646243,-0.0114232973327018,0.004036304148059
2011-07-01,-0.0235,-0.0111,-0.0091,0.0268,-0.0173,0.0,0.002,,,,-1.2379532692600868,0.359418903,0.0123705605,0.0004,0.0378,0.0422,0.0008860457,0.00183074,0.008300000000000002,0.0051,0.0374,,0.0117987067292261,-0.0099114473907113,-0.0096910116227985,-0.0040238825232073,-0.0052153246455761,0.0075502896128653,-0.0019730825821464,0.0003333909234051,-0.0049506718885268,-0.0006888444569605,-0.002178957835882,-0.0121587461652832,-0.0078164596139864
2011-08-01,-0.0596,-0.030899999999999997,-0.024300000000000002,0.0341,-0.0026,0.0001,-0.0027,,,,-1.2387798131857566,0.3758125221,0.0127265619,0.0002,0.0315,0.0862,0.0027575889,0.0192222162,0.009899999999999999,-0.0622,0.0313,,0.0013221087988024,-0.0072167419972656,-0.0012534392690519,-0.0085767058897063,0.0505760821709074,0.011232076514157,0.0017327624589065,0.02278514723941,0.022290057947168,0.0017931861414669,0.003303438498445,-0.0285363661914451,0.0102037164509909
2011-09-01,-0.0757,-0.0349,-0.015300000000000001,0.0199,0.0015,0.0,-0.024,,,,-1.2395884652830973,0.399922847,0.0130493015,0.0001,0.0265,0.0704,0.0015184621,0.0069158594,0.011799999999999998,-0.012900000000000002,0.0264,,0.000524950639343,0.0054396650670964,0.023578029209751,-0.0059538731955765,0.0671555521965551,0.0184587213467699,-0.0237518106065346,0.0167994639038579,0.0247000637651029,0.0014686552277439,-0.0249231680534539,-0.0177121976784644,0.0176955269318081
2011-10-01,0.1134,0.0325,0.0006,-0.0225,-0.0073,0.0,-0.013999999999999999,,,,-1.223138862974488,0.3650779046,0.0078925078,0.0002,0.0291,-0.0306,-0.0020626826,0.0074008554,0.013899999999999996,0.04,0.028900000000000002,,-0.0053936079310279,0.003329735507185,-0.0145397284064434,0.0105951578448789,-0.0660372508119488,-0.0615236251420711,0.027170565419408,-0.0018667615159648,-0.0079254409327354,-0.0074002281978688,0.0263803921042157,0.0201151617144859,0.0030146096336557
2011-11-01,-0.0027,-0.003,-0.0052,0.0194,0.0144,0.0,0.0388,,,,-1.2069556293935353,0.3623298975,-0.004340313,0.0001,0.0273,0.0251,-0.0008435613,0.0076796025,0.012700000000000003,-0.060700000000000004,0.027200000000000002,,0.0023912188643842,-0.0020616701297124,0.0067157447331447,-0.0119795846349195,0.0198296032909131,0.0240276328939259,0.000395864256273,0.0053414765832654,0.0034738391131146,0.0018380732942427,0.0020568960516073,-0.0161195754448849,0.0025506788749773
2011-12-01,0.0075,-0.0029,0.0154,0.0106,0.024700000000000003,0.0,0.0183,,,,-1.1910227090439904,0.3572325407,-0.0064973312,0.0001,0.0255,0.027,-0.0024665164,0.0027640924,0.013199999999999996,0.024200000000000003,0.0254,,0.0076854132637603,0.0036413653811798,0.0259992516210441,-0.0203339986958281,0.0355208523385563,0.0189872551397011,-0.0087610921188086,-0.0037286172870937,-0.0090569225468308,-0.0027734346044815,0.0080660706569655,0.0057996583986375,0.0221321511559589
2012-01-01,0.050499999999999996,0.0202,-0.009300000000000001,-0.0206,-0.0148,0.0,-0.0801,,,,-1.1854628106569534,0.3454873026,-0.0130621323,0.0003,0.0249,0.0002,0.0044001914,0.000648134,0.0138,0.019200000000000002,0.024599999999999997,,-0.0211677560918789,0.0122468892769149,-0.0207340539457901,0.0320797937885719,-0.0555417987668045,-0.0605035664521537,0.0054206812797148,0.0026525265633025,0.0072219970840858,0.0040515580313106,0.0162763488052163,0.0300731919081559,-0.0096147002069307
2012-02-01,0.044000000000000004,-0.0167,0.0042,-0.0036,-0.0008,0.0,-0.0026,,,,-1.1799963682523917,0.3369739354,-0.0144663133,0.0009,0.0272,-0.0196,0.0044029736,0.0006237,0.012900000000000002,0.0253,0.026299999999999997,,-0.0003134776853863,0.0060589724502033,0.0007297385977876,0.0016518562354043,-0.0208061578150055,-0.0165133764777622,0.0061737380481646,-0.0019806341175993,-0.0005263494784018,-0.0004954002813801,-0.0065532892589362,-0.0149747481840492,-0.0041476891698292
2012-03-01,0.0311,-0.0048,0.011899999999999999,-0.0060999999999999995,0.006999999999999999,0.0,0.0131,,,,-1.1746282152375325,0.3461819674,-0.0137750499,0.0008,0.0297,-0.0302,0.0075945586,0.0011552699,0.012400000000000001,-9.99999999999994e-05,0.028900000000000002,,-0.0055628099281572,0.0125494233414583,0.015167100544716,0.0021645052017251,0.0146432589277905,0.0214812290760314,-0.0071556624971612,0.0017529432343596,0.0085348297674629,-0.0082661155560467,-0.0009579778072219,0.0014289252033267,0.002948854229538
2012-04-01,-0.0084,-0.005,-0.0077,0.013000000000000001,0.0066,0.0,0.037200000000000004,,,,-1.1605768413152027,0.3461403112,-0.0124140257,0.0008,0.0268,0.0409,0.0030210295,0.0016275451,0.012299999999999998,-0.015799999999999998,0.026000000000000002,,0.0098484855618038,-0.0050513143589547,0.0052033874262635,-0.01481207539863,0.0224216974935486,0.0188040092834869,0.005291021646492,0.002788590444438,-0.0014019707240256,0.0033419130197134,0.0002866807305307,-0.0190643929927621,-8.32063251891e-05
2012-05-01,-0.0617,-0.0008,-0.0095,0.0203,0.0236,0.0001,0.0644,,,,-1.1466531877823578,0.3690473597,-0.0152707539,0.0009,0.0221,0.0643,-0.0011734794,0.0014960906,0.012700000000000003,-0.029899999999999996,0.0212,,0.0064215792700035,9.81607209481e-05,0.020876812984773,-0.0194555512953045,0.0508006933937592,0.0352481991404575,0.0071697276600787,-0.0011144622166134,0.0001710545203733,0.0056917133916885,-0.0021731659821989,-0.0100553198792227,0.0057403308570453
2012-06-01,0.039,0.0089,0.0055000000000000005,-0.0106,0.0045000000000000005,0.0,-0.011000000000000001,,,,-1.1328590412698465,0.3551038851,-0.0190430644,0.0009,0.0233,-0.0136,-0.0014663969,0.003437228,0.0138,0.02,0.0224,,0.0068671240862032,0.0057488950385104,0.0117453945957333,0.0020063824744561,0.0027983127076108,-0.0045281259369429,-0.0011568266938593,-0.0087388429957255,-0.0128228841352471,0.0028391417404162,-0.0025274489863545,0.0147861936054787,0.0044214923862088
2012-07-01,0.0079,-0.0281,-0.0006,0.0104,0.0001,0.0,0.03,,,,-1.1126247682972918,0.3515937051,-0.0203207728,0.001,0.0216,0.0247,-0.0016297859,0.0015528399,0.014699999999999998,0.0365,0.0206,,0.0065817190595461,-0.008304242505744,0.0041259265279716,-0.0125898438507712,0.0111208587985367,0.0052112561476593,0.0028161997231744,0.003907908869339,-0.004693833961303,0.0013800278061086,0.0054768198072544,-0.0145380861857905,0.0080494872883329
2012-08-01,0.0254,0.0044,0.0123,-0.015,-0.0086,0.0001,-0.0235,,,,-1.0925735274485269,0.3493870523,-0.0197829564,0.001,0.0223,-0.0068,0.0055651582,0.0007271274,0.0143,-0.0024999999999999996,0.0213,,-0.0120214640650545,0.0021278453650832,-0.0059849659157544,0.0086217074573047,-0.0282471074676256,-0.0189108897838673,-0.0003807055964239,-0.0007630309209,0.0041093362289206,0.0004301419224473,0.0018725927777432,-0.0038091390405768,-0.0035417326229122
2012-09-01,0.0273,0.005699999999999999,0.016200000000000003,-0.013000000000000001,0.015600000000000001,0.0001,-0.0113,,,,-1.0727079475257155,0.3403829538,-0.0174249011,0.0011,0.0235,-0.0146,0.0044622123,0.0010446353,0.013499999999999998,0.002,0.0224,,0.0069461493425643,-0.0006851453312396,-0.0004234965907124,-9.51110971195e-05,-0.0071171747357407,-0.0073426249310715,0.0005755527977963,-0.007773950695545,-0.0092681544829807,0.0061282697733485,-0.006015101433085,0.0127661742445426,-0.0043797051564884
2012-10-01,-0.0176,-0.0083,0.0352,-0.013999999999999999,0.0252,0.0001,0.0005,,,,-1.054253062661537,0.3492371221,-0.0157131371,0.001,0.0238,-0.0014,-0.0003889251,0.0009255333,0.011099999999999999,0.022,0.0228,,-0.0015219492957368,-0.002341199632872,0.0152238325454035,-0.0305476319184226,0.0139432252632333,0.0035631504333873,-0.0002704101108623,-0.0023300026174533,-0.0221165760026684,0.0001699619542839,0.0012196771284632,-0.0169985422191515,0.0246912154262745
2012-11-01,0.0078000000000000005,0.004,-0.0086,0.0038,0.008100000000000001,0.0001,0.0053,,,,-1.0361351242294163,0.3511375309,-0.0120939255,0.0009,0.0228,0.0144,-0.0047380867,0.0019026489,0.010099999999999998,-0.0236,0.0219,,-0.0091710178514218,0.0075450853842327,0.0031179413000685,0.0105676069605682,-0.0037306133453354,-0.0004342423236113,0.0020242766060081,0.0080878083198202,0.0183141268591608,0.0034685415552521,0.0063319908034055,-0.0030099829803455,0.0002237144634105
2012-12-01,0.0118,0.0192,0.0348,-0.0172,0.008,0.0001,-0.029300000000000003,,,,-1.0183398429305175,0.3490324432,-0.0115491176,0.0007,0.0246,-0.0202,-0.0026930645,0.0010357072,0.009800000000000003,0.013999999999999999,0.0239,,-0.0027060611932556,0.0039529348039938,0.0031968698667106,0.001703070793339,-0.0167178681997934,-0.0147642306592628,-0.003556806617099,-0.007428807241762,-0.0111998903986079,0.0017561974289844,0.0073712768097433,0.016864172124563,0.0068993997023968
2013-01-01,0.0557,0.0042,0.0101,-0.020099999999999996,0.0152,0.0,-0.0182,,,,-1.013727576104738,0.3299840266,-0.0080167341,0.0007,0.0291,-0.0332,0.0029573042,0.0009068013,0.009300000000000003,0.001899999999999999,0.0284,,-0.0066583486103342,0.0055275325468586,0.0069058820235622,-0.0001908083888022,-0.0099158779443142,-0.0026263844872507,0.0009650810902869,-0.0028913312902444,-0.0041614120234311,0.0005271042629336,-0.0087747711401044,0.0035481478639469,0.0074557656488094
2013-02-01,0.0129,-0.0025,0.0021,-0.0059,0.0060999999999999995,0.0,0.0123,,,,-1.0091801099160058,0.3254312323,-0.0088642493,0.001,0.0285,0.0114,0.0081900295,0.0012427427,0.009500000000000001,-0.002100000000000001,0.0275,,-0.0011226745470238,0.0045361093975031,0.0120741644938834,-0.0081823242437212,0.0156887244299367,0.0148774386483425,0.004938769664624,0.0055508401705989,0.0032874333125941,-0.0026682845427819,-0.0080293734478768,-0.0026967878585452,0.0078740676828858
2013-03-01,0.0403,0.0088,-0.0022,0.0027,0.0141,0.0,0.0192,,,,-1.0046952214296514,0.3461299966,-0.0089106395,0.0009,0.0287,-0.0062,0.0026145086,0.00048452,0.0092,0.004399999999999999,0.0278,,0.0082100442135656,-0.0018144249026787,0.0080084222039937,-0.0062950369308319,0.0022066399809263,0.0103911202419945,0.0050703853305518,-0.0053308686636514,-0.0044644265820955,-1.25857014073e-05,-0.0102439995840028,0.0045323846575025,0.0030825520292587
2013-04-01,0.015600000000000001,-0.022400000000000003,0.0044,0.0039000000000000003,0.0043,0.0,0.0022,,,,-1.005060023530211,0.3400362539,-0.0080048589,0.0006,0.0264,0.0378,-0.0010396395,0.0016827472,0.008600000000000003,-0.0029,0.0258,,0.0026859783115347,0.0033616561533214,0.0058249708400295,-0.0081804773516184,0.0094253169610055,-0.000441383664609,0.0071525514810708,0.0007228273294269,0.0009984093746312,-0.0007108833880818,-0.0089991894363125,-0.0158478840959921,0.0058922301887594
2013-05-01,0.0281,0.0204,0.026699999999999998,-0.02,-0.0095,0.0,-0.020099999999999996,,,,-1.0054172717045002,0.3338325978,-0.0047046811,0.0004,0.0309,-0.0629,0.0017804078,0.0010155556,0.008400000000000005,0.009299999999999996,0.0305,,-0.0138023158948603,0.0097957855532581,0.0020994296840692,0.0134202331240615,-0.0322191060810844,-0.0004939535356198,-0.0072623653896449,-0.0033239759935947,0.0047188087209192,-0.0029071096114238,0.0067630937448702,0.0240698463274805,-0.0004193122203456
2013-06-01,-0.012,0.0154,-0.0005,-0.0028000000000000004,-0.0006,0.0,0.0043,,,,-1.0057650324196543,0.338444358,0.0001187088,0.0005,0.033,-0.0285,0.0023997081,0.0022476743,0.0092,-0.0086,0.0325,,-0.0011167925794431,0.0026220388157175,0.0030465243882867,-0.0045212650233016,0.0167420843566659,0.0121301572612549,0.0008906127279341,-0.0011332969281722,0.0006746432983281,-0.0009368595979405,-0.0005321026860396,0.0095598134357062,0.0012526973451579
2013-07-01,0.0565,0.0175,0.0058,-0.013500000000000002,0.005699999999999999,0.0,0.0174,,,,-1.0068870421542289,0.3255625651,0.0083606059,0.0004,0.0344,-0.0173,0.0003939975,0.0005020654,0.009799999999999996,0.020399999999999998,0.034,,0.0028442562091154,0.002754086227258,-0.0009955159448887,0.0129954798289016,-0.0163272498480733,0.0073692604424434,0.0006748080517525,-0.0060353852503135,0.0006981760334128,-0.0008444043504871,0.0069775680259429,0.0162716185034689,-0.0049656654112068
2013-08-01,-0.0271,-0.0003,-0.0273,0.0070999999999999995,-0.0217,0.0,0.0004,,,,-1.007982826856232,0.3407133274,0.0103321159,0.0004,0.0351,-0.0079,0.0012029316,0.0009504246,0.008799999999999995,0.0005000000000000004,0.0347,,0.0031950040579822,-0.0057672032805891,-0.0134319209356504,0.0109195911817549,-0.0122497486617955,-0.0052848791375375,-0.0034808709547463,-0.0019461133328805,0.0042202918547319,0.000105386140067,1.16311069572e-05,-0.0017227079887708,-0.0112361235209911
2013-09-01,0.0377,0.0265,-0.0118,-0.0054,-0.0132,0.0,0.0302,,,,-1.009053295986996,0.3335214846,0.010118701,0.0002,0.0349,0.0061,0.0011630045,0.0006222223,0.008300000000000002,-0.0047,0.0347,,0.0006638760361365,0.0026867195293497,-0.0042087901000261,0.0126114494372937,-0.0111134077139603,0.0170728182994311,0.0055872509486113,-0.0031954422205511,0.0080181162100693,-0.0054670786534235,-0.0009708826493134,0.014583142783072,-0.0142816984364736
2013-10-01,0.0417,-0.015,0.012199999999999999,0.0275,0.0089,0.0,0.0002,,,,-1.023752737276772,0.324594825,0.0096228184,0.0005,0.0342,0.0128,-0.0025752833,0.0014383686,0.007800000000000001,0.0083,0.0337,,-0.0004928553342284,0.0010980542271552,0.0111265336093947,-0.0188868293741646,0.0146315413719568,-0.0027007225607615,0.0040404230638094,0.0163487258766623,0.0015753227790294,0.002260544684948,-0.0006807018118871,-0.0180181238171009,0.0204521889464273
2013-11-01,0.031200000000000002,0.0144,0.0019,0.0026,0.0006,0.0,0.0039000000000000003,,,,-1.0380810041632373,0.3136852784,0.0103247749,0.0007,0.0361,-0.0236,-0.0020424242,0.0006443989,0.0075,0.015,0.0354,,-0.016601487719667,0.0137440155079191,0.003266450799343,0.0029807188975511,-0.0034558015220842,0.0079922064163361,0.0043206084265187,0.002357240142594,0.0045399964951942,-0.0031057090935354,-0.0008369694876033,0.0149235894649532,0.0052669104741243
2013-12-01,0.027999999999999997,-0.0044,0.0,-0.0058,0.0008,0.0,0.0002,,,,-1.052048724716352,0.3044081256,0.0121439423,0.0007,0.0378,-0.0207,-8.58115e-05,0.0007455165,0.007600000000000003,0.0209,0.0371,,0.0037720953827939,-0.0009305343320981,-0.0018853016622599,0.007335068721504,-0.0094852243391115,0.0029264139780551,0.0006444182069982,-0.0031619045465247,-0.0007914452754673,-0.0019078663902414,0.0006147719058485,0.0039966656022178,-0.0045883605972982
2014-01-01,-0.033,0.006,-0.0199,-0.0391,-0.0154,0.0,0.0161,,,,-1.042506544523866,0.3214292767,0.0137652167,0.0004,0.0342,0.0548,0.0037202477,0.0013035884,0.006999999999999999,-0.021700000000000004,0.033800000000000004,,0.0112235010730025,0.0011152780163369,-0.0037855634953943,0.0253972847727831,-0.0134486163104801,0.0023238206714463,0.0023566916968429,-0.0225990938904325,-0.0080592048880619,0.0055236936733091,-0.0061610389733491,0.0162292536215387,-0.0281922965774732
2014-02-01,0.046799999999999994,0.0013,-0.0034999999999999996,-0.0025,-0.0054,0.0,0.0213,,,,-1.0330940799825394,0.3091630718,0.0165761624,0.0005,0.0339,0.0074,0.0036979087,0.0012535647,0.006499999999999999,0.009399999999999999,0.0334,,0.0028290246727438,8.77660741318e-05,-0.006981295805694,0.0099298412276476,-0.0185153283973694,0.0126329154216183,0.0017840349167245,-0.001087083759171,0.0075014733866,0.0002519876022168,-0.0083547162577332,-0.0055248867247267,-0.0113381436507102
2014-03-01,0.0040999999999999995,-0.0113,0.049,0.0202,0.0192,0.0,-0.0327,,,,-1.0238102448095168,0.3506160657,0.0164163804,0.0005,0.0337,0.0063,0.0064400441,0.0008690325,0.0068000000000000005,-0.00010000000000000026,0.0332,,-0.0017963220867368,0.0003877295406132,0.0195240739390207,-0.0306876010797247,0.0289479567327915,-0.0178530545705067,-0.0016226266793826,0.0178685733496856,-0.0043305891055767,0.0051300452102796,0.010372334717309,0.0052440944933889,0.0441441762708726
2014-04-01,-0.0019,-0.0407,0.012199999999999999,0.034,0.009300000000000001,0.0,-0.0382,,,,-1.02073342232947,0.3480113191,0.0166232646,0.0003,0.0326,0.0181,0.0032967545,0.0013626925,0.006600000000000002,-0.002100000000000001,0.032299999999999995,,0.0064211308779907,-0.0074048835723254,0.0126006160633555,-0.0320700087264549,0.0242906639923511,-0.0209208687531535,-0.0031773756207256,0.0192078285263192,-0.0058054895763175,0.0081465788971441,0.00012358295636,-0.0258593942484082,0.0342818534840722
2014-05-01,0.0204,-0.018600000000000002,-0.001,-0.0009,-0.0096,0.0,0.0089,,,,-1.0177103422839466,0.345173256,0.013985265,0.0003,0.0309,0.0279,0.0034926098,0.0005552042,0.006000000000000005,-0.0091,0.0306,,-0.0005044411995537,-0.0022057113622577,-0.0048051629908189,0.0002747206504192,0.0012506267058711,0.0072211136069487,0.0028007477316675,0.0074735951254393,0.0075206071642085,-0.0004317504825031,0.0008596562940133,-0.016867435301741,-0.0009365573734139
2014-06-01,0.026099999999999998,0.030600000000000002,-0.0070999999999999995,-0.0183,-0.0191,0.0,0.006500000000000001,,,,-1.0147388301870959,0.3429284585,0.0138854356,0.0004,0.0313,-0.0025,0.0018621269,0.0002819998,0.005499999999999998,0.0045000000000000005,0.0309,,0.0128533970064354,-0.0033623713618172,-0.0030449978623067,0.0175079157280487,-0.0250359919082306,-0.0019734040923528,-0.0012745399647573,-0.0243412378808,-0.0166347250407298,-0.0018259204583207,0.0057511929952256,0.0263995267113596,-0.0223453920371488
2014-07-01,-0.0203,-0.042,-0.0008,0.009300000000000001,0.0051,0.0,-0.0017000000000000001,,,,-1.013993585296579,0.3483798518,0.0084371731,0.0003,0.031,0.0057,-0.000390194,0.0009491219,0.005700000000000004,-0.0033000000000000004,0.030699999999999998,,-0.0063396893492662,0.0029926002930622,0.0047022656617207,-0.0041014121396081,0.0128560334559256,-0.0046544798714303,-0.0060528033223287,0.0156499212288709,0.00842134858965,0.0026250135853904,0.0089834309448857,-0.0260203746052992,0.0146264805915708
2014-08-01,0.0424,0.0029,-0.005699999999999999,-0.0064,-0.0069,0.0,0.0083,,,,-1.0132613650331752,0.337476204,0.00673899,0.0003,0.0287,0.0369,-0.0016705142,0.0005462017,0.006099999999999994,-0.0013000000000000025,0.028399999999999998,,-0.0020845466193119,-0.0011904827063189,-0.0086903014826358,0.0088429348899853,-0.0092676303045456,0.0021557489710461,0.0025540683325149,-0.0028101947856591,0.0040538841165147,3.0691250197e-05,0.0089067330429533,-0.0037256337960351,-0.0093884018480454
2014-09-01,-0.0196,-0.0366,-0.0147,0.012,-0.0059,0.0,0.006,,,,-1.0125436926877072,0.3385761813,0.007991443,0.0002,0.03,-0.017,0.0007525688,0.0007210232,0.006900000000000003,-0.010099999999999998,0.0298,,-0.0159093131000728,0.0086283071791516,-7.66380907361e-05,0.000898369595933,0.0247439047104045,0.0066938932797071,0.0014164129543467,0.0170536780261753,0.0170951737004551,0.0011280188468622,-0.0064249628057361,-0.0274296130617025,0.00053557417463
2014-10-01,0.025099999999999997,0.0366,-0.0163,-0.0039000000000000003,0.0021,0.0,-0.0021,,,,-0.9928140365303859,0.3318083646,0.0080322917,0.0002,0.0282,0.03,-0.0025122778,0.0029439983,0.0076999999999999985,-0.0075,0.028,,-0.0185488888791535,0.008697809696218,-0.0072658344023006,0.0009485733232034,0.0230324236720775,-0.007299296224198,0.00246302754801,0.0102871669785423,0.0147737970293644,-0.0003837738754367,-0.0103567830732134,0.0111191814214281,0.0003767805696048
2014-11-01,0.0256,-0.023,-0.0313,0.015700000000000002,0.0014000000000000002,0.0,0.0069,,,,-0.9730167846864268,0.323661786,0.0068915801,0.0002,0.0264,0.0286,-0.0053994179,0.000150254,0.0087,-0.011300000000000001,0.0262,,-0.0155447746675453,0.0118961688181432,0.0091245577618208,2.3776105856e-05,0.0239625674052712,0.0286536751364563,0.0051869137221901,0.0161300318405263,0.0244373871754133,0.0074580130601411,-0.0050537344839657,-0.0168206490424363,2.25159215192528e-06
2014-12-01,-0.0005,0.028300000000000002,0.0212,-0.0121,0.009000000000000001,0.0,0.0103,,,,-0.9531482928395842,0.3237556717,0.0056250385,0.0003,0.0246,0.029,-0.0056701009,0.0019928394,0.009499999999999995,-0.010700000000000001,0.0243,,-0.0026311531037999,0.0051209625674877,0.0041693464632916,-0.0014361720814679,0.0113382865755601,0.0162728269724945,-0.0054398388339255,-0.0074560335492027,0.0007749954707424,-0.0014149396271324,-0.0065770042716804,0.0196218683022876,0.0003480450118643
2015-01-01,-0.030899999999999997,-0.009300000000000001,-0.0345,0.0158,-0.016399999999999998,0.0,0.0374,,,,-0.931671517987934,0.3361687625,0.0001909177,0.0003,0.02,0.0709,-0.0047058924,0.0022266292,0.009899999999999999,-0.011000000000000003,0.0197,,0.0101999363028717,-0.002357164269306,-0.0080607952935536,0.0131392002825816,0.0034228160814579,0.0283462448384281,0.0102323743176524,-0.0021611748103622,0.0119830454807631,0.0014518413810249,0.0053191222329607,-0.014608473320685,-0.0224163913091852
2015-02-01,0.061399999999999996,0.0036,-0.0179,-0.011000000000000001,-0.0175,0.0,-0.031,,,,-0.9102231095644844,0.318227291,-0.0037666739,0.0002,0.0238,-0.0523,0.0043430449,0.0008135397,0.009000000000000001,0.0203,0.023600000000000003,,-0.0058107961463711,-0.0025763124963742,-0.0110632943849095,0.0098175316766679,-0.0199417112839044,-0.0277425017687925,-0.0019492285689189,-0.0044075114876112,0.0015389316548197,-0.0008128705230146,0.0091748553661485,0.0076456132779692,-0.006826149235577
2015-03-01,-0.0109,0.0308,-0.0038,0.0007000000000000001,-0.0062,0.0,0.027000000000000003,,,,-0.8887980865338005,0.3074540451,-0.0068894585,0.0003,0.023,0.0137,0.0059517216,0.001720375,0.009000000000000001,-0.0079,0.022699999999999998,,-0.0053659478007463,-0.0027590681781906,-0.0141301730666113,-0.0025871881424589,0.0091769488094749,0.0250948161977585,0.0041113241214591,-0.0021813774709102,0.0031869334317132,0.0018771521039089,-0.0041480681814228,0.0029387914543121,-0.0117940162067601
2015-04-01,0.006,-0.0301,0.018000000000000002,0.0005,-0.0062,0.0,-0.0727,,,,-0.8665026089187609,0.3063442097,-0.0070747676,0.0002,0.0249,-0.025,0.0020328733,0.0005743428,0.009599999999999997,0.002700000000000001,0.0247,,0.0148859968190627,-0.0049382686893367,0.0062779993330434,-0.0034098300431326,-0.0123100696654001,-0.060480148958366,0.0015248978228461,0.0030580854275065,-0.0144974116446296,-0.0002671516254868,0.0159783204847068,0.0020191761613949,0.0188771228483552
2015-05-01,0.0138,0.008199999999999999,-0.0111,-0.0176,-0.0083,0.0,0.056799999999999996,,,,-0.8440468470874984,0.303449953,-0.0080783906,0.0002,0.0262,-0.0159,0.005097232,0.0008869954,0.009099999999999997,-0.0045000000000000005,0.026000000000000002,,-0.011473072644844,0.0043481661226733,-0.0092470883608106,0.0165376569288143,0.0039132002226758,0.0446943479149752,0.0083610953911168,-0.0112428426527171,0.0036478191457463,0.0005099098064457,0.0149139939311458,0.0039130004211491,-0.0210619654281045
2015-06-01,-0.0154,0.028999999999999998,-0.008199999999999999,0.0034999999999999996,-0.0154,0.0,0.0301,,,,-0.8214212579728413,0.3101868327,-0.0087253358,0.0002,0.0285,-0.0298,0.00350287,0.0010521576,0.009399999999999999,-0.0022000000000000006,0.028300000000000002,,-0.0132673486426994,0.0022981498246634,-0.0108775596982816,0.0009846887954908,0.0112989847146907,0.0200165745106546,0.0030216959345879,-0.0025874246545521,0.0018322365286498,-0.0022671268933507,-0.0111892039226418,0.0102062454224036,-0.0092639319906899
2015-07-01,0.015700000000000002,-0.0458,-0.0416,0.0031,-0.024399999999999998,0.0,0.09970000000000001,,,,-0.8002653968082343,0.3089532648,-0.0087016887,0.0003,0.0263,0.0329,6.70472e-05,0.001159779,0.010499999999999995,-0.008999999999999998,0.026,,-0.0117370690241175,0.0073001407400933,-0.0056799705681018,-0.0029350897409647,0.0436020509437298,0.0362426755012861,0.0142771082231164,0.0146702082611232,0.0162782207187999,-0.0019426552073808,-0.0103461767945567,-0.0381572010241208,-0.0136958751761662
2015-08-01,-0.0602,0.0029,0.0275,0.0066,0.0129,0.0,-0.0216,,,,-0.7789158015976532,0.3306709874,-0.0101703481,0.0007,0.0264,0.0012,-0.0014162763,0.0058469489,0.011500000000000003,-0.0079,0.0257,,0.0071568705901684,-0.0009098788639241,0.0107400421616593,-0.0123370643588662,0.0099974605640115,-0.0088711060130872,-0.0053915612954239,0.0071371745019528,0.0014107432435577,0.0007536815453755,-0.000940677031308,-0.0009936932130162,0.0142716139735024
2015-09-01,-0.030600000000000002,-0.027999999999999997,0.0055000000000000005,0.018000000000000002,-0.0059,0.0,0.0524,,,,-0.7573674936355803,0.3356119548,-0.0136474755,0.0002,0.0253,0.0174,-0.0015567566,0.0040534912,0.012700000000000003,-0.0040999999999999995,0.0251,,-0.0043033353154725,0.0073023516034474,0.0117333951844325,-0.0130268187741611,0.0504860834216007,0.0374142490633672,0.0114183571669048,0.0303060819757682,0.0193259893708624,0.0040677590333012,0.0007277827268627,-0.0206362932737659,0.0167852515200547
2015-10-01,0.0775,-0.0206,-0.004699999999999999,0.0095,0.0060999999999999995,0.0,-0.0319,,,,-0.7352086030138065,0.3094136283,-0.0168417213,0.0002,0.0259,-0.0053,-0.0004496838,0.0016189067,0.013900000000000003,0.0073,0.0257,,0.0120076022515586,0.0013732171088299,0.020774141036401,0.0054511782554408,-0.0091046265846556,-0.0344152064204291,-0.0143933028694618,0.0048117459108644,-0.0011318777457155,-0.002858344458966,-0.0033822010095133,0.0046792032999429,0.0128083147456334
2015-11-01,0.005699999999999999,0.033,-0.0043,-0.0265,-0.0106,0.0,0.0229,,,,-0.7128597618914441,0.3084291577,-0.0184474029,0.0012,0.0265,-0.0065,-0.0021106804,0.0011187586,0.014000000000000005,0.0085,0.0253,,-0.0133522154216723,0.0072998538368633,-0.0080019060071829,0.0211463656831976,-0.0057874671549478,0.0110101402172032,0.0071566838829081,-0.0067761882315725,0.0018342213775447,-0.0012343602654742,0.0010815302688179,0.0245184823990922,-0.0147102983575074
2015-12-01,-0.0215,-0.029500000000000002,-0.025699999999999997,0.0034000000000000002,0.0012,0.0001,0.0334,,,,-0.6903105742280657,0.3136488144,-0.0222618329,0.0023,0.0268,-0.0022,-0.0034170964,0.0028384861,0.014900000000000004,0.0022,0.0245,,-0.0076569591933648,-0.001052785045274,-0.0122370779250219,0.0007396533113364,0.0247821382518863,0.0226043661628743,0.0073424065065985,0.0089429289317823,0.0176466497822522,-0.0034002146958791,0.0057273678439627,-0.0188295759478839,-0.0115652753037491
2016-01-01,-0.0574,-0.0344,0.0208,0.0278,0.0305,0.0001,0.016,,,,-0.6862209334667191,0.3319106296,-0.0209546615,0.0026,0.0236,0.0476,0.0016531022,0.0043013139,0.014499999999999999,-0.040900000000000006,0.020999999999999998,,0.0040993442067722,-0.0046705126139992,0.0300222507472827,-0.0415143747137379,0.0569045950768131,0.0131286787081986,-0.0071427792470949,0.0347224975056992,0.0198881918408395,-0.0087864151945387,-0.0055320502627145,-0.0402075416644188,0.0342366536709938
2016-02-01,-0.0007000000000000001,0.0087,-0.0060999999999999995,0.0331,0.0194,0.0002,-0.0435,,,,-0.6821451293491125,0.3309018254,-0.0247265015,0.0031,0.0217,0.0294,0.0008230765,0.0026015443,0.0138,-0.006200000000000001,0.018600000000000002,,0.0132619082252214,-1.70668075e-05,0.0159924114590811,-0.010006119302673,0.0023034660756345,-0.024648116533925,-0.0060911832095062,0.0098017594095178,0.0143371334702489,0.0022930790331379,0.0076607188463962,-0.0021119212104125,0.0208856517276436
2016-03-01,0.0695,0.01,0.012199999999999999,0.0068000000000000005,0.0001,0.0002,-0.0504,,,,-0.6780853372425275,0.3279547913,-0.0237151337,0.0029,0.0218,-0.0003,0.0043060001,0.0012741566,0.0131,0.0426,0.0189,,0.0125230032494805,0.0044153257963407,0.0191332145908129,-0.0048896670044412,-0.0178874485519288,-0.0313181074309035,-0.0156978814692498,-0.0106831739912159,-0.0185102377860937,0.0017284176557719,-0.0040817494352216,0.0150364701315327,0.0136999818029574
2016-04-01,0.0091,0.0123,0.0322,-0.0285,0.0177,0.0001,-0.059800000000000006,,,,-0.6755069221032928,0.3263208887,-0.0242159163,0.0023,0.0223,-0.0053,0.004741068,0.0008177635,0.011699999999999995,0.0199,0.02,,0.0165477513500546,0.0033812135039122,0.0188882113019201,-0.0014391242289325,-0.0416033364914941,-0.0403402756869593,-0.0111779415455422,-0.0366537732071822,-0.0492296595180343,0.0050267607209956,-0.0169972622548515,0.0278288377358547,-0.0020226792430686
2016-05-01,0.0178,-0.0062,-0.016200000000000003,-0.011000000000000001,-0.0254,0.0001,0.0147,,,,-0.6729468706634649,0.3260721193,-0.0270536863,0.0027,0.0219,0.0082,0.004045791,0.0009955687,0.010300000000000004,-0.006600000000000001,0.0192,,-0.0149365121890409,-0.0019249526151396,-0.0139183019381926,0.0141441395146941,0.0144258847643669,0.0056125941672187,0.0120702289302188,0.0059702585190029,0.0065537829852319,-0.0044827588058913,0.0059251026294728,0.0006744278520845,-0.0118918192481303
2016-06-01,-0.0003,0.0042,-0.0149,0.014499999999999999,0.019,0.0002,0.042,,,,-0.6704004960674839,0.3234753617,-0.0286846783,0.0027,0.0179,0.059,0.0032843662,0.0028644087,0.010299999999999997,-0.0213,0.015199999999999998,,0.0233649953926434,-0.0022677226099941,0.0084772387776367,-0.0062244787402321,0.0216616560747299,0.049632662473766,-0.0060865813337702,-0.0062974715504625,0.0046391164926065,0.0116937158884107,0.0270797095585303,-0.0113164410635726,-0.0142234994822937
2016-07-01,0.0394,0.024700000000000003,-0.0124,0.0131,-0.0116,0.0002,-0.0331,,,,-0.6744544559242853,0.3146611589,-0.0316746613,0.003,0.0175,0.0081,-0.0016181364,0.0004776636,0.009399999999999999,0.0164,0.014500000000000002,,-0.0005717903439671,0.0022511854444686,-0.0097140061713291,0.0236341151745143,-0.0303097070015256,-0.0259904975343374,0.00203603858431,-0.0061840417949592,0.007766089514326,0.0009729998661154,0.0261795674552586,0.0237043981668542,-0.0024012513099021
2016-08-01,0.0049,0.0166,0.0317,-0.018500000000000003,-0.0036,0.0002,-0.0341,,,,-0.6784592801283229,0.3151974253,-0.0307817605,0.003,0.0186,-0.014,0.0009184301,0.0002791632,0.0092,0.015600000000000001,0.0156,,-0.0082817046487677,0.0049279267806955,0.0056566289521244,0.00609310817545,-0.0119680913876373,-0.0281774130265746,-0.009676884582015,-0.0030239914945052,-0.0076630044360223,-0.0091073917101054,-0.0087031520259363,0.017712117918067,0.0131673572664404
2016-09-01,0.0027,0.0181,-0.011899999999999999,-0.0218,0.0003,0.0002,0.0026,,,,-0.6824136568730057,0.3167938869,-0.0326032269,0.0029,0.0196,-0.0124,0.0024039959,0.0016731125,0.009000000000000001,0.0004999999999999987,0.0167,,0.0161857215449236,0.0019562573594931,0.0091329846288429,0.0162379550046004,-0.0208615705200844,0.005356634175083,-0.0086513717645418,-0.0218980252467489,-0.0137842642402462,-0.0032146061393263,0.002013841457978,0.0253918443065926,-0.0120144235897712
2016-10-01,-0.020099999999999996,-0.04019999999999999,0.041100000000000005,0.009899999999999999,0.0025,0.0002,0.0051,,,,-0.6976518664942248,0.3196877815,-0.0290339989,0.0033,0.022,-0.0314,0.0012467485,0.0003640519,0.0087,0.005099999999999997,0.018699999999999998,,-0.0027432097299949,0.0036544881434161,0.0081633591082112,-0.0206392054138484,0.0243574078641089,-0.0115592020853535,0.0006636491813639,0.0198044735304113,-6.18725696587e-05,-0.0017757392312269,0.0093909661580884,-0.0202831453129246,0.0319575606273069
2016-11-01,0.048499999999999995,0.0696,0.08289999999999999,-0.0024,0.0371,0.0001,-0.04769999999999999,,,,-0.7125161264323174,0.3032857864,-0.0274524804,0.0045,0.0267,-0.0599,-0.0015554609,0.0009463721,0.0085,0.008900000000000005,0.0222,,-0.0111813976248396,0.021728597594535,0.0252421882638525,-0.0052710313673316,-0.0283145029679699,-0.0007195183603406,-0.0078513776544077,-0.0115213871116091,-0.0242580449254997,-0.0120146438299584,-0.0077511392613448,0.0430633351901673,0.0310741836854755
2016-12-01,0.0181,0.0044,0.0347,0.0124,-0.0032,0.0003,-0.0027,,,,-0.7270173681876484,0.2934790969,-0.0251035736,0.0051,0.0272,-0.0057,0.0003273214,0.0005240219,0.0077000000000000055,0.0116,0.022099999999999998,,-0.0079202286364322,-0.004883435369524,-0.0007770806732966,-0.0151844876074299,0.0183862644301455,-0.0064659813902466,0.0009088113560741,0.0085243651615195,-0.0077546395690322,0.0019769847853065,0.0026446183727349,0.0134508878784127,0.0191436763746644
2017-01-01,0.0194,-0.0144,-0.0276,-0.0051,-0.0106,0.0004,-0.009300000000000001,,,,-0.7420898495856463,0.29197965,-0.0226576055,0.0051,0.0278,0.0043,0.0058277279,0.0003355713,0.007400000000000004,-0.0063999999999999994,0.022699999999999998,,0.0087502721947964,-0.0006403696974515,-0.0093210609315803,0.0175610789030739,-0.0139784188745819,-0.0075823898969831,0.0016464725611819,-0.0043550598038596,0.0003463633768934,0.0005885970898892,0.0110418369565482,-0.0071744814262488,-0.0142556078844792
2017-02-01,0.0355,-0.023,-0.015,0.0045000000000000005,-0.018000000000000002,0.0004,-0.0151,,,,-0.756794356743741,0.2786778326,-0.0187088515,0.0052,0.027,0.0137,0.0031461174,0.0002239129,0.006899999999999996,0.0075,0.0218,,-0.0144415161085137,-0.0081922550093776,-0.012980991167846,0.0054280028488458,0.0123593719778763,-0.0084006725743059,0.0021926953036086,0.0143505550534229,0.0115120729945502,-0.007552085912015,-0.0016505505072566,-0.0062692475146062,0.0039151568557977
2017-03-01,0.0017000000000000001,0.0075,-0.0333,0.0063,-0.0095,0.0003,-0.0097,,,,-0.7711459121691004,0.2815988893,-0.0161988606,0.0074,0.0274,-0.004,0.0008127979,0.000575304,0.0067000000000000046,-0.0021999999999999997,0.02,,5.82720832065e-05,-0.0020614336349604,-0.0054644418407798,0.0116103459209649,0.0025299138669448,-0.0017376548604016,0.0061648049472667,0.0066614361253896,0.0168075540843158,-0.0010263181119659,-0.0040529037322014,0.00445999046487,-0.0114952865252243
2017-04-01,0.0108,0.0040999999999999995,-0.020499999999999997,0.0179,-0.016,0.0005,0.0048,,,,-0.7774716961653008,0.2778700263,-0.0155745578,0.008,0.0265,0.0145,0.0029655334,0.0003905471,0.006999999999999999,0.0031000000000000003,0.0185,,-0.0037601835245127,-0.0027884402789506,-0.011957139831797,0.0083139063240796,0.0151578779780287,0.0049169369975191,0.0046068470465388,0.0107038607688223,0.020814124862198,-0.0005037663972253,-0.0082905323494267,-0.0021928004843937,-0.0070167097191397
2017-05-01,0.010700000000000001,-0.029900000000000003,-0.0382,0.009899999999999999,-0.0166,0.0006,0.015,,,,-0.7836842224625205,0.2769687672,-0.0101861403,0.0089,0.0256,0.0158,0.0008547218,0.0005030985,0.006999999999999999,0.006799999999999997,0.0167,,0.0003467263849745,-0.0124436499453467,-0.0195399765500585,0.0085412840169494,0.0207734542000593,0.0174647513602954,0.007802771147823,0.0188423758347097,0.0251537569496739,-0.004802497945578,-0.0094888528070449,-0.0224993348264608,-0.0183687244674227
2017-06-01,0.0078000000000000005,0.0252,0.015,-0.0226,0.0004,0.0006,-0.001,,,,-0.78978683437898,0.2725452275,-0.0097840063,0.0098,0.0258,-0.001,0.000907111,0.0004475599,0.006900000000000003,0.011800000000000001,0.016,,-0.011826274690434,0.0001444284502157,-0.0070476498375823,-0.0010839342416842,-0.0063194857201747,-0.0084980491596349,-0.0085228767795681,-0.0061432236107898,-0.0144301493288192,-0.0006956877120187,0.0106087585340649,0.0249272134783323,0.0094429873502588
2017-07-01,0.018799999999999997,-0.016399999999999998,-0.0023,-0.0075,-0.0015,0.0007000000000000001,0.0163,,,,-0.7928328748075728,0.2658036788,-0.0131635508,0.0107,0.0262,-0.0027,-0.0006899226,0.0002588437,0.006900000000000003,0.0087,0.015500000000000002,,0.0039683152017038,0.0027615502668275,0.0024330709505102,0.0028176802350578,0.0003893704072256,0.0113674996927205,0.0076316132495006,-0.0036852220829871,-0.0072189015313208,-0.0044187167494594,0.0083661179759543,-0.0004986499576287,-0.0013691132176448
2017-08-01,0.0018,-0.0183,-0.0213,0.002,-0.023799999999999998,0.0009,0.0331,,,,-0.7958272764174921,0.2651136136,-0.0122128251,0.0101,0.0242,0.0289,0.0029944523,0.0007533758,0.0068000000000000005,-0.0136,0.0141,,0.0009307330123523,-0.0037017266613241,-0.012473247341806,0.0181188582125374,0.0097906597915468,0.0277496578290584,0.0022989011027878,0.0072496890292656,0.0155763322184986,-0.0004813208832724,-0.001070135781395,-0.0035295001547563,-0.0186153625512994
2017-09-01,0.024900000000000002,0.047599999999999996,0.0315,-0.0154,0.0163,0.0009,-0.013500000000000002,,,,-0.7987754446728128,0.2597061668,-0.0110851796,0.0103,0.0259,-0.0205,0.0052949059,0.0002572472,0.006699999999999998,0.016800000000000002,0.0156,,-0.001079610201897,0.0126326348595298,0.0105663798244591,0.0021331197532931,-0.0199024551968192,-0.0135195332998891,0.0012204169538548,-0.0085607882113073,-0.0098963723348341,-0.0076115616856268,0.0055935716151941,0.0305463635413166,0.0075184414244729
2017-10-01,0.0225,-0.0191,0.0013,0.0092,-0.031400000000000004,0.0009,0.0421,,,,-0.8022154431156978,0.2489061986,-0.0123780689,0.0107,0.0261,-0.0013,-0.0006320421,0.0002181529,0.007200000000000005,0.0089,0.015400000000000002,,-0.0015131325628996,-0.0053771915982989,-0.0114536687973156,0.0075752039316685,0.0111366653298136,0.0360377769376132,0.0103105485318304,0.0114037868660676,0.0133673696396804,-0.0031953231057278,-0.0011555016370077,-0.0117082515908916,-0.0088224161209393
2017-11-01,0.031200000000000002,-0.0038,-0.0009,0.0319,-0.001,0.0008,-0.009399999999999999,,,,-0.8056110462172965,0.2397271007,-0.0121925133,0.0123,0.026,0.0036,2.43247e-05,0.0003553369,0.006999999999999999,-0.0015999999999999999,0.013699999999999999,,-0.0010092044253674,-0.0002272180545583,0.0019553517655056,-0.0054302805901761,-0.0006220063265513,-0.0055811006114713,-0.0048251423093302,0.0128453682422778,0.0136182837543829,0.0058270712858065,0.0012032569136935,-0.0132338076169199,0.014725542077715
2017-12-01,0.0106,-0.0105,0.0005,0.0073,0.0179,0.0009,-0.0155,,,,-0.8089572820424027,0.2353933431,-0.0198788747,0.0132,0.0254,0.0102,-0.0005878323,0.0002441133,0.007100000000000002,0.0154,0.012199999999999999,,0.0083162629891149,0.006189738109729,0.0074906755763886,-0.0049980461235086,-0.0174877702278311,-0.0166453727559776,-0.0047641675754498,0.000513149289919,-0.0032565793825881,-0.0001357630565391,-0.0011439495976952,-0.0074099756773441,0.0091979565356235
2018-01-01,0.0558,-0.0321,-0.0132,-0.0075,-0.0105,0.0011,0.0408,,,,-0.8184138491898287,0.2225191486,-0.0190436022,0.0141,0.0284,-0.0315,0.0054477455,0.0007742616,0.007100000000000002,0.0072000000000000015,0.014300000000000002,,-0.004495463121698,0.0119181340813813,-0.0052986676026015,0.0223265334501362,-0.0081308465811813,0.0138466121505994,0.009034661667231,0.0087382731276381,0.0169232037967559,-0.0073343994954896,0.00415387886075,-0.0164494383996055,-0.018033549582304
2018-02-01,-0.0364,0.0034000000000000002,-0.011000000000000001,0.0053,-0.0236,0.0011,0.0368,,,,-0.8276485986700619,0.2324780656,-0.0183197976,0.0157,0.0301,-0.0224,0.00453469,0.0053616628,0.006900000000000003,-0.008900000000000002,0.0144,,-0.0005218707161555,-0.0024648200204834,-0.0131304991182663,0.0211069610582241,-0.0006576522778322,0.0101225042190287,0.0064959755275732,-0.0010273830155137,0.0112222322748717,-0.0049911519289985,0.000259677492894,0.0076911312617543,-0.0177684333790656
2018-03-01,-0.0235,0.0361,-0.0021,-0.0040999999999999995,0.0008,0.0012,-0.012,,,,-0.8366679108373973,0.2594615384,-0.0182213491,0.017,0.0285,0.0259,0.0022611259,0.0032467403,0.0076999999999999985,-0.0135,0.0115,,0.0075728886989167,-0.0034336257905344,-0.0003295841038225,0.0026551171430037,0.0017587671392484,-0.0056859546370592,0.0029735030539492,-0.0072057900783509,-0.0011690922821113,0.0006106829379456,-0.006484909650719,0.0103739336395502,-0.0034593089605192
2018-04-01,0.0029,0.0089,0.0053,-0.0242,0.0124,0.0014000000000000002,0.0045000000000000005,,,,-0.8502323170822854,0.2588168347,-0.0186056626,0.0176,0.03,-0.0177,0.0039750916,0.0023626693,0.008199999999999999,-0.0023,0.012399999999999998,,0.0177975699659412,0.0020627766564269,0.0098094929821744,-0.0051142368060292,-0.0010483270792538,-0.0056778282597276,0.0006688489451379,-0.0132048760478853,-0.0156135578711217,0.0010120037514614,-0.0059489144464271,0.0092127923133029,0.0053734326422765
2018-05-01,0.0263,0.0471,-0.031400000000000004,-0.019799999999999998,-0.0149,0.0014000000000000002,0.0391,,,,-0.8634416279762882,0.2561382283,-0.0189335034,0.0186,0.0289,0.0164,0.0041589169,0.0009227117,0.008300000000000002,-0.002400000000000001,0.0103,,0.0020097245500013,0.0050472437302207,-0.0131331964117815,0.0356843864360642,-0.0267084446748457,0.026442509322962,0.0074442125918058,-0.0099884814838811,0.0128669988210754,-0.0015493125570317,0.0009425548475958,0.0291654408918885,-0.0327924969940532
2018-06-01,0.0049,0.0077,-0.0233,0.0083,0.002,0.0014000000000000002,-0.0226,,,,-0.876312332793102,0.2576624102,-0.022101276,0.019,0.0291,0.0007,0.0015938757,0.0006228655,0.0087,-0.013099999999999999,0.010100000000000001,,0.0094290742038455,-0.0038647254021451,0.003892831563454,0.0009232467806295,0.0001194381051896,-0.0113646509826811,-0.0089652027218148,-0.0030670481978759,0.0052460459724711,0.005350492209166,0.0004150319096401,-0.0030995225579774,-0.0060212243747878
2018-07-01,0.032,-0.019299999999999998,0.0049,0.015300000000000001,0.0031,0.0016,-0.0143,,,,-0.8888327658538433,0.2460666239,-0.0170959218,0.0196,0.0302,-0.0131,6.74633e-05,0.0006544289,0.0092,0.0232,0.010600000000000002,,-0.005550286721022,-0.0025379187521839,0.0034113110479678,-0.0126294580369456,0.0226594050693169,-0.0148075776711486,-0.0017405676473244,0.0149032859802946,0.0040401716961932,-0.0006087827921035,0.0162393566654557,-0.0139720549090013,0.0167897320548726
2018-08-01,0.0346,0.006500000000000001,-0.0391,-0.0029,-0.025699999999999997,0.0016,0.053,,,,-0.9009865300614925,0.2408578222,-0.0214512302,0.0203,0.0293,0.0152,0.0005555423,0.0004712735,0.008899999999999998,-0.0094,0.009000000000000001,,0.005609011749081,-0.0016804427261236,-0.0202108832781577,0.0333114090877045,-0.0126273632194091,0.0418701395764238,0.0043978363767902,-0.0154293737463993,0.0208403187686781,0.0020863153890196,0.0093451711972396,0.0050125038796439,-0.0426271877543365
2018-09-01,0.0006,-0.024900000000000002,-0.016200000000000003,0.006500000000000001,0.013600000000000001,0.0015,-0.0008,,,,-0.9127881683622885,0.2363654368,-0.0208344491,0.0213,0.0334,-0.0518,0.0011620252,0.0002300741,0.009000000000000001,0.0398,0.0121,,0.0084284311222821,-0.003693064745685,0.0020995845194596,-0.0044767118802418,0.0041910777668194,0.0106997737792499,-0.0038735276568718,0.00403748412034,0.0031631409355317,-0.0006621912437779,-0.0055978311233429,-0.0196696194107008,-0.004065116289554
2018-10-01,-0.0764,-0.0438,0.0338,0.0103,0.036000000000000004,0.0019,-0.0206,,,,-0.908954104121205,0.2490002293,-0.021216895,0.0225,0.0352,-0.0204,0.0017667635,0.0045776016,0.009300000000000003,-0.0119,0.012700000000000003,,0.0035244190925947,-0.0037631798843502,0.0241376068604118,-0.0347103890947629,0.0456466429531927,-0.0097152337448186,-0.0124797919607932,0.0161964762883814,-0.0046777854850928,0.0008277514283126,0.0108422810424362,-0.0249678922081214,0.0336430529133096
2018-11-01,0.0171,-0.008100000000000001,0.0036,-0.0060999999999999995,0.004,0.0018,-0.013999999999999999,,,,-0.9051706376546962,0.2448789003,-0.0245930674,0.0233,0.0317,0.0505,-0.0033493485,0.0028376417,0.010000000000000002,-0.0434,0.008399999999999998,,-0.0067243636082835,-0.0073638194694456,-0.0042637775476359,-0.0058465135735282,0.0190532515034306,-0.010127780214795,-0.01000278322483,0.010853460325755,0.0030001002231842,-0.0025410228454657,0.0001832699081006,-0.0117212063736253,0.0059330925223718
2018-12-01,-0.0955,-0.0281,-0.0192,-0.0003,0.0024,0.0019,0.0176,,,,-0.9014419338746342,0.2680887675,-0.0192279093,0.0237,0.0284,0.0481,-0.0031939628,0.0067931027,0.011099999999999999,-0.011099999999999999,0.004700000000000003,,0.0055026108462888,-0.0011871917680445,0.0023058215041061,0.0049712523055024,0.0274167242585991,0.0172020107175297,0.0006279481755355,0.0117199628432853,0.0158345949595456,-0.0004931957988473,-0.0051938532604804,-0.0145066706714966,-0.0081692323573868
2019-01-01,0.0836,0.0291,-0.0039000000000000003,-0.0073,-0.0165,0.0021,-0.0862,,,,-0.8991208015011449,0.2501565028,-0.0193047054,0.0237,0.0271,0.008,0.0019065967,0.0030113954,0.0119,0.0197,0.0034000000000000002,,-0.0079928830886747,1.1830665944e-05,-0.0231152342145926,0.0223604103982252,-0.0556524029730264,-0.0521959100649158,0.0056371593313342,-0.0201971894973018,-0.0087224932877889,0.0043217607670186,0.0028766954919709,0.0204556205259628,-0.0046124323803502
2019-02-01,0.0342,0.0172,-0.026600000000000002,0.0016,-0.0154,0.0018,0.005,,,,-0.8968255277280615,0.241311545,-0.0231593356,0.0239,0.0268,-0.0091,0.0042270531,0.0005324027,0.0116,0.0017000000000000001,0.0029,,0.0010586762016449,-0.0017389414166315,-0.0085934117198604,0.0196359405884409,-0.0084308731633086,0.0023660071186178,0.0026350306006592,-0.0038771946993087,0.003653362667753,0.0025299454157648,0.0019157604038214,0.0097429454410461,-0.0228245638998068
2019-03-01,0.011000000000000001,-0.0352,-0.0414,0.0088,-0.009000000000000001,0.0019,0.022400000000000003,,,,-0.8945607666749238,0.2530880893,-0.0232314942,0.024,0.0257,0.0447,0.0056413584,0.0011070681,0.010700000000000001,0.0038000000000000048,0.0017000000000000001,,0.006179378551358,-0.0034387966160516,-0.000742800094218,0.008536091323414,0.0087003955360992,0.0204403944262735,-0.0004658640419036,0.0038048209478331,0.0123787512587118,-0.0005804832982648,-0.0003206870424886,-0.0272561993976022,-0.01724526723054
2019-04-01,0.0397,-0.0115,0.0213,0.0161,-0.0218,0.0021,-0.0291,,,,-0.8898458211260571,0.2467665239,-0.0216996946,0.0238,0.0253,-0.0126,0.0052950016,0.0003744383,0.010099999999999998,0.0037,0.0014999999999999979,,-0.0083785411361427,-0.0021854170371201,-0.0045471837013462,-0.0122652851932698,0.0030722682463495,-0.0134823360949993,-0.0033728932613924,0.014592094917046,-0.0028131070128122,-0.0033373516519882,0.0034792366913552,-0.0093572373230398,0.0233881224288867
2019-05-01,-0.0692,-0.015600000000000001,-0.0245,-0.0048,0.0176,0.0021,0.0755,,,,-0.8851722945801468,0.2644460878,-0.0203583181,0.0235,0.024,0.053,0.0021287586,0.0018316356,0.009599999999999997,-0.015399999999999997,0.0005000000000000004,,0.0083683110324907,-0.012956651586423,-0.0016506560953353,-0.0075270045045229,0.0456387295530697,0.0646384662623107,-0.0006954105939668,-0.0108785279258955,-0.0081719592041103,0.0040513746194854,0.006480490122058,-0.0239021616695077,-0.0326911613788075
2019-06-01,0.0699,0.0019,-0.0064,0.0045000000000000005,-0.0055000000000000005,0.0018,-0.022400000000000003,,,,-0.8805416850402192,0.2467011142,-0.0125383465,0.0217,0.0207,0.0104,0.0001991472,0.0010648136,0.0104,0.0233,-0.0010000000000000009,,-0.0091410515032489,0.0036735439287078,-0.0020252562618377,0.0067299362840807,-0.0214664127694214,-0.0206922444879557,-0.0063176176881052,0.0060022523444712,0.0063977570065136,-0.0043773937716373,0.0092318405738912,0.0002617993059805,0.007712648491227
2019-07-01,0.012199999999999999,-0.0182,0.005,-0.0013,0.0037,0.0019,0.0292,,,,-0.8679184902109744,0.2442739041,-0.012604296,0.021,0.0206,0.0024,0.0016709416,0.0005935376,0.009899999999999999,0.006,-0.00040000000000000105,,0.0045945445976776,0.0011347228286579,-0.0020679614936989,0.002569846177519,0.0033134969983431,0.0144093360037831,-0.0013936112321597,0.0032985309608394,0.0054986164440675,-0.0011481745030921,0.0040949388324648,-0.0145944535520014,-0.0006883195724351
2019-08-01,-0.0255,-0.0325,-0.04769999999999999,0.0053,-0.0062,0.0016,0.0751,,,,-0.8553044958820237,0.2485388245,-0.010142435,0.0195,0.0163,0.0797,-5.06682e-05,0.0043178808,0.008899999999999998,-0.005899999999999989,-0.0032000000000000015,,0.0030374856902931,-0.0117590553481755,-0.0011282545816269,-0.0095303128563816,0.0407875851018239,0.0724636091074633,0.0067818054125334,0.0130951028426406,0.015548943793379,0.0108939982641375,-0.0055810468225768,-0.0287898551869574,-0.0198726406996088
2019-09-01,0.014199999999999999,0.0029,0.0676,0.0182,0.0338,0.0018,-0.0674,,,,-0.8427022163388393,0.24379691,-0.0108381093,0.0189,0.017,-0.0192,0.0007834486,0.0006054246,0.008800000000000002,0.0001999999999999988,-0.001899999999999999,,-0.0075506313561025,0.0012491131035652,0.0265056311117265,-0.042243549039637,0.0165795031116202,-0.0459917514364231,-0.0109262881399053,0.0243948057082064,-0.0087290554072225,-0.0030852159396705,0.0262579771199355,0.0145532819115784,0.0684640239961056
2019-10-01,0.0207,0.0025,-0.0192,0.0043,-0.0103,0.0015,0.0013,,,,-0.8531150782815136,0.2426304844,-0.0131574095,0.0165,0.0171,-0.0052,0.0022861906,0.0015103083,0.0091,0.0058,0.0005999999999999998,,-0.009043570525987,0.0015638700686188,-0.0093256275943685,0.0130602784982071,-0.0093542912458535,-0.0075799925622915,-0.0058698549057986,0.0029892718924995,0.0119286213579785,0.0006356211021455,-0.0007862050991693,0.0071538269149108,-0.0038364748224506
2019-11-01,0.0387,0.0039000000000000003,-0.02,-0.016399999999999998,-0.011399999999999999,0.0012,-0.0263,,,,-0.863300069826975,0.2339361894,-0.0077962379,0.0154,0.0181,-0.0059,-0.000536243,0.0003063632,0.008799999999999999,0.0073,0.002700000000000001,,-0.0040927671067265,0.0042618659271084,-0.0188601568380595,0.0263053654022604,-0.0274064593932679,-0.024886812320954,-0.0014733123692346,-0.0126806943139495,0.0020812049974101,-0.0017367270190202,-0.0001456832657756,0.0089866872552741,-0.0184391990551973
2019-12-01,0.0276,0.009899999999999999,0.0173,0.0005,0.011899999999999999,0.0014000000000000002,-0.0222,,,,-0.873266818337437,0.2299438976,-0.0071991555,0.0154,0.0186,-0.0253,-0.0009097695,0.0005023729,0.008700000000000003,0.016399999999999998,0.003199999999999998,,0.0034340937380366,-0.0023203669098033,0.0055533000171089,-0.001762033558021,-0.0169535408074882,-0.0142427192290436,-0.0071359253663291,-0.0053806598369538,-0.0126095694686021,-0.000796250000056,0.0003852957339862,0.0251537112737314,0.0075065413417024
2020-01-01,-0.0009,-0.0437,-0.0622,-0.011899999999999999,-0.0219,0.0013,0.0602,,,,-0.8087336909364486,0.2322421148,-0.0076936915,0.0152,0.0176,0.0632,0.0038797699,0.001119022,0.008299999999999998,-0.011300000000000004,0.002400000000000001,,0.00233193045303,-0.00670671912772,-0.0211885273187491,0.0153677135183365,0.0201146767435432,0.0276582408703383,0.0109249862331443,-0.0112109909680334,0.0049862326032095,0.005263086869552,0.0268498644130387,-0.0316940809085974,-0.0497680234283106
2020-02-01,-0.0815,0.0008,-0.0382,-0.0143,-0.0253,0.0012,-0.0028000000000000004,,,,-0.7408263341745078,0.2582607418,-0.0055601644,0.0152,0.015,0.0588,0.0027406181,0.0047766394,0.008300000000000002,-0.030799999999999998,-0.00020000000000000052,,0.000416284034733,0.000724973868909,-0.0134428491141934,0.0288892155321965,-0.0054442972562003,0.0048245321376212,-0.0001200409748589,-0.0189831482213313,0.0088289771576958,0.0012557653334139,-0.0091030835634388,0.0027700074168104,-0.0374314889837331
2020-03-01,-0.1335,-0.0818,-0.1383,-0.0161,0.011899999999999999,0.0012,0.0821,,,,-0.6691009621007922,0.3060971381,-0.0077002938,0.0029,0.0087,0.0625,-0.002176451,0.0731531432,0.0127,-0.09759999999999999,0.0058,,-0.0059179876829454,0.0060785336740134,-0.0161433173276341,0.0571998016030557,0.0649483997444713,0.056105515084473,0.0195964211455406,0.0324276373041358,0.0612679694077929,-0.0232362145132997,-0.0025398369308511,-0.0569523913083065,-0.085379712771122
2020-04-01,0.1358,0.025699999999999997,-0.0134,0.0276,-0.0102,0.0,-0.0548,,,,-0.6182857572203089,0.2755630148,-0.0105380601,0.0014,0.0066,0.0082,-0.0066869419,0.0143075397,0.017000000000000005,0.026500000000000003,0.0052,,0.0234278657912092,-0.0019543827326872,-0.0209426482279033,0.0344729300766686,-0.0894196593983964,-0.0456391765056596,-0.0036120282065268,-0.0296672209922788,0.0037124941100577,0.0162935996651983,0.0300947457683563,0.0286383249198236,-0.0036241609099593
2020-05-01,0.0559,0.0192,-0.05,0.0096,-0.0316,0.0001,0.0016,,,,-0.5648144007531313,0.2643009466,-0.0149669183,0.0013,0.0067,-0.0097,1.95016e-05,0.0040720313,0.014499999999999999,0.018099999999999998,0.0054,,2.63252006507e-05,-0.0046231298454859,-0.0392668926768975,0.0412266991729723,-0.0285486145132979,0.0253279707930833,0.0023503174697398,-0.0290657273537197,0.0187983800797184,-0.000238173718465,-0.0033233876075758,-0.0138947856464185,-0.061340965605181
2020-06-01,0.024399999999999998,0.0195,-0.0217,0.0014000000000000002,0.0055000000000000005,0.0001,-0.0083,,,,-0.5083864631440198,0.2599004838,-0.0168450216,0.0016,0.0073,0.0023,0.0054720469,0.0072085511,0.012,0.0123,0.0057,,0.0106299790111458,0.005211780336163,-0.0120617239446068,0.0300107479956233,-0.0481393122944092,-0.003885472736308,-0.0016529863547174,-0.0318021701127482,-0.00177657737234,-0.0048552349885204,-0.0171287408354879,0.0319708795332868,-0.0180607975194552
2020-07-01,0.0583,-0.0319,-0.0144,0.0038,0.0097,0.0001,0.0771,,,,-0.509646259768255,0.2538481447,-0.0119981517,0.0013,0.0062,0.0287,0.0050582435,0.0016079457,0.011699999999999999,0.032299999999999995,0.0049,,-0.003872356265387,-0.0094754356455842,-0.0155189350565725,0.0081472572385173,0.0143684163440086,0.05601871573482,0.0069232521380504,0.0012724917726582,0.0254731155980657,0.0002270033410622,0.0076059340479124,-0.0387499616740183,-0.035023824702597
2020-08-01,0.0762,-0.0089,-0.0302,0.042699999999999995,-0.0151,0.0001,0.0046,,,,-0.5109172841740515,0.2359749631,-0.0085038846,0.001,0.0065,-0.0349,0.0031532105,0.0007433921,0.0102,-0.013900000000000003,0.0055,,0.0067691686015732,-0.010837788872096,-0.0062072282229179,-0.0010444170410171,-0.0233365012020805,-0.0095308630283134,-0.0118971990600954,-0.0063461664730579,0.0013006540209436,-0.0071638824671279,0.0011062757850957,0.0062250386088506,0.0011045424888751
2020-09-01,-0.0364,-0.0001,-0.027200000000000002,-0.0138,-0.019299999999999998,0.0001,0.0319,,,,-0.5121976362885734,0.2414819827,-0.0056980778,0.0011,0.0068,0.008,0.0013927469,0.0049074421,0.010499999999999999,-0.0039,0.005699999999999999,,-0.0089881340945145,-0.0091762480188827,-0.0175112365811183,0.0079126191742794,-0.0024759428159753,0.0228444892671006,0.0024181473027636,-0.005094874556667,0.0065045694253494,-0.0031965863489826,-0.0089132015117841,-0.0211929528681494,-0.0243093892563131
2020-10-01,-0.0208,0.0467,0.0425,-0.0077,-0.005699999999999999,0.0001,-0.031400000000000004,,,,-0.5014676841204881,0.2531462251,-0.0018951134,0.001,0.0079,-0.0238,0.0004149378,0.0036611054,0.0109,0.004800000000000002,0.006900000000000001,,0.000609146533846,0.006418925229864,0.0052724723354266,-0.0047735109817362,-0.0022750625648806,-0.0251161255161869,-0.0084028148756113,-0.0025018815644649,-0.0151424760339334,-0.0005840224252573,0.0055475925154689,0.0225821238865273,0.0162240729824686
2020-11-01,0.1244,0.0712,0.0209,-0.0225,0.0128,0.0001,-0.1255,,,,-0.490549126908423,0.2263524912,-0.0052618187,0.0009,0.0087,0.0093,-0.0006106272,0.0024920325,0.010000000000000002,0.0416,0.0078,,0.0318701061034865,-0.0098493808637669,0.0280816688334854,0.0139066417017098,-0.0943172374440888,-0.0619456544105927,-0.0405640702285331,-0.0836136196932056,-0.0673919488533061,-0.0059669206337045,-0.0116038548468637,0.0623127053135399,0.0040620975545695
2020-12-01,0.0463,0.0493,-0.0168,-0.0197,-0.0006,0.0001,-0.023700000000000002,,,,-0.4794384146980537,0.2191947588,-9.78825e-05,0.0009,0.0093,-0.0115,0.0009414785,0.0006781769,0.009000000000000005,0.0115,0.0084,,0.0079009527769184,0.002444001767928,-0.0047136541121391,0.0173879287805264,-0.0289721444046797,-0.0063478814978707,-0.0054975119989265,-0.0291803963128969,-0.0154490784108365,-0.0003130780924809,-0.012320485880249,0.0416108370949139,-0.013754333002475
2021-01-01,-0.0007000000000000001,0.0681,0.0322,-0.0365,0.049699999999999994,0.0,0.0431,,,,-0.5970441948736065,0.2237556291,0.0026973427,0.0008,0.0108,-0.0304,0.0042537835,0.0020775883,0.007899999999999997,-0.0026999999999999975,0.01,,0.0047451737231449,0.0151482782139809,0.0068495000867703,0.0266081805408088,-0.0643540834986273,0.0196595062213742,0.0106999261229696,-0.054490457074858,-0.0136866184699566,0.0105877550951771,-0.0247282707107201,0.0546289922566231,-0.0185621633493367
2021-02-01,0.0281,0.045,0.07200000000000001,0.0033,-0.0199,0.0,-0.079,,,,-0.7030061966963652,0.2168854181,0.0070137029,0.0004,0.0126,-0.0581,0.0054743828,0.0015012683,0.0072000000000000015,0.0179,0.0122,,0.0077564126230805,-0.0004863291646915,0.0480448096580064,-0.0292919674606187,-0.0251659442096915,0.0208681592995122,-0.049962675280341,-0.0211765654837813,-0.0546433469963837,-0.001179807608578,0.0072224110489255,0.0419200543286113,0.0463812607826815
2021-03-01,0.0316,-0.0084,0.0735,0.0635,0.0352,0.0,-0.061200000000000004,,,,-0.7994892837281045,0.1980837771,0.0157183432,0.0003,0.0161,-0.0322,0.0070832731,0.002473191,0.007000000000000003,-0.0008000000000000021,0.015799999999999998,,-0.0028351001519634,0.0014946377832622,0.0456889924736431,-0.0816906912960974,0.0639316344948648,-0.0381511118148293,-0.0045641543393279,0.0766736658085762,0.014982253501235,0.0031197422362983,0.0329484214495957,-0.0167982922145425,0.104362306388001
2021-04-01,0.049699999999999994,-0.0316,-0.0102,0.024300000000000002,-0.027200000000000002,0.0,0.0123,,,,-0.874611074819466,0.1928601898,0.0200542401,0.0002,0.0164,0.0238,0.0082189092,0.0010592843,0.006999999999999996,-0.0016000000000000007,0.016200000000000003,,0.0005382906944093,-0.0013281688380334,-0.0084112595474556,-0.01138673941614,0.0270643649281947,-0.0049166655873968,0.0031326161215667,0.0217030633435669,0.0108308756402912,-0.0009437023757838,0.0064328392803443,-0.0301290375563171,0.0119408633017114
2021-05-01,0.0029,0.0127,0.0704,0.023399999999999997,0.0301,0.0,0.005600000000000001,,,,-0.9443007584196179,0.1892039983,0.0174643028,0.0002,0.0162,0.0001,0.0080171052,0.0014964819,0.006600000000000002,0.004399999999999999,0.016,,0.0062326327682066,0.0051211987743141,0.0361839312699169,-0.0322707487865374,0.010442924196317,0.0207776765226664,-0.0096195917405438,0.0193527321664577,-0.0071332729026477,0.0001887724054659,0.0024929301439471,0.0115155875223579,0.0477383694186611
2021-06-01,0.0273,-0.003,-0.0786,-0.021400000000000002,-0.009300000000000001,0.0,0.0207,,,,-1.0092809166148227,0.1893517312,0.0172545895,0.0004,0.0152,0.0284,0.0092906629,0.0006073775,0.006499999999999999,0.0158,0.0148,,0.0082904800776393,0.0028327000569206,-0.0356100301013948,0.0607944326651905,-0.0459023248767069,-0.0266035883646431,0.010814650171045,-0.0379661078214135,0.0160566759844155,-0.0005417861360139,0.0075055341310916,-0.0005382115131213,-0.0714029379775997
2021-07-01,0.0134,-0.0455,-0.0179,0.055,-0.0059,0.0,-0.0218,,,,-1.0355882582483522,0.1870050696,0.0160790309,0.0005,0.0132,0.0305,0.0048105235,0.0011239921,0.006699999999999998,-0.006599999999999998,0.0127,,-0.0075228789486762,-0.0077862976176416,-0.0250381753448222,-0.0240161391185897,0.0657249144980367,-0.0063021062440042,0.0137657352199358,0.0725068107468019,0.0461908273490554,-0.0071982585691905,0.0150573504836978,-0.0482723970140053,0.0270667624300797
2021-08-01,0.029500000000000002,-0.0066,-0.0023,-0.0026,-0.0172,0.0,0.0263,,,,-1.060823482949929,0.1847560839,0.0148456664,0.0005,0.0128,-0.0035,0.0020659114,0.0006020919,0.0069,-0.0009999999999999996,0.0123,,0.0029287691586319,0.0055738012693448,-0.0066224338776362,0.0094750456792967,-0.0077555744186337,0.016324222684624,0.0045570593472865,-0.0029736823254711,-0.0055087498681152,-0.0016906619988331,-0.0053117401355684,-6.36297336832e-05,-0.0066845955417158
2021-09-01,-0.044000000000000004,0.011200000000000002,0.0512,-0.0192,0.02,0.0,0.0139,,,,-1.0850563011828793,0.193036445,0.0155978835,0.0004,0.0137,-0.025,0.0027159709,0.0013934415,0.007000000000000003,0.005600000000000001,0.013300000000000001,,0.0019629058036738,0.0040485582287619,0.0220308457690772,-0.0142293492860227,-0.0067827359161077,0.0013907771860268,-0.0114762538676884,-0.0142080120729436,-0.0247191823046352,0.0026436733533374,-0.0052485222407523,0.0120699451877146,0.0188373297759128
2021-10-01,0.0663,-0.027000000000000003,-0.0053,0.0171,-0.0154,0.0,0.0332,,,,-1.1204714752576983,0.1823894543,0.0133682275,0.0005,0.0158,0.0051,0.0083081186,0.0011511212,0.006700000000000001,0.0108,0.015300000000000001,,-0.0063072075214412,-0.0017528692081449,-0.0202260924986004,0.0022010986943055,0.0006978454617481,0.0257159551935125,0.0053423163423963,0.0148491264355957,0.0169847464449978,-0.0006251203549758,0.0011608919826977,-0.0307924189369226,-0.0078440229878818
2021-11-01,-0.0158,-0.017,-0.0037,0.0719,0.017,0.0,0.0096,,,,-1.1542499570498457,0.189454908,0.0156397784,0.0005,0.0156,0.021,0.0049134275,0.0013266665,0.006600000000000002,-0.011600000000000001,0.015099999999999999,,-0.0063536767078055,0.0067763663998,0.0079920238307395,-0.0205721436639531,0.0274366538879243,0.021531577639681,0.0079653534375978,0.0572349114833171,0.0380493053437796,-0.0003176351423071,-0.0028831318111727,-0.0155966027613661,0.0387213797383444
2021-12-01,0.032400000000000005,-0.0078000000000000005,0.0325,0.048799999999999996,0.0429,0.0001,-0.0239,,,,-1.1865175326700976,0.1797857907,0.012970023,0.0006,0.0146,-0.011,0.0030725172,0.0025184151,0.006500000000000002,-0.0019000000000000006,0.014,,-0.0129214302065842,-0.0021446102530338,0.0302026189608465,-0.0622502575461137,0.072296267222782,-0.0067911024982675,-0.0039361797717203,0.0599170826289075,0.0166948265555695,0.0095438583000395,0.0019551377830769,-0.0297694285893469,0.0714994033395168
2022-01-01,-0.061500000000000006,-0.0401,0.1286,0.0077,0.07730000000000001,0.0,-0.0242,,,,,,,,,,,,,,,,-0.0027099471758916,0.005770128323196,0.07215457084329,-0.0859953626115213,0.0689016720661218,-0.0069357414940294,-0.0111512467640699,0.0420381224901103,-0.0262792959153367,-0.0032559195483523,-0.0152224730127448,-0.0155805404416399,0.114013303656757
2022-02-01,-0.022799999999999997,0.0286,0.030600000000000002,-0.0203,0.030299999999999997,0.0,0.0166,,,,,,,,,,,,,,,,-0.0032887144192636,0.0040737821274962,0.0131991011553749,-0.0148405023528612,-0.0130861094089984,0.0119396829180552,0.0120502071035916,-0.0039067176630454,-0.009283189170422,0.0120483341209184,-0.0126623710702844,0.0086931932702568,0.0136790927426463
2022-03-01,0.0308,-0.021099999999999997,-0.019,-0.015,0.0321,0.0,0.0294,,,,,,,,,,,,,,,,0.0161403321460441,-0.0055282637324405,0.0099947291827029,-0.0110254692215828,0.0126498766552646,0.0297747401673533,0.0047226781894411,0.0023457004016999,-0.0054850281611761,0.001860462637843,-0.0081679158559559,-0.0045305263865428,0.002033559744966
2022-04-01,-0.0941,-0.0034999999999999996,0.061799999999999994,0.0341,0.0592,0.0,0.05,,,,,,,,,,,,,,,,0.0002109558672361,0.004384637193668,0.0419179339917616,-0.0681600026656465,0.0734461401729947,0.0538234254384599,-0.0020136608414274,0.0488451038928127,0.0151166336744486,0.0107187106456422,0.0149880142353377,-0.020553709803572,0.0696143847997455
2022-05-01,-0.0033,-0.0003,0.08439999999999999,0.0155,0.0395,0.0003,0.0254,,,,,,,,,,,,,,,,-0.0208414449230758,0.0002505273680471,0.021901667149094,-0.0451360148940114,0.0279459093998818,0.0296561534257095,0.0173894773719032,0.0574415581776355,0.0112516471112114,0.0011892591554562,0.0054724683111224,-0.0200355701114041,0.0671676715502281
2022-06-01,-0.084,0.013300000000000001,-0.06,0.0176,-0.0458,0.0006,0.0109,,,,,,,,,,,,,,,,0.0056657420237373,-0.0033950204270537,0.0094551515930091,0.0099282384508409,0.0524668607722582,0.0118452044712721,-0.021551462761311,-0.0104745328158648,-0.0025682871330008,0.0035348421302553,-0.0006943843154336,0.0079254873377025,-0.021116664233798
2022-07-01,0.09570000000000001,0.0178,-0.0415,0.0077,-0.06849999999999999,0.0008,-0.0436,,,,,,,,,,,,,,,,-0.0143590680252811,-0.0062042806924043,-0.0399807201983124,0.0231863048926917,-0.0501056552212027,-0.046205970265291,0.0079859040286158,0.004241409306853,0.0151937549425487,-0.004759561338023,0.015692869067424,-0.0156484270776246,-0.0240808244705855
2022-08-01,-0.0377,0.0149,0.0018,-0.0478,0.0132,0.0019,0.018500000000000003,,,,,,,,,,,,,,,,0.0174672281324496,0.0020755119247202,0.0027191148355417,0.00620356126799,-0.0178278691996586,0.0243767638459875,0.0085936951201801,-0.0343058658777741,-0.0274875571585093,0.0023681465113476,-0.0023804266565787,0.0159439375789581,-0.0144318148749583
2022-09-01,-0.0934,-0.0097,0.0003,-0.0137,-0.0077,0.0019,0.036699999999999997,,,,,,,,,,,,,,,,0.0066866838669215,0.0067801283930957,0.0072456246891232,0.0058729055770248,0.0276346181385504,0.0309010508011221,-8.92523732968e-05,0.0062269218640167,0.0040300409929256,-0.0007941617454423,-0.0040293335706955,0.0003935670783714,-0.0038943913730009
2022-10-01,0.0786,0.0181,0.0797,0.0327,0.0643,0.0023,0.039,,,,,,,,,,,,,,,,-0.0102452446161388,0.0149049800457072,0.026584054373251,-0.0363733535067503,0.0064295460783963,0.0296136003159189,0.0138190028496245,0.0366238818546641,0.011578637428984,0.0008621315333207,0.0043570594934185,-0.0186305562901099,0.0520928170014113
2022-11-01,0.046900000000000004,-0.0275,0.0148,0.063,0.0315,0.0029,-0.017,,,,,,,,,,,,,,,,-0.0195072608398035,0.0039882256284237,0.0144173927797987,-0.021632895298517,0.0173409434932822,-0.0192762480330707,-0.0001048139102132,0.0493855603333203,0.0271959101992224,-0.0024087448200504,-0.0011163778871228,-0.0563166027863912,0.0421461365372039
2022-12-01,-0.0638,-0.0019,0.0134,0.0032,0.042800000000000005,0.0033,0.049100000000000005,,,,,,,,,,,,,,,,0.0012186571994406,0.0050069442101855,0.0240280257239783,-0.0143300432166987,0.0322471345997926,0.0164087447796899,-0.0014428447896523,0.008437445929746,0.0033929298134282,0.001367099454532,-0.0054689534168534,-0.002361344569075,0.009911227006821
2023-01-01,0.0659,0.043899999999999995,-0.0394,-0.0242,-0.0443,0.0034999999999999996,-0.1617,,,,,,,,,,,,,,,,0.0002798351826715,-0.0071342745102798,-0.0299217605829722,0.0321540050328574,-0.0839639616351288,-0.0894941190931629,-0.0203022247448583,-0.0381942081106446,-0.0128624122164587,-0.0064149398950055,0.008724336816532,0.0437172570567558,-0.0050966526998805
2023-02-01,-0.025699999999999997,0.0058,-0.008,0.0097,-0.0151,0.0034000000000000002,0.0055000000000000005,,,,,,,,,,,,,,,,-0.00450183457333,-0.001126346824329,-0.0097730023749738,0.0026470251682233,0.0022226460157629,0.0115058216970402,0.0060892704575944,0.0047149041192092,0.0082622939315794,-0.0022007586648318,0.0055604392249479,-0.0052791882466239,-0.0057677253995773
2023-03-01,0.024900000000000002,-0.0689,-0.09050000000000001,0.0227,-0.021,0.0036,-0.0235,,,,,,,,,,,,,,,,0.0042011134899052,0.0001971465150469,-0.0148116163617171,0.0280608326726163,0.0088324975224391,0.0147543152560647,-0.0034956969138071,0.0097830490833486,0.0494905457327774,0.0045754375938954,-0.011676148229802,-0.0376605292917406,-0.04043597789755
2023-04-01,0.0063,-0.025699999999999997,-0.0012,0.0242,0.0285,0.0034999999999999996,0.0176,,,,,,,,,,,,,,,,0.0028231778364502,-0.0042090032344509,0.0146386928513321,-0.0253236017205625,0.0328912477363276,0.0005834293867285,0.0026890662246024,0.0167759761859207,-0.0037391367093079,0.0049019366356147,-0.0026050958828237,-0.0251428551874569,0.0169850735971158
2023-05-01,0.0033,-0.0043,-0.0779,-0.0178,-0.0708,0.0036,-0.0088,,,,,,,,,,,,,,,,0.026603792143984,0.0025093336049468,-0.029667190813989,0.0606546427055503,-0.0408066564837286,0.0111443480014298,-0.0003630364954356,-0.0430466591616919,0.0002058130509661,0.0001887980252653,0.0207031409547127,0.0374945966167635,-0.0619700522438037
2023-06-01,0.0646,0.0128,-0.0013,0.0232,-0.0154,0.004,-0.0269,,,,,,,,,,,,,,,,-0.0161918909482069,-0.0067010156927989,-0.0098845448557346,-0.013068484194854,-0.0195536566102025,0.0003893875889235,-0.0023568901804131,0.0214188235390555,0.0158711964507624,-0.0105116549653685,-0.0071840827921491,-0.0107618660743133,0.0219813347486008
2023-07-01,0.0321,0.0286,0.0406,-0.0059,0.0066,0.0045000000000000005,-0.0406,,,,,,,,,,,,,,,,0.008749595149461,-0.0037864543275143,-0.0036617146004403,0.0096365997469516,-0.0406728184967199,-0.0332566023539148,0.0053914172169842,-0.0127280681120489,-0.0121562103094057,-0.0011277752733774,-0.0095644474101668,0.0251183104940592,0.0190705918031134
2023-08-01,-0.0236,-0.0365,-0.0115,0.0335,-0.0241,0.0045000000000000005,0.0378,,,,,,,,,,,,,,,,-0.0160023849753214,0.0093003565106585,0.0094261311229658,-0.0096476513335883,0.0350872457261479,0.0190052281479593,0.0051804426112187,0.0386023536222586,0.0321098342941953,0.0001994466176799,0.0163106922134931,-0.0321624864107614,0.0143562224315606
2023-09-01,-0.052300000000000006,-0.0178,0.0149,0.0187,-0.0077,0.0043,0.0033,,,,,,,,,,,,,,,,-0.0012592112349336,0.0101209682695666,0.0079715920721172,-0.0079481296153289,0.0239424008830606,0.001536418808595,0.0078815246333037,0.0213404759963692,0.011109093273199,0.0036339173045975,-0.0125375264057186,-0.0132091732847567,0.0218166015546513
2023-10-01,-0.0315,-0.0403,0.002,0.0241,-0.0069,0.004699999999999999,0.0167,,,,,,,,,,,,,,,,0.0019599014629445,0.0012287105450473,0.0075931091260222,-0.022348789821683,0.0415663904564999,0.002744184717334,0.0077515004746337,0.0266764152504369,0.0078936953900345,0.0050995091845141,-0.0085070516041694,-0.034041388004822,0.0182702315777538
2023-11-01,0.0888,-0.002,0.0167,-0.0373,-0.0108,0.0044,0.0256,,,,,,,,,,,,,,,,0.0155056374958486,0.0011827773314393,-0.0041109874407184,0.0227595445020335,-0.0313335583503526,0.0117266641959427,0.0080809518431293,-0.0277197476132007,-0.0157726517690753,-0.0057746756849823,0.0259196546932995,0.0017051666197565,-0.0217705309317893
2023-12-01,0.048600000000000004,0.0727,0.0489,-0.0297,0.0129,0.0043,-0.0553,,,,,,,,,,,,,,,,0.0044668899714628,-0.0056685082066056,-0.0022135711208273,0.0221656860793898,-0.0606918091875229,-0.0477310695144038,-0.0060486849483653,-0.0434448251499594,-0.0294587648628759,-0.005745906381623,-0.0199367014971329,0.0559768841444127,-0.0095785309377114
2024-01-01,0.0073,-0.0572,-0.023799999999999998,0.0067,-0.0097,0.004699999999999999,0.0542,,,,,,,,,,,,,,,,0.0001842087897505,0.0084931709519522,0.0039007793885688,-0.0059007370920713,0.0326262483739608,0.0392164189288641,0.0072814170916252,0.0286487311921068,0.02144316342935,0.0012446857896659,0.0324091975552082,-0.0368304755490141,0.0045663284552831
2024-02-01,0.0507,-0.008199999999999999,-0.034300000000000004,-0.0206,-0.0217,0.0042,0.049,,,,,,,,,,,,,,,,-0.0090360796004122,0.0060856128181265,-0.0170172854270795,0.013964062708673,-0.0232007000294251,0.0339790484552093,0.0177754469723382,0.0044158293584622,0.0239274103170092,0.0024787660609314,-0.0009328818156958,-0.0114826101826995,-0.0313177334837932
2024-03-01,0.028399999999999998,-0.0121,0.0416,0.013300000000000001,0.011399999999999999,0.0043,-0.0032,,,,,,,,,,,,,,,,-0.0026109447662837,-0.0057493802334951,0.0074337472963071,-0.0254210746752341,0.0092139800741769,-0.0009799759328292,-0.0059925353037399,0.0145412980515134,-0.007818163412959,0.001504597633089,0.0018168583085455,-0.0174144523141711,0.0370420317004758
2024-04-01,-0.04650000000000001,-0.0259,-0.0045000000000000005,0.011399999999999999,-0.0031,0.004699999999999999,-0.0043,,,,,,,,,,,,,,,,-0.0016502303856572,-0.0046982390877084,-6.14983625038e-05,-0.0109200277398899,0.0224193962030377,-0.0082207964751701,-0.0003453694086912,0.0131720625656199,0.0007073789054383,0.0061028188639017,-0.0128205217079806,-0.0196666248320561,0.0086289995544118
2024-05-01,0.0432,0.0059,-0.0131,0.0317,-0.0285,0.0044,-0.0016,,,,,,,,,,,,,,,,-0.0061116247345747,-0.007281394017651,0.0002758640549413,-0.0069162158587235,-0.0102482201030476,0.0098370752378534,0.0005974923573741,0.0022039858874752,-0.0091241068118306,0.0019131780115108,-0.0114447754078492,0.0177392840447336,0.0095719739603628
2024-06-01,0.027999999999999997,-0.0432,-0.0336,0.005600000000000001,-0.018000000000000002,0.0040999999999999995,0.0085,,,,,,,,,,,,,,,,0.0032688223860957,0.0119721944627758,-0.0065314431263499,0.0275521888655792,0.001519001892502,-0.001253358708297,0.0110860271748154,0.0022461321003377,0.0130483283600223,-0.002392469059082,0.0072962030554567,-0.013074303001411,-0.0270417145656684
2024-07-01,0.012199999999999999,0.0834,0.0562,0.0026,0.0028000000000000004,0.0045000000000000005,-0.0235,,,,,,,,,,,,,,,,-0.0071568695762078,-0.0068017657857874,0.0172331562616718,-0.0322534406933716,0.0204173794817631,-0.0176341844158491,-0.0095691040720366,-0.0109282692210174,-0.0373242808646711,-0.0024841099723761,0.0124188455329591,0.0451066621009396,0.0334827388484145
2024-08-01,0.0161,-0.0355,-0.011000000000000001,0.0076,0.008199999999999999,0.0048,0.0481,,,,,,,,,,,,,,,,1.84545818069307e-06,0.0035547854759801,0.0017377312534105,-0.0087948012164885,0.0250467521768708,0.0214841829146844,0.0203636171479614,0.0124179398450544,0.0072213837639162,0.0044968569384885,0.0127613628782897,-0.0323522230075488,-0.0090682306075869
2024-09-01,0.0173,-0.0092,-0.0276,0.002,-0.0029,0.004,-0.0062,,,,,,,,,,,,,,,,0.0079037892525638,-0.0027478035202844,0.0043055399979337,-0.0015117422248773,-0.0112313104411639,0.0093773468298939,0.0036566841636648,-0.0015023945878376,0.0010120767615102,-0.0043623718810846,-0.009147910701616,-0.0176376370317725,-0.0096721976492317
2024-10-01,-0.01,-0.0089,0.0086,-0.0148,0.0098,0.0039000000000000003,0.03,,,,,,,,,,,,,,,,0.0038675236236763,0.0038531160202722,-0.0100732401640823,0.0063040196730219,-0.0070264847271278,0.0191680015442532,0.0149759515444294,-0.0081626277456526,-0.0143886699359887,0.0070504520962263,-0.0007212670049462,0.0077469398779661,-0.0070262923278618
2024-11-01,0.0649,0.045899999999999996,0.0015,-0.0231,-0.020499999999999997,0.004,0.01,,,,,,,,,,,,,,,,0.007524444174266,0.0012838907529058,-0.0203449075101568,0.0210731154473954,-0.0441719813166653,0.0134547681865747,0.0194754754783285,-0.0218760969168844,-0.0088689278866284,0.0014783886757118,-0.031849817912573,0.0128328006223076,-0.0228432243925733
2024-12-01,-0.0315,-0.0383,-0.03,0.0189,-0.0121,0.0037,-0.003,,,,,,,,,,,,,,,,0.0045970677257974,0.0077636575015966,0.0057457918423139,0.0107496436357059,0.0003045753545751,-0.0077443345999438,0.0009070873890185,-0.0052333239682237,0.0066565412230674,-0.0015138090766755,0.0047070651077097,0.008849931732041,-0.0077099505661587
2025-01-01,0.027999999999999997,-0.0123,0.0163,-0.0235,-0.032400000000000005,0.0037,0.0096,,,,,,,,,,,,,,,,,,,,,,,,,,,,
2025-02-01,-0.024300000000000002,-0.049100000000000005,0.049100000000000005,0.0108,0.030600000000000002,0.0033,-0.008100000000000001,,,,,,,,,,,,,,,,,,,,,,,,,,,,
2025-03-01,-0.0639,-0.0149,0.028999999999999998,0.021099999999999997,-0.004699999999999999,0.0034000000000000002,-0.028399999999999998,,,,,,,,,,,,,,,,,,,,,,,,,,,,
2025-04-01,-0.0084,-0.018600000000000002,-0.034,-0.0285,-0.026699999999999998,0.0034999999999999996,0.049699999999999994,,,,,,,,,,,,,,,,,,,,,,,,,,,,
2025-05-01,0.060599999999999994,-0.0072,-0.0288,0.0129,0.025099999999999997,0.0038,0.022099999999999998,,,,,,,,,,,,,,,,,,,,,,,,,,,,
2025-06-01,0.048600000000000004,-0.0002,-0.0161,-0.032,0.0144,0.0034000000000000002,-0.0264,,,,,,,,,,,,,,,,,,,,,,,,,,,,
2025-07-01,0.019799999999999998,-0.0015,-0.0127,-0.0031,-0.0207,0.0034000000000000002,-0.0097,,,,,,,,,,,,,,,,,,,,,,,,,,,,
2025-08-01,0.018500000000000003,0.048799999999999996,0.044199999999999996,-0.0068000000000000005,0.0208,0.0038,-0.0354,,,,,,,,,,,,,,,,,,,,,,,,,,,,
2025-09-01,0.0339,-0.0218,-0.0105,-0.0206,-0.0222,0.0033,0.0463,,,,,,,,,,,,,,,,,,,,,,,,,,,,
2025-10-01,0.0196,-0.013000000000000001,-0.031,-0.0521,-0.0403,0.0037,0.0027,,,,,,,,,,,,,,,,,,,,,,,,,,,,
2025-11-01,-0.0013,0.0147,0.037599999999999995,0.014199999999999999,0.0068000000000000005,0.003,-0.018000000000000002,,,,,,,,,,,,,,,,,,,,,,,,,,,,
2025-12-01,-0.0036,-0.0022,0.0242,0.004,0.0037,0.0034000000000000002,-0.024,,,,,,,,,,,,,,,,,,,,,,,,,,,,
2026-01-01,0.0102,0.0326,0.037000000000000005,0.0183,0.0181,0.003,0.0495,,,,,,,,,,,,,,,,,,,,,,,,,,,,
