date,jkp_accruals,jkp_debt_issuance,jkp_investment,jkp_low_leverage,jkp_low_risk,jkp_momentum,jkp_profit_growth,jkp_profitability,jkp_quality,jkp_seasonality,jkp_short_term_reversal,jkp_size,jkp_value
1926-01-01,,,,,,,,,,,,0.0188823593768865,
1926-02-01,,,,-0.0305703087229594,0.0333849987462921,,,,,-0.0021122689300749,0.0004222591257567,-0.0243208599161526,
1926-03-01,,,,-0.0752933138063399,0.0460377677963539,,,,,0.0026300538710575,-0.0296425019964213,-0.0498402491750095,
1926-04-01,,,,-0.0052094862463163,-0.0044216277074222,-0.0093250438427232,,0.0060555835142684,,0.0087370216597604,0.0016513583842596,-0.001319155393848,
1926-05-01,,,,-0.0101703801489328,0.0025514330380863,0.0184112174078378,,-0.0007165366992602,,-0.0018318678521,-0.0091910457908876,-0.0044376819078287,
1926-06-01,,,,-0.0005582103941884,-0.017974374260389,-0.0354253942282815,,0.0155809233330326,,-0.0099104626120728,0.0206703658095289,-0.0120649242680215,
1926-07-01,,,,0.0010679955028829,-0.0008833364685515,-0.012577094403215,,0.0278823318792084,,-0.0003064044720321,-0.0021810913343179,-0.0122983469459945,
1926-08-01,,,,-0.0203906227008566,0.0193121240728819,0.018323588985855,,0.005391102686993,,0.0076880961091478,0.0171741537796726,-0.0017936110547614,
1926-09-01,,,,-0.0088854954998795,0.0165943744669904,0.0295210084120065,,-0.0107090632375991,,0.0083993318582809,-0.0008690547359875,-0.0104153506063022,
1926-10-01,,,,-0.0155721388294494,0.0250950323505601,0.0155388405106078,,-0.0237208120795535,,0.0088588795535051,-0.0086033852560976,-0.0011023732762127,
1926-11-01,,,,-0.013935095878318,0.0026452216052238,0.0102984930283274,,0.0093839062878128,,0.0163036354295929,0.0172117286334934,-0.0103224774203475,
1926-12-01,,,,0.0010808208768044,-0.0043907150370042,-0.0097384439615479,,0.0156328039449144,,0.0079747319279804,0.0100948187440511,-0.006844962276733,0.0065259232294525
1927-01-01,,,,-0.0022376294075109,0.0014212839547604,0.0116160017695902,0.0013443821099824,-0.00992762873033,-0.0018371372649628,-0.0110673285298359,-0.003509507070073,0.0113002856677158,-0.0042953943971516
1927-02-01,,,,0.0060238956798516,-0.0252706123712713,-0.0021051941348306,-0.0284133307847616,0.0052382714422521,-0.0280860737599768,-0.0040872572224024,-0.0048384122791812,-0.0047675893429803,-0.0168002581937499
1927-03-01,,,,-0.009769033199843,0.0319813603786582,0.0340232421963277,0.0358046872630802,-0.0119296318123705,0.0450255108775086,0.0106568492616238,-0.0044043397678624,-0.0173511573611052,0.0132231423892446
1927-04-01,,,,-0.0113841276232705,0.0076520535127912,0.0275674451329887,0.0117223980826858,0.002745478224421,0.0237029015754852,0.0066510519196544,-0.0177946783248899,-0.0149308609175836,-0.0051813306611194
1927-05-01,,,,0.0041075537681553,-0.0035157477183635,0.0369401546261898,0.0096689737260059,-0.0014281636221501,0.0431910566615693,0.0135933698960913,-0.0070528063659393,-0.0089495788138573,-0.0160297113602484
1927-06-01,,,,0.01085048813873,0.0115688072869224,0.0162100775498,1.00944136402e-05,-0.0211559185914241,0.0121660130446085,-0.0021580632887156,0.0008119990548182,0.0084068628942319,-0.001013508068937
1927-07-01,,,,-0.0256630263748376,0.0039210442277219,0.0175526059785543,0.0205166074200171,0.027239722366367,0.0172257515831573,0.0030339320061384,0.0080139832582383,-0.0237409814757864,0.0085552116634084
1927-08-01,,,,-0.0055740164120198,0.0125647196924939,-0.0046400603345082,-0.0006970472939741,-0.00762832202964,-0.0108314536884915,2.35909635484e-05,-0.0009930506335819,0.0007960254663617,0.0162962803503875
1927-09-01,,,,0.0023319661683065,-0.0071872424461486,0.0287899681478992,0.0076915254826358,0.0245564602973248,0.0222801216871292,0.0006312744422225,-0.0066508899724095,-0.0241380249098032,-0.0120151818460014
1927-10-01,,,,-0.0091042731556769,0.0353179061216044,0.0007327787828395,0.0190074274664849,-0.0355492340078959,-0.0085194260773889,0.0117765539807373,-0.0014430338337013,0.0172650484683999,0.0059557350218866
1927-11-01,,,,0.0097799999263198,-0.0250573115217316,0.0042915890709975,-0.0134701015198383,0.0128228587715912,0.0007254306388352,0.0094582613889079,-0.0008292602024166,0.0094809344655191,0.0078411352654187
1927-12-01,,,,0.0022802795448922,-0.0061908950424015,0.0137025934640716,0.0047305231823808,0.0078307731645009,0.0138857308053804,0.0216260191691778,0.0042456749748932,0.001391071494908,0.0074166181901858
1928-01-01,,,,0.0026144542437124,0.0119922621527856,0.0120232313544508,0.0150539122720758,-0.0093633535818496,0.0135484326290489,-0.020062217139403,-0.0007690564327793,0.0144746487583844,-0.0095922386707297
1928-02-01,,,,-0.0023640764673924,0.0152523479959922,-0.0060079988606014,-0.0219775430664096,-0.0079384222803597,-0.0111391605358113,0.0055971101285471,0.00544236625561,0.0013434223466283,0.0106237303468049
1928-03-01,,,,0.0088352594871617,-0.0365458656579652,0.0303010114528628,-0.0153848881264055,0.0257381231652957,0.0337156909796745,0.0036196115263066,-0.0013890191520956,-0.0065937955829734,-0.0244926700000775
1928-04-01,,,,0.0281027146739229,0.0002450248463001,-0.0103851573310158,-0.0400423406918521,-0.0128440567719322,-0.0406794787665956,-0.0283737826687922,-0.0146044645714683,0.0559560056869085,-0.0280005194029035
1928-05-01,,,,0.0129295359611943,-0.0029471159363647,0.0272486074503248,0.002632808309628,0.0083139459859503,0.027776803400415,-0.0068533455850753,0.0124472437367211,0.0059685226725207,0.0067054066758451
1928-06-01,,,,-0.0264263692110013,0.0289558629153432,0.0015220825087944,0.0106515312975532,0.0217615935750383,0.0039598155297174,0.0048717479010112,0.012550512911698,-0.0198702942738788,0.0133928723872144
1928-07-01,,,,0.0066541828078849,-0.001411252271432,0.0143409158530721,0.0178304235201094,0.0106323845434662,0.0191584234686958,0.0028117030263116,0.0091591786262997,-0.0193439538436822,-0.0074452423313183
1928-08-01,,,,-0.0171928512446753,-0.0363409742651038,0.0406092326965401,0.0267693958489368,0.0436092629423429,-0.0061244641232701,-0.0369526155379076,-0.0132959876837257,-0.0266268413673213,-0.0097864997307133
1928-09-01,,,,0.0259362422167448,-0.033560544231622,0.0221841219611572,-0.0042448330029356,0.0134323512023503,-0.003675713761031,-0.0027766092828627,0.0012415173001404,0.0156782544987431,0.0024132322544857
1928-10-01,,,,0.0046150784295676,-0.0002331834739857,0.0387810489022446,0.02140662624519,0.0261501361221188,0.0211977376190243,0.0127963170144134,-0.0028148637373704,-0.0045493302252775,-0.0264178709513567
1928-11-01,,,,0.00541359732574,-0.0468436829966679,0.0486629360416187,0.0536144695404725,0.0438956235559032,-0.0100374863827054,-0.004902438755756,-0.0172656109628869,-0.0039879275447123,-0.0418503230610814
1928-12-01,,,,-0.0195891840779529,-0.0080417298785374,0.0268818721854745,0.0282199485835526,0.0224686442498543,0.015817150757962,-0.0104394127109775,-0.0078023313019795,-0.0296809004583303,0.0046667313674516
1929-01-01,,,,-0.0162424505324384,0.0117033033012746,0.0269071939017951,0.0226123281707746,0.0224547077534018,0.0112910302693114,-0.0013271209699552,-0.0260537916528809,-0.0264458122356974,-0.0053168243663756
1929-02-01,,,,0.0036012006812434,-0.0139068099847031,0.0195617672997107,0.0047814098337237,0.0130621968854141,-0.0078337410129821,-0.0149070225791844,0.0113990717403316,0.0019989328349782,0.0012374651378276
1929-03-01,,,,-0.0230298276382287,0.0187775701405762,-0.017388436452296,0.0023311923729078,0.0126819640779202,0.0034466021045131,-0.0027304847345145,-0.0107716297381976,-0.0058223461234295,0.0069657064661081
1929-04-01,,,,-0.0047159377935532,0.0072504313600862,0.0233843662069006,0.0218556565865626,0.013623179603596,0.0094959943670555,-0.0141298700087206,0.0079265405136376,-0.0112306114295855,-0.0175292090316366
1929-05-01,,,,-0.0410527008890048,0.0704117769870209,0.0102434245790979,-0.0375607099628803,0.0092280191560674,0.0319343534191529,0.0053206723008272,-0.0036931640583072,-0.027951923728238,0.0263838371079065
1929-06-01,,,,-0.0165871511048497,-0.0314161370318574,0.060406379279351,0.0056239360415599,0.0469833928554488,0.0174926427460832,-0.0178381262744828,0.00953903842723,-0.0499869595316897,-0.0556666464240718
1929-07-01,,,,0.0001438104054767,0.0201012469276895,0.0353725470386516,-0.0236755945708954,0.0023651565794549,0.0212899900505869,0.0024962447417543,-0.0111891341665725,-0.0179963217108829,0.0070792269248814
1929-08-01,,,,-0.0322008767382633,0.0025986491755059,0.0618258615782767,0.0110806733663227,0.0234938772860354,0.0353470701200501,-0.0161889039657125,-0.0093822027003235,-0.0530258204920712,-0.0141914328954713
1929-09-01,,,,-0.0217018750156108,0.0180443692150655,0.0212867747799376,0.0112541606344188,-0.0364553860366869,0.0174431349491897,0.0185615048041663,-0.0007467358491873,0.0026069246117022,-0.0022540565411976
1929-10-01,,,,-0.0903431127790689,0.121816932766217,0.0185009485419428,-0.0413946634846532,-0.0542510046042155,0.0623195989299461,-0.0326223477954127,0.0331704521859818,0.0086556166350636,0.098462616734406
1929-11-01,,,,-0.0240165546352601,0.0754159650916274,0.0102182533078059,-0.0390874542265858,-0.0481990273011277,0.0313763872097606,0.0258308997942929,-0.0073906036828569,0.0103308390478978,0.0300832752719902
1929-12-01,,,,-0.0201861154149749,-0.0272408026498413,0.0121414581545547,0.0428186376114067,0.0279871720794431,0.0021523359393181,-0.0226972003961135,0.0099882186813138,-0.0605418675388881,-0.0014492893094416
1930-01-01,,,,0.0263641918791787,-0.0301798924115585,-0.0550649880429101,-0.0016094781623619,-0.0091557873889641,-0.0491717135603179,0.0017300758583654,0.0207245266898683,0.0412963240570452,0.0004069567876074
1930-02-01,,,,0.0049310684383222,-0.0155456171222252,-0.0103733445460661,0.0258572379895576,0.0126939981930502,-0.0203629488464791,-0.0062588633302939,0.0048629707771894,-0.0067000212245413,-0.0141966493644961
1930-03-01,,,,0.0301901139252543,-0.0317547684897241,-0.0266763823686294,0.0119092499157893,0.011003077896317,-0.0203407672228145,0.003583788545102,-0.0188216561339927,0.0404026889812995,-0.0054229885922358
1930-04-01,,,,0.0143434920002089,-0.0095459187823622,0.0240680136818577,0.0324448499563746,0.0012119374672236,0.0131716186886865,0.0025353757278951,-0.0112015505324592,-0.0116965002480056,-0.0460345672096048
1930-05-01,,,,-0.019532636247677,0.0197339433015033,-0.0009416643272956,0.0137495420511706,-0.008703377401762,0.0059425583640794,-0.0014313850024819,0.0091245446508109,-0.0099536058505538,0.0195140994960224
1930-06-01,,,,-0.0469756935819246,0.10160331084175,0.0367420019698205,0.0149127581345999,-0.0588409384267108,0.090152054863124,0.0096503990743292,-0.0122015401724613,-0.0043037277824956,0.0261521076034891
1930-07-01,,,,-0.0012519823873995,-0.0252302488227557,-0.017378605257102,-0.0285298644165524,0.0282222051884495,-0.0291696317766468,-0.008029810659323,0.0240713097117942,-0.0111725571418,0.0070692272014082
1930-08-01,,,,-0.0265910239505825,0.0135767407962274,0.0317368039279408,0.0057918697337479,0.0149508856914115,0.0161366954984062,-0.0072355573075649,0.0164738417838925,-0.0327375933861776,-0.0359537451508309
1930-09-01,,,,-0.0230938596151253,0.0823722727674081,0.0711280305622471,0.0554484131268459,-0.0524437988050533,0.0864646056333523,0.0257260206975179,-0.0105104796265517,-0.0107377600816134,0.0141799419929368
1930-10-01,,,,-0.0237862258452526,0.0474996301568396,0.0530884804650457,0.0507699096399164,-0.0374537746012478,0.0656297326361359,0.0140046892073715,-0.0165490125778819,0.0074108647943931,-0.0006611050938203
1930-11-01,,,,-0.0108298186849956,-0.0066216781033913,-0.0060204413202677,-0.0258304389268625,0.0235841912857767,-0.0141264254753114,-0.0161651355906597,-0.0009387798693352,-0.0012037526278349,0.0272177323130492
1930-12-01,,,,-0.0409453722650756,0.0449893613854965,0.094724937658465,0.0541510907149694,-0.0210296085722807,0.0688222205619075,-0.0183761325942856,0.0104467869637141,-0.0379465245631262,-0.0033193352905276
1931-01-01,,,0.0310211937702513,0.0204647045905519,-0.0416336933807834,-0.084809263957333,-0.003491798313407,0.0245217990145181,-0.0472954226795479,-0.0057091568131817,0.038341059952475,0.0398028585221216,0.0069228571410147
1931-02-01,,,-0.0318761706178802,0.0322664078285983,-0.0942538810389266,-0.125972891817664,-0.0392460252074541,0.0671422433432188,-0.149045529591482,-0.0173305797920476,-0.0057838595673764,0.0277532429092887,0.0079181946897283
1931-03-01,,,-0.0046111376186647,-0.0007204655679772,0.0408243880268517,0.0840738231449691,0.0115828998622654,-0.0332831881790322,0.0748856629844588,0.0180782546137899,0.0354036460798171,0.002511083396663,-0.012786022247284
1931-04-01,,,-0.0093232540516041,-0.025256513313048,0.0547512302473995,0.057990498750259,0.0420716325535282,-0.0046862925565163,0.0869806405066635,0.0182415072498886,-0.0140678262310831,-0.0335478854091492,-0.0327692726565844
1931-05-01,,,0.0069698916114034,0.0125750296668924,0.0589134296772888,0.0514676277860042,0.0503914089082971,-0.0671590542193114,0.0758844558082513,0.0206325586928356,0.0026860677869172,0.0172898976054562,0.0133697874291912
1931-06-01,,,0.0043400358134285,-0.0236772699869127,-0.0976325645247536,-0.153366140918267,-0.130726323203983,0.107675509873003,-0.162323344229496,-0.0563975930849032,0.0383196520894002,0.0094362231754355,0.017631925813902
1931-07-01,,,0.017443205088653,0.0004804695480031,0.05009341537121,0.0830583537906972,0.0280438601582077,-0.0316845576329246,0.0762154693679812,0.0129028180590957,0.0448561803030927,0.00882303589138,-0.0089918655218826
1931-08-01,,,-0.0316037436884757,-0.0044452408033905,-0.0114340778334726,8.84744638409e-05,-0.0114828000702318,0.0307859223064363,-0.0182259830114617,-0.0081789290760239,-0.0028556850735422,-0.0213398114051152,-0.004569419016971
1931-09-01,,,-0.0093239078400448,-0.0170894404886648,0.0990904759409108,0.0520786903124596,0.132643743770975,-0.0744099300815166,0.127829711427811,0.0140981062716796,0.0195810534313753,-0.0187216579911913,0.0175857099782854
1931-10-01,,,-0.0140804212846739,-0.0275661016123218,-0.050714132865903,0.0093402629463406,0.0025888430068887,0.0750082576612843,-0.0340937679595684,-0.0284299028475883,0.0801011922588813,0.0074329602276476,-0.0004227419688988
1931-11-01,,,-0.0086429821070153,-0.0110712053388064,0.0631766026697465,0.0750761868863374,0.0513474107135749,-0.0458037572442166,0.0868432024314018,0.0195820973312802,0.0209705235112167,0.0072881696879254,0.0272387747654409
1931-12-01,,,-0.0577543821681226,-0.0166796996158143,0.0615936651910951,0.124828878117268,0.0941069622655422,-0.0206285374143851,0.12467348068255,0.008412569417323,-0.0144075894042184,-0.0559276829622269,0.0094830663483256
1932-01-01,,,0.0594769608361546,0.0387238315830727,-0.0334731965771651,-0.104619586697209,0.0258427649988223,0.0075700364127604,-0.0735541737015801,-0.0105892140698363,0.044374877637992,0.0567140552769426,-0.0026579801289634
1932-02-01,,,-0.035356400704763,-0.0218165555176874,-0.0014619115790388,0.0018916983651815,0.0535569849344746,0.071193535023105,0.0211630622370822,-0.025456707164519,0.016077306169949,-0.0420362677816389,-0.0116654253999723
1932-03-01,,,0.0256160984705216,-0.017443889188903,0.0880986368762734,0.0992403561863588,0.0754395559715583,-0.0914543937185391,0.114764178346664,0.0440373921438841,0.0285372088295523,0.010351584268649,-0.0074420661451054
1932-04-01,,,0.0448848775350453,0.0345756856951571,0.0557347364937689,0.0525443882300097,0.0669278800461428,-0.10451923935216,0.0669921027371455,0.0538128503605553,-0.0026838138125908,0.0246506877871566,-0.0119204565023714
1932-05-01,,,0.0347336680174696,0.0295477922020816,0.0793505555210377,0.142566843345128,0.0940123925352867,-0.143362566182774,0.14512391736515,0.0178813408079738,-0.0146498500152505,0.0367123836632445,-0.0372617941554426
1932-06-01,,,0.0225739646628184,-0.0295243869113351,-0.0275383553690521,-0.0120669099716015,0.0466152304041915,0.0372752328118811,-0.0256158717886021,-0.0280259493564047,0.0699837044447282,0.0040784389385675,-0.0018494814741024
1932-07-01,,,0.151275454109784,0.0303885647899649,-0.264627675831337,-0.396250531085333,-0.37283905414784,0.15298432453445,-0.443248395699655,-0.0502622698740202,-0.0617098320283391,0.105679696850957,-0.0949179765706479
1932-08-01,,,0.215266569806518,0.135367767001353,-0.278116575143346,-0.487022989178148,-0.316532513929281,0.0914550093732643,-0.587630781225907,-0.0634951382966483,-0.148845520477303,0.29245072089051,-0.190003536853441
1932-09-01,,,-0.0513969312866907,-0.0216013825875709,0.0224273386202532,-0.0068236436312281,0.0543509427470102,0.0521836480794664,0.031041710371303,-0.0179276211777378,0.020618584056428,-0.0621939615611435,0.0424944174084275
1932-10-01,,,-0.0754582227676201,-0.0436570694540936,0.114819908117622,-0.0412902345004284,0.0664033973545902,0.0034870657492512,0.108772823892621,0.035868678449842,0.0338120072144814,-0.0383615664069359,0.0577813288484887
1932-11-01,,,-0.0594629912309366,-0.0078866701638291,0.0556459404423955,-0.0268721208505019,0.0647639393125851,0.0213152263508631,0.0619824943721255,0.0296229010704514,0.0012218911379946,-0.0305364449049616,0.0486691714678659
1932-12-01,,,-0.0668916411899439,-0.0729941939143135,0.0049538892686767,0.0373391826374904,0.0735100287600228,0.0987348956833534,0.043398490856872,-0.0024282273305619,-0.0017850558658526,-0.119855140527598,0.0523631888164531
1933-01-01,,,0.0497113461916088,-0.0277759920456237,-0.013789658922941,-0.0100109611023563,0.0270293164459518,0.0045752234700293,-0.0114468013369332,-0.013149736409591,0.0156122151010194,-0.008196281891862,0.036583105547773
1933-02-01,,,-0.0498968834349072,-0.0095464643458352,0.0937478247828855,0.0216138871329361,0.056475792123507,-0.0770876582407937,0.106088581864842,0.0083587451584873,0.0056132524794927,0.0096766586853925,0.0306328238974955
1933-03-01,,,0.0609529864244924,-0.0059280123485053,-0.0338092688858816,0.0119399395009484,-0.0071064997382124,0.0137075828181718,-0.00176443907553,-0.0159256322125369,0.0272179096263396,0.0247117455073345,-0.0304571053384318
1933-04-01,,,0.272348317767349,0.0690968408620736,-0.275497268393637,-0.162469169014532,0.0679396537719681,0.164578368488367,-0.264929536182272,-0.178174770489167,-0.0919953312914756,0.0883006440227694,-0.145067435884577
1933-05-01,,,0.285708351452932,0.254189339655333,-0.104911342876202,-0.100667259935634,0.0762729256227219,-0.187637848612092,-0.13888636160126,0.0075000236732905,-0.0033591156238333,0.467330729667958,-0.156993545034477
1933-06-01,,,0.0633506344458896,0.0307755981765931,-0.0523617524021845,-0.0106762581596384,0.0403146989437383,-0.0222886448387137,-0.039304541154118,0.0120131603709756,-0.0100760765877855,0.054353007351277,-0.0446807223286988
1933-07-01,,,-0.0128801027829793,-0.0190199876540229,0.0366184285391079,-0.0123585427013578,-0.0150786529547834,0.0059443092417941,0.0213044885167221,0.0085660736140686,0.0373874834001525,0.008967891841935,0.0151661544670953
1933-08-01,,,0.0637014109220005,-0.002179875971858,-0.064499956224628,0.0564483404263662,0.0103254905874779,0.0599701265329713,0.0132856182628574,-0.02783063314956,0.006561047696005,-0.0549076944097217,-0.0249655801633486
1933-09-01,,,-0.0581569600800567,-0.070212767583703,0.068054218379161,0.0163884422758868,0.0583840864584653,0.000449519448219,0.0874364419074299,0.0169601150068808,-0.0238781488672606,-0.0497952147434171,0.0595944630081615
1933-10-01,,,-0.0573385188363164,-0.0074406502624542,0.0538585778188525,-0.01569879641785,0.0726606181163816,-0.0020438917663797,0.041806734913675,0.0190639368745025,-0.0174466944242294,-0.0300885044308882,0.0497006429267108
1933-11-01,,,0.0606615274418381,-0.0055983113526179,-0.0308553622321454,0.0203751816915669,-0.0082723668228444,0.0497857565910355,-0.0056576331164652,-0.0317781940644399,-0.0038254377292224,-0.0506191599328061,-0.0053692365680051
1933-12-01,,,0.0272812849205539,0.0014177809917027,0.0061338510099593,0.0043920196558429,0.0227717621015852,-0.0073610426883604,0.0040119580016572,0.0047514011365717,-0.0098339820163255,-0.0011035615119406,0.0023460482756054
1934-01-01,,,0.165100978840173,0.132054090701772,-0.119314754357369,-0.120390696036015,0.0242660534359872,-0.0948198708331809,-0.107127701265691,0.0287374282663603,-0.0072142019185198,0.205549008516904,-0.0994693227767004
1934-02-01,,,0.0137552977434804,0.013436792311155,0.0115204193260915,0.0010007045096842,0.0085473992911033,-0.0517104801751245,0.0052526427658848,0.0105816436352377,0.0081097001196759,0.0518626530946047,0.022669408208225
1934-03-01,,,-0.0045733285281868,-0.0062285987036706,0.0017047726946737,0.0169383658287607,0.0054253955386883,0.0010361097344308,0.0105895813811155,0.0070488724202785,-0.0051905413189498,-0.0098719540043616,0.004524188697247
1934-04-01,,,-0.0402722242926542,0.0097886256746366,0.0593340228537676,-0.0293242698809268,-0.0523182854264015,-0.0213527956399134,0.00788030523057,0.0200140591548489,0.0111410335239922,0.0221649093099358,0.0393651634076023
1934-05-01,,,-0.0521560786472724,-0.0241282084802782,0.0436268460160246,0.000425786261707,-0.0351718878507789,0.0106822726149832,0.0330867258411402,0.0258335826959728,-0.0324451755725746,-0.0326098442117402,0.0568004067407438
1934-06-01,,,-0.0320592502988582,-0.028479140332969,0.0288919069651284,0.0097302256696974,0.0049380407251767,0.0215071373446513,0.0205709540641663,0.0017923366881092,-0.0060889692024423,-0.0406437590893518,0.02677272144563
1934-07-01,,,-0.116782158636472,-0.0398686898736095,0.133679399912112,0.098059526748827,0.0833227620970677,0.0297340027389969,0.151742977611211,-0.0336642169630905,0.0021512096370204,-0.0767989880850724,0.116304489475601
1934-08-01,,,0.037531968296271,0.0171652299161733,-0.0691942915786399,-0.0260390091431738,0.0149714375178148,-0.0040951795981605,-0.0449462857560646,0.0134789795817135,0.0431081077852892,0.0330900867175844,-0.0486120882537506
1934-09-01,,,0.0074375075212006,-0.0086994208302828,0.0021213515495285,-0.0041472219380733,-0.0059306445999907,-0.0019774860547387,-0.0005545122494835,0.0088418786099592,0.0031619991283762,-0.0138426505451622,0.0136311090009154
1934-10-01,,,-0.0225899144571259,-0.0247661554601771,0.0534355890340908,0.041588493253282,0.0327752067770308,-0.0179008299576798,0.0625872793978949,0.0298166783940409,0.0119974254114575,-0.0187548577611487,0.0461608774437115
1934-11-01,,,-0.0078794127524222,0.0157349612949637,-0.0290522917378199,-0.0130732071150544,0.0766395177575063,0.0162608775868473,-0.0157939716649815,-0.0175303764037753,-0.0139745705007809,0.0288988668959035,-0.0221212379567059
1934-12-01,,,-0.0291434092840612,0.0054690888575303,-0.0003765815719551,0.0197315639973577,0.0243273014299184,-0.0094539733380556,0.0206124921840882,0.0035424595742273,-0.0048958943916299,0.0054939973696125,0.0041349001394883
1935-01-01,,,-0.0182591254951559,-0.0010515588408762,0.0422579565469711,0.0399838292308862,0.0041837445568269,-0.033114752937057,0.0590136383723414,-0.0080921725883665,0.0024103894783096,0.0020813230359629,0.0290392378303559
1935-02-01,,,-0.0678159712910998,-0.0414095511582508,0.0747893680244618,0.0982835341264977,0.0684170473971342,-0.0083808596806582,0.136837153662255,0.0198477985527351,0.0054368280366847,-0.0616426978427932,0.064801516230838
1935-03-01,,,0.0173493305380202,0.002832884689882,0.030092687460758,0.0022938584670661,0.0341811325509656,-0.0002660926509119,0.0228986264380452,-0.0018977399302554,-0.0098367231301145,-0.0248871080039678,0.038259131297366
1935-04-01,,,0.0408121024590617,0.0088528459746675,-0.0342203955322692,-0.0497038725241698,-0.0361722402499488,0.0037394268687855,-0.0508554057972588,-0.0171957590282818,0.0047248993549916,0.0310804330451668,-0.0221934536999589
1935-05-01,,,0.0430048307343537,0.0083465347199665,-0.0046590846026016,-0.0317514537213405,-0.0206537553153627,0.0138393012976678,-0.0316130787129942,-0.0015801625272438,0.0019015297654566,0.0117487013297561,-0.0149114046164975
1935-06-01,,,0.0222221536629889,-0.0244306328399357,-0.0265518697247141,-0.0162324563244571,0.005388966691738,0.0439458353635455,-0.0254634101842701,-0.0309482159215338,-0.0149232186921534,-0.0402854218291286,-0.0020637129749804
1935-07-01,,,0.0537028669706068,0.0404510504415332,-0.0568214359301214,-0.0299467507887853,-0.0369699200817758,0.0067901511503845,-0.077757751909536,0.0020716165788359,0.0051557370139919,0.0564262288575604,-0.0435213882270367
1935-08-01,,,0.0703942296560074,0.0614337885328995,-0.0653256073522263,-0.0256446957131709,0.0129503438581536,-0.0488092940736752,-0.0559659458252292,0.041031265638082,-0.0258420594354717,0.0889046151034281,-0.0361216767402521
1935-09-01,,,-0.0122935840980376,-0.0048068334514804,0.0050020829161303,0.0482750187125948,0.021883401523036,0.0133335342531387,0.0257484405817691,0.0055200568114885,0.0092038159550785,-0.0032040876520588,-0.0016207844940464
1935-10-01,,,0.0525289601040453,0.0280955590084396,-0.0368109210343116,0.0315650609925911,-0.0116412275696478,-0.0133034394499635,-0.0121012187191995,-0.0124843260129666,0.0086341262372779,0.0246242236242595,-0.0238373622042407
1935-11-01,,,0.0211879325633704,0.0483901325717729,-0.0474097392372904,-0.0209740910519908,-0.0471287431275435,-0.036993564360956,-0.0623662075852115,-0.0166327918214199,0.0182788355548708,0.0798548611280716,-0.0653151739250368
1935-12-01,,,0.0075072162229127,0.0473017354859053,-0.0494996048592361,0.0313549820288353,0.0093716169610493,-0.0207160936878675,-0.0262498529287953,-0.0222159993301217,-0.0169358958350023,0.0228676088089262,-0.0356175095368136
1936-01-01,,,0.0676069322672093,0.0539144247980658,-0.0421360701513159,0.0399010214617704,-0.0217010314987427,-0.042587361500941,-0.0358023235414373,0.0242958529530284,-0.0136318152161108,0.0775096249881889,-0.050913184711136
1936-02-01,,,0.0081598883279363,-0.000246071032449,-0.0145995508819383,0.0211278393197518,-0.0328421166953708,0.0015037076422975,-0.0123720015523427,-0.0020166173184868,0.0007038123317837,0.0176518228178649,-0.0320043171012906
1936-03-01,,,-0.0146853643668587,0.0083197670195915,-0.0028681445011595,0.0144530487078041,0.0124882427128544,-0.009583475136125,0.0069318896056394,0.0082088821066475,0.0206438989878428,0.0161770854768503,-0.0085493787460564
1936-04-01,,,-0.0351565153494604,-0.0494679485175629,0.0510596425301356,-0.0557004649264089,-0.0422421573260687,0.0132675683102738,-0.0001279898051077,0.0024056734482449,0.0099042630490256,-0.0421812582237803,0.0524207266443437
1936-05-01,,,0.0155884370745186,0.0041510808272101,-0.0246649348890795,0.0160422389758331,0.0290165390093184,0.0120704596173624,0.0040741802371656,-0.0008669234363515,0.0032280149273556,-0.0079319140800007,-0.0341986806605019
1936-06-01,,,0.0025630362743261,-0.0191519406491773,0.0203399976984683,0.0050763861640076,0.0038508992860709,0.0250961730354855,0.0129001424656657,-0.0026879569299116,0.0034134192808257,-0.017236496290828,0.0273131825213496
1936-07-01,,,0.0272619290260518,0.0299151309369326,-0.0410565294265052,0.022187953361949,0.0647081504769603,-0.0035920649156672,0.0025823969709208,0.006281967863716,0.0020088765404075,0.0193827039094226,-0.0460756922254506
1936-08-01,,,-0.0017596493091828,-0.0071592074513961,-0.0118962849431103,0.0068238737875619,0.0004590842310367,0.0029103249886764,-0.0059703484042999,0.0028948691136167,0.0050380330373074,0.0012323905596038,-0.0144895615541448
1936-09-01,,,-0.0205994197830154,0.0197447998088458,0.0020641957525307,0.0050500621725375,0.0037076090614468,-0.0154991620848057,0.0096602187292825,0.0024694348861485,-0.0005803304467196,0.0254791363789234,-0.0077792695585143
1936-10-01,,,0.0078572169091149,-0.0143029644635597,-0.0015971236633231,0.0045993134244066,0.0216745359919746,0.0055558962306213,-0.0052199461196722,-0.0145964148836187,0.0028893377953066,0.0014676615157769,0.0015318751755465
1936-11-01,,,-0.0439262005793299,0.0280418253391736,-0.0123758533993763,0.0065749534772058,0.0140976690410174,-0.0239901699779277,0.0024254391490126,0.0165457512851796,-0.0032268812389193,0.042978598931088,-0.0084147874137161
1936-12-01,,,-0.0181517060333901,0.0214730498943914,-0.0296165260792877,0.0037859628112319,0.0530190324834799,-0.0273279213417455,-0.018619643989224,-0.029159049389973,-0.0172743910709143,0.029210377384751,-0.0251157747054982
1937-01-01,,,-0.0018724025145617,0.0263431111204171,-0.0366871232060444,0.004157918849379,0.0119397625172823,-0.0173726037537984,-0.0275501401053456,0.0173884389385073,-0.0061785881953268,0.0347162691976587,-0.0223186745820313
1937-02-01,,,-0.016054959330319,0.0070951574100811,-0.0149106838382866,0.0131211812610419,0.0170409071007499,-0.006693564602739,-0.0077070803744986,-0.0028345823708242,0.0031409230498185,0.0084089282174022,-0.0175922874572804
1937-03-01,,,-0.0309866892054977,-0.0080823226660191,-0.0233793747309111,0.0427355684785182,-0.0095410845230409,0.0134818931860562,-0.009347648756906,-0.0090859242818218,-0.0114292080589446,-0.0115012771872704,-0.0337406323937753
1937-04-01,,,0.0140996811945463,-0.0182666400111925,0.045248278085811,-0.0368257097136302,0.0299136173948566,0.0040216642082649,0.0123662615516194,0.002194663713314,0.0104098403037207,-0.0162029816164242,0.0343684429331462
1937-05-01,,,-0.0255539911876652,-0.0205496307350907,0.0188374064520369,0.0028302980483831,-0.0013341839076969,0.0166683052307739,0.0116640853345544,0.0070386908520444,0.0107287406766051,-0.0187379897401686,0.0159204404647248
1937-06-01,,,0.0077072163880271,-0.0164173685534726,0.0220509194458122,0.003223586130455,-0.0020777659122256,0.0190011455791594,0.0144155730841031,-0.0044889189111131,0.0036971007720457,-0.0279905426715046,0.0232372740902594
1937-07-01,,,-0.0132077487300694,0.0228247863515221,-0.0374458298696089,-0.0304534726998217,0.019358661209852,0.0086015109020123,-0.031019602773371,-0.0043012061059545,0.0117518418741427,0.0008404898577375,-0.0173139439392756
1937-08-01,,,-0.0198736058546402,-0.0089958529817987,0.0332050720687502,0.0072099637909926,-0.0142558568496882,-0.0058161199897693,0.0228031561261881,0.0005649060482081,0.0180517878486032,-0.0005504020059769,0.0234582656714711
1937-09-01,,,0.0398860649527988,-0.0322544482615493,0.0785711168498362,-0.0140506210213697,-0.0609203055561499,0.0128440984507359,0.0255798448959078,0.0438911932222364,-0.0116386520824952,-0.0340545870883837,0.0738187710219831
1937-10-01,,,0.0457031382021796,-0.0073783925646145,0.0372444259503116,0.0024733939721221,-0.0255019514520893,-0.0167281987047504,0.012260412255973,0.0363484389964446,-0.0033471210945708,0.0080334170611391,0.0218192080134357
1937-11-01,,,0.0516006825693886,-0.0168003512413143,0.0239724782113278,-0.0007697780892523,-0.0255439923442856,-0.0015569787275719,0.0029353935929072,-0.0075153611423663,-0.0006156982305597,-0.0163893393757337,-0.0037957629487567
1937-12-01,,,0.0113876932733476,-0.0202212973178692,0.0536189700813613,0.0572989914307798,0.002059267001268,-0.0091870209085971,0.0701932374558854,0.0289255550722802,-0.0020856658210404,-0.057637926668584,-0.0005423447488611
1938-01-01,,,0.001942606519596,-0.0014332550296415,0.0226567182288495,-0.0191315823642496,-0.0098174909919986,-0.0305029510438734,0.0083082235816627,-0.0164693513666933,0.0268054221355342,0.0376414107224539,0.0312923568805909
1938-02-01,,,-0.0345589417044373,-0.0081165505770081,-0.0234877246556159,-0.0351990460575384,0.0001603921682711,0.0458245182793748,-0.0351080467985232,-0.0156408510917811,0.0179866505424378,-0.0211635119525118,-0.0205469135989949
1938-03-01,,,0.10603050484425,-0.0146528143976395,0.097386447208541,0.143346443778136,-0.0031820446475799,-0.0526305621996678,0.152557601670801,0.0575268568448247,0.038826698960939,-0.0264979714573773,0.0249587256364331
1938-04-01,,,-0.0754040162073145,0.0253179537841608,-0.0655428844012676,-0.0631005633572419,-0.0830971795080116,0.0171169631170491,-0.0936313577575874,-0.0109749154942303,0.0397417002637279,0.0402445713099042,-0.0168022793562811
1938-05-01,,,0.0606717304470069,-0.0256609770039306,0.0492378932207787,0.064062998412,0.0369251322665306,-0.0152038616252705,0.0746392233047549,0.0159225206910355,0.0288446635353923,-0.0311366315568469,0.0082420572395121
1938-06-01,,,-0.158236449224788,0.0242022344768061,-0.145383393399449,-0.240160732377565,-0.154020522810683,0.0968986460008221,-0.244273349558982,-0.0033927213656294,0.0731993768557534,0.0369434105279641,-0.0298940852844044
1938-07-01,,,-0.0376449007958854,0.0276045993050437,-0.0481865154915943,-0.0478733453807554,-0.0479045274176782,-0.0169579849051028,-0.0714573026574406,-0.0107620946467973,-0.0166782699899184,0.0489474275850439,-0.0094463442158986
1938-08-01,,,-0.0153742223654217,-0.016078622948805,0.0205555477734877,0.0378312928988662,0.036727229280675,0.0116135818501738,0.0357371383635115,-0.0033395757997495,0.0043673229264772,-0.0378659769774854,0.0111122563644062
1938-09-01,,,-0.0059144278546329,-0.014987029866285,0.0036785282091474,0.0094778214684376,0.0119213422933676,0.0295784464024989,0.009330078394496,-0.0040374649077284,0.011668745313146,-0.0260178643450103,0.0032987043171548
1938-10-01,,,0.001085466465354,0.0571983138039793,-0.0716260134220743,-0.039351428560628,-0.0360281563485514,-0.0074522972962279,-0.0821623809464498,-0.0334847692483145,0.0157977672981218,0.0544454041672835,-0.0497141335292979
1938-11-01,,,-0.0073690534952064,-0.0089534715040993,0.0214110005239384,0.0116980282683378,0.0194153618492011,0.0091710860239922,0.033048024641577,0.0096218175693818,0.0067349966812408,-0.031097059697595,0.0167153746934925
1938-12-01,,,0.0013371553810125,-0.0078864955140616,-0.0270131100752803,0.0225380567989608,-0.0071893017833688,0.0303007452510348,-0.0154474893554421,0.0013974679024872,-0.0035350384444184,-0.0203013270811656,-0.0400700868200722
1939-01-01,,,0.0191730743588535,0.0001403417548232,0.050511050022959,-0.0364842677779756,0.0416917868383823,-0.0233425463201814,0.0339773088516632,-0.0132504161716441,0.009253695033096,0.0049207655558984,0.0609595316989887
1939-02-01,,,0.0160804192950376,0.0023587749727166,-0.0179108228085068,0.0182231778439087,0.0068108677289568,0.011155336377196,-0.0016884913168453,-0.0021849665655033,-0.0008823098046905,-0.0033159167986015,-0.0083458226282359
1939-03-01,,,-0.0164966731186907,-0.0205528701556392,0.13456234860949,-0.0271571083274981,0.0859853576847975,-0.0207693872744262,0.0958449295849076,0.0546272433453758,0.0202482120553375,-0.0236569258658256,0.133054396502614
1939-04-01,,,0.0125105374562402,0.0029147298433797,-0.010492654581056,0.0050223099165931,0.010988212459876,-0.0031864038880901,-0.0032135029103952,0.0083143975707926,0.0186169506889804,0.0121459050335478,-0.0083489018419222
1939-05-01,,,0.0037300176120239,-0.0009748591066317,-0.0222800643197493,0.000375848141847,0.0140797434096862,0.0070119157552144,-0.0027016351371806,-0.0131917682227681,0.0054060242282197,0.0019796402229104,-0.0126600499791856
1939-06-01,,,-0.0093270613792851,-0.0096988175030185,0.0725745672799924,0.0710424812397959,-0.0693894322790271,-0.0434302861142945,0.0602508231417544,0.0231341738196251,0.0122271350724353,-0.0191121950380558,0.0601331261778718
1939-07-01,,,-0.0060753577909701,0.0152585748135445,-0.0929424764815802,-0.0414300672051132,0.0577221284776075,0.0444055320885436,-0.0859800804659664,0.0062711868029425,0.0347529943090667,0.022071942641278,-0.0793773042019084
1939-08-01,,,0.0170014134249191,-0.0216101510463762,0.0557269840682007,0.0512616050152222,0.0042460372643098,-0.008283300582781,0.0699968942024675,-0.0084119832728838,0.0324940122520711,-0.0269331088221073,0.0553465431330652
1939-09-01,,,-0.0514809223095158,0.0849371905901556,-0.209469695668197,-0.296879912691169,-0.0875933714977107,-0.0139154683679268,-0.318862465650364,-0.131642286804762,0.0228044994977265,0.223813564411316,-0.250305309868887
1939-10-01,,,-0.0163666015483963,0.0050647215734644,0.0484199076320752,0.0102363862550108,0.0212306525856189,0.0448498100437869,0.0719964713140596,0.0387511664403236,0.0838401002740294,-0.0148972807259354,0.0388377908685527
1939-11-01,,,0.0107996441284035,-0.0149450022301181,0.0657004305368121,-0.0335992884549667,0.066160647747162,0.0344686217267538,0.0580874538525067,0.0224987913396132,-0.0136718087971564,-0.0417955905901483,0.0695711349508032
1939-12-01,,,-0.0171770906556692,-1.16054521528e-05,-0.0045296317733672,0.0318041734501002,0.0230140879730625,0.0190240286042584,0.0236110111403437,0.0094064283231962,-0.0013720483894217,-0.016885170427886,0.0001989738597589
1940-01-01,,,0.0403283683883877,0.0062901576346501,0.0344728153445416,-0.0022445393753539,0.0570754215407596,-0.0049097450234514,0.0488850556691818,0.0172998682420027,0.0015477881427022,0.0042816164937891,0.0409879985849821
1940-02-01,,,-0.004409337977103,0.0064858280186792,-0.0120308378981238,0.0206190502824349,0.0006023024909883,-0.0157757750058731,-0.0001415936677943,0.0079986319270605,0.0029465962885249,0.0182416478879099,-0.0082889482054644
1940-03-01,,,-0.0060713365350687,0.0143851301473545,-0.0118509963186265,0.0119499452457846,-0.0066939764525318,0.0027980348550904,0.0006467037186044,0.0002034017876499,-0.0037938560697533,0.0046976856847913,-0.0195662502824883
1940-04-01,,,-0.0013591344828583,0.0111425480426422,-0.0114245381714527,0.021901262888208,-0.0046206123898682,-0.0101510799968556,0.0104112270520469,0.0062661679281167,0.0087201802000875,0.0194453284381911,-0.0074561794485991
1940-05-01,,,0.0106249882239913,-0.0197343626121642,0.0722019288528236,0.0156854224653568,-0.048476946893851,-0.0043484111754037,0.0462993897838604,0.014523003091093,0.0188359696115978,-0.0327820427891012,0.0549657435704457
1940-06-01,,,0.025000246107147,-0.0053571655580142,0.0054766020118641,-0.0204792325737621,0.0008219185043871,0.0159334885687205,-0.0146722263166948,0.0030731660145742,0.0356780291661979,0.0084033622667898,-0.020275723042098
1940-07-01,,,-0.0178477881981618,0.0036085837792484,-0.0049579990057148,-0.0104360530625748,0.0108458705638022,0.0079607817154287,-0.0028165206286693,-0.008927079015537,0.0122212402868466,-0.0048620041476255,0.0104814324727876
1940-08-01,,,-0.0014108779013446,0.0032854271933145,-0.0143983076191038,-0.0282308989646305,-0.0165309647415569,0.0054671869664129,-0.0267004657659489,0.0023622631891456,-0.0065006560488983,-0.0001333578709698,0.0004973867051171
1940-09-01,,,-0.0152742833606837,-0.0020395579056765,0.0016191602073379,-0.013426033598591,0.0093950351442449,-0.0001871713853336,-0.002158285965573,0.005371439743215,0.0001110672698865,0.0067764046196074,0.004424883519993
1940-10-01,,,-0.0109888077864609,0.0135449479723781,-0.0535493861805057,-0.0387033492246095,-0.0668221670211964,-0.0046376985301641,-0.0769721538520918,-0.0256775144821428,0.0165106921875583,0.0195452771527987,-0.0329840543849745
1940-11-01,,,-0.0256700064293044,0.0021109937932742,0.0086324362644758,-0.0045870777129013,0.0109502630716815,-0.0183619322761711,0.0102120930823321,0.0182866811522747,0.0105530202807695,0.0126439900986866,0.0281808857013736
1940-12-01,,,-0.0113898713207767,-0.0157562571102165,0.0079881087473541,0.0126816858278806,0.0163388308416426,0.0134039762959122,0.0150340238276992,0.0087866399899377,0.0089885448124249,-0.0227782945723782,0.0065730926351058
1941-01-01,,,0.0464991730321905,0.0051222720008755,0.0298429578244352,-0.0396609835016603,0.0248313572497098,-0.0163701890983228,0.0095011834067769,0.0038346097669517,0.0012630714838816,0.0227299377412089,0.0231618923297382
1941-02-01,,,-0.0031587214030682,-0.0082316458091792,-0.0080933759861373,0.0023616179506345,0.0007890356644013,0.0167506719819499,-0.0028448854577299,-0.0029103509430598,0.0089138590255393,-0.008161722355649,0.0156073695755622
1941-03-01,,,0.0130912097303643,-0.0056377239676562,-0.0008313154143067,0.0134067866688797,-0.0244715863404046,-0.0032348030297083,0.0008284362905604,0.0085230739775682,0.0060834818680315,0.0049173306610442,-0.0046875613040838
1941-04-01,,,0.0105704059679511,-0.0145375764110592,0.0184535409116425,0.0251903807270123,0.0123209394764354,-0.008611198537624,0.0283522518245696,0.0128472944605012,-0.0075539914735206,-0.005365629864104,0.0050202997534683
1941-05-01,,,-0.0072269870251646,-0.0069206754910931,-0.0268430988605676,0.0108161452745781,-0.0106039151471568,0.0165055661273169,-0.0094977804984192,-0.0099776298384074,0.0077302820515041,-0.0053287718602159,0.0014754968122768
1941-06-01,,,-0.0096078710728193,0.0006745040338487,-0.008234304456488,-0.0157354448504541,0.0094165231671295,0.0056331926644282,-0.0087079777437383,0.001731831170932,0.0056314867547324,0.0017263287998298,-0.009450812264523
1941-07-01,,,0.0471558335376621,0.0309429241332164,-0.0531511603874537,0.0115894565792604,0.0079845597526121,-0.0116461285699185,-0.030289832806274,0.0102316530385767,0.0051749069852652,0.0554469068078213,-0.0296298837644823
1941-08-01,,,-0.00968919477894,-0.0018219615896604,0.0047231656489924,0.0054177062098124,-0.0022745027840952,0.0033946026820039,0.0086576917364404,0.0065830231846216,0.0020122209729225,-0.0092158896773334,0.005785328953252
1941-09-01,,,-0.0147431937706463,-0.0072150630519351,0.0198254285206521,-0.0038226614593045,-0.0067061606541533,0.0083493242149338,0.0118587231882427,0.0011450379187403,-0.0041447860386448,-0.0126776282166706,0.0080319428190441
1941-10-01,,,-0.01742957070864,-0.0030408590769245,0.0095776749280643,0.0289268282085413,0.022285907000356,-0.0168281431881236,0.0248197441734768,0.0141719159481532,-0.0057591631815912,-0.0057341373769803,0.004397902600862
1941-11-01,,,-0.0152887749242031,-0.0041660478093541,-0.0009473588967459,0.0279926410871947,0.0290486290323519,-0.0052428384088417,0.0187750617824465,0.0149449199871725,-0.0123277814159388,-0.0129703531382549,0.0008231354012156
1941-12-01,,,-0.0496505992360916,-0.0220328978770773,0.0177441808841369,-0.0095538987409319,0.0176026157187806,0.0178843278638438,0.0151306778634951,0.0166042101809102,-0.0075859022303022,-0.0518903950741249,-0.0062247572832084
1942-01-01,,,0.107661855612378,0.0378689224304266,-0.0448553841757181,-0.0650083412837299,0.0357256305475086,-0.0132801989404731,-0.0445539180261688,0.0060495105980762,0.0414843160702679,0.0839838641437904,0.0285528608681854
1942-02-01,,,0.0187984850440289,0.0006650277923816,-0.0133298944836958,0.0026539120957897,0.0154357564408773,0.0045984622071159,-0.0106351988669904,0.0038868346673814,-0.0092123448219592,0.00733770666402,0.0193096213222622
1942-03-01,,,0.0028789476190186,0.0091346051386906,-0.0094167942286679,0.0073732481960832,0.0053758952519852,-0.0105960891166529,-0.0033933998121422,-0.0050633618819439,-0.0067153125535218,0.0152617955640543,0.0214074692202875
1942-04-01,,,0.0181056527419147,-0.0023898727531506,-0.0077371291620598,-0.0089037940335547,-0.0009947176169014,0.0118054727135874,-0.0073046677512305,0.0010511101432183,0.0021874655098492,0.0022522301151085,0.0222295317130021
1942-05-01,,,-0.0191076307955309,-0.0207629480699108,0.0175024038571375,-0.0470509660879403,-0.0176776912842915,0.0119684739921162,-0.0004609412980272,0.0006272823083142,-0.007396826127143,-0.039370360199974,-0.006010550252066
1942-06-01,,,-0.0127828816886239,0.0009140401761695,0.0166530149555443,-0.0126033616930748,-0.0044658897545289,-0.0073153169196631,0.004860028696188,-0.0033498163000735,0.0002569041086473,-0.005084174657678,-0.009673155029119
1942-07-01,,,0.0271632770663316,-0.0056942034704491,-0.0150930578026787,0.0057091314329841,0.0211270338912424,0.0140964865283983,-0.0107368598029865,0.0128624360431896,0.0160256540840661,0.0050205945692375,-0.0025842036496154
1942-08-01,,,0.0054134292237459,0.0036767881781456,-0.0052131676896123,0.001938101419612,0.0038148233563444,0.0066102867088231,-0.0015000093152663,-0.0019299973478641,0.0048884044014089,0.0050058335584144,0.0098659001744983
1942-09-01,,,0.0200572654758181,0.0058062443083664,-0.0214003299883346,0.0042464973223613,-0.0020683952685934,0.0087657895640683,-0.0135715853917418,-0.0096246796880502,-0.0022101631784232,0.0118665493101266,-0.0098586867256003
1942-10-01,,,0.0605761703321928,0.0314620683705121,-0.0449518473880022,-0.0069834277951099,-0.0259374247911282,0.0077496173116297,-0.051526054155051,-0.0189591923280529,-0.0043436802887679,0.0523734140164339,-0.0039979095501211
1942-11-01,,,0.0222615291732736,-0.0004744179942773,0.0380159481181809,0.0058348364377418,-0.0202740231019753,0.0015903349850783,0.0343540443081554,0.0046044530248138,0.0373962620541495,-0.0141838058399795,0.0013214462882569
1942-12-01,,,0.0225894843147962,-0.0053850487864032,-0.0052942193968591,0.018351202379564,-0.000509116578763,0.021279953823845,0.010555584910994,0.0041599312309255,0.0173456235720039,-0.0191826053611826,-0.0062559265813006
1943-01-01,,,0.0506624636488664,0.0477905380475265,-0.0318767081527882,-0.0295292714216471,0.0227061018642704,-0.0050654011386594,-0.0362364666461705,0.0072522660124324,0.0139341989303638,0.0892587415308605,0.0180758217792972
1943-02-01,,,0.0347771118142356,0.0325956273176006,-0.0436337051364877,-0.0042706019997483,-0.0055169155755687,0.003915900265838,-0.0326869624855377,-0.0043244192619771,-0.0206981642500146,0.0650034160647914,0.0033114464438202
1943-03-01,,,0.0086828071824143,0.0229173096121831,-0.0571101397132832,0.0401508304463592,0.0009904032876611,0.0001869809160545,-0.025530674990762,-0.0109205279891131,-0.0117662230888964,0.0422393865734558,-0.0001832386644882
1943-04-01,,,0.0184077497513927,0.0317101107864325,-0.0252521350773768,0.0470405807757202,0.0108571412925824,-0.0129009637475719,0.0141790066891309,0.0021096945696382,-0.0005318508781865,0.0370128170494076,-0.0023485150218439
1943-05-01,,,0.0286423282958014,0.0161503956525282,-0.0313000715311323,0.0362640395520491,0.0007240073479324,0.0019988262893159,-0.0012022592642592,-0.0107224436295861,0.0028706470634973,0.0291719908347855,-0.0244480551365649
1943-06-01,,,0.0011289525280986,-0.0052755731830748,0.019722976161448,-0.0063470623993137,-0.0121516865403333,0.0051128401749912,0.0063496613134885,0.0076211725914154,0.0121510115905375,-0.0071725468853805,0.0001289182724314
1943-07-01,,,-0.0278702774677041,-0.0120246791030951,0.0580797285434055,-0.0416767704120157,-0.0139619992017908,-0.0081051090472257,0.0120165173129187,-0.0023804070844574,0.0120819951555788,-0.0045843086558456,0.0176239393992666
1943-08-01,,,-8.67248502222e-05,-0.0104027544332116,-0.0067781420287489,0.0073082795206161,0.0174284963852028,0.0201757909126297,0.0060050670369919,0.0044357112743031,0.0092359092463542,-0.0138535792948629,0.0005514001053553
1943-09-01,,,0.0167724404926608,-0.0008362180911124,-0.0063012867596431,0.0054877805967783,0.0086059129464164,0.0009772825594892,0.0009118047976067,-0.0001051993508694,0.0101975576554686,0.0102199206241456,0.0015720410811756
1943-10-01,,,-0.0152066477325834,0.003206270203633,0.0051268840924216,-0.0049656159782039,-0.0132231394351084,-0.0104528066466797,-0.0034868663380917,0.0040726930226951,0.0104654018109843,0.0064303592445083,0.0110378643610481
1943-11-01,,,-0.0061185605527042,-0.0200998373342386,0.0511024916932035,-0.0047455313394034,0.0024985178664491,-0.0025172039992223,0.0210792549385108,0.0209850168872393,0.0059551243533829,-0.0205267867614328,0.0068409731010503
1943-12-01,,,0.0085689547574683,0.0140395614561605,-0.0545611966472049,0.0100825701584989,0.0419837884453479,0.0112723511215096,-0.0057330458632808,-0.0146398805841167,0.0163822229669158,0.0199169483146867,-0.0057588718483106
1944-01-01,,,0.0170893986859852,0.0119188236362129,-0.0062177382363935,-0.0159617090829884,0.0209497588029269,-0.0079439698406157,-0.0038749179573535,0.0131327307576342,0.0084226588683557,0.0275091655055681,0.0120502283219021
1944-02-01,,,-0.0086690077469199,0.0024844660576267,-0.005261536229159,-0.0075165403403112,0.0094976366955425,0.0019457018102866,-0.0040298926419839,-0.0004054343337351,0.0023179313864414,0.0141594534828694,0.0133588938565899
1944-03-01,,,-0.0141797204926745,0.0078503502617706,-0.0183517132386937,0.0126262874767479,0.0333201664706087,-0.0131692425865504,-0.0021778597398973,-0.0031952160084333,0.0074249416859488,0.0142280845627201,0.0122832272448804
1944-04-01,,,0.012329210595787,-0.008560886621756,0.016735422880406,0.0070127352292811,0.0027506886096265,-0.0021592872804847,0.0165102097966068,0.004853939318673,0.0057216102578555,-0.0092882238874224,0.0025185362920445
1944-05-01,,,-0.0166613443599961,0.0050277506166044,-0.0209217216771328,0.0184660739218278,0.0197875352924968,0.0040515987749513,-0.0051059382929852,-0.0123549772396631,0.0086056804179096,0.0087618886913068,-0.0012579693303974
1944-06-01,,,-0.0173811647671381,0.0385522284757959,-0.037892832845883,-0.0208921055251385,-0.0350984451644469,-0.0072397457606263,-0.0505659569669367,-0.0013844448441364,-9.32236016114e-05,0.0516227796734056,0.0012916584579294
1944-07-01,,,0.0049432841197314,-0.0001693258495205,0.0188061857078372,-0.0131475718268418,0.0198752615887537,-0.0020545565270428,0.0117500107143453,-0.0047321835702619,0.0172645342404699,0.0045563424113304,0.000826866178381
1944-08-01,,,0.0081181810482475,0.0065055269249595,-0.0088372442815405,0.0274340280087262,0.0134020433548175,-0.0079568143523398,0.0169270362227791,0.0070785232596843,0.0124368823717849,0.0110819506356868,-0.0025543187326211
1944-09-01,,,-0.0001738568472557,0.0029526135446615,-0.0021144326039115,-0.0098695141940274,-0.0044114923028129,0.0018474152979199,-0.0076674756625257,-0.0010493734066818,-0.0022608324065713,0.0013122561873376,0.0143654559557733
1944-10-01,,,-0.0019768356646374,-0.0029181983460923,0.0218968969118761,-0.0114916762034449,0.002816087342154,-0.0030916067600085,0.0028730463542116,0.0062570347624308,0.004993923011913,-0.0002531697872294,0.0118279800173556
1944-11-01,,,-0.019617491358322,0.0009118104239986,-0.0106977244532763,-0.0011262595168293,0.0104676324041252,0.0001120865345353,-0.0086377627476877,0.0017190205105579,0.0017429655127377,0.0076922445395273,0.0174046942820826
1944-12-01,,,-0.0365100274542776,0.0088189673152472,-0.0444897996095542,0.0113271057867514,0.0400954651515582,-0.0007354108461641,-0.0145943630522776,-0.0164522608449907,-0.0012429446853983,0.0224882816264778,0.0117411858398583
1945-01-01,,,0.0107924580077164,0.0128034637143886,-0.0045499522568612,-0.0202960406628654,0.0024244226249862,-0.0036404378150263,-0.0066835585551065,0.0055560937048025,0.0250205864148159,0.023580108676928,-0.0054393174377209
1945-02-01,,,-0.0079177832441432,0.0087355479641284,-0.0307999079212712,0.0168126500864073,0.016373187212181,-0.0027151759610044,-0.0165186988643788,0.0014964350089445,0.0038735921999126,0.0210983299741799,0.0022131654405968
1945-03-01,,,0.015542219031119,-0.0120077716717045,0.0326007572581642,-0.0225954235982543,-0.0103954257284002,0.0027649081799658,0.008306838584127,0.0073059191953447,0.0168625189287204,-0.0210242500260867,0.0172921378637597
1945-04-01,,,-0.0293132043072875,0.001032854066753,-0.0394143168708439,0.0242353350468342,-0.0005492545372396,0.0214087601887506,-0.0092537228449354,-0.0036927450673813,0.0088318878897434,-0.0013081551517026,-0.0248539866625195
1945-05-01,,,-0.0011396383794111,0.0095600940522533,-0.0030599359282589,-0.0097100375922642,0.0061037509727477,-0.0024617451531296,-0.0012087688165448,-0.0022446358405691,0.0069296297520836,0.0154962462732706,-0.005814244460172
1945-06-01,,,0.0011173702027506,0.0385628300247933,-0.0454085761605275,0.0200197941755771,0.0333145307470352,-0.0193931610842338,-0.0003621721504598,-0.0070031021357771,-0.0030709758993425,0.0248916888137693,-0.0097165163916334
1945-07-01,,,0.0222226522722615,-0.0116525002272847,0.0345052641423903,-0.0182579299170568,0.0070875110027739,-0.0046897444945678,0.0144429755011251,0.0005394658345698,0.0223676288517964,0.0017759113322682,0.0075120317205965
1945-08-01,,,-0.0043970546127283,-0.0021838197845495,-0.0050230339899107,-0.0192257116930911,0.013939250002834,0.0368384265323307,-0.0145089952027611,-0.0010310078029765,0.0052964793465975,-0.0043335263812192,-0.0273740069597881
1945-09-01,,,-0.0034428068769916,0.0125048298476274,-0.0099776534763627,0.0054957688164208,0.007013663290422,-0.0060335617972875,0.0007197964180436,-0.0010899808584896,0.0040189588029532,0.0129811520154918,0.0004784728764092
1945-10-01,,,-0.0227508207796623,0.0272615418551731,-0.0044302364445812,-0.0118956855518456,0.0175590954039226,-0.0104496252659617,0.0052449058758697,0.022289055773698,-0.0060854251579167,0.0250316701318104,0.015331461062959
1945-11-01,,,-0.0380850330807491,0.0369031165606706,-0.0335455253062725,0.0161169194606899,0.0430508754356567,-0.0151795010735161,-0.0050989656824385,-0.0183745735609606,0.0030609141309649,0.0373113072236584,-0.0003919299490533
1945-12-01,,,-0.022998742422033,0.0112155257647356,-0.005567352181308,0.0148952432548552,0.0044756543796228,-0.002554795928592,0.0076682555044876,-0.0070068251796016,0.0197849975868721,0.0106926034797542,-0.003091841697245
1946-01-01,0.0181304815637045,,0.0106516524762325,0.0170017838377972,-0.0354960376401029,0.0175108601454774,0.0153605223662107,-0.0054328429240715,0.0002782231445396,0.0136412759470943,0.0125588147167269,0.0276527377431835,-0.0095431359146203
1946-02-01,-0.0112032804890222,,0.012500689925574,-0.0028556905329974,0.0258757232640574,-0.0076720620937281,-0.0281296598722795,-0.0024367635466687,0.0122318772859698,0.0062296280579916,0.0131960951224751,0.0013283911226176,0.0138671315526149
1946-03-01,0.0430726968680471,,-0.0215627621092792,0.0021374386483514,0.0171937643730077,0.0144388511448651,0.0111568383481623,-1.38367538201e-05,0.0229100120368825,0.009299468855,-0.0072787038864929,-0.0040415540497361,0.0123135162331067
1946-04-01,0.0075626177321112,,0.0046746836664379,0.0013265049271062,0.0054439789096465,0.0323217271093299,-0.0097604929307295,-0.016706593205443,0.021705669665067,0.0121293093661162,-0.0287084512371276,0.0194691680304027,-0.000840006401965
1946-05-01,0.0194836518077851,,-0.0288959545684667,0.0141041118285383,-0.0124538387298528,-0.0039753722744715,-0.0143930622194643,-0.0013478053631231,-0.0112780111534036,-0.0092423720424525,0.0091585376782884,0.0103074478956165,-0.0050649321006705
1946-06-01,-0.009737601308546,,0.0228419208046859,-0.0051382323048413,0.0119296861562927,-0.0181453039427185,-0.0030487768014521,-0.0006516405194053,-0.0054076506554253,0.001626129886796,0.0086754474836997,-0.0054993333314041,0.0087912314886135
1946-07-01,-0.0031925233536624,,0.0185151219050975,-0.0014992829786892,0.0166757986281514,0.0021748288258168,0.0070754110256965,-0.0017033723995764,0.0162034800150843,0.0013344687116736,0.002825992203926,-0.0071053798112222,0.0157235606327436
1946-08-01,-0.0272525326804128,,0.0277786966465514,-0.006203572270468,0.0270034607667741,-0.0006436921370649,-0.0106567042646994,-0.0063319908446863,0.0193966173151748,0.0106995524102145,-0.0031285109466686,-0.0135414591566815,0.0156323632116669
1946-09-01,-0.0430352596591374,,0.0576796053315606,-0.0139898549724891,0.0414125686319357,0.0273366758841388,-0.02122809081813,0.0042467453357505,0.0381424842870176,0.0092984329662836,-0.0044689388707233,-0.0208050719300762,0.0226784420703202
1946-10-01,0.0130535269884782,,0.0147535846031393,-0.0147164650631045,0.0067243466888667,0.0114489931762501,-0.0024368974023173,-0.002382716424006,0.0083475106524762,0.0023582055551284,0.0030572669631838,-0.0037898490834014,0.0060930177571584
1946-11-01,-0.011157368671811,,0.0338663247467369,-0.0022164024453097,0.0273737120522153,0.0184380248578418,-0.0013541983967665,-0.0169199476331042,0.0198693088624239,0.0008113830739076,0.0100183651401553,0.0037336513486331,-0.0029710023881425
1946-12-01,-0.0031395283266172,,-0.0034282234940282,0.0017154790916558,-0.0047073393361858,0.0030017633448141,0.0055101598693883,0.0054643282928967,-0.0068537393048313,0.002740964501355,-0.000791670485346,-0.0129502352764344,-0.0156896152571939
1947-01-01,-0.0165375515243423,,0.0045903739493365,0.0041806853623514,-0.0148703289559291,-0.0543283930865858,-0.0205532415132842,0.0004385517480159,-0.0392720315980946,-0.0003729485084244,0.000135315455039,0.0256678134597852,-0.0001863396157309
1947-02-01,0.0052470202880172,,0.0007860197340901,0.0061305233908351,-2.38165214234158e-06,-0.0111336419845026,0.0030008672135543,-0.0090473934935063,-0.0016494515896932,0.004264041061669,0.0012764953866949,0.0097668975708136,0.0049435618923552
1947-03-01,-0.0075272374084565,,0.0313783760678168,-0.0097821723241739,0.0181848630361588,0.0206805842549089,0.0153071053935601,-0.0075044122590935,0.0218567247567943,0.0109325965196371,0.0060661754457531,-0.0114932051031585,-0.0006363547064942
1947-04-01,-0.0171353466213337,,0.0407088698006512,-0.0104582356251611,0.0261404708308685,0.030043457603064,0.0144059735244124,-0.0025392250645832,0.0347457851733629,0.0046485952851201,-0.0081429827950746,-0.0153382783374746,0.002354262779231
1947-05-01,-0.0180005696620674,,0.0319336985105755,-0.0223022465948949,0.0228703971563443,0.0240326453718153,0.0041541846568804,0.0060896823480813,0.0242345451093599,0.007379943803068,0.0011079884482184,-0.0269397189024278,0.000218648149645
1947-06-01,0.0192797540106645,,-0.0180595992623682,-0.0020191338193625,-0.0012249539376271,-0.0041626934086476,-0.0070307340872586,0.004109615642292,-0.0066439699909881,0.0008437902135626,0.0013005868787781,-0.009049991229569,-0.0063921906748639
1947-07-01,0.0365815452392242,,-0.0320469065399985,0.0040542305939085,-0.0190663160218241,-0.0260599451605778,-0.0233335458039205,0.0001159861030893,-0.0355804179415077,-0.0051784025709739,0.007987989040612,0.0170654162764228,-0.0015984973505236
1947-08-01,-0.0132952524865167,,0.0174075294662918,-0.0002997875321824,0.0067770063033444,0.0193295527097026,0.0110885988394048,-0.0038332800508505,0.0134534869124756,0.0039426066151853,0.0065064618252675,0.0027255218193967,0.0058634120279669
1947-09-01,0.0023588530050129,,-0.0088131903319004,-0.0032358811647059,-0.0109096575724241,0.0068745132827367,-0.0092709953307976,0.0038815032756802,-0.0069403775838337,-0.00083988862181,0.0092578642064728,0.0018842644870953,0.0011962434426263
1947-10-01,0.0012722923064454,,-0.0135993525907744,0.0007307897759606,0.0020218799020704,0.0063312702056359,-0.0016887355895283,-0.0073086964613246,0.0033642646258158,-0.0038216188941084,0.0107652190906098,0.0103657813347985,-0.0012706387832045
1947-11-01,0.00882895876499,,0.0240658107762708,-0.0110436777484203,0.0164093020729274,0.0286475746383172,0.0219625785141726,-0.0020582135170742,0.0306701024055357,0.009876935864802,0.0022748316578554,-0.0075817861698774,0.0087537292528033
1947-12-01,0.0335575187122367,,0.00349168430875,-0.01607563180338,-0.0069106176519337,0.0298559148454425,0.0212737715841805,0.0134744902070426,0.01293501196835,-0.0059635961718908,-0.0023756051640347,-0.027601359402913,-0.0055479886097976
1948-01-01,-0.001964870592124,,0.0130836660439474,0.0154558864343395,-0.0030273656585598,-0.0440067952430639,0.0083554912008112,-0.0091584727150954,-0.0211351421692522,0.0094315416065767,0.0146333457003881,0.0281015684383201,0.0063556521429236
1948-02-01,-0.014650141017595,,0.028478603504101,-0.0078407957974989,0.0177004563343323,0.0094259454016464,0.01293718952157,0.002473377235498,0.019108498295822,0.0019244615519824,0.0025914609192872,-0.0142844717934419,0.00190639290951
1948-03-01,0.031843794209817,,-0.0108793819792085,-0.001779760273459,-0.0436615390255855,0.0059382058414352,-0.0083499610548968,0.0234663102694556,-0.0324714468304131,-0.0179221234086137,0.0167642714522593,-0.0075368904400513,0.0002758187386647
1948-04-01,0.0353793162482108,,-0.0036707319852585,-0.0007889404345868,-0.0047446816859735,0.0332462097786018,0.0218859129278491,-0.0131814740983234,0.0211942016227176,0.002428929571428,0.0050449994076636,-0.005798998275588,-0.0026155447458737
1948-05-01,-0.0008040416928611,,-0.0089272346107255,0.0006067579888886,-0.0257654490852477,0.001613429413062,0.0006897193214736,0.0079841077812554,-0.0164134635755773,-0.0085092338537373,0.0076155698244863,0.0145656551169384,0.0085419893233743
1948-06-01,0.0056611651156456,,0.0097106331502366,-0.0044309097348702,0.0034866419881849,0.0233532439363335,0.0086801597288919,-0.0015553623822723,0.018955709997426,0.0006229807898492,-0.0004249832915874,-0.0082955858722095,0.001974203915642
1948-07-01,-0.0103072338169632,,0.0231847367781441,-0.0002608907036978,0.0265841963283614,-0.0183701768033531,-0.0070641984949171,-0.0147102224583392,0.0119942659769306,0.0033827440543192,0.0169245358407969,0.0038833894349787,0.0102601012778097
1948-08-01,0.0057562469789313,,0.0007352010156126,-0.0101390719477728,0.0017834627170186,0.000652806249906,-0.0044781724726041,0.012819347316394,-0.0003045851189023,0.0023827669761002,0.0029283815278077,-0.0090309875125901,0.0092083066960148
1948-09-01,0.0129589887359258,,0.0216761124673798,-0.005657950273798,0.0248693697888162,0.0002257428410513,-0.003967109996173,0.0039568869377412,0.0172950529948645,0.0020421354777626,0.0010281430812561,-0.0038479322544272,0.0047077019594097
1948-10-01,-0.0059130592824212,,-0.0077238430388367,-9.42590010776e-05,-0.0124260343358947,0.0064751752687883,0.0089452437617278,0.0073360054073127,-0.0012937994162656,-0.0068656410745827,0.0110551816722661,-0.0113545963417331,-0.0127548618749711
1948-11-01,0.019630705730547,,0.0264392055229168,-0.002389349740159,0.0523785855304781,0.0101678455725521,0.0143993953623432,-0.0017693028735357,0.035777616394839,0.017407834385116,0.0086423978133463,-0.0013866839951471,0.0125318361618408
1948-12-01,0.009328642205028,,-0.0030119892298685,-0.0117561889511464,-0.0099622035870208,0.0159687505834448,0.0243065219459799,0.024220160984564,0.0116609095041449,0.0013692587276892,0.0084827985503091,-0.0299831989784231,-0.0121136292253787
1949-01-01,0.0065673702391182,,0.0209315304612314,0.013178638234441,0.0143139327527963,-0.0190930404671176,-0.006234918006535,-0.0038686533422547,0.0016472842377968,0.0133669697484257,0.0122363087312131,0.0153403315697527,-2.01729529916e-05
1949-02-01,0.0093737845201115,,0.0158427983081373,-0.0056346164298037,0.0167604180472293,0.0086902983873992,-0.0075192323399386,0.0076193028095761,0.0143159289548167,0.0003711007946076,-0.0037622880808108,-0.0137482011538171,-0.0088294366353144
1949-03-01,0.003092322324913,,-0.0027323753330543,0.0152906812069862,-0.0197520327465706,-0.0158870768182587,0.0117954334123688,0.0030243341119041,-0.0203216777798395,0.0011693417432337,0.0115735692301669,0.0189362400985139,-0.0035439383445953
1949-04-01,0.013051611850697,,0.0123642836254811,-0.0024783712384676,0.0225335363049408,0.0337461416423949,0.0023447692345391,-0.0075994191497619,0.0356276054053455,0.0144415217442754,0.0025776252252368,-0.0078251981966975,-0.008407058156334
1949-05-01,-0.0057581046505392,,0.0131546960462127,-0.0098275768164642,0.0344832345060965,0.02646598953405,0.0001694351828545,0.0020339489927131,0.0406457224396192,0.0164672309781943,0.0027287230064415,-0.0187866284674612,-0.0062854661543085
1949-06-01,0.0021768548217202,,-0.0097552066495819,-0.0082962444180482,-0.0002501968408194,-0.0018704811743065,-0.0161058846076559,0.0096610913551826,0.0026048025916427,0.0041982680725637,-0.0065232717661157,-0.0153452468746151,-0.000695706327392
1949-07-01,-0.0044394421336296,,-0.0149108161697055,0.007442100268343,-0.0098016092874305,-0.0213493642708905,-0.0112514007544795,-0.0041445799247718,-0.0219993443542533,0.0027170510116982,0.0110962572998729,0.0047145867697035,0.0058458719697031
1949-08-01,-0.0018260632195506,,-0.0206093917357986,0.0019940355344165,0.0017001748964977,-0.0029874988047374,-0.0031869788747384,-0.0096158561945045,0.0034659521217335,-0.0044638954291614,0.0042619644636386,0.0039855548024264,0.0021697133360898
1949-09-01,-0.0096379779053743,,-0.0186451617856765,0.0083167381867203,-0.0170318571074353,-0.0058217533523843,-0.004680412791544,0.0043401387657514,-0.018434397498107,-0.0055302687028931,0.0008895745266068,0.0109188989284207,0.0002530494268745
1949-10-01,-0.0122916619237052,,-0.0041402101995954,0.000670449902515,-0.0038326821627229,0.002462283485159,0.0111232827801639,-0.0046869595145665,-0.0008905107219053,0.0022719395698626,0.0012702340708227,0.0060099761475132,0.0016753856668994
1949-11-01,-0.0031950824975858,,-0.0162097972368607,0.0001388692905023,0.0083235357474152,0.019069684120753,0.0154477808318832,0.0043585731884668,0.0169495872402181,-0.0024941103194881,0.0041863111236777,-0.0133190254273462,0.0038307601768799
1949-12-01,-0.0038704989381496,,0.0189314144179896,0.0081209334953188,-0.0200558501225939,-0.0053232795450438,-0.0072085328248689,-0.0051603587291442,-0.0261825867510435,-0.0023487176955673,0.007456108207877,0.014002500213196,-0.0031834257115408
1950-01-01,0.0181436743437471,,0.0249975381434122,0.0213937420911229,-0.0205876555649711,-0.015695659120335,0.0017197798304099,-0.008695333014678,-0.0241610112605665,0.0092241401191401,-0.0004518739571899,0.0286722526706424,0.007667736041906
1950-02-01,0.0088128400580938,,0.0029021656228763,0.005967394620683,0.0047543813729714,0.0158440762574051,0.0110257896569788,0.0009553129783928,0.0127379514887279,0.0039443085715995,0.0050579363063972,0.0019675699532125,-0.0061598461444676
1950-03-01,0.0077669422073784,,-0.0025942241517138,-0.0042098068637224,-0.0018207898183693,0.0033614903623772,0.0061230710888169,-0.0066362252186414,0.0059167647702329,0.0044261370459284,0.0002898586768186,-0.0134351742619547,-0.0086631708590928
1950-04-01,0.0046165931204603,,0.006281390388127,0.015416828697318,-0.0471345562140269,0.0114753642007296,-0.0473884653696657,-0.0051566781703897,-0.0360368751250456,-0.0117812909605959,-0.0008353441128569,0.0099884093566529,0.0040258483837534
1950-05-01,-0.0160416132190269,,-0.0262199627013135,-0.0182781432331327,0.0119170445162296,0.0012788474770878,0.0019552527409993,0.0182254378745675,0.0036327449951371,-0.0029093435393082,0.0081882658164311,-0.0118256221103233,0.0118567145406381
1950-06-01,-0.0026955795190091,,-0.0216374662809087,-0.0095940614658763,0.0197266511787294,-0.0175726360576578,0.005037285664252,-0.0006013689989268,0.002979941120284,-0.0002802441232014,0.0091678989985002,-0.0071397357023293,0.0163010919049237
1950-07-01,0.0169127503784116,,0.0395219304730156,0.0004834774408698,-0.0474487149063134,0.008792374288093,-0.0299186684943304,-0.0189004618110313,-0.0475193207747808,-0.00114259978573,-0.0242798078873832,0.0347241284558644,0.04488648249524
1950-08-01,-0.0114460337625718,,-0.0208339300227991,0.0005264951872432,0.0032980182195571,0.0061775656643176,0.0152720074600309,-0.0039789626440029,0.0133436214994441,0.0023038531786578,0.0166357959430849,0.0042787953469988,0.0022679175912997
1950-09-01,-0.0149957977691791,,-0.0006698772025204,-0.0050554261113567,-0.0118232452053839,-0.0188127127579533,0.0206369654499797,0.0096753071000521,-0.0129239203245055,-0.0038999717241611,-0.0006665294200664,-0.0012280548732924,0.0045592931993813
1950-10-01,0.0133741632722035,,0.0026221260734244,-0.0007855135782197,0.0155117400632164,0.0116150484067737,-0.0013032961985965,-0.0017769318999935,0.0137417342546306,0.010170831273539,0.0209867892222852,0.0036466405780105,0.0011581811484342
1950-11-01,-0.024379914353347,,-0.0011311370273938,-0.0147088989898417,-0.0152130484472778,0.0388026405433895,0.0073063826271855,-0.0358835813052382,-0.0227868476134807,-0.0104261832694643,0.0056466139960378,-0.0180582544637708,0.0035222114756361
1950-12-01,-0.0156150604939836,,0.0419559762853747,0.0054285067258387,-0.0425466226060015,0.0402481797938605,0.0266174817724253,-0.0038916373613212,-0.0151085685182624,-0.0027743641708262,-0.0212612032338522,0.0173072637735252,0.01403496886749
1951-01-01,0.0004911204831843,,0.0291979084908625,0.0104469196034754,-0.0319412485484663,-0.0030370077952184,0.0236955382233989,-0.0003602345200654,0.0125455829468569,0.004523737120896,0.0134548730041499,0.0120059569827883,0.0199063689875743
1951-02-01,-0.0127314695073586,,-0.0113583709865799,0.0078211908408336,0.015061576948001,-0.0232751647138435,0.0026800569509913,0.020080453915534,0.0004927674866069,0.0019509598998155,0.0173966031317915,0.0081027977315619,0.0117013993197528
1951-03-01,0.0129695187619841,,-0.0170558189320722,-0.0186628148754888,0.0193380148902618,-0.0290565298430767,-0.008528323120189,-0.0087970988328127,0.0020018038573624,0.0054078597453797,0.0088792856540731,-0.0065704539835312,0.0003726556755364
1951-04-01,-0.0343797593682996,,-0.0043477448114373,-0.0003614413888901,-0.0249487028417806,0.0346181234581336,0.0464144841692083,0.0057872095078938,-0.0099578018335811,-0.0024793884671212,0.0031814344942764,-0.0194049459548518,0.0175377942563937
1951-05-01,-0.0003712144293988,,-0.0051219915746039,-0.000935926316896,0.021837867712783,-0.0069451043385076,0.000161330884486,-0.0051787041246989,0.000995656064362,0.005713912388194,0.0127774829560473,-0.0036270047720051,-0.0021511034617896
1951-06-01,0.0213478532470782,,-0.0345113145487537,0.0008718012981219,0.0299475552677269,-0.0068104529328109,-0.0123186587168579,0.0110433726001301,0.0038586861563516,0.0028813546676319,-0.0006308052984309,-0.0001079712781644,-0.0286165653762833
1951-07-01,-0.0255397684909992,,0.0013363713231582,0.0063972881652879,-0.0324116150885312,0.0426459749821478,0.0473228486254896,0.0074195417988783,-0.0062272769068948,-0.0016835934818195,0.0076385154297227,-0.00154309064077,0.0025037753046104
1951-08-01,-0.0079565415659726,,-0.002743628663156,-0.0006394049891638,-0.0065450850905958,-0.0128418468603129,0.0130429180231185,-0.0050416598743808,-0.0088558864722461,-0.0006585923662677,0.0073651297269879,0.0005848397808908,0.0155303114379672
1951-09-01,-0.0085515620091062,,-0.0007347541454404,-0.005343155388214,-0.008265105707366,0.0043016415984317,0.0103861716639779,-0.0092283772222377,-0.0080754061399939,-0.0016892161109314,0.0083496158359243,0.0005417500139946,0.0041798756439157
1951-10-01,0.0018027711393243,,0.0038218500010082,0.0052939385375217,0.0165585725580344,-0.0094364161787584,-0.0044838067844741,-0.0038088095790262,-0.0036290290222439,0.0076900045745816,0.0062284163896855,0.0110039726173541,0.0113909976257202
1951-11-01,-0.0229638808767418,-0.0324954580426249,-0.0154725022087133,-0.0039595080593775,-0.0008052600356476,0.0014421461568108,-0.0149103046715737,-0.0041888666414759,-0.0101212492666875,-0.0010646659009706,0.0108396761505795,-0.0036302199956713,0.0003534383132266
1951-12-01,0.0032758281951235,-0.0140345722298067,-0.0172968631930959,0.0032925767038856,-0.001828709079935,0.0071712869574088,0.0056615744418131,0.0172231567705716,0.0015808366488322,0.0031584324420292,0.0008079336593962,-0.0141049353896841,-0.0121199743858586
1952-01-01,-0.012464175870024,0.0179224865788779,-0.0102853640275443,-0.0032817454401891,0.0057377337881814,0.0093995385161502,0.0124172393077558,-0.0050925989551863,0.0002396380181472,0.0003820576366848,0.0118298059380441,-0.0045988882248478,-0.0018143131086663
1952-02-01,0.0125204381274013,0.0127803699788094,0.0058130304672668,0.00077274032301,0.0086487868110385,-0.0029871141198674,0.01539920753729,0.0076262988589019,0.0079815941877387,-0.000493141023893,0.0015405518670959,0.0002209180551781,0.0109394651905059
1952-03-01,-0.0063154593691153,-0.0035353352587861,-0.0017139124006798,-0.0085476878167905,-0.0158722225754285,0.0119785883130193,0.0001480150578895,0.0083700152289483,0.0020662034170818,-0.0010772920683732,0.0035055713341625,-0.0191748577220299,0.0090401155865724
1952-04-01,0.0153479007274568,-0.0093269164965825,-3.9297836493e-05,0.0061449693583026,0.0270001124462643,0.0018058589705395,-0.0047253342874924,-0.0021198459816115,0.0104526326781446,-0.0011897299944292,0.0109038410942658,0.0063095801057176,-0.0035000803458568
1952-05-01,-0.0065223480036003,-0.0031489197712967,-0.0110417965694878,0.0032577402858829,-0.0041295024147142,0.0027599936384403,-0.0047587817669245,0.0058072640672822,0.0037333385696723,0.0002415764632354,0.0081409190889318,0.0014300618555205,-0.0045150034865851
1952-06-01,0.0010724191804728,-0.0008681463754086,-0.0073214098958111,-0.0102784542786329,-0.0157677973888901,-0.0006431390898881,-4.45173952622e-05,0.0067285920109709,0.0016031912925271,0.0006468970401045,0.0001492047540721,-0.01809685249429,0.0040221019348368
1952-07-01,0.0048038858106377,-0.0004995045523398,0.0020529191455812,-0.0046672799546481,0.0080442435997138,0.0009580010633992,7.77425036534e-05,0.0054318133348649,-1.98090990956e-05,-0.0036756858743445,0.0067790199788644,-0.0060847508970039,0.0112424245009789
1952-08-01,-0.0016073361451416,0.0035271821678744,0.0092279119165154,-0.0026547712094847,0.0130045700876398,0.0003630679165188,-0.0063096970696164,-0.0089379982255552,-0.0014846788757084,0.0015566176306205,0.003377937151196,0.0107113887412618,0.0038175810627211
1952-09-01,0.0007103573576221,0.0079130986745,0.0036803656301175,0.0024083573377721,0.0118442486389634,0.0176975218396148,-0.0007655027011443,0.0045071966511444,0.0130013613564426,0.0013855174000932,-0.0027920839213711,0.0138032342006028,-0.0023768893361879
1952-10-01,-0.0033803018685263,0.0020102113985222,0.0023317824422856,-0.0076436126813578,-0.0019236181013688,0.0107859331167616,0.0016169517440071,0.0011863739851935,0.0019690344922189,-0.0002106337754135,0.0005766509746998,-0.0043489486324821,0.0028798132703651
1952-11-01,-0.0001707006219657,-0.0125583671834153,-0.0127847590712429,-0.0010040182368095,-0.0044800302415934,0.0054988526883529,0.0058097233179479,0.0084594859978625,0.0017298959647733,-0.0053673926275229,0.007627140171097,-0.0065786360982449,0.0080169459574563
1952-12-01,-0.0114519339283298,-0.0007944121455504,-0.0056651574974241,-0.0008325619265279,-0.011322679670978,-0.0011496793473216,-0.0060063227838087,-0.0011478146344365,-0.0016003449115874,0.0014882967922228,0.0093480803107875,-0.0045937642733295,0.0009828100387035
1953-01-01,0.0058318273946206,0.00108067874253,0.0172716290817084,-0.0087069001070877,0.0022589475615725,0.0116618971680221,0.0005103296530378,-0.0133679061403175,-0.0001139501248357,0.0071586495984541,0.0040420908675364,0.0351868869907956,0.0204984824071385
1953-02-01,-0.0031921533250045,-0.0017950421792081,0.0065597341721853,-0.004015372053575,-0.0036236343776756,0.005377480717993,0.0046718460590662,-0.0107960400036305,-0.0023220067355006,0.0002859925436456,-0.0054815073122319,0.0096070652277448,0.0003276629327429
1953-03-01,-0.0063615018236726,-0.009646415447429,-0.0041436954115286,0.0040089613164133,0.01139652157653,-0.0094484326760382,-0.0083132071830002,-0.0094444482592345,-0.0022638320871853,0.0075811648240714,0.0131017114736876,0.0005155763607498,-0.0090969507532754
1953-04-01,0.0002410657757947,-0.0042354665420695,0.0077104934243308,-0.0089405133133824,0.0047209545001449,0.0142177612503908,-0.0002852328743522,-0.0072470288079716,0.0006124727758893,0.0003853795556613,0.0079267859626096,0.0045587081988967,0.0020611077354466
1953-05-01,0.0080278371732754,0.0035316860486812,-3.29343569335e-05,-0.0042512637532815,-0.0050597914368087,0.0066661198172986,0.005887251670643,0.0060257830493119,0.0086035827876827,-6.85318898619e-05,-2.74663426617e-05,-0.0045221458150489,-0.0001980468472848
1953-06-01,0.0053617022703756,-0.0012878855359002,0.0019122416529309,1.08896900153e-05,0.0075751288311436,0.0008781194465802,0.0032960603774099,-0.0001928477907436,0.0004597952123431,0.0027590491155868,0.0013457821561969,-0.0156654493248808,-0.0059351803406534
1953-07-01,0.0022833803488336,-0.0020746828583505,0.0022201539545859,0.0025495266549473,0.007113118720853,0.0010100523687235,-0.0023940488332632,0.0019212463808714,0.0009125423744329,0.0007232294083303,0.0035007299780401,-0.0096345276880869,-0.0049497182473983
1953-08-01,0.009269504942925,0.0029578730439241,0.0104299267411451,0.0052429081851611,0.039939850376949,0.002654138086804,0.0110426085826147,0.0035663737718059,0.0140035359482097,0.0094748869711214,-0.0002381395429672,-0.0012453991798051,-0.0121158795211198
1953-09-01,0.0048924488985568,-0.0007059449755005,-0.0056995646021666,-0.0039883181291253,0.003822837972157,0.0111837825199919,0.0075850707674122,0.0129441876177342,0.0109235567140088,0.0006434355324971,0.0002569523181695,-0.013095670970103,-0.0098992338939321
1953-10-01,-0.0058636236446414,-0.0025885868023156,-0.0090282511274608,0.0001608243499382,-0.0105978710869539,-0.0027885531481623,-0.0009292850226023,0.0104068387046726,0.00283480860164,-0.0007697456880256,0.003983858465635,-0.0141708085477756,0.0081208758079883
1953-11-01,-0.0027257516918855,0.0045285765128056,-0.0011763534304457,0.0087720929792281,0.002381362622096,0.0133234830708432,0.0035720238610025,0.0092843732946505,0.0074222453861266,0.0047220368659001,-0.00315879061881,-0.0067932800323164,-0.0067812347338272
1953-12-01,0.0045640218130965,-0.0067804299965572,-0.0028997582030651,0.0006809569558928,0.0207255230850634,0.0385033997698921,0.0069840960706374,0.0099980521503298,0.0160003545946311,0.0032348620397164,-0.0003390776111571,-0.0106591161823436,-0.0111438556987687
1954-01-01,-0.0141049753925278,0.0022624145076101,-0.0033257225096436,-0.0034847744320781,-0.0254023452898116,-0.0359040383164,-0.0124629512994127,-0.0066159118418604,-0.0198387056146655,-0.0035136844251453,0.0126358195494795,0.0119761553976476,0.0230705000279844
1954-02-01,0.0044206165386825,-0.0027908304058853,-0.0135226196562446,-0.0017212260763708,-0.0003720020143343,0.0148021133283912,0.0080746611279039,0.0050101478070782,0.0063671321187394,0.0009156799539087,0.0064844480984974,-0.0043286543600065,-0.0001954360760612
1954-03-01,0.001417610289025,-0.0154724964842649,-0.0215941388437379,0.0031574051290444,-0.0090334912732486,0.0193914124326608,0.0015091858947106,0.0159488729039351,0.0137494251187778,0.0013910824775612,-0.0020362815558856,-0.0033527883393853,-0.0014575496602217
1954-04-01,-0.0077868194959036,0.0004008869254475,-0.0149142314302894,0.0056556206101342,0.0081290459848389,0.0316391311970588,0.0018777669614856,0.0125445478964152,0.002748075843374,0.0005712496461723,0.002576279404825,-0.0243300520735514,-0.0134696285674884
1954-05-01,-0.0018776421107186,-0.0001193653237706,0.0034311869224257,-0.0010952104590812,-0.0122644820171466,-0.0139684009982286,-0.0044940933957731,-0.0037087807190794,-0.005003715118527,-0.0050298290253833,0.00867314173693,0.0084480886273795,0.0150077754697947
1954-06-01,0.0113291178564811,-0.0019500666726827,-0.0016878402553848,0.0002886550996968,0.009044013607917,0.0204459077515063,0.0037183321871895,0.0098457350164912,0.0127295166888069,0.0079515302165274,0.0090482108893548,0.0017611183223476,-0.0029202507447772
1954-07-01,0.0168732796271532,0.0075571702436699,0.0022407178714005,-0.0099189453445922,-0.011969638691432,0.0048808585988732,0.0130126089364843,-0.0016420414844621,0.0020873462319714,0.0001231879019361,0.0002441360453214,0.0219804776989093,0.0228600244765584
1954-08-01,0.0085762513262637,0.004711667228411,0.0037533477119574,-0.0053499784387412,0.0037257071077744,-0.0107625920654834,0.0029730312626528,-0.0068490806870209,0.0013215874349425,0.0002989994690576,0.0124835937886861,0.0162830954231046,0.0104397246015272
1954-09-01,-0.0020614932359289,-0.0049797255390602,-0.0080584526452131,0.0031799775836371,-0.0169299929303665,0.0083296621670979,0.0006727062276614,0.0068176946676745,-0.0023056560461254,-0.0009253740625763,0.0042581345406804,-0.0065989744637623,0.0020005338628335
1954-10-01,0.0056416107411362,0.0107696776998012,-0.0024165063492266,0.0013141242996009,-0.01133944605639,0.0123699425748153,0.006836423395302,0.0125184949343556,0.0129780689287348,0.0032837503690507,-0.005147249153981,0.001572622462545,0.0046936443896603
1954-11-01,0.0069052862236346,0.0067066939517462,0.0014298085690147,0.0100369000498113,-0.0253103455882801,0.0186834520655298,0.0106295476008742,0.0138075111675142,0.0062691258824829,0.0051686369825483,-0.0066904320347371,-0.0032782602150046,-9.37449495582e-05
1954-12-01,-0.0070778077725406,0.0055617817588371,-0.0011787213509118,-0.0105508203235665,-0.041880864128414,-0.0085721227691872,-0.0135080778445374,-0.0146956221124741,-0.0238405599748845,0.009628922587506,0.0025594967661904,0.0248113010624144,0.0383805831687081
1955-01-01,0.0088745996391092,0.0017029675345939,-0.0042064824452365,-0.0137541762261697,-0.0039425353378701,0.0107680663387623,0.0067218260002184,-4.71101619180089e-06,0.0029920159397887,0.0066510087207755,0.0070682426620571,0.0083079201784706,0.0145864885907517
1955-02-01,0.0025746827918905,0.0043969072773888,-0.0022176904268026,0.0049650456048149,-0.0083051433154148,0.0116047783032074,0.0037307190143604,0.0044472810155297,0.0005897916234341,-0.0012600307153468,0.0057809718107062,0.0109159969196084,-0.0021877230490062
1955-03-01,-0.0060220169228757,-0.0026084075985755,-0.0022369761483408,0.0085001818695928,-0.0044015684853086,0.010711364757099,0.0006985846843173,0.0077774991054361,0.0019061561342214,0.0009242434488249,0.0007688399648347,0.0033023159177559,-0.0113005915118378
1955-04-01,-0.0123223265678858,-0.0044720627970569,-0.0043790874974428,0.002862913952441,0.0181737946817353,-0.0062037848296124,-0.000184550073764,0.004364252016549,0.002074353602932,0.0063477367867315,0.0123832907593795,-0.006014018376556,-0.0102316287444857
1955-05-01,-0.0005823573877023,-0.0021539275731841,-0.0072642931099863,0.0118127279067097,0.0020704304977879,0.0039494614290529,0.0093245698031665,0.0097960979353739,0.0013433376441419,0.0010183389708718,0.0004483332690672,-0.0052821957185604,-0.0102500019611023
1955-06-01,-0.0041370615947479,-0.0003103916127181,0.0011096024939406,-0.0034272765109232,-0.0083587730306222,0.0138732928050321,-0.0008344477165567,-0.0038327254305642,-0.0126085185282393,0.0015508756066747,0.0033966431163989,-0.0198245112400387,-0.0040522988149761
1955-07-01,-0.0049211745827988,-0.0110788001809071,-0.0003002819068297,-0.0156726486674481,0.0239570901271534,-0.0087045581940149,-0.0043775972413936,-0.0092263410467413,-0.0107540548903177,0.0005949775677307,0.017276086571947,0.0065711472287422,0.0143567480584386
1955-08-01,0.0057148735222317,0.0131715956252631,0.0087584880978032,0.0121786357657467,-0.0073832718853195,0.0036172693434548,-0.000470470141636,0.0141146609413889,0.0113564249875432,0.0008873907770983,0.0057055754841518,0.0020592783489675,0.0023807054978976
1955-09-01,-0.0063170132498627,0.0010405916157133,0.0043428762793496,-0.0013083670778152,0.0046534778326553,0.0099237405733384,-0.0023350798183736,0.0016544994848798,4.19209373632e-05,0.0027951144132957,0.0059910592759686,0.0007592628461003,0.0012496549260322
1955-10-01,-0.0002807334942445,0.0033222705396064,-0.0014989209558408,0.0070618923205859,0.008269887802311,-0.0033336808605566,-0.0061535917983513,0.0009023313687458,0.0076245606429285,-0.0002558938825066,0.0055965647259133,0.0137147449824715,0.0073720008275163
1955-11-01,-0.0084225006939632,0.0145813849280478,0.0011207249535957,0.010021799285177,-0.0217887570997077,0.0028039152845236,0.0053215879347369,0.0129521135291668,0.0066977525326235,-0.0005795567529298,0.0108140428088282,-0.0095458811253366,-0.0109138032438206
1955-12-01,-3.62016084835e-05,0.0014649480854555,0.0012496808254468,0.0062471884545567,-0.0150651818163747,-0.0065397404083875,0.0058446415774514,0.0063812304820797,0.0080734386288977,0.0047296953892027,0.001498226425555,0.0070858993548388,-0.0060869180348199
1956-01-01,0.0081584307426957,-0.0036517179101452,0.0028812143339821,-0.0041154164522916,0.0191358724823708,-0.0117629281081033,0.0025332397863674,-0.0129514758602835,-0.0122032333591034,0.0040084000380376,0.0112694897849339,0.0039683893329143,0.0144633433260282
1956-02-01,-0.0005806779125092,0.0082671360642314,-0.0026613049528694,0.0186905973509552,-0.0078036276202482,0.0138533301138727,0.0039790375768925,0.0168348776341518,0.0143490999360669,0.0007114470020171,0.0120302874869775,-0.0005212774400689,-0.016457154450769
1956-03-01,-0.011546189082471,-0.0049768230849738,-0.0031459067928622,0.0034372507945274,-0.0163026670492065,0.0311165708669126,0.000981430432229,0.0049305722870443,0.0001714779027022,0.002367718889805,-0.0036311780675908,-0.038325248198068,-0.033992097240417
1956-04-01,-0.0025745607484507,-0.0016050604351227,-0.0036991772260525,0.0087832848076984,-0.0042653249802777,0.0219220801586495,0.0024112657502332,0.0078438926974025,0.0097431737627481,0.0054219828571885,0.0020896562244299,-0.0017179329709734,-0.0154316406344286
1956-05-01,0.00142806806134,-0.0059063570427113,0.0040036668004434,0.0039240232855937,0.0237704157561116,-0.0176528918400475,-0.0074500444812305,-0.0034064960240489,0.0041400088886628,0.0031846860793584,0.0126337324184666,0.0177209253999921,0.0011270352991474
1956-06-01,-0.0083596677841801,0.0022757932998635,-0.0173966402855486,0.0123344595529928,-0.0125115427186857,0.0238569437699198,0.0091474377026639,0.0157762417382212,0.0123767604684691,0.003745959646053,-0.0012246069564715,-0.0153652348890693,-0.0213698859451852
1956-07-01,0.0012583359210795,0.0035551535331952,-0.0109595227073645,-0.0011450958324029,-0.012682727838629,0.0129592947874222,0.0133840732328804,0.011626573926323,0.006437235242744,0.0017338186510259,-0.0116096277154086,-0.0121877729888169,-0.004772984006803
1956-08-01,0.0023672260482348,0.0015182100820659,0.0025857447211446,0.0031038675604084,0.0056170253640572,-0.0141351283751599,-0.0026069271726115,0.0026234259879035,0.0129661109887362,0.0013365548560871,0.0063494871509624,0.0181720579424827,0.0163096804969774
1956-09-01,0.0079085226442501,-0.003941225064463,0.0082419438362896,-0.008042352418787,0.0107178140987488,-0.017065957290894,-0.0084214856722354,-0.0061475687897091,0.0013365089395253,0.0008056056423518,-0.0038805033597605,0.0216121489634962,0.0269740345721406
1956-10-01,-0.0034155887423388,0.0043784370049777,-0.0042638098599697,0.0034966696248141,0.001148584954618,0.016371289701438,0.0083846232231667,0.0091560930864915,0.0116771449565914,0.0005603136007508,0.0047432705059382,0.0014960186417961,0.00118779059652
1956-11-01,0.0078583597632223,0.0031926281891598,0.0097918858337922,-0.0013082564649031,-0.0093961476635372,0.0193314081229112,0.0081011579712754,-0.0090172105526228,-0.0016122231157839,-0.0001302665709563,-0.0023648655549799,0.0003018128811123,0.0010277869796873
1956-12-01,0.0022541874920365,0.0070435731797961,-0.0018678645626259,0.014976162193994,-0.0106211892083071,0.0225079091161047,0.0101412828029664,0.0113536303833964,0.0077137534161956,0.00620996674884,0.0052330822821146,-0.0117254873943267,-0.0100466582942848
1957-01-01,-0.0034075161672571,-0.0092192120459501,0.0129635952869688,-0.0131107677840461,0.0258827231476602,-0.017328314718784,-0.0153988651767575,-0.0225728500485044,-0.0141201583236723,0.0044735620701641,0.0142250874572484,0.0373396084518052,0.0286983146616586
1957-02-01,0.0109893547242365,0.0002244698226364,0.0103334358623936,-0.0020357774890679,0.0170860122089988,-0.0048509353312671,-0.0015724724304595,0.002223867034937,0.001721157821783,0.0019291090811836,-0.0004477390620231,0.0011199216405706,-0.0056267367529729
1957-03-01,-0.0025078160217321,-0.000435250822594,-0.0034854871599908,0.0039814128129298,-0.0003864933369016,0.0036470737592791,0.0048148457984992,0.0009366123723454,0.0056276822032763,-0.0020975778932095,0.0024569061870033,0.0013073162273912,-0.0055484488216882
1957-04-01,0.0032959477253089,-0.0075478902460552,-0.0035844419343741,-0.0042230307800084,-0.0048860692130553,0.0095433677380469,-0.0014058269913701,-0.00154120282742,-0.0013936596728427,0.0006648754250114,-0.0062404671936894,-0.0176459188765875,-0.0100740672620977
1957-05-01,-0.0011897690682501,0.0038071790852498,-0.010210414542622,0.0054661591765397,-0.0152718317007838,0.0038832624393662,-0.0007162832184655,0.002735938899257,-0.0031907689690228,-0.0011304244765203,-0.005057062408388,-0.0203797409221736,-0.0203384930694414
1957-06-01,-0.001137480051476,0.0083721293216951,-0.0075809858689683,0.020800439253146,-0.0048161941107094,-0.0027659031572022,0.0028454494436392,0.0150254820303128,0.0138665317227121,0.0022033837119901,-0.0028829837891609,-0.0040812132429528,-0.0131822903882813
1957-07-01,0.013408189158061,0.0013241390168712,0.0107527269142142,-0.0007996304230155,0.0123289915202112,0.002779400457346,0.0003702328974739,-0.0004232166045303,0.006608791064863,0.001343571495458,0.0046935084269648,0.000474697009716,0.0018808289483788
1957-08-01,0.0078752661366192,0.0038486371643621,0.0196597758179153,-0.0097024384353195,0.0304790403428884,-0.0060656147767578,0.0062887440092448,-0.0071694908169077,0.0038873979417634,0.0067844787966874,0.0038434091070715,0.0132167490158189,0.0184737496569416
1957-09-01,0.014311204711123,0.005813452171358,0.0192371709658997,-0.0057772928479881,0.0391403272084356,0.0121968685089495,0.0035412003803771,0.0028549849476218,0.0165029318395545,-4.72591424067e-05,-0.0015735848922664,0.0047342699744851,0.0116437255623397
1957-10-01,0.0001222524061646,-0.0018045291660917,0.0067554974739843,-0.005195399406849,0.0362738591699222,0.025632161950145,0.0016195929673294,0.0066314406155051,0.0095228343802678,0.0041494757822514,-0.0080735138033275,-0.0132751413140373,-0.0013899178608824
1957-11-01,-0.0045016016547073,0.0022976727695099,-0.0130733319316047,0.0066983862969763,-0.0094032139078264,0.0152102551429876,0.0046895736100885,0.004385424198898,0.0085756621165632,0.0039095270024356,0.0025322008576612,-0.0145311982708481,-0.0190646833065218
1957-12-01,0.0198885348023828,0.0004709281407346,0.010269236341061,-0.0098160101528764,0.0566033060162578,0.0744557157492428,0.0067947466394764,0.0099420891962364,0.0233980021566055,-0.0005388325967757,0.0012002733388446,-0.0044191031755312,-0.0154694172020003
1958-01-01,-0.0119800429696339,-0.0115942304103738,0.0113891884500899,-0.0166977789323811,-0.0200416641991863,-0.0511942806775559,-0.0064591255924065,-0.025863542733355,-0.0299990671192497,0.003290768109761,0.001521996252875,0.0485140231807439,0.0504093336906229
1958-02-01,0.0156454379937622,-0.0003708478082343,0.0063802218785975,4.4340160892e-05,0.0285085873594896,0.0429907474813293,0.0063041922305767,0.0032212949181891,0.0139401820248147,0.0040438813060366,0.0085301327306386,0.0004080330056153,-0.0031606380608497
1958-03-01,0.0149479960832909,0.008762546815565,0.0062721839328836,0.0036473866964228,-0.0027780492638064,-0.0084118803835299,0.0058629539683933,0.0021352511768931,0.0048355005770538,0.0031233991010761,0.001246020424327,-0.0080390221199727,0.0020686235705049
1958-04-01,0.0139091468538849,0.008566186682355,0.0090834332830715,0.0036774701521581,0.0091058043572561,0.0146049419777413,0.0059535481226424,0.006110029261716,0.0114680336895235,0.0007907490385966,0.0081599602887221,0.003322766974171,0.0033845812418467
1958-05-01,-0.0072931730530642,0.0012142260487602,0.0004096321792623,0.0019289225468937,-0.0134300448980143,-0.0133292760715292,-0.0058926168343221,-0.0078052549123523,-0.0092701439886594,-0.0004542142488539,0.0102054866993717,0.0151743865669787,0.0081098593059011
1958-06-01,-0.0020584605269346,0.0006907819362243,-0.0017033416051964,0.0002579786982764,-0.0053473985800426,-0.0082655283660593,-0.0003940723722513,0.0012426743151672,0.001328757232636,-0.0029881142231015,0.0057759578508684,0.0025780963877548,0.0031832918026774
1958-07-01,-0.0102673697499706,-0.0004575201757311,-0.0071879330055634,0.0193624727214881,-0.0242909720591234,-0.0453565718243968,-0.0218638229940927,0.0001107578835326,-0.0123076517883119,-0.0012498216497846,0.00484949990456,0.0101894561455939,0.0048702450543926
1958-08-01,-0.0011144131697434,0.0092565511491816,0.0020937742750862,0.0058318157864619,-0.0111737132899121,-0.0005255925178053,-0.0010939124047525,-0.0045414433544351,0.0061191101994998,0.0038946893758062,0.0020156629087611,0.0091837254743815,0.0050038590726803
1958-09-01,-0.0011869562650939,0.0003347705791941,-0.0066592593316418,-0.0032352489171314,-0.0171997019120653,0.0064382784789761,-0.0028618503630837,0.0013644243016957,-0.0018625973804277,-0.0009612700021784,-0.0025756814883007,9.82257875972e-05,0.008741707792271
1958-10-01,-0.0117005579991252,-0.0020576034848127,-0.0049280099429614,-0.0104366824347011,-0.0044438162121418,0.0183619052467181,0.0081307535063444,-0.0063721096683419,-0.0095936561679307,0.003927451184597,0.0007075544058629,0.0104568856644291,0.0011329851363773
1958-11-01,0.007036945745555,0.0059965801352024,-0.0033187546076372,0.0144918410791703,-0.0072205163449049,0.0094082477448007,0.0047713709863687,0.0123234240900791,0.0214825949653414,0.0015482191099603,-0.0035424699052633,0.0100461741456276,-0.0042922607931539
1958-12-01,0.0097486462097444,0.0056256561568545,0.0050178458718262,-0.0059885853195096,0.0085927093840162,-0.0040078710348319,0.0087138730482285,0.000577676548434,-0.0006166139616005,-0.0001744578402873,0.0083078290817252,-0.0106817287638283,-0.0070496685266228
1959-01-01,-0.0005052665517311,0.0034655208754804,0.0147765133743165,-0.0091122703592869,0.0070762671910073,-0.009339180232325,-0.0009980069159215,-0.0132778010749422,-0.0071045667329172,0.0071436971637863,0.0161441490190863,0.0194502263415793,0.0306636573951215
1959-02-01,-0.0072777248527216,0.0019774430006187,0.0014250364957499,0.0072485866644388,-0.0070722661859634,0.0232549516488161,0.0018059410854611,-0.0010919575181416,0.0047657475179663,0.0048815048932815,0.008554252527134,0.0075859297237894,-0.0068285182005628
1959-03-01,0.0059473705420652,0.0040758812430883,-0.0055466995728339,0.011164168099138,-0.0062421119073139,0.0047185895517252,0.0150706161617597,0.0059801255550757,0.0068661765699627,0.0039920049695474,0.0058392396466574,0.0180822539609302,0.0071574703735384
1959-04-01,0.0135605126443972,0.0134875887629968,0.0004292604151315,0.019344895228317,-0.0231540246488364,0.035838382707365,0.007481370020149,0.0239558740188265,0.0285701710619427,0.002631047171877,-0.0065311217281953,-0.0097968304529567,-0.0165522780669138
1959-05-01,0.0104509323627118,0.0089355052987978,0.0178306744940804,0.001903877600826,-0.0017528949806999,0.002928815404363,-0.000257234266733,-0.0013686915035459,-0.0016573822841103,0.0019221037474041,0.0015958697075316,-0.0031230640071149,0.0035150759153868
1959-06-01,-0.007355937318748,0.0023618204014032,0.0014097922761005,0.0046790763733616,-0.0180953741054508,0.0200698384979526,-0.0001678568313001,0.000842614189239,0.0026771049806633,0.006839784853444,-0.0021430330435408,-0.0052277195614662,-0.015906010906403
1959-07-01,0.0016026622487232,-0.0021508803186409,-0.0013338702583029,0.0021060075081181,0.0041821294201178,-0.0009088657711788,0.0028376065955717,0.002433887141204,0.0045821918929118,0.0009745019089675,0.0012275597052003,-0.0048413048274815,0.0065466625111353
1959-08-01,0.0077430992159622,0.0057658853824603,0.009161610236003,-0.0090286835949415,0.0249501296672135,-0.0029293284753636,-0.0017545920642713,0.0035030821102387,-0.0004928948597844,0.0036216311628036,0.0036956611937222,0.0051256613076385,0.0089953167582489
1959-09-01,0.0070134398636746,0.0026645362771452,0.0025108069269744,-0.0059280002026247,0.0111312708199167,0.0029202599043812,0.0061024326619364,0.0039228957909782,0.0050627777888909,0.0051421772896429,0.0001658116117781,0.0076907182594329,0.0065104044942882
1959-10-01,0.0047303508409978,0.0063566121112941,-0.0024863161641673,0.0066187251646785,-0.0207620549341004,0.0232762989149252,0.014943831716701,0.0090667729568885,0.0240604810614314,0.005319296302595,0.0059559011026493,-0.0011033538025147,-0.0141269608483813
1959-11-01,-0.0054040854600862,0.0067036572994411,-0.0083376453166446,0.0189280540086794,-0.014027324257019,0.0068705130565382,0.0075388010071738,0.0082734426925135,0.0142996854159613,0.0042032372362605,-0.0075795316165557,0.0024703897999424,-0.0133801681536495
1959-12-01,0.0047950205176626,-0.0020271675709687,0.0056114435548691,-0.0074588122506568,0.0089728868883772,-0.0010525224803356,0.0004612122462938,-0.0054733458408463,-0.0063492663010466,0.0020060658586376,0.0166538843080688,-0.0071103821976342,-0.0049863390066995
1960-01-01,-0.001680404972586,0.000126665256833,-0.0023354918870048,-0.0126056897907412,0.0252603637501544,-0.0229133097409257,0.0028558623110474,0.0033466099180262,0.0081692994903408,0.0063199792128808,0.0159232735014962,0.0232376926885816,0.0251249488650677
1960-02-01,0.0127397162915564,0.0030888224612356,-0.0076676369992427,-0.0059467914168689,-0.00068187922001,0.0237501963494823,0.0184192425096566,0.014500267025814,0.0270717135588574,0.0101222021783952,0.0031888527430661,-0.0057784645882282,-0.0138782466168355
1960-03-01,-0.0065474056067184,-0.0092447719277545,-0.0101940075159764,-0.0008919457443435,0.0241814330909562,0.0037037853650604,0.0042776499449262,0.0151438402858201,0.0107726832314713,0.0002787684897449,0.0025610917939401,-0.0089756118996182,-0.0154495915200572
1960-04-01,0.0156986503233555,0.005366643333898,-0.0084465185400002,-0.0063723606434368,0.0223351971435704,0.0220396504867875,0.014353085797729,0.0177181990069277,0.020373470709363,0.0045967921672636,0.0061207144399992,-0.0058798293904312,-0.0030980500510097
1960-05-01,-0.0123732638018856,-0.0082367901910069,-0.0267285889911023,0.0192668432587993,-0.030390614156231,0.0277053206669328,-0.0007003424155592,0.0174350084236492,0.0300531926104987,0.0066023157557335,-0.01307142576611,-0.0238670626753996,-0.0460760446328911
1960-06-01,0.0119545406175087,0.0002397155322051,0.0043960099390616,-0.0056265776483335,0.0221353416567406,0.0137707703944342,-0.0024621398168937,0.0018193091756785,0.0062500405988431,0.0022648787546443,0.0084831590946673,-0.0063144460960211,0.0101017488048757
1960-07-01,0.0097903786298666,-6.59522436133e-05,0.0138523805583577,-0.0177568385167482,0.0212688730010715,-0.0093492942120406,-0.0054514611265154,-0.0090239133214096,-0.007052421048642,-0.0003301680570418,0.0051094479544323,0.0125420231843397,0.0290340608891526
1960-08-01,0.005106324885871,0.0065623532441968,0.0090420176292972,-0.0129205513295823,0.008430421024716,0.0123157760204464,-0.0026879872763939,-0.010490996640559,-0.0009494660811252,0.0045168236310387,0.0040368129046088,0.0042839247944197,0.0052226197748948
1960-09-01,0.0056318511807296,-0.0022996895290835,0.0075492573155495,-0.0080658391952998,0.0204954619600475,0.0057319612973597,-0.001729279451622,-0.0025946011114703,-0.0058518459353127,-0.002031190316676,-0.0059493080778805,0.0017664482157041,0.011567704601034
1960-10-01,0.0115980207754032,0.0049072784612449,0.0171262463521233,-0.0029857296130661,0.0281157714760053,0.0205061256142783,-0.0042313650727875,0.0025239928972512,0.0036032672526346,-0.0016422689278942,0.0031696153987861,-0.0162607009729965,-0.0020056524656431
1960-11-01,-0.0099540492234411,-0.0060350309038277,-0.0161090495866464,-8.1897073474349e-06,-0.0127771424740654,0.0168641379314472,0.0003326791902873,0.0089482646590005,0.0127632884294117,0.0064711938439787,0.0065133961379647,-0.0139579628621307,-0.0189028972638294
1960-12-01,-0.0023813731692479,-0.0115382648468229,-0.0030007347410078,6.97708758784e-05,0.0012636500516673,0.0017450315534415,-0.0012811929232553,-0.0019738593355178,-0.0109498678045867,0.0009228791280975,0.0107324408763641,-0.0093530270232271,-0.0039873280242064
1961-01-01,-0.0047343671942338,0.0100707761512456,0.0143914195890672,-0.0091780231639573,-0.0100936549243906,-0.0184539630651286,-0.0116871868054615,-0.0173084197965813,-0.0104501429532491,-0.0015957462278816,0.0013970288618347,0.0245798220477868,0.0372140180078403
1961-02-01,-0.015134128659326,-0.0114794395503011,-0.0186975426546276,0.002218166909952,-0.0177962813373715,0.0012414067380507,0.011198499559107,-0.0045385876542308,-0.0040476006853616,0.0044873750828918,0.0056081557147418,0.0264865384396118,-0.0013374264518529
1961-03-01,0.0014638733664368,0.0066392339648578,0.0003911499862682,-0.0026441879336553,-0.0168986597350053,0.010139271146468,0.0026619628447053,-0.0100503101562755,0.0106443118851921,0.0092389482727978,-0.0012626267451984,0.0206058086901286,0.0013544407342733
1961-04-01,0.0043185282976549,-0.0021773882809404,0.0128770291182776,-0.0105082473027079,0.0082004879042674,0.0224041466174767,0.0038707528600883,-0.0072583197614375,-0.0056446068172493,-0.0005785617669063,0.0102216835400735,0.0071498681587766,0.0039596318417326
1961-05-01,-0.0084422329310336,0.0010878795632749,0.0015617737488477,-0.0028407711146253,0.0013569300737273,-0.0172774322895767,-0.0143804306131476,-0.001130914795129,-0.0068738538633536,-0.0035029019418889,0.0146802006558599,0.0145830525742111,0.0127729087674964
1961-06-01,0.011365518030833,0.0045791129494367,0.0050685025226242,0.0043698594428387,0.0246357970882692,0.0017599748709727,0.0055911139732913,0.0124722448109472,0.0187845437539814,9.15549272907e-05,0.0117741027083284,-0.0059087082613913,0.0034984458363238
1961-07-01,0.007699227241555,-0.0014680712808276,0.004142672773474,-0.0010475588420942,0.0113816393769198,-0.0045702311642149,0.0046287145633123,0.0034473289717899,0.0041743879663042,0.0005152391066551,0.004859306357965,-0.0055330222298353,0.0045169313618781
1961-08-01,-0.0037223659853339,-0.0012064720157067,-0.0087658929125226,-0.0036985732477426,0.0124197275267113,0.0137927332007139,0.0037134010337391,0.015717336555345,0.0215402082712732,0.0067513018033247,0.0004597528633639,-0.0118958171655753,-0.0104736654004789
1961-09-01,0.0028851442279384,-0.0018527989597892,-0.0120366650548611,-0.0069082322089359,0.030489493667106,0.0141358709083327,0.0119455466076155,0.0215202057205771,0.0235862311009234,0.0095429173741616,-0.0017738564885053,0.001849945307888,-0.0002298747864447
1961-10-01,0.0260574587829552,0.0078800808509038,0.0040765601839878,0.005091118828591,0.0206155965516431,0.0183182640884792,0.0163755538136321,0.0116698148413305,0.0307120453721624,0.0064584860410629,-0.0005421546476362,-0.0065336076609205,0.0031675813935378
1961-11-01,-0.0041475228943786,-0.0026279467305354,-0.0052575505194724,-0.0026544679555551,-0.0031775771074692,0.0067879312990529,0.0039393310049711,0.0040761204262854,0.0092945852331443,0.0013961059498256,-0.0040812711606567,0.0037810689042365,-0.0036723208271204
1961-12-01,0.009414844469193,0.0031249805862844,0.0150960110669693,-0.0014191500747279,-0.0120191567938651,-0.037274030834132,-0.0027745458712376,-0.0210349890667752,-0.0247471039708621,0.0020146534081786,0.0051926207076111,0.0064035211840448,0.0239217059747526
1962-01-01,0.0171108423870863,0.007485837237679,0.0321680849992997,-0.0062096165275034,-0.0029229306089724,-0.0162005717405374,0.0065828414024205,-0.0248139068357744,-0.0248894789422464,0.0013457436290319,-0.0076703347398398,0.0342938259071893,0.0410813745942873
1962-02-01,-0.005509827604382,-0.0035003277126979,-0.0016166513525232,0.0019742622739159,0.0087082774285515,0.0057028505264928,0.0017309789686462,0.0009081663930427,-0.0013833977882219,-0.0013060288782848,0.0061794824019181,0.0012348254345594,0.0033041409411094
1962-03-01,0.0056448904158832,-0.0044046302320388,-0.001224539127974,-0.0040449568684418,0.0132151122322683,0.0109916474535637,0.0009013159522194,4.49840880544e-05,0.0060497909369682,-0.0017085736026088,0.0027644652622343,0.0011748783043953,-0.0012187049515559
1962-04-01,0.0054043332024242,-0.0001562327892878,0.0119039927220315,-0.0074951876735533,0.026773922514396,0.0124519692323848,0.0044199156867922,0.003554588077056,0.001815040018061,-0.0001136353751192,0.0040005671851032,0.0016286715763841,0.0137870434010947
1962-05-01,0.0182678388467724,0.0105821107464915,0.035898079262789,-0.0111968966174551,0.0172685745189401,-0.0060726905343337,-0.0045888156305487,-0.013932680170227,-0.0097750694586176,-0.0008343774912367,0.0150823217423915,0.0089686544943791,0.0489448232326479
1962-06-01,0.0191358325599227,0.0020419520411808,0.0170785770815112,-0.0156480556345467,0.0215619329426758,0.0515622412377598,0.0191330764118033,-0.0010113410195533,-0.0093383643980244,0.001013665077575,0.0088779952819834,0.0025652010247241,0.0248520572476858
1962-07-01,-0.0048131187866845,-0.0038299936470247,-0.0200697135052563,0.0077502282933269,-0.0272539553620318,-0.0083795977092507,0.00845242240752,0.0113991250725622,0.0013169572835652,-0.0032194747751698,0.00370324819041,-0.0039357273916781,-0.0197261221889522
1962-08-01,-0.0073561986681255,-0.0041188925107903,-0.0056990116041597,-0.0042805056655112,-0.0090384225575154,-0.0082571133311362,-0.0015660046224109,-0.0043650096069761,-0.0092916168067489,0.0027606131930287,0.0028776678786098,0.0086082479364586,-0.00113269323671
1962-09-01,0.0064816943939967,0.0002754426484894,0.0079650920827109,-0.0057084025789151,0.0386333717164321,0.0237297064223615,0.007095287044844,0.0013920464023161,-0.00222245441935,-0.0029760357330356,0.0198144668833548,-0.0047348331424166,0.0064231332168721
1962-10-01,0.0079743265813253,0.0041189304662283,0.013438614711343,-0.0023343347791822,0.0180790790756571,0.0044851436132674,-0.002058623097867,0.0045270884260382,-0.0006990616538469,-0.0026431221765724,0.0013605650632953,-0.0271609839668357,0.0039966709592534
1962-11-01,-0.0037058252925566,0.0012882584752466,-0.004882978950452,0.020223407908984,-0.0419412590237295,-0.0546284368950557,-0.0036440060731841,0.0030905085593452,0.0118970875762919,0.0008671719287995,-0.0052393688373692,0.0078674780492508,-0.0023588301453258
1962-12-01,0.0021214578534367,-0.001189148133021,-0.0003933391593584,-0.0104452788551978,0.0300788649584879,0.0306096817312756,0.0061606988820834,0.0109961045251797,0.0006575910520744,-0.0011129643878922,0.0223645590118648,-0.0221522728836521,-0.0051664052640467
1963-01-01,0.0006911884898199,0.0060881111953357,0.0110312459076011,0.0050652494394378,-0.0015545574892622,-0.0122748550817544,-0.0035415073965485,-0.0101687696040054,-0.0070844814727808,0.0087262956833634,0.0115092276405167,0.0296023630093453,0.0200379182408808
1963-02-01,0.0082667071850612,-0.0006790464236983,0.0064150180491217,-0.002920462319255,0.01450251793724,0.0088581884511019,0.0028781674276791,-0.0033114132400955,-0.0011478382406938,-0.000694844075015,0.0090509873795378,-0.0019217644653,0.0074225620051346
1963-03-01,0.0026331749531425,0.0025734298821714,0.0089897709280716,-0.0036153504505148,0.0074006654855687,0.0104311263335959,0.0021627094828983,-0.0018349724521674,-0.001982064110253,0.0028270196013676,0.0089527652756981,-0.0194027277133826,0.0027642004181028
1963-04-01,0.0146644911721161,0.00897194993502,0.0058085396061777,0.0039913468960467,-0.003422205433296,0.0101950340223357,-0.0013831522280422,0.0065001973727562,0.0090954508445348,0.0031532476426508,-0.0024567993700951,-0.00897238949933,0.0055321748871093
1963-05-01,0.006713855336512,0.0001515753795748,0.0047296329640267,0.0025756405386442,-0.0164757191895196,0.0052302954533818,0.0063504268067194,-0.0063482949649292,-0.0016218902729189,0.002585679696621,0.0007420941044545,0.00765823709697,0.0073267395093521
1963-06-01,-0.0016585790084862,-0.0011495275518306,-0.0067591178829081,-0.0019712873535851,0.0060863921437603,-0.0014406074241491,0.0056884691995229,0.0031737313231777,0.0040041173257894,-0.0013187738415909,0.00973942003987,0.0015935446600783,-0.0035732225466271
1963-07-01,-0.0014845697920579,-0.0028297257096647,-0.0014510146616121,0.0008372836954635,0.0111962550889069,0.0050947188349183,0.0071985209582019,0.0045625238256682,0.0010288375825806,0.0008899899499468,0.0022815395090797,-0.0136914245811377,-0.0058748205411013
1963-08-01,0.0004278370940409,0.0030313766960955,-0.0010054513005833,0.0044707446796003,-0.0194399347945153,0.0135891234836217,0.0058710728645815,0.0071518187965638,0.0088625667837712,-0.0037435634479324,0.0022123122220705,-0.0258001345065006,-0.0081521379769175
1963-09-01,0.0021583389458387,0.0007409207856779,0.0051544990889962,0.0069096629223686,0.0159847999728397,-0.0043417875313659,0.0007529737952003,-0.0066361543792906,0.0014702772704464,0.0070598374363116,0.0151699159363411,0.0141261028423576,0.0012976625150866
1963-10-01,0.0155570993965521,0.0026889156566845,0.0001990469778962,0.0075232743001257,-0.0205400541209892,0.020400139481455,0.0112949571723259,0.0072766085045881,0.0176707966765483,-0.0015736426238673,0.0025151503523188,-0.0160726297187889,-0.0010788514423634
1963-11-01,-0.0078498738332656,-0.0010970486848437,-0.0016676440824935,-0.0032320200840735,-0.0013320047468773,-0.0041049088127793,0.0007722622981503,-0.0015601027190695,0.0006323483278094,0.0017524242107938,0.0047649540699204,-0.0083533558233066,0.0018026559266899
1963-12-01,0.0182484741414623,-0.0040593043921045,0.006387454599604,0.0052967239279237,0.0126890187441156,0.0129544692897491,0.0100428773683247,0.0073008589245288,0.0004825809543245,-0.0008599177693854,0.0106916479301595,-0.0194226439194379,-0.0071853495313005
1964-01-01,0.00940634594294,0.0084303908099482,0.0121791374029757,-0.0018762623657832,0.0047949704963576,0.0117863778062435,0.0039690636448349,-0.0025338242819282,-0.0043832417782172,0.0024968725221926,-0.0005452825950347,0.0005940841460097,0.0047201986608821
1964-02-01,0.0087329667341653,0.005274798580295,0.0019901975422588,-0.0048583621912537,-0.0087483481320306,0.0040221763350627,0.0044673214159048,-0.0017003719760445,0.0034808240753922,-0.000593734300919,-0.0001001335426395,-0.0012537986185824,0.0077566462550451
1964-03-01,0.0140122547309011,0.0086464728338364,0.0201842649992994,-0.011564658700634,-0.0008065814686356,0.0150822665880767,0.0017866648605778,-0.0115689697918475,-0.0034354389235657,0.0007180718569085,0.0043539907676057,0.0040468605809056,0.0217948945453579
1964-04-01,-0.0091430427869485,-0.0080033136933307,-0.0050563970557441,-0.0057582510003124,0.0286206132728636,-0.0098418185376198,-0.0047849146619728,-0.0038766959558536,-0.0075571219313819,0.0035948181660613,0.0117743303174373,-0.0017707600612441,0.0009247407359281
1964-05-01,-0.0002913505571727,0.0011166646292514,-0.0048061416109829,0.0032516370065172,-0.0015911475086511,0.0109998314169394,0.0078213616032588,0.002356814617815,0.0075512150289813,0.0001918037967373,-0.0044343205780867,-0.0039355964577676,-0.0008618555042543
1964-06-01,-0.0035738563195194,-0.0012677969809222,-0.002350722227821,-0.0121700521081697,0.003992572894483,-0.0022475648025969,-0.0045697838173258,-0.0021748562926638,0.0020683552607971,-0.0010520829006434,0.0028037079219885,0.0032088642280695,0.0082376561454779
1964-07-01,0.0031189153413757,-0.0007799481967398,0.0042734857302906,-0.0005918314576982,0.0135437962481406,-0.0078399480693176,0.0031402684443478,0.0037288427506203,-0.0068774460753505,0.0015473001382476,0.0043733650812503,-4.34838319297e-05,0.0030885643465518
1964-08-01,0.0005951890373262,-0.0062604737829375,0.0027937520496991,-0.0130959565788719,0.0096549122216067,-0.0031614919860147,-0.0016160417070858,-0.0065909544209302,-0.0083226166402319,0.0073726184598634,-0.0003969237764176,0.0072054229202893,0.0120543258611555
1964-09-01,0.0035192460640651,0.0029800150014688,0.0006538821537461,0.0064025083150103,-0.0166216201031652,-0.0031887807136707,0.0024382952388619,-0.0050137706901009,0.0005860668003233,-0.0023071100277808,0.0034435294991854,-0.0062580953792258,0.0041536484350615
1964-10-01,0.0046627955932223,0.0005947367505104,0.0019174722168132,0.0030856296857572,0.0022858228456556,0.0030352353012266,-0.0010223279975278,-0.0041709301198731,0.0005925586979936,0.0025096041231777,0.0021399578427095,0.0077628316491767,0.0045641095953939
1964-11-01,-0.0013929606485227,0.0003307169935281,-0.0055908092046755,0.0012407342231296,0.0176030963496529,0.0029368099870804,0.0026301246084785,0.0050297124691431,0.0061588906783111,-0.0004668578030582,0.0056796596057609,0.0037641584163206,-0.0070422283363847
1964-12-01,-0.0115724221316426,0.0016057155760319,-0.0097435578168016,0.0110687851732704,0.0008508388444374,-0.0032474157523855,0.0011626809253372,0.007800464807509,0.0105044643287147,0.0037758292710673,0.0028946493328806,-0.0028937126653824,-0.0103286743345772
1965-01-01,-0.0044212050789674,0.0035203260757358,-0.0087237695816112,0.0134721411610488,-0.0149824046203738,-0.0038568015296609,-0.0033710805873197,0.0006508608704699,0.0091871149392832,0.0029856381531899,0.0052335126030525,0.0143268987607066,-0.006178448746903
1965-02-01,0.0008685800793527,0.0047805599443887,-0.0016806409998174,0.0070737518772046,-0.0180689120673344,0.0056792789968061,-0.0020251677092566,-0.0013097801898922,0.0110301351204643,0.0021803883414831,0.0020536886107253,0.0104869105280781,-0.0019936595242193
1965-03-01,0.0025832364252901,-0.0004235779936984,0.0025623147431544,-0.0047972013755395,0.0001616418414584,0.001331206683166,0.0076557968771177,-0.007144271658593,0.0005856727876118,-0.0007687686337849,0.0031579309540352,0.0125525898683126,0.0086293269721801
1965-04-01,-0.0105757944693705,-0.0023267680894508,-0.0102494432867149,0.008696863065429,-0.0134633909565705,0.0183689557716922,-0.003246671708953,-0.0038902312744189,0.0075101699404645,-0.0007942796006888,0.002296770329689,0.0037622896908386,-0.0012598773469705
1965-05-01,0.0056353159591292,0.0048876503031169,0.0017526064313089,-0.002547964334893,0.004809665124096,0.0107237958291598,0.0038232888409761,0.0001171507705927,0.0129527245491121,0.0018097600744758,-0.0020028206751672,0.0024967178527806,-0.0013195697195844
1965-06-01,0.0025426473088767,-0.0014219954747475,0.0088604069243423,-0.0051978135947001,0.0342936216105797,-0.026265764264524,-0.0081456769936678,0.008158721810228,-0.0118454558551371,0.0021334024112285,0.0137213228545946,-0.0167634855719068,0.0052575379843059
1965-07-01,0.009000778575729,0.0037347077759794,0.0021371823145609,0.0072407833104272,-0.0225127050463008,0.0262357176887357,0.0060403845029065,-0.003494740592694,0.0023974351532273,0.0061579242523082,0.0097413526485674,0.001572601845038,0.0029694060108737
1965-08-01,-0.0044927883655754,0.003591396810004,-0.0121097220437016,0.013357306421159,-0.027820875926019,0.010463851227927,0.0007004503787292,0.0013285179879065,0.0121541824709174,0.0013728354674318,-0.0009085100490793,0.0088901759126711,-0.0075793985348613
1965-09-01,0.0003055242513006,0.0053339621223921,-0.0070942600538251,0.0010452671647975,-0.0231200012940224,0.0221650048965278,0.0091804981725314,-0.0016778225235937,0.0114860175719023,-0.0021230120148425,-0.0063310304014125,-0.0011795648072611,-0.0010840057475511
1965-10-01,0.0017220988747394,0.0058268542265389,-0.007108063258,0.0051384335361584,-0.0335242915263388,0.02755267953509,0.0106153504658154,-0.0038042230509903,0.0112266679203605,-0.0004991093240758,-0.0110067271226103,0.0145105264262235,0.0017358160465383
1965-11-01,0.008767811387829,0.0064952388758833,-0.0065659124375537,0.0175385756615429,-0.039922927624583,0.0453744973416599,0.0093153108478769,0.0004197954160756,0.0227986154730471,0.0102477922894923,-0.0070669600261199,0.0192484936707855,-0.0114312259877181
1965-12-01,-0.0054838139500219,-0.0032079191222353,-0.0094362346427577,0.0143274729815685,-0.0267005419010974,0.0001805816079295,0.0066925154175635,-0.0099093033424323,-0.0044860575552764,0.0015410352569599,0.0043521195150572,0.0102297414843188,0.0075610417509462
1966-01-01,0.0021686777363864,0.0018836400123837,-0.0034521037167625,0.0092872570234379,-0.0245711371963375,0.0430205165974889,0.0129410260874521,-0.0126535890913635,0.0039591947870545,0.0135464615325443,-0.0082331951837517,0.0163905726905006,0.004897193681566
1966-02-01,-0.0067647574193134,-0.0018970891644616,-0.0122763239712974,0.0152054372724269,-0.0437048652476596,0.0478903613448355,0.0081925015725626,-0.0119079759379668,0.0108838208461822,0.0081960313997738,-0.0205975473362594,0.0250915395254647,-0.0196903979878851
1966-03-01,0.0087791625830823,0.0058165911542726,0.0008930914159312,0.0042276180526109,-0.0050144424907829,0.0055807033033198,0.0033615202649269,0.0079716284522749,0.0082129716035527,0.0098743524121438,0.0012878423994408,0.0043251592534843,-0.0128948262996786
1966-04-01,0.0042488775336977,0.0008742090189489,-0.0058357740546194,0.0024598595049692,-0.0304146676065952,0.0318435101786655,0.0083467700897341,-0.0017622896387394,0.0117732301052602,0.0021259579074434,-0.004108813933524,0.011301048860884,-0.0182986073648805
1966-05-01,0.0043348789520004,-0.0018351699581533,0.0120255191004383,-0.011681353328842,0.052048162850902,-0.0439697389854645,-0.0044268883235343,0.0089267693762147,-0.0090311689428443,-0.002154684154539,0.020649192624974,-0.0053956933727771,0.0114141184898362
1966-06-01,-0.0010556829238537,0.0004993262294176,-0.0022101226930532,0.0086707741597209,-0.0217144876841663,0.0248033580457267,0.0043559639028346,0.0038980358570016,0.0063248324501619,-0.0005004332640931,-0.001884748139597,0.0003979515329287,-0.0084890896176801
1966-07-01,0.008668723521319,0.0058150693245001,0.008539805781837,-0.0019993395939999,0.0116389353553209,-0.0004942355334287,-0.0012042144164892,0.0033089241220467,0.0012436125613763,-0.0023453432397512,0.006694685422611,-0.0009813534896436,0.0050696993888409
1966-08-01,0.0035223828684289,0.0044555670205226,0.0103791889320655,0.0115280581284482,0.0200856511832835,-0.0118972543446201,0.0009547958304652,0.0108058180440374,0.0059017870682797,0.0022822806334537,0.0041176746881104,-0.0035593729573963,0.0092757444386244
1966-09-01,0.0178181973731771,0.0084830404865604,0.0247582087843976,-0.0109195675909351,0.0264108370328318,0.0105284740144895,-0.0026211514536734,0.0004423587408234,-0.0074361405071918,0.0039780103323227,0.0154227977207286,-0.0083838783358596,0.0069627848773715
1966-10-01,0.0192485330215858,-0.0037227681632378,0.028021725170755,-0.0393435705992078,0.049862791016264,-0.0240323677688557,-0.0211011958616073,0.0006564142847632,-0.0374631883937726,0.0003929790175049,-0.0092714318813361,-0.0387786267270074,0.0330763475451018
1966-11-01,-0.0212686389439965,0.0031877916163285,-0.0407786139129589,0.0321736474573558,-0.0681948758665716,-0.0035401628897074,0.0242757432761065,0.0152501546189813,0.0301046277375344,0.0116005220014459,0.0195763730828953,-0.0045736439913839,-0.0422771729577797
1966-12-01,-0.0047323207107701,-0.0047517303426907,-0.001131310006526,-0.0102676980886998,-0.0015061070746185,-0.0041456730060853,0.0019360597622448,-0.0036253170299975,-0.0089762807750191,0.0038824190023042,0.0019657480440756,0.0106857282964796,0.0003502291570079
1967-01-01,-0.0107059082712894,-0.0058075940401209,-0.015778427747011,0.0122183704332981,-0.0562100891705617,-0.06659269659714,0.0089660147331674,-0.0086134246435883,0.0086619967194679,0.0051900166062096,-0.0021136643672862,0.0561693998147574,0.0284205385352821
1967-02-01,-0.0062877024966107,-0.000281437340528,-0.011710761244262,0.0107022745033412,-0.0171852731378876,0.009085251666842,0.0043637528851411,0.0008434423376989,0.0170611754178708,0.0022397226592537,-0.0034691018381234,0.0172127593407748,-0.0201652395687543
1967-03-01,-0.0059507555804133,0.0016677395953654,-0.017611200087814,0.0149681066613164,-0.0127884748008869,0.0152716016556651,0.00303858026018,-0.0074348929916519,0.0127571533859441,0.0023634923166106,-0.0041480861471322,0.005979661624577,-0.0108230030603638
1967-04-01,-0.0057145733645263,-0.000170945697312,-0.0208486732586942,0.0168274708262117,-0.0137630826100963,0.0132970320564475,0.0028566416732462,0.01065163716114,0.0158743198744778,-0.0046043980413789,0.0016750951823834,-0.00317269611307,-0.0208129257381903
1967-05-01,0.004688751120881,0.0038807200397316,-0.0050134385291516,0.0055313275402296,0.003041265675639,-0.0047442640571933,0.0075223991395928,-0.0075334098936461,0.0017913409535594,-0.000471725391299,0.0072058148915493,0.030156547274328,0.0067009723224141
1967-06-01,-0.0078689744147811,0.0022277984462341,-0.019275474685525,0.0175105957299496,-0.0459629705277029,0.0338912493991024,0.0038945487637965,0.0005044735403753,0.0200037904465081,-0.0024238588193713,-0.0196803412115086,0.029212130897755,-0.0124777704802591
1967-07-01,0.0066104207172973,0.001980161778464,0.0022218012465064,0.0011462234004465,-0.0182452492393862,0.0089804548643144,-0.0004888431796405,-0.0071331726221553,0.0012200598185307,0.0014908146542463,-0.0068119017873144,0.013857078531288,0.0078185656494281
1967-08-01,0.0041532185599348,0.0063676277039393,0.0092426591835237,0.0019874483623458,0.016896402964039,-0.0080404914945938,-0.002981865462933,0.0016628713445574,-0.000569308493223,-0.0017976738122335,0.0107876655610916,0.0125819695888056,0.0125467654801508
1967-09-01,-0.012410248146832,0.0009190032620848,-0.0098114583584738,0.0153040315288835,-0.0207061481562681,0.0196410926155582,-0.0075555986441199,-0.0011457978917119,0.0168391843498922,-0.0015192591761948,-0.0029124941275666,0.0213189635770324,-0.0134042119517015
1967-10-01,-0.0043652845257581,-0.0062012819352875,-0.0159339627375633,0.0074132894535039,-0.0068822036477011,0.0282447507713605,0.0082256309337656,-0.0007357848985232,0.0082477562201215,-0.0001229726694872,-0.006381970350195,0.0034735445272336,-0.022743352563814
1967-11-01,-0.004292781859696,-0.0007052428287129,-0.0116130848548372,0.002760223393678,-0.0006977901994518,-3.37603951027e-05,0.0019423934920986,0.0031529237250524,0.0011436888841733,0.0020340946584652,0.0050557722595727,-0.0036855230473337,-0.0137025453558675
1967-12-01,0.0093075624237694,-0.0042219242098896,0.0056979903350691,-0.0090622058217961,-0.0310755715051464,0.0166874506778745,0.0029225508494279,-0.0076906655065198,-0.004878490737061,0.000104534114657,-0.0050653688963751,0.0170243468459012,0.0013490535665749
1968-01-01,0.0376887377252597,0.0155519991636331,0.0468553886224521,-0.0198313119292942,0.0275365501811769,-0.0150044174888214,-0.0129937229773311,-0.0172456991139584,-0.0208042201603747,0.0100905752593233,0.0035774467206503,0.0623469300700201,0.0525184823277964
1968-02-01,0.0139714451079068,0.0079519012945343,0.0244752354753935,-0.0146805175740581,0.0413676209537358,-0.0195891810056498,-0.0166333987058625,0.0013965634488797,-0.012270675412338,0.0020872334555692,0.0017446347387035,-0.0016779421652643,0.0341848699751498
1968-03-01,-0.0055942442379984,0.0052598987878047,-0.0114919713181123,0.0165679848961592,-0.0132761735975784,0.0010062433026118,0.0141721405986624,0.0062305292147368,0.0145914121569508,0.0017738693253727,-0.0014640071347754,-0.0167762203361815,-0.0172522981192942
1968-04-01,-0.0198149809252565,-0.0064580270363947,-0.0340772530184301,0.0251620683101596,-0.0641919010097164,0.0102663593780995,0.0119848926833333,0.0016448623853087,0.0267323598530247,-0.0057366580062121,-0.0089257626465711,0.0084248185406194,-0.0524660436312737
1968-05-01,-0.0131594696830753,-0.0015235868763579,-0.014873177538691,0.0155009620345603,-0.0312231502527852,0.0174126586036405,0.0084924835957236,-0.0040443681144978,0.0094090251765452,-0.0050054320934275,-0.002473908638039,0.029081073775559,-0.0209090797967567
1968-06-01,0.0140575257533115,0.008161669293484,0.0226720923893882,-0.0175797754959197,0.0403329681210631,-0.0145287377208976,-0.0054387040043301,0.0025516244934931,-0.0191707196037258,-0.0021227432063043,0.0139952311749847,0.014920251458306,0.037341497604632
1968-07-01,0.0202727011874371,0.0089762664717704,0.0271195697592566,-0.0139090343176743,0.0307141704616501,0.007095061544911,-0.0009937207442349,-0.0090716492488032,-0.0133416809570913,0.0038779844638619,0.0004827822188018,0.0066699718810481,0.0303716949102525
1968-08-01,0.0166727173875142,0.0055105612483883,0.0083767994501397,0.0020456004709688,-0.0091039503632,0.0145106701592915,0.0034319598252116,-0.0074250672612772,0.0054814854754885,-0.0032464804512477,-0.0051635415606801,0.0134287146385747,-0.0001827256150297
1968-09-01,0.0016853188167556,-9.29666403914e-05,-0.001538209113304,0.0026798613839222,-0.0289705371560597,-7.53801583808e-05,-0.0044192680407113,-0.0125234264435231,-0.0012675378959784,-0.0033631809308799,-0.0022887126593033,0.0098824601448572,0.0006883991823999
1968-10-01,0.0065818528141568,0.0058580155687513,0.0164926616680216,-0.0065974920203273,0.0237184297785992,0.0038723497689165,-0.0006660803358901,-0.0028243796962473,-0.0065918914971517,-0.0019375063157927,0.0142307792725369,0.005176547116353,0.0199639868116576
1968-11-01,-0.0107085274171107,-0.0042777211320963,-0.0102214110284883,0.0028452172040816,-0.0175012067832945,-0.0039608421374891,0.0032021253500402,-0.0001394807010248,-0.005762594798441,0.0005019216821424,0.0097026987356085,0.0029156634761871,0.0014499703149745
1968-12-01,0.0077072096110747,0.0050850257526903,0.0068378409737746,0.0057119828332807,0.0005525047983514,-0.004704349815657,-0.0066268848057345,-0.0033955035792929,0.003414726615134,0.0011268784185088,0.0079871035621164,0.0215901070394645,0.0079333304770103
1969-01-01,0.0069671239840693,0.0029997466432675,0.0134925749393888,-0.0061040546246674,0.0081897930875033,-0.0033471346583333,-0.0015104435804122,-0.0035529486526731,-0.0129581575998965,-0.0009475750113848,0.0110078171181494,0.001111312590895,0.0206185717837442
1969-02-01,0.0103147579588191,0.0088380143822716,0.0169033813460918,-0.0033139401854349,0.0407905548584142,-0.0193284722795529,0.0091070612363775,0.0111353208336208,0.0123848258907014,0.0009987729352945,0.0121804996573367,-0.0082763276868883,0.0176341681374074
1969-03-01,-0.0031908376908422,0.0045996467516819,0.0019226683769135,0.0041207649731783,-0.007854988282616,0.0164631746845229,0.01115518355345,-0.0004262255845105,0.0072890054755617,0.0023512030136712,0.00429051561489,-0.0190319411969381,-0.0182438179527034
1969-04-01,-0.0013974939700281,0.0018980243405118,-0.0026743199600507,0.0131643762128423,-0.0021874913041672,0.0108904391587836,-0.0022589396950383,0.0073460995665299,0.0101022996205066,0.003592305168864,0.0008736849945044,-0.0141901190074594,-0.0184081407972038
1969-05-01,0.0048013559563108,0.0111449393106545,0.0053483607372458,0.0128843812840777,0.0112550065982306,0.0138982945747366,0.005945525577178,0.0097984786089175,0.0170165499063694,0.005521960758981,0.0046528225985911,0.0060150981469943,-0.00884803391037
1969-06-01,0.0103828100996324,0.0104384091982343,0.0115959363587568,0.0005164051056043,0.0414232410244481,0.001190107378612,0.0017471674896302,0.0139350733839512,0.0095919036329866,0.0006203337817478,0.0090107095874478,-0.0307276399044435,0.0057662559621939
1969-07-01,0.0139028547887313,0.0077816882148884,0.0198804499844512,0.0051145080159701,0.0361044663031798,0.0161774768094621,0.0107577227668665,0.0120177480114572,0.0054949547417035,0.0050728660704375,0.0043676535345323,-0.011704401486741,0.0112617294074465
1969-08-01,-0.0122600656818513,0.0004892589077684,-0.029327316498689,0.0210203218992181,-0.0341078542058175,0.0125544371416774,0.0059265278045662,0.0117036851349589,0.0209778275878494,-0.0049270165500368,0.0054916566448346,-0.020447947850037,-0.0402514885906324
1969-09-01,0.0052771156899646,0.0049483780864022,-0.0055648706582882,0.0272813891902987,0.0094638131370833,0.0186140325454132,0.010773934221111,0.0163920219646413,0.0249720368562215,0.0018368519724749,-0.0011699109406942,-0.0040599990091004,-0.0231150623338765
1969-10-01,-0.0075511971326981,-0.0093126901855575,-0.0178067009632989,0.0084035157489096,-0.0162971375121373,-0.0113583449449385,-0.0022674849978623,0.0008431726880846,-0.0039726261342419,-0.0034840294801827,0.0001859897598941,0.0120974756015153,-0.0099171518394636
1969-11-01,0.0077058747956038,0.0035954766357768,0.0026616731401323,0.0163669669898209,0.0148301249419057,0.0250984646787396,0.0116630748935186,0.0127572322867501,0.0174714799360788,0.0065318390260731,0.0097982641331685,-0.0209154560570672,-0.0144147417833727
1969-12-01,-0.0024150404178555,0.000989516024929,-0.0028258481419494,0.0148645072386992,0.0240948298849979,0.0449324562205743,0.0070937447918763,0.0135177568734857,0.0110013408858663,0.0017882884544934,-0.0070742281044145,-0.0296323881561171,-0.0178480748521898
1970-01-01,0.0243639380832271,0.0103937087035363,0.0263072543829538,-0.0020933251480166,0.0410309705918782,0.0048258487703636,-0.0030091300215216,0.0001763715431816,0.0011670872410756,0.0158892614152053,-0.0008819386289218,0.0323158751754748,0.0170234965229859
1970-02-01,0.0074294644566626,-0.0016400176946852,0.0101720186042265,-0.0281007576050716,0.0028293793949481,0.0023943973753271,-0.0118552657772675,-0.0115336520482028,-0.0276860355220246,-0.0095002194790066,0.0142057023208109,-0.0237970082224926,0.0199749918695292
1970-03-01,0.0263893926372153,0.0081443129824136,0.0321351698803085,-0.0228780075570112,0.0326680476706652,7.43828177261e-05,0.0019899603717448,-0.0019780800694253,-0.012445983228793,0.0017817728903998,-0.0015355073051247,0.0134628347402423,0.0386394741706055
1970-04-01,0.0471510593160267,0.0185574903104259,0.0537245410443784,-0.0234022172256953,0.0701792857574141,0.0164494830841995,0.0081141541503606,0.0042993343483142,-0.011612244905314,0.0019779188727247,-0.0039397734456016,-0.0244896512011973,0.0485244531017952
1970-05-01,0.0239488432811135,0.0119797844922153,0.0301318912958753,-0.0229665689961971,0.0284790970702908,0.0104620376146355,0.0025008542589325,0.0008153900297834,-0.0137024056135514,-0.0001927661483702,-0.0039169575125841,-0.0224526049554681,0.0290057811249058
1970-06-01,0.0200969350121418,0.0174104303135808,0.0187323557535106,0.0044523660431499,0.0570167820389907,0.0624060679303069,0.0139824950705637,0.0203178342631368,0.0203850727452951,0.010117967039986,0.01095004835823,-0.0245715699753029,-0.0101032056659688
1970-07-01,0.011468534264596,0.0049660183825577,0.0114911160156927,-0.0107348499402065,-0.0042268077151019,-0.0200116971403854,-0.0164573990335969,-0.0015149744831542,-0.01208665123599,-0.0020017682296258,0.010809699456291,-5.02903097737e-05,0.0201459858385818
1970-08-01,-0.0102835979794634,-0.0069671614312739,-0.0076965898048318,-0.00352952793755,-0.0378291510457981,-0.0517186315953914,-0.0145124228405621,-0.0064527999345987,-0.0074328615166555,-0.00413901158333,7.79529819138e-05,0.0131737479665574,0.0112688909790307
1970-09-01,-0.0275049028474329,-0.012554479700434,-0.0368156967280051,0.033325900669923,-0.0694252981429048,-0.0756659711794114,-0.0019920481502937,-0.0073363797997564,0.0108377944174803,0.0032875209898945,-0.0003778836547892,0.0567412622021267,-0.0188178456039584
1970-10-01,0.0166414901840296,0.0106165442439227,0.0091036348267204,-0.0016501608159503,0.0504354064789175,0.0436777128483276,0.0090535615740155,0.0207557024452486,0.0193021219541444,0.0040128286766234,0.0290485418886534,-0.033673097756761,-0.0058312545750328
1970-11-01,0.0111292724785625,0.0032486077924581,0.0102530695182911,-0.0120530487795973,0.0165545508314207,0.0133181954953177,0.0006613290431587,0.0077489522325141,-0.0002220401130468,-0.0069958178699597,0.0119855704255561,-0.0295147692466353,0.008233449123037
1970-12-01,0.0042900077397111,0.0015541732655001,0.0081871041234108,-0.0073364348558614,0.0059962650293099,-0.0242282661676053,-0.005360045128343,-0.0072274848468012,-0.0025223417345251,9.48683311791e-05,0.0109033536048922,0.0378419506089284,0.0261208645881209
1971-01-01,-0.0002254152223495,0.0007404063353975,0.0022478376013062,0.010079910635789,-0.0452737266012424,-0.0398730877877239,-0.0195838597428824,-0.0204370275774851,-0.0051117716765498,0.00976106836371,-0.0016302672799173,0.0640579503984488,0.0118448162809975
1971-02-01,-0.0002113033930899,0.004511716330801,-0.0061461830073805,0.0123171164156956,-0.0089104753857105,0.0073813925449119,-0.0017943879003935,0.0044517105194433,0.0210690846331177,0.0030491601374043,-0.0047171736824112,0.0135882378256852,-0.0109250594220221
1971-03-01,-0.0127641487043895,-0.0010511734364269,-0.0158332067504143,0.0190648611212894,-0.0238492669733295,0.0036139881685294,-0.0045243139761674,0.0050336872804288,0.0083162753868416,0.0011960190066496,-0.0008532007445424,0.0114666982466963,-0.0192550744091617
1971-04-01,-0.0077314236820823,0.0067443951970141,-0.000489667614036,0.0127287901894631,-0.0197149335788181,0.0311944135160988,-0.0115678865160257,-0.0032787357914161,0.0085732535927489,0.0038585323264152,0.0089541279123764,-0.0045354515077208,-0.0098486576241692
1971-05-01,-0.005294086995056,0.00274807251875,-0.0060615624086257,0.0106798376702447,0.0075606516293438,0.0073027309776621,-0.0018003100087164,0.0084109002865416,0.013198560488885,0.0020584971716998,0.0021483855852992,-0.0123616265567228,-0.0102964324694824
1971-06-01,-0.0120632281668328,-0.0009188459724859,-0.0172476086979357,0.0060706466537701,0.0198342064832755,0.0092596918072134,0.0124602264171989,0.0169816475268902,0.020250723699705,0.0001497972032286,-0.0026397843074741,-0.0176663884421357,-0.0104653118949553
1971-07-01,0.0097557602313411,0.0036887167626481,-0.0022652534332906,6.29261200131e-05,0.041814318021368,-0.014529111685991,0.0115660821016453,0.009404716185471,0.0035687499000839,0.0026224428818044,0.0060534953003169,-0.0040865788659343,0.0045499551154278
1971-08-01,0.0008134814802214,0.0074760706400298,0.0136795856089975,0.0078764475289836,-0.0324920622096287,0.0246130873397647,0.0024135886812086,-0.0076960491139783,0.0034678008537241,-0.0024891204607186,0.0120533026492461,-0.000337103795281,-0.0051433234029021
1971-09-01,-0.0039021268046193,0.0058556818024141,-0.0086954720432653,0.0143735445658361,0.0046304723016086,0.0228470654311358,0.0083187333306396,0.0129267489972883,0.019965178078176,0.0003023270326665,-0.0014591820419946,-0.0048356120918103,-0.0193106044441007
1971-10-01,0.0041487771213284,0.0031951414485423,-0.0049657473101252,-0.0047448704553491,0.0256027059720809,0.0021148925486779,0.0109586234297821,0.0100958332559424,-0.0044394598328375,0.0022938449503338,-0.0054679257416229,-0.0076378427742431,0.0050469086533652
1971-11-01,-0.0023547526104113,0.0007183535903386,-0.0080334981956864,0.0063543766133169,0.0072624186458222,0.0111487575350592,0.0049445975915423,0.0153149402154872,0.01308989196615,0.0021749248977527,-0.0005460891861049,-0.0276380576554513,-0.0087304618713713
1971-12-01,-0.0083683802659297,0.0001752235967076,-0.0044665922934505,0.0063684057291269,-0.022378470610833,-0.0166704160147217,0.0052184977168298,-0.0027753024954837,0.0051011783624137,0.0043523632351012,0.0144381020432824,0.023382126893472,-0.0173611645862414
1972-01-01,-0.0010961530508908,0.0079445975689351,0.0083667874254519,0.0146527996614861,-0.0473258737392506,0.0006422062430736,0.0090476067507431,-0.0114694701915394,0.0013463896841846,0.0132417428676742,-0.0115490361939032,0.0546602106771619,-0.008020797457283
1972-02-01,-0.0093716367393949,0.001909047449114,-0.0136268388339764,0.0250627313854901,-0.0133206228228579,0.0189659649669914,0.0035711494441529,0.0104743218805746,0.026307381353563,0.0009792339370297,-0.0013048555521505,-0.0039699115908754,-0.0331383645446066
1972-03-01,-0.0065697471816167,0.0002293968365401,-0.0036703069321626,0.0086305987571984,0.0115510236798924,0.006738120977481,0.0072696863194311,0.0048102846659912,0.0016673269147333,-0.0003983933174618,0.0077229636686927,-0.0055729095626495,-0.0059691460643009
1972-04-01,-0.0027904303005846,-0.0054492737022268,-0.0001142095028395,0.003175480293426,-0.0008333580948439,0.0133015728934684,0.0037072732385256,0.0003059954412638,0.0037369557980461,0.0017517692866937,-0.0014391411667379,-0.0065146537597658,-0.0085024255656654
1972-05-01,-0.017923032096596,0.0034623626057242,-0.0163516931315893,0.0185119334079557,0.0042098792639736,0.0349591811928778,0.0130476612839354,0.0222617121326753,0.0258770419844243,-0.0007937812436648,-0.0028950915770044,-0.0308224059606769,-0.0356702080734404
1972-06-01,-0.0035964862097652,0.0001521035186689,-0.0082262220506103,0.0125546943416805,0.018377565536042,0.0184322192515262,0.005061114731116,0.0169229561462137,0.0130838814761765,0.0003155912498186,-0.0040712473749445,-0.0045649426066811,-0.0084987163846516
1972-07-01,0.012080396828452,-0.0001421940421439,0.0087627992777618,0.003366263488224,0.03512764168887,0.0124688381065327,0.0113993826824611,0.0057017203377447,-0.0003580185453061,-0.0021155048227749,-0.0004020639101271,-0.0043553173452491,0.0102208100640975
1972-08-01,0.0120326307395591,-0.0014781372694204,0.0239233804137614,-0.0199386531345915,0.0200873245208081,-0.0265122626008879,-0.0137504022528382,-0.005170640455291,-0.0280937959596229,-0.0064664394377412,0.0078398744773282,-0.0114035585928016,0.0371650179293912
1972-09-01,-0.0064549697318968,-0.0041426465602129,-0.007914530403935,-0.0003652376099048,0.021019548056088,0.0173146100781871,-0.0009383848538163,0.0107212572467587,0.001442741370845,-0.0038343206620659,0.0047287646406857,-0.0130122393809541,2.31762944218e-05
1972-10-01,0.0136311212591704,-0.0031607179676065,0.0074957461882808,-0.0159125723557981,0.0268121581768257,0.0086534443647056,0.0040771553759858,0.0047482719495234,-0.0146961357009977,0.0020554587108986,0.0039691599418082,-0.021228387018057,0.0124129674614164
1972-11-01,0.0102403313966776,-0.0016975555876217,0.0123647208172777,-0.0227785468130522,-0.000180030420674,-0.0375306998092323,-0.0044454592222695,-0.0139252354408264,-0.0097448642056198,0.0013762659391635,0.0169616862059396,0.0101144646021605,0.0343215369967115
1972-12-01,-0.0105537478940839,0.0008983514418889,-0.0162478040263037,0.0210957779731475,0.0176704333055233,0.0364883975774102,0.0077116719583746,0.016930825326372,0.0224353926415377,-0.0049968838245364,0.0186151256349681,-0.0199816532895429,-0.0287344801038084
1973-01-01,0.0045906835016705,0.0014471615627282,0.0089551754455092,0.0035725803969631,0.0407789160733401,0.0329357049057938,-0.0045243190295004,0.0067510710510197,0.0012075719072713,-0.0018605261829788,0.0030434278874107,0.0062730704949473,0.008464378715312
1973-02-01,0.0184328174703059,-0.0005992839559274,0.0152998769183432,-0.0044486923673111,0.0400395834684316,0.0228462274856611,0.0022644827770101,0.0019072639816485,-0.0090470328765607,-0.0051151526996341,-0.0036349543471065,-0.0163301501467417,0.0216078602700219
1973-03-01,0.0175518994960582,0.0042713298563297,0.0153062858261735,-0.0072266767811947,0.0106984193209484,0.0259178805364636,0.0044386531976147,0.0001645233787488,-0.0092563030534513,0.0006762684287051,0.000660894326619,-0.0117583223060947,0.0101018789770717
1973-04-01,0.0301877196603926,0.0032844449727135,0.0316701292129434,-0.0172589915104847,0.0477868482987198,0.0523876862212151,0.0093004716862776,-0.0038373693396443,-0.015716576430151,-0.0011114275148897,0.00506246427591,-0.0069545240431315,0.03977395941622
1973-05-01,0.0118463872396617,0.0046848749910844,0.0095852620798821,0.0007379348332607,0.0426889564826944,0.0550056064102061,0.0128797421313958,0.0204013432866604,0.0038579632863546,-0.0009055385023931,-0.007039333545273,-0.0450782031527468,0.000752214711307
1973-06-01,0.0075918509740412,0.0032167601187552,0.0078249875391878,0.0042298212834999,0.0138502719008384,0.0294486051043087,0.0033761758684432,0.0046354292351317,-0.0110390459572998,-0.0010259420638504,-0.0001879573658177,-0.0157344789822661,0.0027596302980333
1973-07-01,-0.0388286262987844,0.0100143202335677,-0.0360509411656194,0.0375160756226062,-0.0813051583085779,-0.0845863657475913,-0.0057332827319639,-0.0043110416601571,0.0333977027003372,-0.0044422076437562,0.0133847520634366,0.0344991251193881,-0.0350192155083146
1973-08-01,0.002886009706526,0.004866234845635,0.0055434215172578,-0.0037608276953701,0.0065918614771257,0.0338627912038349,0.0112006008912951,0.0006351528937093,-0.0014028510090196,0.0028780781732012,0.0064243585603292,-0.0207697647791914,-0.0021051945152452
1973-09-01,-0.003350977895874,-0.0026099739586036,0.0049771868501601,-0.0164833619861302,-0.0295905471145809,-0.0376574724127139,-0.0084238065598635,-0.0143185240189346,-0.0110790027617464,-0.0014929382988006,0.0033097704272846,0.0121917270267609,0.0158435866819535
1973-10-01,0.0156623308179383,0.0122092698021835,0.0196944765621828,6.71617020548e-05,0.0183772217258551,0.0457886172319599,0.0160581299928515,-0.0118729259049776,-0.0082832985549651,-0.0017420833021913,0.0035927147782506,0.0040060598585722,0.002337793420807
1973-11-01,0.0380373544156344,0.0074736857205243,0.0308930784319112,-0.0135604159977864,0.0469778480534194,0.0347410471249816,0.0042217352445737,0.0014721661813167,-0.0293666479947638,-0.005300185262935,-0.0084070187498515,-0.0426222581198571,0.0079725369096427
1973-12-01,0.0195151936969685,-0.0015065068669928,0.0154328731047492,-0.0279916659286021,-0.0057218212004746,0.0665563586787316,0.0202104428771941,-0.0003142434327011,-0.0267455662725512,0.0076052116191048,-0.0034542690855503,-0.0531195706764794,0.0027684864130587
1974-01-01,0.0132217277586289,0.0040065246150943,0.0214150743563112,-0.0127763312108887,-0.0186510795880271,-0.0715201142032931,-0.016086805414755,-0.0350482913594291,-0.0197306235007235,0.0062007748088119,0.0169936393122228,0.109379472059832,0.0690373348539521
1974-02-01,0.0184502785242891,0.0115513638648693,0.021616758662019,-0.0081663086603461,-0.0014524369642388,0.004275372035473,0.0086945478866286,-0.0052119078119449,-0.0014431627170141,0.0016468878964739,0.0026540595114428,0.0068666856037851,0.0230875798083831
1974-03-01,0.0011025777060636,0.0032037406485246,-0.0007357691073113,0.0077064543259756,0.0128642819917255,-0.0241642202686746,0.0022636019985194,0.003095579334536,0.0215913104005105,0.006802382471085,0.0092585279848512,0.0260519481601035,0.014303615048442
1974-04-01,0.004376296552673,0.0130358071953734,0.0101997329641391,0.0133551209953155,-0.0002337913773767,0.020823541688708,0.0104338799521389,0.01102974608278,0.0301753680051892,0.0071777747160725,0.0010054246291883,-0.0009187226696331,-3.77774958256e-05
1974-05-01,-0.0023963635855143,0.004748924914028,-0.0034137412545095,0.0114640206522381,0.0208160737098424,-0.0123356235248258,-0.0041827476866241,0.0192121035627777,0.039524524374204,-0.0011168276070812,-0.0058793401329895,-0.0125042018306829,0.0004613983932579
1974-06-01,0.0131366659078103,0.0177420097203019,0.0083323372041197,0.001944267025882,0.0142358063379239,0.0225796004864204,0.0178441076367836,0.0097819567094929,0.0274148780298633,0.0039007898507192,-0.0007492340806184,-0.0091243469591218,-0.0045081496510739
1974-07-01,0.0433873497201706,0.006056658516661,0.0270082846653139,-0.0275937849041044,0.0088859965176819,0.0081057502770971,0.0218202452400268,-0.0104010451602815,-0.0298931709985234,0.0129608615422682,0.0024040694383683,0.0174295484785979,0.0457532014917316
1974-08-01,0.0267615232849647,0.0063340264343054,0.0235800736371266,-0.0048592699312061,-0.0098480746112554,0.0155007296574558,0.0125490323868758,-0.0021917317953577,-0.0086475100696106,0.005611359295596,-0.0007678293857492,0.0146213300269449,0.0246494877386153
1974-09-01,0.0407343896268922,-0.0018888095163473,0.0407472333427508,-0.0412217824022405,0.042873643381993,0.008125569646613,0.0042032059163458,-0.0228079191287743,-0.0360352056151396,0.003160824463517,0.0084228023318491,0.0210031462762337,0.0514351815990339
1974-10-01,-0.0205513038506664,0.0128845458601073,-0.0310309916394519,0.0276798208633644,-0.0451130111667744,-0.0417834755949323,0.0355983580358618,0.0337835913027617,0.0125319771650909,-0.0040223559816014,0.0195001362165092,-0.0922820427877132,-0.0688101650112872
1974-11-01,0.0139120922718438,0.0036197528839396,0.0134483482603752,-0.0081524231876208,0.0035329816567894,0.0210937953170459,0.0074885296297872,-0.003199833406231,-0.0129203794738144,-0.0006831278970537,-0.0015702845247692,-0.0244572112468031,0.0024541822598472
1974-12-01,0.0206211160845883,0.0001073402352144,0.0144310668223276,-0.0142983807462857,0.0146890241635743,0.0276676295002186,0.0009687556116541,0.0055298494465015,-0.0001790586189416,-0.0045644496285365,-0.0006783011381518,-0.0364516131972371,0.0081734365035009
1975-01-01,-0.0071143235853603,-0.012578953615622,0.0260696753547389,-0.0291227887185672,-0.0208532424811234,-0.146407007371039,-0.0373063181007844,-0.0630041341852428,-0.0395507106964152,0.0032841208837387,0.010047330569076,0.14143770810077,0.0877173314382246
1975-02-01,-0.0232373755518584,0.0042310822545169,-0.0146342587834013,0.032037267947068,-0.021650264047402,-0.0239450561004804,-0.002601601068682,0.0135184289879898,0.0351330397616498,0.0065264080296978,0.0188712364320718,-0.0059345882854255,-0.0323527890044841
1975-03-01,-0.0071146899400149,0.0079763229487849,0.000356001660133,0.0198285965861727,-0.030905356929222,-0.0035520919809481,-0.0073077434232259,-0.0047454117175027,0.03340962403935,0.0021909833831347,0.0005780579035371,0.0307633752168805,0.0014752061745097
1975-04-01,-0.0016471996022198,0.014549229348596,-0.0179602087591741,0.024536408734863,-0.0288387891282134,-0.0070247542604033,0.0220491600849029,0.0183821623247361,0.0334306587964642,0.0035490095608604,-0.0119754161296333,-0.0118245626068976,-0.0145468085694529
1975-05-01,0.0040197592105343,-0.0025314819784763,0.0021869511010694,-0.0036487752843514,-0.0099178105647194,-0.0041125214374359,-0.0034061335908953,-0.0048718208082763,-0.0096153343113965,-0.0024254154181678,0.0148735709451599,0.0142516576411563,-0.0079636876473439
1975-06-01,0.0080875515960583,-0.0011597992861244,0.0058702006572953,-0.0145619947682685,0.004593727952044,-0.0005837607307137,-0.0027719095138593,-0.0120745035436066,-0.0204496645734972,0.002126033724177,0.0217742819608768,0.0114428430219453,0.0156658387697142
1975-07-01,0.0138321773840542,0.0095313522504032,0.0082115461614111,-0.0108930983488162,0.0209831875351172,-0.0113165365754647,0.0117702679673286,-0.0071587577363115,2.87116633026e-05,0.0069980699548685,0.0013430142344276,0.0307358197348804,0.0294172143533394
1975-08-01,0.0074341004824264,-0.0001413305859847,-0.0061356084655925,-0.0063502470126298,0.0171404313564325,0.0002633162818259,0.005647742126778,0.0106995556872074,0.0111267726673353,0.0011355861990945,0.0044649610682419,-0.0206316859508939,0.0117803732884498
1975-09-01,0.0098954839319739,0.0091171851976845,0.005971868136195,-0.0077708298705788,0.0207826362457311,0.0087832700290903,0.0107128133673977,0.0035823467397626,0.0091739985317485,0.0050111983889331,0.0002514368619543,0.0051712622049946,0.0129645549226376
1975-10-01,-0.0063870214200345,-0.0026830246263614,0.0218037863329199,-0.003217502042622,0.0094505687799207,0.0017627792596892,-0.0086700589865386,-0.0158262556054999,-0.0035055071119425,-0.0010291913303986,-0.0016192862333329,-0.0211842411599111,-0.0082297541095649
1975-11-01,-0.0001672802597059,-0.0023812858470189,0.01308133821847,-0.0064108104349911,0.0036338999443586,-0.0056237639294915,-0.0066986306046089,-0.0159057884635758,-0.0096027104815528,-0.001611018536543,-0.0176094268543308,0.008484529860801,0.0061636332955059
1975-12-01,0.0100235689373675,-0.0038998094160959,0.0046342094470355,-0.0119288527948327,-0.0019936981343917,-0.0059736214762988,-0.0012944803762823,-0.0034165336381454,-0.0146312996819151,0.0035778838203181,0.0114436224581255,-0.0014349474374224,0.0179052817101694
1976-01-01,0.0129392711140851,0.0159664599986564,0.0288342113337197,0.0114036397100395,-0.0385412663829856,-0.0106474318615625,-0.0019018086833998,-0.0171405299307757,0.006173519496324,0.0106807785117928,0.0133048578661619,0.0647884622531427,0.0345380779427802
1976-02-01,0.0236151745658047,0.0158408067423843,0.0285217118165232,0.0032954610085139,-0.031563124547465,-0.0041242747993287,-0.0059155810970849,-0.0220295709648909,-0.0001622470679529,0.004642626672454,-0.0185578768949053,0.0712774427977065,0.0312224081346455
1976-03-01,0.0030372394894735,-0.0026081132339053,0.0010176222409541,-0.0032575932120762,-0.0037576703205726,-0.0009297644915748,0.0008620543490232,-0.0043394711928627,-0.0060243321945776,-0.0018800507223739,0.0087893338636208,-0.0043043935616788,0.0081892341014346
1976-04-01,0.0061426909790892,-0.0067129139783914,-0.0072742554889727,-0.0080524894592711,0.0213518738113874,-0.0024363877810038,-0.0030725021165933,0.0013040216852351,-0.0049880602494604,0.0009415483708174,0.009125479287172,0.0012951135727516,0.0112156154286085
1976-05-01,-0.004558201506377,-0.0052581393415213,-0.0172164644055574,-0.0017953311992974,-0.0023343931503484,-0.009399751832945,-0.0065838975223218,0.0118586221504634,0.0035774909001195,-0.0006620829776928,-0.0030865064570886,-0.0110723481325248,0.0073049060249527
1976-06-01,0.0041377604536007,0.0072645657996609,0.0053326402815163,-0.002089178762201,-0.0174537313637247,-0.0072066266950505,0.002004384110523,0.0018479616518618,-0.0032289760544242,-0.0033712861910412,-0.0019234305536157,-0.0098758311880128,0.0065185154609005
1976-07-01,0.007724144097559,0.0024371672546489,0.0131438538595761,-0.010885151821385,0.0200602036397721,-0.0089283683871951,0.0038874485079365,-0.0112346785246567,-0.0162508484025805,0.0034797647121742,0.008865848517504,0.0119305096963971,0.0177142781447156
1976-08-01,-0.0047857426721532,-0.0040712282655629,0.001614550433943,-0.014430120966512,0.022792679907377,-0.0108727503740349,0.0067882507276768,-0.001009766011805,-0.0115344596298109,0.0027941500805685,-0.0070693531278957,-0.0072229294183937,0.0134471320008813
1976-09-01,-0.0024010289585098,-0.002575073438009,-0.0023052113085368,-0.0036381155965069,-0.001170115364494,0.0044128269757994,1.11026020432e-05,0.0033558776105576,-0.0014995564879822,0.0023276806643899,-0.0029967626899875,-0.0012608298333063,0.0040654621233457
1976-10-01,-0.0009369320419367,-0.0058164997350752,-0.0005954585159236,-0.0085038896427061,0.013259150469448,0.0036921351059845,-0.0009042092161522,8.20626870874e-05,-0.0106886514561935,0.0002212285358661,-0.0023313799845281,-0.0013688432780042,0.0096680485232142
1976-11-01,0.0011256578329325,0.0094907188899049,0.0038324475656646,-0.0121575359269445,-0.0150669866230003,0.0129118186283888,0.0081603251759499,-0.0042432378074656,-0.0008545651630012,0.004628851309108,-0.0005387049428757,0.0057839408930154,0.0139801522481017
1976-12-01,0.0113846466537999,0.0030306652776128,0.0121153880114814,0.0012818484657848,-0.0083163980831184,-0.0060140590415296,-0.0013383381397638,-0.0065479851169101,-0.0093384426451607,0.0010242177436905,0.0131832130557521,0.0342848040331974,0.0231893233058716
1977-01-01,0.0067301662824512,-0.0026811950648095,0.0125380394575819,-0.0231428849858205,-0.0031458422897413,0.0346495542677689,-0.0053076312632954,-0.0221000596375304,-0.0268929121100254,0.0129716101812673,-0.0083143748697878,0.0501739240132127,0.0355381055519732
1977-02-01,0.0018589158458857,0.0005022807737395,0.0032408858544495,0.0034893029668531,0.0094917520510706,-0.0025136016927694,-0.0039026761080052,-0.0003196351168742,0.0048055739905386,-0.0005434237195317,0.0073745641462425,0.0122411803899979,0.0090225778289396
1977-03-01,0.0032754615173363,0.000119091258837,0.0019591935808714,-0.0035132344903444,0.0018380692726274,0.0017569829873001,0.0008576212536722,-0.0049007076545718,-0.0053767878661344,0.0005866179149697,0.0028211880567914,0.0094698802907888,0.0075258998509431
1977-04-01,0.0146681498286775,0.0020989657404006,0.0075430405999484,-0.0126811465336762,-0.0041302114877997,0.0233713479640366,0.0046323500731659,-0.0070637701028028,-0.0112865289406396,0.0017384317513678,0.0003924277645007,0.0040437442619107,0.0168386907501567
1977-05-01,0.0014420852022189,0.0036438342852694,0.0054322415985519,-0.0038278329452361,0.0082738048022928,0.0113374265357893,0.0061267177507692,0.0022652298722608,-0.00214472107989,0.0048063007881834,-0.0043636077491227,0.0067925778098083,0.0061037776509644
1977-06-01,-0.0059725694658948,0.0026352780202377,-0.0041074892393509,0.0043834287631561,-0.029413338681957,0.0022384838103054,0.0102612109426673,0.0088481731965957,0.0078159810375151,0.0052023387646977,-0.0085031590634298,0.0084465944698867,-0.0106808118965298
1977-07-01,-0.0064746334371994,0.0032267654531769,0.0043363166769323,-0.0018975217831651,0.0119485162647127,0.0049236647050795,0.0063552456752257,-8.37513443661e-05,-0.0034991649240191,0.0057260556151381,0.0034522347075086,0.01595056193503,0.0037312389660475
1977-08-01,-0.0111869184160688,0.0061163691785857,-0.0024661914272108,0.0136533890482695,-0.0062397214155501,-0.0085172000052131,-0.0046287171770999,0.0081536554006829,0.0155420355172071,-0.000983812267017,-0.0073651327730599,0.0095892282944182,-0.0104894120583842
1977-09-01,-0.0012956295371011,-0.0009583214384433,-0.0028275137853254,-0.0034655659324299,-0.0006758311387375,0.0158354475693818,0.0054612797623449,0.0047196244107684,0.0021179146644337,0.005429575287923,0.0019524542654195,0.0080352869916161,-0.0012211528704072
1977-10-01,0.0020404686425692,0.0024462368696041,0.0030344763645561,-0.0007641117923564,0.0090549559112955,0.0005274485602374,-0.0004855707148898,-0.0011387598217938,0.0045974953701459,0.0006004857877047,-0.0004464734163109,0.0133879084508333,0.0106385003339258
1977-11-01,0.0003599104138201,0.0079175669195644,0.0003449269806125,0.0071425718681164,-0.0247125697511546,0.0071835038293339,0.0062742272410309,0.0011592083123304,0.0103842962210399,0.0024712001124416,0.0005084310650708,0.0227664188721705,-0.0019990043174542
1977-12-01,0.0065136908833117,0.0021544793860622,0.0029260427021678,0.0026379531903356,-0.0023814916713805,0.0079708816789714,0.0076424942014602,0.0002239253591393,0.0055410907901724,0.0022928035768345,-0.0048364391403105,0.0077419249408091,-0.0019170570000429
1978-01-01,0.0019759839965076,0.003224258526563,0.0133010852208035,-9.64749653739e-05,-0.0003363653276101,-0.0024686110214156,-0.0063094691772456,-0.0174172894206038,-0.0145466805394747,0.0029283364961932,0.0010097411640643,0.029883201996687,0.0142831579990587
1978-02-01,0.0050600173032693,0.0106539900210295,0.0028016111952781,-0.0015657910078122,-0.004533741482047,0.0151030905684937,0.0076432272432732,0.0054338139969118,0.0097617832957165,0.0023415555397709,-0.0046506136682736,0.0206067475032503,0.0093935594694419
1978-03-01,0.0056423159613867,0.0106306984462591,0.0043973620548025,0.0040132791964588,-0.0174761673868418,0.0089731435766934,0.0067150496593929,-0.0006644825484357,0.0044470133808183,0.0053732665510066,-0.0011890102372957,0.02454386145535,0.0051980104057713
1978-04-01,-0.0032366103724052,0.0131956417736297,-0.0118571019261511,0.0229361128905948,-0.0236431527504162,-0.0043689674306748,0.0077383298865001,0.020224295312865,0.0306025424719457,0.0013308083941283,-0.0011452492364998,-0.0050532958704295,-0.0141320658758939
1978-05-01,-0.0006678414685624,0.0088532950080683,-0.0047703345836145,0.0164750580311818,-0.0281696748537263,0.0249642847190055,0.0053443944487889,0.0056718599137087,0.0210985845888227,0.0012915058446767,-0.0036991342847848,0.0251549388988701,-0.0096308048987664
1978-06-01,0.0012862378060656,0.002098274521987,-0.0012578283556829,0.0019121569690665,0.0082606788479485,0.0111176967048418,0.0051264000845704,0.0003302810984839,0.00332040048403,0.0030588796325158,0.0072383729632854,0.0112189300831513,-0.0052141303363036
1978-07-01,0.0036523175263095,0.0096682471340179,-0.0032198619030716,0.0111822809889802,-0.0267147106037674,0.0330913288246799,0.0100116147119968,0.0081302533050658,0.0130994848846919,-0.0051259207044222,-0.0028260058852527,0.0004053482950999,-0.0085419239314022
1978-08-01,-0.0120548291945196,-0.001885706642202,-0.0158724919614247,0.0072742791964656,-0.0252938918314796,0.0237973681471419,0.0050819103744315,0.0033171678890106,0.0158003344701611,-0.0027242830368797,-0.0051189743486836,0.0220426137039245,-0.0042894432392776
1978-09-01,0.0041304692298995,-0.0071321449866997,0.0105405617205734,-0.0097436472862801,0.0146765488220997,-0.0224822170949739,-0.0064591213987482,-0.012919193034552,-0.0163007141499246,0.0029961199819259,0.0159825573581773,0.0028904530863197,0.0133368379004738
1978-10-01,0.0160904476797329,-0.0026255268401124,0.0228224131281318,-0.0154071177003109,0.0952898525843527,-0.0562140416480074,-0.0092714406355785,0.0052921216491358,-0.0147149846284093,0.0069576564978333,0.0114076707838117,-0.0407757696852908,0.0312636376426323
1978-11-01,-0.0068006290086299,0.0005248552271786,-0.0116915443924293,0.0090751034035815,-0.0421261635974527,0.014696854394105,0.0099284857158932,0.0029232928560978,0.0110151701451176,0.0046345845464614,0.0200743760015682,0.0148113940446418,-0.0135513805492451
1978-12-01,-0.0043824937487646,0.0049324635315609,-0.0053473121428865,0.0095288285131637,-0.0086386501728526,0.0141097474941768,0.0077936587164215,0.0128771411066361,0.0147202928432418,-0.0009640287193622,-0.0030684280510576,-0.0022250705066898,-0.0078475438862499
1979-01-01,0.0101604387892471,0.0038697675707817,0.0096716554703034,-0.002979830137704,-0.0153158268835668,-0.0241045369476081,0.0046156703951335,-0.0165020070611708,-0.0120453987729981,0.0092818023872181,0.0135896035377662,0.0318791633783345,0.0126008556278167
1979-02-01,0.0082022805860522,-0.0066525384766182,0.0081289826159133,-0.0065199885938006,0.0081924060307334,0.0045805728734687,-0.0065551922026387,-0.0090874731084096,-0.0112132442789878,0.0008294176971409,-0.0003619694263767,0.0027508112632564,0.0056003853458178
1979-03-01,-0.0014360571380263,-0.0015842179393414,-0.0089656368876525,0.0083454980408881,-0.0543402508707308,0.0145973775412458,0.0120440086220803,0.0013295415077317,0.002991429611582,-0.0009738007868688,-0.0116061790900839,0.0096495906345214,-0.0086477378966671
1979-04-01,0.0014418925061588,-0.001700760677766,-0.0058391129394675,0.0052676586596109,-0.0097029130546618,0.0049329715164861,0.004399355272449,0.0042557109449191,0.0117946120290509,0.0007804790336768,-0.0031778966913115,0.0105941453252276,0.0005436982394104
1979-05-01,0.0003299921965828,-0.001237896051226,0.0092307175285501,-0.0083856919045493,0.0144546503945092,0.0003047630180384,-0.0067852235658221,-0.008639185693347,-0.0117358441094196,0.0026433622343742,0.0050672313917662,0.0014963793988907,0.0068088179166243
1979-06-01,0.0067832013184196,0.0006772495426657,0.0060231331273716,-0.0085113230327806,-0.0159022269184946,0.015905416273398,-0.0092762623727155,-0.0134600855834068,-0.0260161239548274,-0.0011250438398881,-0.0094935561836244,-0.000329926576899,-0.0019398957298823
1979-07-01,0.0073148874214645,0.0035434017667987,-0.0008739084471968,-0.0028444948672939,0.0001687275760605,-0.0127770652775017,0.0001557092439845,0.0058458192828099,0.0009801481032423,-0.002707662356848,0.0098260749544958,8.18751183364e-05,0.0124239965612015
1979-08-01,-0.0038586694114677,0.0041948468363322,-0.0117023579450166,0.010513329423724,-0.0133201575430116,0.0018872978201563,0.0081961177344231,0.0100666020850606,0.0192168788746683,-0.0019838789397256,0.0148076744767869,0.0097288276646408,-0.0088178464342132
1979-09-01,0.0016598898732005,0.0048953150347719,-0.0002551145730988,0.0038115891810258,-0.0031112012341152,0.0290744048399753,0.009817707919787,0.0081438004955395,0.0090026189232674,0.0026002051210344,-0.0059955580244522,-0.0139805810657721,-0.0118507144760003
1979-10-01,0.0031179379655247,-0.0005845931836643,0.0013028031561639,0.0015029521527723,0.0151567206107358,0.0085724046575337,0.0026000200773269,0.0101460183073716,0.0082536470247575,0.0054376058104452,-0.0015008326088492,-0.0224919369353423,-0.0100013394350901
1979-11-01,-0.0073793980824917,-0.0055680286864612,-0.0171307612326654,0.0049628887159936,-0.0417994320559745,0.04712743502006,0.0196364117141618,0.0040178736228223,-0.004881017622545,0.0064245662972423,0.0024427512443236,-0.0006748880515752,-0.0341240809289826
1979-12-01,0.0050956087467966,0.0113627249895528,-0.005959673213261,0.0135454221309679,-0.0376499527270871,0.0345100136556846,0.0215863562196801,0.0068595040125596,0.00981365164252,0.0078271426072498,-0.0014390030072837,0.0100422181797585,-0.0178714105191006
1980-01-01,0.0136004407849126,0.0121060381220775,-0.0016633399442178,0.0001025840019219,-0.0434098027512879,0.0649101082531485,0.0306776405804145,0.0043525610743873,0.0029660279893313,0.0161986905094764,-0.0305630304805123,0.0033412562744456,-0.021142753502397
1980-02-01,-0.0005550000917887,0.0008917450757203,-0.0048077910070235,0.0059075225584887,-0.0340361578581221,0.0642494536845632,0.0297431402765752,0.0084875343866331,0.0001685488928479,0.0037815532731666,-0.0237196836365251,-0.0167570334322368,-0.0291820277947714
1980-03-01,0.0056634986433858,-0.0001071527907108,0.0202729357059803,-0.0113147661201111,0.0973256705622514,-0.099587111742238,-0.0310132435715227,0.0105494433437393,0.0028942634151063,-0.0066306753385563,0.0604317267580982,-0.0191603822001862,0.0502651386837174
1980-04-01,0.0072373900931825,-0.0155668203142516,0.0051784274057828,-0.0183415421743697,0.0083195433647848,-0.0162505194225305,0.0022261018224357,-0.0121678096179509,-0.0346433661465379,-0.0006492725389237,-0.0019508829864652,0.0031257461525985,-0.0041796100131912
1980-05-01,0.0008280615097966,0.002621467034738,0.0029255141781807,0.0017810781482827,-0.0086555998526039,-0.0191323155290148,-5.80308858057e-05,-0.0017088746333625,0.0048473374191099,-0.0032147469311669,0.0126257635930204,0.0076796585210066,0.0143407865020891
1980-06-01,0.0033455398911565,-0.0062136894040017,-0.0131617073335877,-0.0022189180565602,-0.01055013538516,0.0145600400914216,0.0193265255959314,0.007204436950356,-0.0098540252702528,0.0090985768499933,0.0101832739446895,-0.008571837655317,-0.0173088483121022
1980-07-01,-0.0270763992442138,0.0047497597411661,-0.0310633021366451,0.0389255009167385,-0.0327375764322704,-0.0037297133126647,0.004522209768934,0.0279424192310176,0.0548289638624896,-0.0182581292129681,0.0154229598701103,0.0167691731408559,-0.0239875553086132
1980-08-01,-0.0047187761318563,0.0034654027066151,-0.0136601932367099,0.0149121475039005,-0.032561913680825,0.0134025948714621,0.0183057602320209,0.0116335901602066,0.0161652483323356,0.0037186088715156,-0.0029778187098209,0.0243041795880016,-0.0188756898340417
1980-09-01,-0.0076478992547163,0.0045153095708891,-0.0222139080212492,0.0140662477463955,-0.0196482714459804,0.0267178086026461,0.0288370034665787,0.028021615597936,0.0204450242635526,0.00077180172986,-0.0041205121275508,-0.0124529069107186,-0.0240836763231738
1980-10-01,0.0048753702396628,0.0036634548996723,-0.0164670545717089,0.0051080855635091,-0.0246797818769433,0.0376034566411097,0.0247058651579467,0.0079615747614411,0.0063789487826941,0.0032830577712481,-0.0074367528456082,0.0004056210755794,-0.0218220030938023
1980-11-01,-0.0288933957892864,0.0014974497516839,-0.0598568786220928,0.0254541306906727,-0.0790607277833042,0.0680881105788392,0.053317637605677,0.0447208908866519,0.0304366877370367,0.0126153756230678,-0.0252442437817606,-0.0550082537356154,-0.0703268125061675
1980-12-01,0.002183149186702,-0.0017246395308781,0.0197194749975125,-0.007069501145377,0.0510616105501111,-0.0377173587563131,-0.0130300037686404,-0.0145815592454431,-0.0155213114254053,-0.012778381142784,0.0232284130243015,0.0102986958492425,0.0329244731337655
1981-01-01,0.026957816287355,0.0005468312824254,0.044763528131698,-0.0195226648310621,0.0485657469572277,-0.0587758613360467,-0.0236484433960818,-0.0389314093413227,-0.0213663446283031,0.0002109777726826,-0.0092918393718697,0.0494855514749559,0.054982814687552
1981-02-01,0.0062605059129395,0.0073676441872166,0.0173146219467,-0.0046625547095499,0.0142357875020842,-0.0033384453796506,-0.007909733010037,-0.0051998125748442,0.003602961287191,-0.0027751871346333,-0.0099647864016743,-0.004252001959706,0.0182104164969201
1981-03-01,-0.0010564219647561,0.0007664544849301,0.0127471785445797,-0.0032333340112996,0.0003981864845826,-0.0151860261276876,-0.0062937898557653,-0.0118816912040955,0.0001075876158869,0.0051393944517398,0.0155301811192763,0.0138498781268258,0.0120019146453061
1981-04-01,0.0027556484330774,0.0046672904223502,0.0086215910621793,0.0057963840166792,0.0187260427657052,0.0109853498147094,-0.0056833588844021,-0.0035917720489796,0.0122811005796818,0.0009083136903353,0.0011360643250883,0.0320952985277443,0.0105612533566756
1981-05-01,-0.0034556698379337,-0.000922057995413,-0.005975670940179,0.0098117540706098,-0.0120205139869413,0.0245492014311743,0.0074010084545252,0.0045270440217264,0.0049386715000623,-0.0012007647910217,-0.0177115312775164,0.0061816137366386,-0.0146966016161551
1981-06-01,0.0287783648430281,0.0071518244980233,0.030594794709968,-0.0317147158203234,0.0454948969410312,-0.0283366222598297,-0.007569789360274,-0.0180322699236885,-0.0241187440514434,0.0046078479645756,0.0142126080202103,0.0108238875649663,0.0549946531172794
1981-07-01,-0.0040034678136064,7.15555753384e-05,-0.0211094530307153,-0.0057278602127852,-0.0226480747740556,-0.0360927449137763,0.0148658023546105,0.0153939440741791,-0.0027141510723914,0.0068469247029837,-0.0061888797438115,-0.0246032392555321,-0.0066070451039421
1981-08-01,0.0138184807853889,-3.99521597067853e-06,0.0135888269610483,-0.0175158392140548,0.0357486544969964,0.0020523963162872,-0.0016247470579506,-0.0004831340774738,-0.0069625568592784,-0.0015287990314937,-0.0008848144152717,-0.003325203708355,0.0270200937434995
1981-09-01,0.0290077589236802,0.0137484221360964,0.0282224717867714,-0.0088687542448901,0.0480685113667477,0.0317289083065789,0.0035370165107602,0.0004622154180961,0.0070636100193818,-0.0017149082887849,0.022781663567587,-0.0053192323678317,0.0301278247762858
1981-10-01,-0.0128610544410672,0.0018477547734299,-0.0321825889539847,0.0140836904664955,-0.0375333170455725,0.024635935454334,0.0295017784211684,0.0290822406858702,0.0157824553219826,-0.0009902504397017,-0.005996483905421,-0.0152005057157288,-0.0372609658597453
1981-11-01,0.0087081215097945,-0.0048785101373256,0.0108884658334269,-0.014110933098174,0.0253997243195304,-0.0069332351557694,-0.0061987513832841,-0.0111045384655369,-0.0167236303150642,-0.0028985976246698,0.0094493549260767,0.00296582205125,0.0228879016762684
1981-12-01,0.0158266008197322,0.0125599030638393,0.0159140471489915,0.0026914209129716,0.0171532356664557,0.0014907189960205,0.0033618388370953,0.0007114072846793,0.0165429422717064,0.0020172149462462,0.0074760478733034,0.0134888431284795,0.0143217050336611
1982-01-01,0.0242726550987017,0.0130435949964599,0.0287724452865234,0.0022626450505029,0.0218588540618675,0.0181699779350951,0.0039128632776089,-0.0053158863408328,0.0039705264544484,-0.0082506325435675,0.0110481486613955,0.0116893560512944,0.0180268052583224
1982-02-01,0.0389216953892141,0.0117829124504294,0.0432750024046246,-0.0204601214513558,0.056723238608227,0.0451802176979442,0.0074076655451514,-0.015969542785218,-0.0049703166304591,0.0024793681321226,-0.0086310928307799,0.0095742105305035,0.0324430912606224
1982-03-01,0.0228613031800266,0.0121468354829146,0.0267984113309738,-0.0160442390545734,0.0282282798078413,0.0324522753385497,-0.0010660140871033,-0.0088173492288449,0.0019778504778107,0.0067576836982897,-0.0095957648196834,0.0058419435061843,0.0181182966250318
1982-04-01,0.0045534532570234,0.0016587769812,-0.0005550125907406,0.0100883648931457,-0.0082294464059483,0.0070749708907456,0.005094655960749,0.0055378383502812,0.0130071599326095,0.001518347729017,0.0069538283238446,0.0008607159456819,-0.010501363311288
1982-05-01,0.0083457201235841,-0.004323473464667,0.0033298803082347,-0.0060722809644076,0.020021802112843,0.0187861291183784,-0.0027207370563866,-0.0034075523377308,0.0028275335423539,0.0050820583856454,0.0102404966387358,0.0104347228170195,0.0091000104084401
1982-06-01,0.0263019309259031,0.0147731601234632,0.0279714401438844,-0.0056552517314886,0.0169267365558084,0.0541692638799456,0.0055253751704304,0.00108609600398,0.0165377729856142,0.0039878695479403,-0.0004411232260187,-0.0171148349484237,0.005680462280029
1982-07-01,0.0119445257458804,0.0149596553305031,0.0226334526137774,0.0064816117561753,0.0197581291097727,0.0364391030219899,-0.005863975915892,-0.0007175152779877,0.0155851310338183,0.0039966305606157,-0.000353611555719,0.0141119040866697,-0.0044873679561716
1982-08-01,-0.006105995409644,-0.0103487591715246,0.0007947191645203,-0.0045605046748988,-0.0069365745202099,-0.0336381221631435,-0.0145876901760293,-0.0139210496035244,-0.0159512648464656,-0.0062426250025963,0.009103089402663,-0.0117096056610486,0.0091820148379976
1982-09-01,0.0100145393768372,0.0061804678049105,0.0061560473438734,-0.0055269507393069,0.021126777251061,0.0233494721248086,0.0100749342235075,0.004973872379552,0.0071487747855689,0.0059102491790597,0.0096993436691549,0.0001354338245954,0.0068099249866925
1982-10-01,-0.0247537188682722,0.0084519922947562,-0.0175432580704978,0.0303910454542896,-0.0446029276086583,-0.0116322248713792,-0.002047040849276,0.0026962943751064,0.0062704669931083,-0.0129564624935953,0.0087058721710945,0.0095333076574166,-0.0247753108682746
1982-11-01,-0.0187096825286937,0.0094482286944511,-0.0072666625561042,0.0217340115025734,-0.020655904275562,0.0392820066175068,0.0062022062929222,-0.0005317682183592,0.0174175803997108,-0.0052776227716226,-0.0123064121010758,0.0161745210629465,-0.0368374268675125
1982-12-01,0.0095204026397821,0.0012569239580782,0.0102068988514934,-0.0051254809957625,0.0070226494663199,-0.010190016248038,-0.0077059616478567,-0.0041540735745766,-0.0006954720990929,0.0064105144345008,0.0199487713054835,0.0110845909367449,0.0088059149789834
1983-01-01,-0.0090165847369468,0.0044095885750919,-0.0029575747422381,0.0280593908798978,-0.025248715296815,-0.0179175050605517,-0.0128739813892191,-0.0158125185231392,-0.0121897258201664,0.0108518489671649,0.0146973115837696,0.0440320341427268,-0.0144530998673468
1983-02-01,0.0137365770778234,0.0148645568525749,0.0112186737581255,0.0029154898445278,0.0157959813275328,0.0246492562186404,0.0120176521660666,0.0013068023007344,0.0135178675566914,-0.0010735349473102,0.007410450368647,0.0043594390504707,-0.0022533597394221
1983-03-01,0.0128892819268923,0.0105117517303752,0.0131477182478464,-0.0145162263116601,0.0119627027822818,0.0039924314886074,0.0090122148895473,-0.0035656219780679,0.0041690128177006,0.0043382311853536,-0.0007019151848269,-0.001463054815531,0.0142380581498702
1983-04-01,0.0062291863964064,0.002978563832384,0.0027756218323077,0.0001746651776879,-0.0083473677814839,0.0084390067558672,0.009572857179943,-0.001156265136013,-0.0057082582339571,0.0014327680922414,-0.001675737993113,0.0088007985791105,0.0053503932303561
1983-05-01,-0.0089075631480852,-0.0072895055871773,-0.0077551879654613,0.0121394835442431,-0.0300340670173393,-0.0148463764399179,-0.0119447661466623,-0.0216676125883091,-0.0125264662287218,0.0074700628454209,0.0004905921510606,0.0391138441851302,-0.0171082681111379
1983-06-01,-0.0190473229089198,0.0076776208244129,-0.0140222523911529,0.0222004669233309,-0.0247553400399417,0.0111651598124494,0.0091205956538352,0.0154691839108659,0.0293228903171459,0.0039147160527753,-0.0128180481237581,-0.0009172319428552,-0.0171280304671569
1983-07-01,0.024828082163039,-0.0036330607373651,0.0179796832238142,-0.0204430667966502,0.0403045226492225,-0.0085018308149933,-0.0048915810125614,-0.0125008742030793,-0.0152677326550834,0.0004077174967158,0.0140890072394429,0.0209589959132816,0.0348369606955422
1983-08-01,0.0142950754999535,-0.0060107977416385,0.0184119974503033,-0.014365472719868,0.0083521950220299,-0.0279187429324776,-0.0167868825443432,-0.0015922858378981,-0.0164403236433376,-0.0065580150170235,-0.0049829816964412,-0.0183526963087446,0.0312395424500298
1983-09-01,0.0098866667990798,0.0075341218095155,0.0069514498132822,-0.0111726945601815,0.0326942178127015,-0.009567430672381,0.0029379020050648,0.0037395997363162,0.0116597337331864,0.0043711569138504,0.0140222318642757,-0.0022311861901871,0.0193184528761683
1983-10-01,0.0276296881513424,-0.0015435409668831,0.0259955840555683,-0.0347187261560152,0.0482382979603275,-0.0193443253303744,-0.0089296194234744,-0.0015174967707717,-0.0008425778494862,0.00878315500048,-0.0045480370203301,-0.0201361675799083,0.0514285779956927
1983-11-01,-0.0044439022613163,0.0139265019707463,0.0020403585080887,0.0153096523970356,-0.0191594518088425,-0.0111887163146344,0.0133064156550994,-0.0048883524232058,-0.0007359905785943,-0.0040685972875603,0.0198285015606177,0.0061076982406958,-0.0125305899824446
1983-12-01,0.0100885295328495,0.0056618505028183,0.0192117737531067,-0.0037568107283944,0.0081565752884335,0.002378377303297,-0.0081405529499433,-0.0038944847265067,-0.0033778576019823,0.0004306811240339,0.0080528738560303,0.0018696802952125,0.0224063244361907
1984-01-01,0.020796183351181,-0.0045293664899884,0.0330101341775914,-0.029912384166616,0.0144955084348273,-0.0088060280025557,-0.0197332128867517,-0.0188923408764864,-0.0263704461084419,-0.0037282021394929,-0.0007523311098508,0.0126668845801935,0.0478838411906442
1984-02-01,0.00394305991902,-0.0030574706726311,0.0069186319051389,-0.0109437459286794,0.0117942150418546,0.0045704024355418,-0.0067029061273034,0.0026792901785307,-0.000370750578912,-0.0020644881522538,-0.0001105063783168,-0.0089373283064087,0.0167987483402137
1984-03-01,0.0151819348284801,0.0108175647730037,0.0183990789149856,-0.0062609906826204,0.0007435097561107,0.0130330824986808,0.00075896517796,-0.0107477252922207,-0.0065706371611168,0.0031025004821717,0.0121169705929073,-0.0083682347700464,0.0094057307362775
1984-04-01,0.0010524833322206,0.0009487967907314,-0.0047833345808065,0.0012982355726456,0.0099144962217945,0.0077720861642221,0.0003519224167867,0.0163135436549538,0.0220398099840675,0.0020223685504743,0.0033830767812182,-0.0051571682248576,0.0102333486326771
1984-05-01,0.0060062377207135,-0.0109807832161449,-0.0038154077113546,-0.011573632425858,0.0240952250507993,-0.007426904831575,0.0011148823829537,0.0123428392787777,0.0151736719924516,0.011753606942336,0.0001671086167016,-0.0011838093293013,0.0149463030936452
1984-06-01,-0.0070279011069583,0.0007924047297422,-0.025858716452147,0.0096442651828537,0.0001174924592947,-0.0053397135831133,0.01344010234292,0.0307523823628429,0.038940348427816,-0.0003337477704888,0.0016116584610085,-0.0113942789826964,-0.006328841245043
1984-07-01,0.0019372882670645,-0.0023554594117012,-0.0076620345102225,-0.0124002391914977,0.0271424377691603,0.0151607645261003,0.0171693081470822,0.0188195913129139,0.0202188733790805,0.0005059741371575,-0.0061868315889871,-0.0218213522650897,0.0207059232627264
1984-08-01,-0.0155287800746855,0.0046416117819068,-0.0072454827540444,0.0156093864601947,-0.0340449680315443,-0.0388994190205464,0.0047853638309316,-0.0019133908774072,-0.0068679850537994,0.0037375814962036,0.0180675617123252,0.0021406465325338,-0.0112518756834664
1984-09-01,0.0268660476871922,-0.0037040033139864,0.0208256694120635,-0.0323720541281167,0.033714716542394,0.0161007540557877,-0.0053778907393437,-0.002833061410118,-0.0126322758219148,0.0019459749179696,0.0161112332112216,-0.006403165746682,0.0370268918037423
1984-10-01,0.0088833745169997,-0.0052420580605226,0.0002879080722563,-0.0161119087348931,0.0184742339212023,0.0174615909744957,0.0100210715608703,0.0102092189810237,0.0060635399161522,-0.0017356370142262,-0.000154347931753,-0.020725105151759,0.0199851678420673
1984-11-01,0.026489327704879,0.0031736849783664,0.0270302105885657,-0.0174482795476511,0.0254665809759284,0.0130226621072794,0.0024772475970884,-0.0004382657614979,-0.0039186001728361,0.0009164519819932,0.0018038715151967,-0.0120789926094972,0.0306858537714518
1984-12-01,-0.0076965172189927,-6.47960634709e-05,-0.0115179334850172,0.0032420609136093,0.001593236966114,0.012303861063733,0.0047076824724504,0.0114476921808955,0.0067902876348867,-0.0022609574985993,0.0044687875024195,-0.0110088710240374,0.0025604668871457
1985-01-01,-0.0363066905643448,0.0015915575031644,-0.0341293722750316,0.0291576153405316,-0.0372268622569289,-0.0424220143261985,-0.0060325342211855,-0.0029437463880588,-0.0028052763669366,0.0053236303703046,0.0092534615441277,0.0343019047292593,-0.0333327181696856
1985-02-01,0.0100632292625987,0.0025986265718556,0.0046944057938362,-0.0033068125885585,0.0083885335152521,0.0056604082861676,0.0001816276703075,0.0081949482446937,0.0093276856318084,0.0026411941356314,0.0053088746588798,0.001363947143985,0.0070379421452773
1985-03-01,0.0371595305676605,0.0059819786452782,0.0314464503262052,-0.02854050550521,0.0299362580267007,0.0007543918005457,-0.0038460562119549,-0.0024211823969348,-0.0083360539696108,0.0013294957642105,-0.0071594647576037,-0.0161915584385952,0.0262091267168294
1985-04-01,0.0208003344051112,0.0036293721108044,0.0153066933649039,-0.019392008615155,0.0276091764491578,0.0209680927276021,0.0009182132529958,-0.0002964403959756,-0.0112947788508941,0.0016461100910779,-0.0054194471397091,-0.0082257362404989,0.0157328026231007
1985-05-01,0.0069132106070893,-0.0030810475522136,-0.0050368244924141,-0.0116631788906458,0.0057649787399912,0.0142747622555195,0.0015777267248782,0.0190574178441766,0.0221571667255237,-0.0012448554598963,-0.0027970995985822,-0.0315375764299757,0.0059262870041768
1985-06-01,0.0042253786783776,-0.0071589535275101,-0.005311693255996,-0.0057318088313678,0.0096739163632628,0.0210218870095303,0.0057656203974152,0.0091691184487978,0.0047839775519518,0.0002869504657816,-0.0041736451731835,-0.0101606665819878,0.0043697621307654
1985-07-01,-0.0038134022925108,0.0078032205003807,0.0040089398598058,0.0240373303044359,-0.0120132401939409,-0.0385489589311882,-0.0017890783385327,-0.0072526928429112,0.0016193546563171,-0.0020372136822999,0.0159049302429478,0.0337683015068943,-0.0066607149653108
1985-08-01,0.022170933323875,0.0066787509981855,0.0174903516104937,-0.0121549478911168,0.0114433813149758,0.0153804575293999,0.0004443547793824,-0.002139273695289,-0.0014376503196028,0.0029567196575022,0.0020856700147017,-0.0016661217079735,0.016485834201686
1985-09-01,0.0238481044371761,0.0067870556733127,0.0215649498394871,-0.0048137647340965,0.0205691021996584,0.012930559663641,-0.0001708112670177,0.0070343912606489,0.0196723683511323,-4.3167857061e-05,-0.0065971591721393,-0.0125033262467279,0.0187026679467831
1985-10-01,0.006094322623808,-0.0041425035898963,-0.0022933144589499,-0.0113184856751992,0.0081363312810264,0.0214900445054194,0.0068888379729201,0.0081820481277269,0.0003824005402996,0.0076873327920348,0.0017499542772091,-0.0240391032444548,0.0088723718174765
1985-11-01,-0.0147407713983043,-0.0034710718172531,-0.0153760964172899,0.0166448690721153,-0.0028340525346441,-0.0041524212685865,0.0020250273674957,0.0111741774256339,0.0117650127213475,-0.0051008668041216,0.0101414231238407,-0.000284975478056,-0.0107570454549529
1985-12-01,-0.0034699355850057,-0.002821661930378,-0.0052117495609934,0.0065130896895039,0.0021069239296824,-0.0022929049009478,0.0033595973730252,0.0071606019005794,0.0078394002451488,-0.0038135230457861,0.0028525843778559,-0.0005375958812801,0.002523739659144
1986-01-01,0.006972875956792,-0.0095598481555882,-0.0033020674641603,-0.0073216065803574,0.0050729921956186,0.0285459081637976,0.0124513656520986,-0.0049088054183636,-0.0057852432645335,-0.0015117081377599,-0.0002609095961799,0.001312360163114,-0.0022198734668217
1986-02-01,-0.0060372570503755,-0.017190000728914,-0.0149564396819402,-0.0022673469228685,0.0036348733194957,0.0191848838309158,0.0027144287293877,0.0156709305763748,0.0114203274407121,-0.0085189208135193,-0.0002728923740833,-0.012192926603754,0.0009118582564419
1986-03-01,-0.0013347549053927,-8.23136728095e-05,-0.0085257229050378,-0.0058169472572017,0.0104420668653482,0.0134432156756337,0.0146523131887871,0.0154222969412122,0.0172161341247574,0.0001719381071008,0.0035116754304562,-0.0086361266599042,0.00439986856137
1986-04-01,-0.0096721267950164,0.0072588128202017,-0.0115140703294361,0.0267621960993696,0.0019721819593176,-0.0046101989935405,0.001491140662642,0.0123477939381226,0.0205445097018745,0.0082059714012912,0.0053362966539128,0.0193302316778438,-0.0168150063855387
1986-05-01,0.0007004715710322,0.0052883548971415,-0.0058413467497926,-0.0036394198170393,0.0025118414932168,0.0148200670582488,0.0104509041957111,0.0213693379530326,0.0212593891035793,0.0037015927789911,-0.003778827688223,-0.0212644998823945,-0.001972381793539
1986-06-01,-0.0040418618119478,3.57761524189e-05,-0.0102434649583908,-0.0139917574824888,0.0214536491196498,0.0337667649329446,0.0124675241433588,0.0190589776563387,0.019286572952992,0.0094704285454788,-0.0120720042804293,-0.0199386907210545,0.0125065896764746
1986-07-01,0.0264378418241473,0.0053496958379801,0.0185011111646208,-0.0227744292383535,0.0382880462854706,0.0076545217048621,0.0013950176063362,0.0044381079298857,-0.0019155148969076,0.0040491083583029,-0.0042096825531514,-0.0169196262179165,0.0301386600413511
1986-08-01,0.022461224532935,0.0058981671345493,0.0313556212484078,-0.0147955329021724,-0.0064180731308706,-0.0370447307465107,-0.0066975659285028,-0.0072174241115902,-0.0211563813145753,0.0019991052100513,-0.005532463117252,-0.0253856261026205,0.0278354125976326
1986-09-01,0.0088755426097007,0.0033331902366177,0.0257167820078515,-0.0134074205135539,-0.002733101772442,-0.0368523095089933,-0.0201702476192811,-0.0266468098182891,-0.0169008318539215,0.0033535565788402,-0.0071097120327568,0.0196583740708114,0.0212699225809564
1986-10-01,-0.0050847689792474,-0.0008119503099001,-0.0073581014317608,0.0013345008747112,-0.0091433548882586,0.0062286172274576,0.0069028841631807,0.0198278839426609,0.0201785772088489,0.0051918641046666,0.0122727199025098,-0.0276095118455716,-0.0022710463016044
1986-11-01,0.0032573947618529,0.0031774072328083,0.0056346859769046,0.0067961183284562,0.0023368405415314,0.0016966716926097,0.0008259317945949,0.012263779313252,0.0187918257013244,-0.0026135679504587,0.0036521405775459,-0.0104450433123247,0.0080141556734278
1986-12-01,0.0059785861980121,0.0020109138603034,0.006435909202154,0.0029142231638916,0.013534612553439,0.0004447272824937,0.0005859119777034,0.00374994250348,0.0029575627134984,0.0010350030078773,0.0049721605220929,0.0083469718610606,0.0053134630233862
1987-01-01,-0.0034400254350253,0.0085571635909065,-0.0041471033220409,0.0314429252060857,-0.0218900951496262,0.0203098593260999,0.0074711857847865,0.0153594968008191,0.0189984296041266,2.69567826904e-05,0.0035498206083634,-0.0004571565668902,-0.024248145366673
1987-02-01,-0.0153581585291844,-0.0004173614068143,-0.0244030733028745,0.0291084942159142,-0.0319004782953137,-0.0178391460948106,0.0130271215982892,0.0035838754117654,0.0096280553155082,0.0075645364472288,-0.0003311294582977,0.0238773442365557,-0.0338062171186862
1987-03-01,0.0131780692987947,0.0116909288538704,0.0179203494150744,-0.0035091244358139,-0.0013493951137768,0.0256431953486575,-0.0063925360794193,-0.0084124508247921,-4.97424110222e-05,0.0038185975562157,5.75557620954211e-06,0.012664780436274,0.0011959545822946
1987-04-01,0.0121233339800083,0.0074093375081503,0.0156126799700797,0.0146284825306746,-0.0151088965257328,0.0296000230519891,0.0003130691489793,-0.0112020817325711,-0.000100722847509,0.0029202230543563,-0.0039967326334463,0.0060984142895792,-0.0059419467721779
1987-05-01,0.0083815844389993,0.0038546629980256,0.0039200057597238,0.0024654093485756,-0.0025449766854653,0.0025218148573352,-0.0060336886610561,-0.0043695041687873,0.0012014725172208,0.004701283496703,-0.0073608008031378,-0.0088612970093987,-0.0036292012337306
1987-06-01,0.0058421532084651,-0.001202282291068,0.0059015157932834,-0.024702379268675,0.0243961637511382,-0.0174737870685985,0.0049603067951024,0.010962412345157,0.0069930120546587,-0.0001763146587606,0.0072170328198168,-0.019907334218788,0.0222650750415088
1987-07-01,0.0068181548024216,0.0034680510931581,0.0163791524176648,-0.0051655355903427,-0.0137526197830616,0.0422630386036822,0.0038546987601826,-0.0072302821715848,0.0008642357849009,0.0005125352914364,-0.0023569586841368,-0.0078409430389647,-0.0058959618417701
1987-08-01,-0.0079856408692084,-0.0074106140371995,-0.0179741227730296,0.0129290445622917,0.0095929567426708,-0.0242659595758206,0.0052703726054446,0.0194516803481873,0.012097008940228,-0.0042159446320949,0.0165469855205906,-0.0060992474022961,-0.0015684601675921
1987-09-01,0.0210291541126409,0.0017723464784952,0.0168278096820203,-0.0016712683159912,-0.0015077095022761,0.0219848404543907,0.0064893799162847,-0.0119497843433605,-0.0063744405883573,-0.0010752995250647,-0.0024395703576519,0.0003210974188774,-0.0018262614486125
1987-10-01,0.0390675428409246,0.0036422380973823,0.0345805099716085,-0.0307380355407535,0.0691001069162657,-0.0638804758146089,-0.0162634323560344,0.0193144786128609,0.002563453500975,0.0106358692979293,0.0144331875468881,-0.0423483303860762,0.0610306836022727
1987-11-01,0.0160231562564766,0.0030400425801287,0.0179702240473623,-0.0160332103940973,0.0273609971240262,0.0070563582858528,0.0016048875802773,-0.0157168999844356,-0.0126312132952215,0.006710602616629,0.0201709582269333,0.0087483662191922,0.009278893394628
1987-12-01,-0.0249095173180171,-0.0022190244716512,-0.0323584611873488,0.0285208826497358,-0.0380135908579015,0.013009747746733,0.0261662217596606,0.0343843682871694,0.0440146590988385,0.0034118705096744,0.0146883184313065,-0.0206826811049704,-0.0299778118248975
1988-01-01,0.0145085267810095,-0.0019949205306636,0.020674539352854,-0.0252969585565711,0.0241054122772135,-0.0572931794619406,-0.0294724919345407,-0.0156937581394367,-0.0282753665772458,-0.0093980797113344,0.0111708685708926,0.0094542827840898,0.0542068454814812
1988-02-01,-0.0149476552673398,0.0004282947787544,-0.0104112216287401,0.0113407121900647,-0.0292638273341248,-0.0208357102613641,0.0132882914133829,0.0065301256480419,0.0188472813702642,0.0066720947631337,0.0134173543850687,0.0099576871799132,-0.0082436223769148
1988-03-01,-0.0041568789939938,0.0030978334050762,0.0002833127380765,0.0013170960981008,-0.0086218184080612,-0.0021112848186796,0.0089743051423871,-0.011292000861509,0.0023094944453293,0.0027815471932984,-0.0184355045931583,0.0414020351350147,-0.0052927800824979
1988-04-01,0.0110320578817851,0.0105296682908046,0.0089303908946348,-0.0019825124031102,-0.0045409071302655,0.0068191545546247,0.0064048104915199,-0.0062895501257513,0.0030696450420064,0.0057320142429665,-0.0038369894510728,0.0096108112698308,0.0003048380602148
1988-05-01,0.0126603935186718,0.0042606856226973,0.016401361934334,-0.0122129446694651,0.0083186493748151,-0.0082193135426736,-0.007250417441181,-0.0051331752529674,-0.0127242816142959,-0.0024878095205095,0.0111206443981107,-0.0183885530720945,0.0177441645147645
1988-06-01,-0.0075434136898226,-0.0068705730865838,-0.016670282967352,0.0101808922840641,-0.0140140009931446,-0.0143159376045468,0.0001233267331218,0.0106841523965129,0.0060273858485545,-0.0066415556250593,0.0076711080545739,0.0061670910939816,-0.0033703256090395
1988-07-01,0.0089208380014862,0.0012746590170904,0.0139934549889071,-0.0175010448998662,0.0119720266116514,0.0040238446898856,-0.0045447656640345,-0.0116968035819825,-0.0127658542603461,-0.0008143513322178,0.0096738306472407,0.0037572062351098,0.0158852872073207
1988-08-01,0.0141959639401775,0.0030645432681231,0.0184157741748957,-0.0184737738289322,0.016047727100221,-0.0095250094487183,-0.0079539153826431,-0.0120396564147607,-0.0133335072600257,-0.0009156307171945,-0.003010900113662,-0.0053097586514188,0.0187449734005425
1988-09-01,0.0006282009825773,-0.0066443234867322,-0.0050486912934799,-0.0083714121996931,0.0050115883959907,0.0008177029745493,-0.0022808883359146,0.0086057373957688,0.005882346881036,-0.0035121509083258,0.0065399761715477,-0.0181233471889305,0.0054256119109929
1988-10-01,0.0054721457963394,0.0019010533919531,0.0136566402481777,-0.022455538235836,0.0112363282001667,0.0068916912398592,0.0005001632521225,0.0026307983070148,0.000604672271537,0.0031194559236813,0.0008657732203953,-0.0221428721612333,0.0196213495401465
1988-11-01,0.007519549973598,0.0025282827630953,0.00570786581175,-0.0043713133807359,0.0092102938753262,0.0030306629509529,0.0007991618795794,-0.0015450367534414,-0.003203701781992,0.0047570897836292,0.0027837518297216,-0.0096169648749615,0.0033310297613827
1988-12-01,-0.0046465877535837,0.0042877746423906,-0.0082848868006364,0.0130486367402144,-0.016698741876237,-0.0076247126645869,0.0130695214473927,0.007737548693387,0.0178335587474362,0.0044174258825359,0.0017471174769374,0.0078353623986201,-0.0093432564225957
1989-01-01,-0.00198780779897,-0.0019363958969064,-0.0039451617005128,0.0003600932752682,-0.0108919377022777,-0.0022485125929215,0.0063272631747592,0.0064748109117194,-0.0033532894913733,0.0022964806432476,0.0036042181515513,-0.0094601576782965,0.0015534454930164
1989-02-01,0.0055016034154166,0.0047196969207409,0.0069298499369452,0.0025049055405206,-0.0030981942037783,-0.0001378373839027,-0.0008932116573233,-0.0114023782428227,-0.0100366756557581,0.0040205804539679,-0.0032479609095321,0.0156377249582397,0.0005765551124142
1989-03-01,0.0080581248540933,0.0031488062190544,0.0104130630432298,-0.0126060018605007,0.0043794589144829,0.0213000280017089,0.004199843939328,0.0006159413104941,-0.0060487978386119,-0.0005025480854035,0.0014098192571976,-0.0073881396068383,0.0060726871690928
1989-04-01,0.0020964227992555,0.0025853820152999,-0.0034403092126369,0.0015440416481024,0.0006071879238992,0.0093094885255194,0.0081668896645528,0.0094726429487926,0.0091105166786133,0.0021006528937615,-0.0044482363438445,-0.0153423300220763,-0.0061617206944789
1989-05-01,0.0023234840125105,-0.002991030547396,-0.0068334275143322,0.000198912352367,-0.0069530117874787,0.0043631386296213,0.0031597570940866,0.0038153877679099,-0.0007231274178614,-1.61347513891e-05,-0.0076909111394169,-0.0089158285036025,-0.0049704490467724
1989-06-01,0.016497158607939,0.0027406556467905,0.0219259798134804,-0.0221558094132366,0.0260977916232693,0.0060085452175204,-0.0084016213360761,-0.0154087085245215,-0.0247369155245511,0.0029305313073548,0.0082604781401874,-0.004753029904953,0.0127421333929278
1989-07-01,0.0029621555438147,0.0029028760730351,-0.0007469391214736,-0.0070002930697107,0.0018506375032982,0.0291804506463745,0.0100209446500771,0.0267287535429392,0.0162183636804046,-0.005942768647061,-0.0051176921788375,-0.0384173456249769,-0.0001418017515282
1989-08-01,0.0038203351438519,0.0041979910248039,-0.0100501073616998,0.0048222572010252,-0.0073202802744539,-0.0167334471060047,0.0071366146256805,0.0131666198127614,0.0095902063431415,0.0103750727987283,0.0047276216568313,-0.0011072380710983,0.0062014867503665
1989-09-01,0.0007287325222543,0.0020128586996507,-0.0041027566978592,0.0083266293318319,0.0077005454993567,0.0211579450566166,0.0028371673301082,0.002394439010021,-0.0019693650118952,0.0031885756967862,0.0101118792797695,0.0044294959445729,-0.014253036618248
1989-10-01,0.0026906164079586,0.0008188094854828,0.0001244423986777,0.0034462475484814,0.0285748377703555,0.0083125533775592,-0.0019034404982713,0.0067298219751643,0.0083870154388457,0.0032210530496913,-0.0123236588720634,-0.0164876030518254,-0.0052673091720223
1989-11-01,0.0003440940817511,0.0101257633637425,0.0082184845113774,0.0022007999600777,0.0070832560251219,0.0157917484015346,0.005475509109565,-0.0006702445818666,0.0053076518579038,0.0034013385001541,-0.0060326144472194,-0.0115474391494673,-0.0087217734836063
1989-12-01,-0.0069273015035243,0.0060163791753108,0.0132710813151874,-0.0018791633846644,0.0105631556971559,0.0109482973382363,0.0017380788202708,0.0035276936814593,0.0084228919366608,-0.0019905273302896,-0.0045072460669726,-0.0173324200365119,0.0040815726799415
1990-01-01,-0.0066318832772676,0.0066532369036677,0.0081901473735932,0.0093163978384848,0.0191768734208373,0.0024018085683929,-0.0118677043413924,-0.0040602831657139,0.0036075680513891,-0.0030205152938693,0.0027333371232465,0.0065173875870291,0.0039684459254112
1990-02-01,6.24477206211e-05,0.0025366062650306,-0.0054520833227847,0.0080130956090252,-0.0145157035499883,-0.0018460620457892,0.0065365014957101,0.0017430494543478,0.0003148987817794,0.0007666493461943,0.002290866618577,0.0037469273879006,-0.0022922076651252
1990-03-01,-0.0128088882636691,0.0048529065033275,-0.0154551161159979,0.0169788387902823,-0.0117283851518023,-0.0037790232562923,0.0043841944136008,0.0134057039562657,0.0321645023444903,0.0018243863131165,0.0047513951924189,0.0026870566947444,-0.0147223546300834
1990-04-01,-0.0098348007250121,0.0002828718065951,-0.012086731171814,0.0085069015880128,0.0032827160576537,0.0070692658422653,0.005281411764294,0.0133566695578697,0.0236590486828179,0.0032229044669388,-0.0065439724367986,-0.0041283942530914,-0.0136660753144985
1990-05-01,-0.0087144611542874,-0.0005233427003201,-0.0216591138336675,0.0157101107238102,-0.029337089969282,0.0139785085993307,0.0109504561734388,0.0236912337654453,0.0191110219456023,-0.0072648842384752,-0.0016362995596537,-0.0294759212097435,-0.0259484590915538
1990-06-01,-0.0078173388632764,0.0033799899040665,-0.0052983973877977,0.0095872762763057,0.0045428986119719,0.0169151253989942,0.0086286086395545,0.0045902010322948,0.0148513441982574,0.0037561451816145,-0.0022379989331098,0.0073123672636377,-0.0102082602559797
1990-07-01,0.0097783475707084,0.0098943940806098,0.0163766205375005,-0.0123078150285815,0.0297386896839119,0.0206825476744447,0.0086143869579783,0.0061553920718432,0.0080838499372221,0.0037349444254935,0.0060933322298073,-0.0246008642535805,0.0155866423737793
1990-08-01,0.0109823049697403,0.0057565162974277,0.0187832346547952,-0.0065114433009306,0.0290897333343525,0.0076520707434536,0.0079162365608198,0.0006391910190561,-0.0055458460366894,-0.000812454766785,-0.0177521026968569,-0.0192130350273179,0.0068445326248232
1990-09-01,-0.0083984507567156,0.0052679698846784,0.0176460173564725,-0.0084520836682254,0.0500997217084041,0.0424599046165989,0.0080993949857984,0.0050479501240904,0.0108164264709309,0.0108474437104614,-0.0115124661186963,-0.0293617392969743,0.0002885132407942
1990-10-01,-0.0215200221703584,0.0034567869859223,0.00548516435023,-0.0039580655127361,0.0362837503375994,0.0455871510245915,0.0078022771339468,0.0221260300095666,0.0230996950003733,0.0139914359393285,-0.0005449676173943,-0.0346546640632403,-0.001995737054686
1990-11-01,-0.0006431004274251,-0.0054592485252002,-0.0247086457377995,0.01120766184877,-0.05251866542546,-0.055499497181189,0.0058384070073499,0.0265386686405923,0.0074576445021563,-0.0150657978569092,0.0014916445883369,-0.0202178388007865,0.0144600241220955
1990-12-01,0.0025563005598088,-0.0021365815857267,-0.0128982122602075,0.0052077083355766,-0.0166474854098841,-0.0206003268608704,-0.0014449511336872,0.0241300217286185,0.0190122446207436,3.17479575397e-05,-0.0070804149815352,-0.014858547956293,0.0078409516005726
1991-01-01,0.0138479815321792,0.0081067199927497,-0.0208464285055901,0.0300084443144396,-0.059005800236027,-0.0271420167982814,0.0018840379882203,0.0253204341295694,0.0286803412031571,0.0026105176458856,-0.0035758770769451,0.0245699168253864,0.0015628295581639
1991-02-01,-0.004644938122501,0.0084504168443056,-0.0050566211955921,0.012882047981035,-0.0300543842798929,-0.0303310890584807,0.0009181896843079,-0.0108134637989191,-0.0099071988812381,0.0040189476271421,-0.0045955641204253,0.0400976019289467,-0.0022656310218308
1991-03-01,0.0037553829978744,0.0124438581476164,-0.0007930512811477,0.0115264403727806,-0.0192245805475688,0.0306696041205087,0.0078983161235011,0.0051059067959941,0.0143701234326533,0.0019285794064075,-0.0003608647187762,0.024516746267205,-0.0119014426116249
1991-04-01,0.0078848662380295,-0.004030896577759,0.0049643969456791,-0.0125732899129467,0.0111373106597574,-0.0111299992233718,-0.0062884514718237,-0.0027202317661068,-0.0145447084827027,0.001785288616914,0.0049185124364892,0.0048636174225539,0.0147733654405518
1991-05-01,-0.0082838230168896,-0.004876247981659,-0.007562799970496,-0.0015003517658144,-0.0208436327579007,0.0090978065010555,-0.0083062791563039,0.0039780643428274,0.0025803799846259,-0.0026675219842407,-0.0050908171292874,-0.0123500605272782,-0.0010741716726292
1991-06-01,0.0042799905989665,-0.0012877864448749,0.0158931466564426,-0.0088736910081685,0.0303716566332439,0.0009213774264363,-0.001214887069841,-0.0011376454530567,0.0016598053866188,0.0016331700988215,0.0057079210115204,0.0096531909922899,0.0170830976715744
1991-07-01,-0.0049803792301365,0.002983929148486,-0.0163527017589673,0.0104603251365794,-0.0214858383499963,0.0248691432815935,0.0131541572470034,0.0133361665841278,0.0046747572101687,-0.0007770066423448,0.0037163104780251,-0.0164099230068636,-0.0149983843248879
1991-08-01,-0.0044227024482211,0.0021575741997969,-0.0107282833273984,0.0051555242936736,-0.0178825369038613,0.0079973490638631,0.0064980712584345,0.0088870354813941,0.003557958252941,-0.0015778616103158,-0.0153888274188596,-0.0042756731728223,-0.0083707059541083
1991-09-01,-0.012592337899304,6.40005200208e-05,0.0014618962726655,0.0030955903663748,0.0066213552025673,0.0155008746224454,0.0105229061536611,-0.0063844267783612,-0.0092137910798915,0.0007431723718257,0.0011795069119525,0.0100255783082774,-0.0044769746328306
1991-10-01,-0.0047678787035534,-0.0012214212734163,-0.0032683556271893,0.0199155970148356,-0.0066136195469301,0.0113097260125652,0.0084290544896606,-0.0078984156349419,-0.0027109947178512,-0.0050325476227688,-0.0088812416178043,0.0086795722280762,-0.0119126188742853
1991-11-01,-0.0158297985781573,-0.0051693854508668,-0.0086602896554708,-0.0013472404750073,0.0290191243407967,0.0082986197133833,0.0085234496738424,0.0125621102257676,0.0115028804220872,-0.0024389325783756,0.0032518856952686,-0.0026052772554987,-0.0028621578641249
1991-12-01,-0.0080646727644165,0.0099986568404291,-0.0243158355673393,0.0179136232255185,-0.0361108566547096,0.0345619910123984,0.0243841843503003,0.0445848805745919,0.0371336482311935,-0.0061788427133224,0.011993565489781,-0.053237260282497,-0.0319193632340293
1992-01-01,0.0274692552595797,0.0173290207047652,0.0225758274775068,0.0222797026702819,-0.0493264332723279,-0.037685290539827,-0.0119909809381794,-0.0373181890888315,-0.0099377628138692,0.0204406099144719,0.0078603245351292,0.0900579127195516,-0.0039545515620691
1992-02-01,0.0210992040056387,0.0115013165774113,0.0211676101060978,-0.0109440725997279,-0.0138941389347017,-0.0120100329707246,-0.0023934741198767,-0.0088165306349959,-0.0072288318482301,0.0076003285642239,-0.0149837466574236,0.0172271731650455,0.0176038540264806
1992-03-01,0.0035433723110211,0.0029432671589641,0.0248280599359406,-0.0295353180954673,0.0282134300430885,-0.0010623695887099,-0.0027215547392152,-0.0023347682242624,-0.0101002864514959,-0.0003069315893751,-0.0013052016204988,-0.0028184725574328,0.0350950310391911
1992-04-01,0.0216674165623326,0.0015973167949634,0.0403337484862273,-0.0400619871845581,0.0477961817034767,-0.0114912738619568,-0.0126474627406287,0.0059595370840084,-0.0216218338956892,0.0026304610011708,-0.0055199833666297,-0.0289392399597406,0.057146374528316
1992-05-01,0.0012354267869149,-0.0011716697466122,0.0013714120032632,-0.0024030667479219,0.0063391402423933,-0.0073709142385604,-0.0040856477971495,-0.0026980898923724,-0.009931821872639,0.0009611261101407,-0.0045346109900226,-0.0009101168451232,0.0082197175361569
1992-06-01,0.0019220223908416,-0.003882486565274,0.009003825110662,-0.0231306610953147,0.0275476441846959,0.0040249030571727,-0.0038332223862565,0.0016552876525417,-0.0196332235755899,-0.0005258305016294,-0.0011384383208708,-0.0201734015418718,0.0240858013192854
1992-07-01,0.0025473854764625,0.0018939888634675,-0.0036912271471839,0.0012020255710517,-0.0021857139848154,-0.002544116032997,0.0097938474367533,0.010810892921215,0.0071431823315277,0.0007582911990377,0.0077320029378857,-0.0089825693302613,0.0049615864950543
1992-08-01,-0.0081651132882727,-0.0049681269873799,-0.0004402030109411,-0.0060883657611296,0.0235463471117036,-0.000476582104186,-0.003918124237669,0.0140854303949889,0.0121529970521973,-0.0001813064638615,-0.0113697748401598,-0.0085492192188178,0.0068605089214784
1992-09-01,0.0044348368395216,0.0010503470546849,-0.0055528681010539,0.0016194918624878,-0.0070817326956887,0.0124897138485299,0.0062447527776519,0.013347764101187,0.0129265581492994,-0.0003330926407851,-6.54964688162e-05,-0.0055722639667336,-0.0039276134906196
1992-10-01,-0.0032748453507243,0.0074546172072531,-0.0200024598341047,0.0184343764976377,-0.0315286188586413,-0.004270854488427,0.0159480758400309,0.0140042220996816,0.0188985672061596,-0.0051912984483809,-0.0047986564006456,0.0017112297516055,-0.0178291755829848
1992-11-01,-0.0039946285582699,0.0005532888802456,-0.023660493794455,0.0168575428966917,-0.0419026595564527,-0.0111490532673915,0.0124471669565669,0.007550030780067,0.0139204811105444,-0.0061730222330162,-0.0175535185561616,0.0208905077759534,-0.0210071815095389
1992-12-01,0.0027805545827738,0.0041771740104739,0.0085703331819048,-0.0011532552745527,-0.0012713770863818,0.016004855804066,0.0031237606415102,-0.0059136529540079,-0.0141460568334314,0.0006891141514516,-0.0073606190564299,0.0161236909743891,0.0062436096745497
1993-01-01,0.0101820100882146,0.0106863128212982,0.0205175494602198,-0.0061205885219635,-0.0061725379814742,0.0191967427066802,0.0065038512314041,-0.015331746520492,-0.0202443105388299,0.0090819602447494,-0.0071804664373694,0.0216635563540999,0.0074530025101457
1993-02-01,0.0186117640132291,0.0016079879813694,0.0489967813801166,-0.0444793245116404,0.0457326788360622,0.0039066742811087,-0.0015744026534223,-0.0188934481874169,-0.0366601140399492,0.0020745879090189,0.001442165467522,-0.0149118397841106,0.0476785544149621
1993-03-01,0.0091147487957202,0.0029028835706826,0.0024503081923482,-0.007036787549594,-0.0037129915377505,0.0218150265349531,0.0090699747084101,-0.0011417280294875,-0.0041589543116905,0.0044169795500016,0.0013990289945125,-0.0082723959086427,-0.0024888609122336
1993-04-01,0.0153538549259887,0.0045059819922764,0.0243683237701693,-0.0016731629731263,0.0112812243149176,0.0014135584728464,-0.0027573800084825,-0.0251924328843166,-0.0207332335708207,0.0025977718809697,0.0044117747265122,0.0107595424440456,0.0112004903861512
1993-05-01,-0.0011035915796855,0.0057952473556637,-0.0221032582523795,0.0298955142507368,-0.0408730331251331,0.0017903930533844,0.0083605597823554,0.00134765245901,0.0200894459380436,0.0070904889729216,-0.0084634231783328,0.0115349017756358,-0.0338252935846644
1993-06-01,0.0035009099339024,0.0016583462209771,0.0109786442908504,-0.0098926366662312,0.0006982168439665,0.0308522456828011,0.0092441487312958,-0.0020162161389166,-0.0171464770352918,0.0032689467757773,-0.0038683704900656,0.0012387751250014,0.0061703281747414
1993-07-01,0.0120157754668141,0.0031445071962647,0.015198228457194,-0.0169079598901917,0.0110205413116576,0.0229363940249502,0.0019365255212082,-0.014431071514406,-0.0202043057021825,0.0042277553648864,-0.0055763058750238,0.0050461757434602,0.0074720967998029
1993-08-01,0.0003412950484931,0.0001214000205864,-0.007890032422874,0.0074398454338026,-0.0086394050151242,0.0139006575242408,0.0079105513004466,-0.0023060669810417,0.0033125378807952,0.0029575843176766,-0.0013764319581389,-0.0042528082452216,-0.0169484939988169
1993-09-01,-0.0073397679710023,0.0038941453237563,-0.0181084365870892,0.0102624463877699,-0.0134848412455459,0.0212899401839264,0.0136831314813568,0.0077639839715061,0.0085797589949543,-0.0021637033832285,0.0006411687537333,0.0132252593826985,-0.0165635349278781
1993-10-01,0.0079347466512348,0.0125001400523702,0.0060236475567586,0.011834863396256,-0.0167097808636231,-0.01702284752531,-0.0056841367342341,-0.0092979372240483,0.0125020030296123,0.0044483160045339,0.0056435920273127,0.0266158090372862,-0.0078153732005858
1993-11-01,0.0033866736165608,0.0074653582415324,0.0083447724718386,-0.0007042106734927,-0.0007433686816654,-0.0415258808489889,-0.0085220444335948,0.0088541380942009,0.0145817536750159,-0.0014531120728437,-0.0053343167683957,-0.0024726378257987,0.0153455891443514
1993-12-01,0.001478260756221,0.0019262698732326,-0.0055309559036118,0.0014494994417693,-0.0013337903599433,0.0122247639739091,0.0099916656495457,0.0056981736566893,0.007208736802434,0.0027775160197758,-0.002365456243686,-0.0002953205010149,-0.0036839648182218
1994-01-01,0.0145118906976861,0.0159683790199317,0.0113069244034765,0.0085823421669178,-0.0162418399036841,0.0007709383780492,0.0061967729301054,-0.0057409067939238,-0.0070596636447185,0.0049629223719481,0.0048579612952448,0.0132195447715153,0.0006202516834202
1994-02-01,-0.0011765479182408,0.005728247324617,-0.0079583992297742,0.0110663097923965,-0.0055254584995134,0.0074008454915029,0.001565263593223,0.0156810931745115,0.030621285119679,0.004645270410495,0.0020950014343018,0.0052522596114856,-0.0013128890761618
1994-03-01,0.0026712838268071,-0.0024927110486469,0.0117550782898051,-0.0077839719915582,0.0192383373116721,-0.0146122937274543,0.0004971751123341,0.0068256464760715,0.0010773263008498,-0.0047721432403859,0.0003307465502959,-0.0019084235252043,0.0175784702717641
1994-04-01,0.0078037182287642,-0.0030960724972509,0.012736533705166,-0.016014037782008,0.0193125762790779,-0.000732131287475,0.0042535356069959,0.0074114774497361,-0.0074850200413145,-0.0006057814160506,0.0055568820268732,-0.0138307093799577,0.0175000391537008
1994-05-01,0.006066382100342,0.0003685317419651,0.0181763427890968,-0.0045863902704823,0.0036494585236343,-0.0020031721547463,-0.0105204218553709,0.0019064092738802,-0.0130041618499669,-0.0093038039355308,-0.0014263337039757,-0.0010376259572839,0.0155580461762363
1994-06-01,0.0154700202655769,-0.0001846149557548,0.0251086267680607,-0.0195648713166621,0.0287818172973634,-0.002401747589358,-0.0070133315349858,-0.0046033319957732,-0.0054156641813072,0.0004736107864959,-0.0032939014804687,0.0015698614659195,0.0244273713744444
1994-07-01,0.005537089312441,-6.92133442138e-05,0.0080430119093609,-0.0051523980611223,-0.0028428597887935,-0.0029990497285976,-1.28440117073e-05,-0.0028906560575929,-0.0071713980244075,0.0021379522760914,0.0032421456742433,-0.0089449088275663,0.0056536330675108
1994-08-01,-0.0015201842309034,0.0043321067373321,-0.0155828205688155,0.0274504366889294,-0.0305582731649262,0.000996926547325,0.00756067790677,0.0111314198474862,0.0212020508252191,-0.0019819393341279,-0.0063668906119437,0.0040140674514842,-0.0179977353939756
1994-09-01,0.0031626049972379,0.0068311717945324,-0.0025582917063744,0.0190291135981336,-0.0092884461740416,0.0101390618378736,0.00176540403369,-0.0068175391583246,0.0117581172304139,0.0081764789858897,-0.0125429657529616,0.0239268792066069,-0.0201954824639128
1994-10-01,0.0003242517158579,0.004049048365257,-0.0085849768790605,0.0161193411445496,-0.0046811507491799,0.0010934259646382,0.0068793457441466,0.0151367199605979,0.0229625497538486,-0.0025979281274883,0.0058976584510565,-0.0057942716549043,-0.0054595278066148
1994-11-01,-0.0115857436347351,0.0045910389400279,0.002412195301639,0.0070835221290024,0.0046237301718717,-0.0066044025758305,0.0005152499525171,0.0049341355825792,0.009014045341751,-0.0034881727737428,-0.0031940143646758,0.0009734365013571,0.0060464477346624
1994-12-01,0.0058456046103988,0.0080322801466347,0.006623900705109,0.0014202220505594,0.0076337950447212,0.0096280339220588,0.0122535451128642,0.0126588705937288,0.0075122875215748,0.0041476786796485,0.0043306428693064,-0.0052568256969377,0.0044121651717379
1995-01-01,0.011208717852707,-0.0061489213749247,0.0143130373819994,-0.0169579076619386,0.0187569088020089,-0.0146047839487351,-0.0118864552589265,-0.0002969027127737,-0.0187140560133169,-0.0100818086481654,0.0089376310778898,-0.0026323608796021,0.0287996053622716
1995-02-01,0.0062722693973053,0.0028147405593019,0.000579231649613,0.0064083242337777,-0.0043335235528132,-0.0048854923232471,0.0073660246101252,0.0128596771026044,0.0045296548242717,0.003516343673492,0.0008810305245472,-0.0039790021397913,0.0038063210352145
1995-03-01,0.0073002632361722,0.003741664769045,-0.0073663091678312,0.0166412284806433,-0.0127731693496477,-0.0039021320637284,0.0091131252127341,0.0121079630166946,0.0165604228697677,0.0050434258881465,-0.0050542298067987,-0.0057694315339094,-0.0152114339510775
1995-04-01,0.0035903268158208,0.00433329986479,0.008388724494764,0.0087856927365743,0.0001004198149798,0.0090890310850715,3.1287226858187e-06,0.0019271054996008,-0.0045658499447662,0.0017971182116946,-0.0038781776196533,0.0173817333336511,0.0107607414622366
1995-05-01,0.0056903966284079,0.0019873483814323,0.0088690333463695,-0.0056379865256885,0.0095737512266003,-0.0059008735359168,-0.0056908294581875,0.0026428214833177,-0.0079429481282074,-0.0048248253333051,0.0027182870866369,-0.006842443920385,0.0183067736963474
1995-06-01,-0.0129725340359809,0.0053576538396569,-0.0323757526728981,0.0410383758393793,-0.0399522947091433,0.0142975218088396,0.0157513051714818,0.0076620287291172,0.0207814211006966,-0.0043849617923196,0.0103173528546605,0.0169631254240497,-0.038193900943746
1995-07-01,-0.0082604081505475,-0.0025170044282104,-0.0336847468260791,0.0291081462862636,-0.0388766475065755,0.0163218897446524,0.0155498213645373,0.0099246235485606,0.0182494206296141,-0.0001452055420669,-0.0178157893466265,0.0074006024549084,-0.0337939844148235
1995-08-01,0.0076431301715252,0.000117378999369,0.0104753034176821,-0.0020899605222445,0.0068851961963448,0.0014531864056376,-0.0046159961562654,-0.0105040917665283,-0.0196501550628777,-0.0005564013403227,-0.0017870990443722,0.0198053469617454,0.0078568074873039
1995-09-01,0.0035135780138662,0.0045547138538562,0.0060838048751029,0.001717153962327,0.0066419335878935,0.0157256888976124,0.0008733627336555,0.0049196922038535,-0.0016106133861083,-0.0027446496665012,0.0003530972747318,-0.0077791106307871,-0.0001548570933568
1995-10-01,0.0063500629165058,0.0073747385105299,0.015112751552302,0.0007997038757488,0.0249312445398959,0.0142504857285635,0.0132092004800726,0.0198302881570119,0.0116805839155464,-0.0010343159607508,-0.0136799876074254,-0.0289835997241983,0.0097934186534916
1995-11-01,0.002383973416907,0.0057043462390825,0.0076345575515761,-0.0038757603653785,0.0008751722797573,-0.0088051713061301,-0.0099994181039604,0.0046517243610518,-0.0044970792195796,0.0008513776190751,0.0016030926265553,-0.0137793757979652,0.0071395360156731
1995-12-01,0.0078797569295443,0.0063837647490744,0.0266087300705131,-0.017878022492889,0.0323395558109624,0.0125787136675502,-0.0119255031773631,-0.0190568312459275,-0.0203820850995422,-0.0008302892013083,0.0010769748781173,0.0114713474855121,0.0096858380131726
1996-01-01,0.0126464147276949,-0.0002457575595329,0.0130825320088143,-0.0110496163327694,0.0134681382531818,-0.0041188724237685,0.0022947929499103,0.0029880535194799,-0.0128123260894772,0.0033439370221123,0.0129179022051267,-0.0005575001170885,0.0127595609365586
1996-02-01,-0.0044552949487196,-0.0028620467892536,-0.0195399628046212,0.014053170416376,-0.0184988639807831,-0.0028459977712768,0.0043272209120513,0.0080811571306948,0.0175270528861629,0.0060767207304796,0.008424719925204,0.0064317441374613,-0.0166605972898485
1996-03-01,0.0040772591700552,-0.0030516850162266,0.0061606320194158,-0.0237818735411502,0.0060961078957144,-0.0075778458803141,-0.004658650432951,-0.0035268164424898,-0.0024405943780498,0.0078483793252983,-0.0017052119698019,0.0005465125975801,0.0096113654237681
1996-04-01,-0.0107865674827029,-0.0004196200880407,-0.0364237120554759,0.0533506146467446,-0.0525568124164309,-0.0131807004616687,0.0104056684223013,0.0012181171670589,0.0346834657114268,0.0036786293698183,-0.0030147601346845,0.0309611871536074,-0.0497853821074771
1996-05-01,-0.0132741207012481,0.0029925381664241,-0.0091635423042326,0.0133054399107376,-0.0154416291405272,0.0164005857301937,0.0002326661864371,-0.0095730501054957,0.0058943820505913,0.0020556313480359,-0.0021832627535299,0.0251377557454373,-0.0211949101890307
1996-06-01,0.0280527546634044,0.0036555019688892,0.0419417656202816,-0.0512738434918899,0.0533655975576113,0.001061082680584,-0.006546164800788,0.0051530418851561,-0.0190575382176596,0.0030814074758483,0.0124037630307979,-0.0230462967345199,0.0525172543560182
1996-07-01,0.0132263190699145,0.0058238245202582,0.0349785294853927,-0.0415010846675901,0.0560570542136698,-0.0055305662561772,-0.0001159033006755,0.020350570022613,-0.0120652850980862,-0.0033312540110131,0.0051945208578098,-0.0189924970432854,0.058188109696075
1996-08-01,-0.0070437453541246,-0.0031931903246998,-0.02274611397282,0.0164818695653831,-0.0234746297923083,0.0017582769448555,0.0011625951973184,-0.001472293787506,0.0045929036286512,0.0011066597755183,0.0039262501947661,0.0075943387346997,-0.0179413666766949
1996-09-01,-0.0091582782645644,-0.0014398682943152,-0.0248374648141783,0.0234199181810829,-0.0240560538682041,0.0049127570315898,0.0087547225432759,0.0213169208601246,0.0215767316801484,-0.0076069507208072,-0.0014129154662415,-0.0134725301173981,-0.0228676526147917
1996-10-01,0.017969755707519,0.009124964801203,0.041668934749464,-0.0395274527430688,0.0477449109378867,0.030440751354296,0.0090860991796072,0.0076442193708379,-0.0234047540915775,-0.0032113628720727,0.0062427399807452,-0.0164037962120237,0.0503214700342494
1996-11-01,0.0069486502083138,0.0013222746261881,-0.0033506706097713,0.0009491223339478,-0.0011234090375771,-0.0123542074005937,-0.0016856117079389,0.0278573274452978,0.0067597258096562,-0.0035536454928106,-0.007905965085927,-0.0164787465073052,0.0246758001679947
1996-12-01,0.004753641886122,0.0033188183724399,0.0106173095565552,-0.0060883485654434,0.0115954281137843,0.0003239329489573,0.0020268131505176,-0.0092857265266639,-0.0042872618936385,0.0030070930916836,0.0051573672956242,0.0260569466386821,0.0113937211285726
1997-01-01,-0.0066569530269387,0.0011517651609509,-0.0110742187371697,0.0213944030592151,-0.0172307555317094,0.0102610159457288,0.0042365340881257,0.0076779625695165,0.0003526155605319,0.0011870099969038,0.0126877667835094,0.0149244563827163,-0.0048362191973295
1997-02-01,0.0140597959887995,0.0048851111249193,0.0463044584728636,-0.0529981590401008,0.0577979931070474,-0.0078692473818196,-0.0178876148912069,-0.002304244613379,-0.0291184239338693,-0.007524520826344,0.0092270196627966,-0.0116347966020443,0.0619326604263273
1997-03-01,0.0205035915599091,0.0063679987148619,0.0304443904036276,-0.0315558552938828,0.0311517555297375,0.0098582315049057,0.002488496545073,0.0065426474455593,0.0042308586739962,0.0063271426916296,0.0072626555240128,-0.0151790082896854,0.0344169479686078
1997-04-01,0.0109103294801779,0.0026868718448453,0.0068611270886777,-0.020137897011918,0.009994191341836,0.0377506924620761,0.0049931479517735,0.0355962618049552,0.0100988260446675,-0.0068392097627932,0.0073001426435707,-0.0442801362407674,0.0199863493609437
1997-05-01,-0.017027650237411,-0.0005957581593731,-0.0401178996903026,0.0503207413454987,-0.0485509960145903,-0.0448985096585002,0.0044436656123076,-0.0002769299451514,0.0232424352437962,0.0031072990353762,0.0125378425644837,0.0346258548740293,-0.0377569715071323
1997-06-01,-0.008591096908363,-0.0020544484856252,0.0056083676370481,-0.0136633449924424,0.0128389426694696,0.0108876365598378,0.0069131602714224,0.0044518291805254,-0.0021263456676406,0.0012685713248067,0.0027269484378258,0.0098472049137525,0.0075946267530847
1997-07-01,0.0042757366018472,-0.0016020502161153,-0.014233479129484,0.0159992952024973,-0.0234087846246249,0.0354152058925309,0.0084865328645685,0.0163509993816398,0.0103723142622632,-0.0081727230069356,0.0140875811578683,-0.0188116239208664,-0.0071562512051123
1997-08-01,-0.0036830668959906,0.0007624833499748,-0.0080813578771629,0.0222635565793715,-0.0161989366958608,-0.0131521303757651,0.0049658365910923,-0.01997009077394,0.0044721194727254,0.0076021938020331,0.0020984481104645,0.0464981221343666,-0.0112988882668201
1997-09-01,-0.0014644255710423,-0.0053243233062079,-0.0100722740807287,-0.0003054400099071,-0.0060267490688959,0.0149980356055273,0.0091707886495658,-0.011416875197755,-0.0155419058243077,0.0031968281721537,-0.0002954081120845,0.0206073298855289,-0.0111891918886781
1997-10-01,0.0022556149791405,-0.0002006582030898,0.0160494317747554,-0.0287019386594452,0.0329414065220166,-0.0062486545989154,0.0119614903308289,0.0036540955072201,-0.0134577703969349,0.008649296653228,-0.001828993503052,-0.0014107659481488,0.025703036834595
1997-11-01,0.0004575761672863,0.0138014101384064,0.0354038513774651,-0.0325656484589414,0.0379356665633809,-0.0069134600925872,0.001708527248014,0.01960002983525,-0.0015722390834919,-0.0115318563721088,-0.0088735891269679,-0.0392006527009813,0.0400697899654746
1997-12-01,0.0037664185844267,-0.0018444409503013,0.019025380997485,-0.0438433327589869,0.0484147321836799,0.0339160456955544,0.0042890325581413,0.0011356180852554,-0.0314692573388487,-0.0075333902250136,-0.01530348124863,-0.0262584221293303,0.0298125490858758
1998-01-01,0.0078780139397825,0.0131979687169291,0.0065656761599543,0.0155621636549017,-0.0046266896766099,-0.0097046353180276,-0.0088519746936022,0.0003554759143685,0.0133336120969374,0.0011629217681168,0.0190650249415198,0.010497337095669,-0.0018003044208607
1998-02-01,-0.0106207553064189,-0.0034436090245839,-0.0204331060470827,0.0120493586012805,-0.0230891174750751,-0.0092839330672453,0.0013570472314756,0.0063275209347355,0.0126525859432331,0.0023592965697269,0.0029409608478386,-0.0052118659845296,-0.0155913152708857
1998-03-01,0.0110316043616101,-0.0028291854522452,0.0050808021690986,-0.0130426193278915,0.0064058248428777,0.0149330625295105,8.48673974169e-05,-0.0059706745648711,-0.0119515348514916,0.003633841783238,0.0084545157098762,-0.004117232275733,0.0034897228876663
1998-04-01,0.0012888630567188,0.0058700904210895,-0.0051534435801186,0.0184038837648075,-0.0176280345478206,-0.0045207458589255,0.0044817332043799,0.0064292052087597,0.0058715828443326,0.0052095379184696,0.0031370253171657,0.0109068524761627,-0.0065687026051314
1998-05-01,0.0018665208704103,0.0053561738907491,0.0288342606934,-0.0314805494800753,0.0393738167658793,0.019462647998336,-0.0064287428422262,0.005952973154613,-0.0044108677728212,-0.0048940817376993,0.0074383297062104,-0.0177502879082312,0.0279651730037128
1998-06-01,0.0047774420528832,0.0080057766697058,-0.0121889416359857,0.014204465192565,-0.0080289901177157,0.0688792037376684,0.0086157912980576,0.004397589442335,0.0054965167934257,0.0034197662876623,-0.0088972522595064,-0.0393734392835177,-0.0291462046926093
1998-07-01,0.0126919628571667,0.0109328154433994,0.0181635384692513,-0.0060682716491403,0.0185162914249728,0.0352969966137259,-0.0013850346808694,0.010276537555991,-0.0029469707399629,-0.0036373644955941,-0.0028094284807883,-0.0211053588194869,0.001876778548928
1998-08-01,0.0152684201806484,0.023086714987041,0.0716530090868055,-0.0445293692851434,0.0962378247727158,0.0303105842518251,-0.0100853374981595,0.0214721835469881,0.0057320506068443,-0.0065324694571326,-0.0032420076026272,-0.0344741684714375,0.0610695645113304
1998-09-01,0.0273658499861999,0.0044237771272927,-0.0157764501990141,0.0523096682536474,-0.0362285114733997,-0.0057705362329778,0.0035096242937162,-0.0127381271821662,-0.0022799111615765,0.0016938960437494,-0.0025983685014804,0.0049225589270304,-0.0315577295010057
1998-10-01,-0.0036130213035135,0.0024426822740224,-0.0085771086216732,0.0146367767751163,-0.036862189231472,-0.0503028032220139,-0.0024011744384195,0.0273830278483743,0.0178279954562746,-0.0114398654054002,0.0214964549499228,-0.0212233252289496,0.0116302983247767
1998-11-01,-0.0016374630480928,0.0121495893450528,-0.0146300347888211,0.0378593517274221,-0.0368304458715202,-0.0104428111658468,0.0103777458116944,-0.0020487292667638,0.0185429733643388,-0.0012646792674194,-0.0008201632954482,0.0067202773527218,-0.0283463170095477
1998-12-01,0.0034158334446611,0.0129709897319526,-0.0437070417590821,0.0463198415105731,-0.0325297887704736,0.0736760193804898,0.0263998173623966,0.0093689108203055,0.0304130521611656,0.0070879757787147,-0.0003557468983534,-0.024171418276782,-0.0689038398104259
1999-01-01,0.0105790429500138,0.0099994537147136,-0.0337661736306533,0.0856744511984338,-0.0830751843131548,0.0384038389179331,0.012658429242911,-0.0290360645876702,0.0063541289577508,0.0066394525832499,-0.0295877204029295,0.0195565504362764,-0.0707421545402471
1999-02-01,0.0088196075805769,-0.0006799780104879,0.0279815465735484,-0.0359434967130845,0.0353102187336742,-0.016254131807246,-0.0009700065516143,0.0164333717246455,-0.0121235184760937,-0.0043076925189063,0.0094205365123786,-0.0276259335216269,0.0343217128257822
1999-03-01,0.0215708607133402,-0.0065685314581073,-0.021610917120331,0.0340772712224675,-0.0539366775255207,0.0171883709373815,2.151298309e-05,-0.0120743253794146,-0.0094382653221601,0.002645428892325,-0.0210108492036504,-0.0433372536861449,-0.0315035202819005
1999-04-01,0.014849468619844,-0.0171943800470979,0.0125362658800498,-0.0306911919861398,-0.0066139955908386,-0.0454031875238769,-0.0164329507562326,-0.0201213195937988,-0.0267508339733893,0.0042482631142785,-0.0018080588573721,0.0173806030550594,0.0413297451778646
1999-05-01,-0.0045857216678572,0.0126546634054812,0.0175931341417028,-0.001628363261217,0.0129287537783451,-0.0445192112626302,-0.0047321440998505,0.0038664205520221,0.0120554332051172,0.0045851616978595,0.010057208534267,0.0440688569572505,0.0303191685197998
1999-06-01,0.0024604906421674,0.0112806805331431,-0.0132920760685026,0.0519248353511952,-0.0469255878967822,0.0320211211883222,0.0078113350909501,0.0055718224237111,0.0266138292672276,-0.0086882770562206,0.0031681264176762,0.0144584085122555,-0.0437148027601426
1999-07-01,0.0077943452216536,0.0058715184715974,0.0227868143023996,0.010314102506175,0.0113886075671546,0.0144939788786701,-0.0066514342115075,-0.0022312954735142,0.0045596411941927,0.0037869558643218,0.0015850910777703,0.0320049844512893,0.0078231495228359
1999-08-01,0.0142741478214867,0.0143374083872701,0.0033503400103364,0.0461762908042823,-0.0253379138416895,0.0311219389897886,-2.76140957849e-05,-0.0089259472789158,0.0051125900239017,0.0064710579637315,-0.0145639436627042,-0.0056766460579459,-0.0256560456136127
1999-09-01,0.00886405423428,0.0085647277234049,-0.015969559286643,0.0420777762929829,-0.0308631043308969,0.0361125668218606,0.0120137023272887,-0.0163214893720476,0.0104932085121472,-0.0001607940556535,-0.0128835184867837,0.013094459899932,-0.0427433855783529
1999-10-01,0.00250840025845,0.0075552158249952,-0.019986512933693,0.0502980326895364,-0.0305881111389955,0.0298655841970345,0.0178909442208804,0.0051101075320832,-0.0058085280971474,-0.0130197677816106,-0.0093614272023769,-0.0680965750228498,-0.0509361432941949
1999-11-01,0.0252471079989291,0.0187099915121903,-0.0552268930743053,0.127416635945811,-0.117054806407507,0.0621266592574405,0.0240943039212819,-0.0530941331158951,0.0276865242507304,0.0055310442855532,0.0016919047836399,0.0192918504605252,-0.127573094567782
1999-12-01,0.0281513247150329,0.0225815894749149,-0.0592533071926612,0.133869838696421,-0.150936283949041,0.126999773864242,0.0392628674179442,-0.0691674957125566,0.0071779132012895,0.019533553086425,-0.0835253988744507,-0.0079838191707779,-0.15000519291681
2000-01-01,0.0021220857506713,0.0134617803062802,0.0017648921779987,0.0583116637349532,-0.0253911669757179,0.0284454734116671,-0.0004629030518451,-0.0600108659826472,-0.0307554287150416,0.0013359658066359,-0.0081327894333748,0.0572252571588871,-0.0540973929497757
2000-02-01,-0.0036712435738692,0.0669433972608831,-0.102687905445439,0.286429727190628,-0.266760687178678,0.231999478572952,0.0198599743911828,-0.141064060343757,0.0248726082519497,0.0066411199179802,-0.0719788802731192,0.0317732021634245,-0.280588200065154
2000-03-01,-0.0158047292110009,-0.026440307590298,0.0464894974080406,-0.172262648630094,0.151067212596252,-0.132738433022106,-0.0049133434982451,0.160460248977622,0.0375613994999534,0.011183430173226,0.110864337175386,0.0078319241863227,0.186778020974797
2000-04-01,-0.0155211260167038,0.0022049023435469,0.0709445977516719,-0.132060481430608,0.145120080606939,-0.076085396745418,-0.0016019275263424,0.133263776497201,0.0422206231176718,-0.0024310109535756,-0.0091988767273797,0.0124616223803705,0.172240118963251
2000-05-01,-0.0026735642529586,-0.0069179448168774,0.0758229874725119,-0.10323137859988,0.125489719746501,-0.064314478751917,-0.0178887941994977,0.0742379291677382,-0.0038379887585507,0.0034174966806718,-0.002513982969429,-0.0031793175338169,0.127260647791755
2000-06-01,-0.0057796444120588,0.0344427223839908,-0.0973548050470542,0.191829158475732,-0.176605340854859,0.049517184964719,0.0420404965918447,-0.107975894327944,0.0013725630879475,-0.021100162717454,0.0055560787033671,0.0084443381111605,-0.196514755329897
2000-07-01,-0.0069758647169132,-0.0095974373740188,0.0380020102137259,-0.0792560757880683,0.0872041178490144,0.0017895101209379,-0.0183745078784542,0.0530296507205441,-0.0062164352920818,0.0051262595697193,0.0496476642654764,0.0069136415278,0.0978000439680443
2000-08-01,-0.0191141614573086,0.0031236935405795,-0.0301467014176517,0.0668176999666181,-0.0802259651248694,0.0403375634637013,0.0224808732545322,-0.0078633632138199,-0.0020774030377995,-0.0023269313058867,0.0117663334175072,-0.0302757008710459,-0.0590048383288774
2000-09-01,-0.0067218198301193,0.0044415126807282,0.0546478310320326,-0.0654979793980817,0.0816739436110207,0.0444507436958595,-0.0258942132706645,0.0342020063713768,0.0010919503561787,0.0127446301196545,0.0027614224401073,-0.0102610748783379,0.0759933101861719
2000-10-01,0.0028535089005997,0.0046296999183236,0.0709227465436552,-0.102668661152435,0.0912376621873383,-0.0147969150363707,-0.0313176632519937,0.0889805821254844,0.0430874532526684,0.0032061911900332,0.0045724079745605,-0.0174527428196188,0.122159926143757
2000-11-01,-0.0216936442213968,0.0128748588548896,0.145066623462574,-0.183695536478252,0.221500206792535,0.0275815117433326,-0.0671449661186088,0.116530559206922,0.0344804209870815,0.0231718163148518,-0.020372214049362,0.0150978264705687,0.210586404089055
2000-12-01,0.0038570063203586,-0.0072361783123344,0.0316995281984297,-0.0514703472113989,0.0389462666518825,0.053156580714728,-0.0009714580777899,0.0232108699820447,-0.0136642491196704,0.0028925853123704,0.0073462232686029,-0.0354547129776384,0.0477410909488647
2001-01-01,0.0072766936281493,-0.0033764777505434,-0.066006484756682,0.0829927522573954,-0.132544667189335,-0.222522847063798,-0.020735422029057,-0.0398588348075005,0.0051058325796193,0.0152937172710712,0.0185504481214192,0.129148619898915,-0.0316791709330055
2001-02-01,-0.015966782472194,0.0136723574793629,0.146156299926128,-0.175745453978211,0.196740632952393,0.167737025923727,-0.0427864195272097,0.0611207432910052,-0.000356424740134,0.0258243035468155,0.0720571315821695,0.0091956015645265,0.177070887855366
2001-03-01,-0.0281120988765379,0.0103206219962049,0.0809449313533403,-0.103172665891752,0.104052390146116,0.0679722413645136,0.0127319831992426,0.04361580416483,0.0075125802614668,0.0105005600019536,-0.0236060461052027,0.0050400912025133,0.107483402054018
2001-04-01,0.0137972798887751,-0.0062478257296409,-0.0863204190798941,0.104640520024279,-0.113960508778241,-0.0982925072737447,0.0200512786423936,-0.0026665138813291,0.0312609848351786,-0.0032785856961446,0.0161657010423537,-0.0078426753407054,-0.0815608341160134
2001-05-01,-0.015055773877667,0.0160962939558175,0.0428715572975535,-0.0207957146064336,0.0382967220784321,0.0325074794048772,-0.0074772003272571,-0.0138812631487527,-0.0080500845627849,0.0057017987204126,0.0213017646460509,0.0434510680478527,0.0232083716579745
2001-06-01,-0.0216161977922202,0.0192933558805057,0.0184769666695314,0.0138131410983534,0.002311852268045,0.0119744829741426,-0.0139397064115592,-0.0062337832928045,0.0055867482460723,0.0023893031038401,-0.012350519400172,0.0460161999129127,0.0084155183765199
2001-07-01,0.0030442744406752,0.003207992371045,0.0574248346207431,-0.0771351284257039,0.0853129762633323,0.0456543312448834,-0.0059148827229087,0.0491996169813631,0.0210382751319863,0.0081243273678274,0.0156732737729884,-0.0212753121047283,0.0768573043512558
2001-08-01,-0.0086445001759976,0.0142303218708234,0.06131914079117,-0.0577475477638867,0.072879769629434,0.0565294573340646,-0.0026081700887288,0.0170486472028575,0.0074679459696871,0.0190466274684878,-0.0096297011062838,-0.0017873927603242,0.0568114424928942
2001-09-01,-0.0223689493999416,0.0119227762524252,0.0654213943162457,-0.084092086685269,0.12415537841777,0.0741563850510797,0.0376076924345518,0.0324608974591328,-0.0064645927983515,0.0247203111822065,-0.0063611359358934,-0.0432194468605173,0.0508764131378798
2001-10-01,0.0123117767238893,0.0122359897638979,-0.0617941348595136,0.116158119210677,-0.0942916369159782,-0.077665029600983,-0.0141861561494303,-0.0102401578868957,0.0403647095658014,-0.0146742363775094,0.0430040863703738,0.0584979232038842,-0.0516944407329636
2001-11-01,0.0166829959521442,0.0044060031840998,-0.0142734581374364,0.0522267883605554,-0.0735369367534195,-0.078301041531072,-0.0463319220940981,-0.0187454204376383,0.0052354887055252,-0.0013105123430551,-0.0251566045206741,0.0258864920562596,-0.026460447252638
2001-12-01,0.0006663137316709,0.0019004993075678,-0.0017436949627235,-0.0058699256445536,-0.0032706896640046,-0.0063384377323192,0.0125889857997527,-0.0007973244076665,0.010194757648693,0.003920764925419,0.0012579574199455,0.0308440868968207,0.0065061476213546
2002-01-01,0.0001533521395168,0.0147300905139431,0.0343191060688419,-0.021375250404537,0.0355595810190441,0.0302348162958828,-0.0040070348068034,0.0332307498935548,0.0305455625698728,0.0039218351053941,0.0047404956380258,0.0008975946906994,0.0379309192819486
2002-02-01,-0.0150101715114737,-0.0022268442331198,0.035573148050139,-0.0893472910633708,0.0974303515567602,0.0338779066282542,0.0391401125508166,0.0598569701761464,0.0137715871087428,0.0060248961836898,0.0015827670630814,-0.0359559244853757,0.081831504688385
2002-03-01,0.012519643979506,0.0002350218479586,-0.0098515470536862,0.0235435991706246,-0.0406667675049017,-0.0380568104136734,-0.0088465760575508,-0.0170283285931502,-0.006010074274028,0.0027105047957971,0.0230279174019317,0.0339141656499442,-0.0075933944045087
2002-04-01,-0.0155867426086882,0.0045769601958664,0.0246893193081027,-0.0689751701214334,0.0798909363089088,0.0762590959470674,0.0190770718317176,0.0288864515643053,0.0142161221035218,0.0158194332989196,0.0117042560102444,0.0010037368414696,0.0549248150506533
2002-05-01,-0.0031457930724362,0.0006291255628309,0.013721526653292,-0.0327843148714594,0.0457811076397177,0.0265959436170682,0.0131050588563677,0.0323152034830761,0.0111472129533805,0.0033288725584677,-0.0054056833742896,-0.023337700422231,0.0294163196284664
2002-06-01,-0.020049740374393,0.0041541613153183,0.0119263903457715,-0.0529561942472982,0.080913531897973,0.0783309750130327,0.0149030790402149,0.0394690493266833,0.0188168046456611,0.0123097092336273,-0.0021670457884328,-0.0052446173665672,0.0438863105718407
2002-07-01,-0.0215653223696402,0.0021252925976462,-0.003209910604226,-0.0112867504497284,0.0469008234052112,0.0207701951400963,0.0141479908953025,0.0373516928975674,0.0142350917404813,-0.0048899702573382,0.0032496198438314,-0.0413609141435456,0.015810923476716
2002-08-01,-0.0064732059908462,-0.0024171403917335,-0.0024293114836033,-0.0242086440117277,0.0130113447273958,0.006806418841528,0.0095479862900242,0.0068793140251599,-0.0036568177656111,0.003344748388325,-0.0026652966417629,-0.0059626705272394,0.0164729039694399
2002-09-01,-0.0154162844535039,-0.0005216231137769,-0.0219382982711984,-0.019816723255783,0.0487722859282443,0.0722484549705387,0.0265706292631789,0.0343724294536426,0.0309898721122627,0.0112345675784265,0.0068533041634591,-0.017091895338359,-0.0032144088934668
2002-10-01,0.0202942828025871,0.0082354780517017,0.0129844445399255,0.0713105147639526,-0.0622325987325775,-0.0583755651259376,-0.0009454115450461,-0.0196224211430058,0.0022592073439915,-0.0155477943961129,0.0085041758921449,0.0138944303375896,-0.0225961487269298
2002-11-01,0.0409108900350139,0.0169507705104288,0.0409403588754408,0.0695066360333834,-0.119100980570916,-0.133680750670779,-0.0163216556574568,-0.081731777239607,-0.0384920287646892,-0.0087055522656223,-0.0268665082443354,0.0846772720535489,-0.0174272972542984
2002-12-01,-0.0245337106182731,-0.0119803065210372,-0.0098420038738556,-0.0570167355734965,0.0775804009134296,0.0458417798059423,0.0133291951963295,0.0365984172358804,0.0084508487059141,0.0079247036946483,0.0508806420935539,-0.0194065593508635,0.0386872766812616
2003-01-01,0.0007676442953444,-0.0005016953502928,0.0015874132073631,0.0173133410256898,-0.0099653843559107,0.0058354983636112,-0.0006947881701599,-0.0100903365664984,-0.0042765383151303,-0.0008245646453241,0.0007123713677014,0.0139332638444658,-0.0078203655614767
2003-02-01,0.0097468353644434,-0.002329890100273,-0.003439459218949,0.0138997589293952,0.0024305523406053,0.0147876697819497,-0.0053428451693909,0.0052152942896008,0.005915965448447,-0.0019175655673202,0.0014991894283961,-0.0090903653883648,-0.0105148185325096
2003-03-01,-0.0033083495442571,-0.0044044624619061,-0.0151028784638979,0.0007956744181658,-0.0011276444797567,0.0038512440326898,0.0078221852235031,0.0088466285778412,0.0141983845017816,0.0020149811339497,-0.0076120916648049,-0.0074146013351605,-0.0069582409812318
2003-04-01,-0.0016293641027844,0.0109122371796026,0.0112546885388569,0.0146149972014422,-0.0497297314212277,-0.0398551858975812,-0.0089391931745128,-0.0274702465007315,-0.0253274193091537,-0.0091374567348686,0.0009442569933152,0.0407278979941321,0.0003992188519058
2003-05-01,0.0220553751555553,0.0105082820042802,0.0099515753965147,0.0439955813353394,-0.0621391833140195,-0.019024387317384,-0.0239189255201094,-0.0508977639548827,-0.0272670920646619,-0.0028674846957435,-0.0047609398058535,0.0610060708772312,-0.0195474221126184
2003-06-01,-0.0069498870877997,0.0019157372521486,-0.0085645159728937,-0.0014117566051879,-0.0048600169755161,-0.0008338566958502,0.0015042136710365,-0.0036822256196836,0.008047916901407,0.0053084931064661,0.0017263673416718,0.0200754422052604,0.0004085420117058
2003-07-01,-0.0008531172807982,0.0210612611779223,0.007531192968263,0.0238096399456444,-0.0235271795894991,-0.0083110606745714,0.0028360482388982,-0.0128403637314783,0.0093762032783365,-0.0033324086215074,-0.0017176257542699,0.036107286749405,-0.0107680094444515
2003-08-01,0.0168707590478883,0.0114440569930428,0.0037308642037287,0.0232828776850553,-0.0382215623647721,0.0084199757254592,0.0016170373745568,-0.01771467026562,0.0066679982761362,0.0034724376354436,-0.0070899116108757,0.0164761425889862,-0.020444357766913
2003-09-01,-0.0006459232789118,-0.0021414738835515,0.0028838373903876,-0.0075527847488888,0.017207159500696,-0.0010174961931691,0.0064620722787318,-0.0033273486835473,-0.0082341755922897,0.0059084360194512,0.0078675789519667,0.0142014218073322,0.0126485584824884
2003-10-01,-0.0063250042953961,0.0152882919515746,0.0107744552929025,0.0165901411758,-0.0307479394672321,0.0317416924812672,0.0037785723827098,-0.0145509575936053,0.0004236819783025,-0.0119602634905676,0.0075375467472031,0.0195324783074856,-0.0168184675388746
2003-11-01,-0.0009909568335661,0.0024310115743689,0.0056299143742723,0.002130479723834,-0.0030970223677326,0.0080368914282868,0.0003360138516132,-0.0050314936359517,0.0039244422501019,0.0019036542560384,-0.0064218588954598,0.014442896631329,-0.0006956476350146
2003-12-01,0.0090548400416301,-0.009946602176618,0.0108915278409562,-0.0284785581108023,0.026208935131529,-0.0381404027834235,-0.0025961919218115,-0.0049658354786838,-0.0273516900344815,0.0110325340469248,0.000411869825744,0.0009912181217482,0.0336199593083441
2004-01-01,0.0205587068176087,0.0150719812835207,0.0217058413202998,0.026915666908586,-0.0304981811265904,0.0066105667049853,0.0034783752606072,-0.0351695678627291,-0.0134208445557014,-0.0001830115171207,0.0049867295079167,0.037878629339058,-0.0201093543366998
2004-02-01,-0.0101733268415318,-0.0094383865013528,-0.0120803232541443,-0.0250958704074455,0.0194374900458161,-0.0004656083419701,-0.001646393073752,0.0142832947946062,0.0047173761351163,0.0064294719557178,0.0016135799367817,-0.0185432552593718,0.0215915860771209
2004-03-01,-0.0068899818825512,-0.0049126012052382,-0.0125890379681857,-0.0109768523712689,0.0111999027888327,0.0043357139151799,0.00418396522012,0.010708604113055,0.0089538632280272,0.003729423988772,-0.0099805327338786,-0.0019579931067161,0.0090667229549783
2004-04-01,-0.0034268645279084,-0.013843832820067,-0.0104508224917693,-0.0230892579101282,0.0423057808557501,-0.0217366019429045,-0.0111582827021303,0.023483095831947,0.0134210579621201,0.0105145868615792,-0.007915298245895,-0.0261003332864035,0.0248302297402508
2004-05-01,0.002277798190084,0.0099811860889113,0.0037368034915428,0.0124990961178837,-0.0180470721249263,-0.0037671762285892,0.0094026583275558,-7.55728237094e-05,0.0036451720716112,-0.0060671873612851,0.0110223563937018,-0.0044950551494399,-0.0087421972484571
2004-06-01,0.0126246073397758,-0.000515583401227,0.0040637492818473,-0.007413207948965,-0.0021841595193818,0.02280534076099,0.0021263963665183,-0.0028567846550889,0.0008811949827441,0.0019509242351256,0.0011646833570852,0.0032995462895101,0.0061371591513066
2004-07-01,9.47961013684241e-06,-0.0199590640739021,-0.0033315551109344,-0.0539711419719912,0.0566557508967456,0.0057592732814653,-0.0134617945881355,0.0218895337675246,-0.0094145720888487,0.0113032867893115,-0.0012853672439598,-0.0277250165181244,0.0467284348145229
2004-08-01,-0.0133012548830588,-0.008763028040103,0.0038796420559933,-0.0239661576930901,0.0321930883296782,-0.0067917735968402,-0.0132744475853098,0.0075814885408056,-0.01523268495687,-0.0002396681575608,-0.008033750210479,-0.0108925972297555,0.0230382359209957
2004-09-01,0.0120132259900533,-0.005889441526084,-0.0190799846501019,0.0133862898480688,-0.0286669403733079,0.0260615501630077,0.0120797394760053,-0.004197271842849,0.0058060830447547,0.0023510460675667,0.0049189944804985,0.0106268986597155,-0.0180186838220897
2004-10-01,0.0099939647127058,0.0082293309446035,0.0038041877536646,0.0117963170273992,-0.0159038988567541,-0.0130638127260022,0.0059522558578037,0.0005407699211684,0.0045227579668639,0.0012043067785836,-0.005409916200474,0.0056534518152071,-0.0057170436897131
2004-11-01,0.0049155703572163,0.0031181978431757,-0.0055562250868828,-0.000419141485696,-0.0230765798164072,0.0144237490715616,0.0076176496895734,-0.0154545440061564,-0.0057856280571525,0.0044877622001162,0.0079782042046347,0.0207240163604465,0.0001474376083177
2004-12-01,-0.0115572374365043,0.0042885600916818,0.0005763962149968,0.0082309723758462,-0.0091738224170053,-0.0218948851671638,-0.0062323656667915,-0.007211784546612,0.0008481026683248,0.0010214650921439,0.0007985511682795,0.0060995390320235,-4.69506211125e-05
2005-01-01,-0.0086876064512297,-0.0088625383668138,-0.0043358660143021,-0.0239694617864516,0.0205139052014305,0.0212886866666335,-0.0008949240430916,0.0138642859998713,0.0092056795193544,0.0060381580729903,0.0086814592929399,-0.0240895203500653,0.0177538231988362
2005-02-01,0.0039632225820326,-0.0098271882485546,-0.0116179732002339,-0.0106933661107283,-0.0041775150975015,0.0238301052619556,0.0194885601624742,0.013745274612449,0.0116960114272026,0.0159760948281705,-0.0016367381619339,-0.0130434339870499,0.0080383102694647
2005-03-01,0.0058629440414241,0.000911642998024,0.0094180840710873,-0.016359364591614,0.0228503127878422,0.0074124262551534,-0.0061197987189406,0.0072604077973476,0.0041799074730864,0.0071303516269633,0.0014874136236251,-0.0191622606702301,0.0180762732826378
2005-04-01,0.0026817051104341,-0.0040029250583695,0.0091929907409615,-0.0128843317632069,0.0323843460171962,-0.0024766589806841,-0.0066573301284348,0.0060986294193212,-0.0060366389813241,-0.002524751178375,-0.0003441929963826,-0.0173228722942025,0.0128487481907069
2005-05-01,0.0038239468796136,0.0058318638343795,-0.0114009819745946,0.021991525231212,-0.032490263568823,-0.0010068326562421,0.0075363944089762,-0.0009113671053332,0.0135151593279576,-0.0036596119886002,0.0094430765995074,0.0126327138008479,-0.0153720173901539
2005-06-01,0.0069741640784228,-0.0080907308795189,-0.0059139508305441,-0.0111676805595812,-0.0082821793661361,0.0196748421690969,0.0052623278947448,-0.0086701816221756,-0.0122066759231267,0.0071150505110289,0.0031782200392889,0.0132944484116012,0.0024104488358862
2005-07-01,-0.0027303020659443,0.0001357999428054,-0.0165009741580582,0.0181925319203577,-0.0281729123011583,-0.0046480267226181,0.0161704851893056,0.0016952620500685,0.0107010635969399,-0.0017204742037911,0.0035239583299508,0.0154006919711917,-0.0133421887796159
2005-08-01,0.011418996576359,-0.004968730071457,-0.0045065314155273,0.0058123021741874,-0.0045107097375621,0.0201716540304959,0.0031028851791904,-0.0010264467832266,-0.0043913914262155,0.011280083578071,-0.0048812147963594,0.0011607839165218,-0.0057628655525836
2005-09-01,0.0092768273069725,-0.0007639851447674,-0.0097859948023073,0.0049683083336623,-0.0150675001621332,0.028393558469464,0.0121528801221032,0.0046674637259579,-0.0028784573045151,0.0078109249831998,-0.0126293104820158,-0.0012708089277741,-0.0104254529437759
2005-10-01,-0.0048166726618808,0.0087635369187757,0.0060284644060406,-0.0034927666365672,0.0172230786942584,-0.0226766199150224,0.0028735770025011,0.0099854253689293,0.0024647893936895,-0.00251241242927,-0.0017227100692624,-0.0091916764330299,0.008101988327017
2005-11-01,0.0003757953222567,0.0001469453395264,-0.0083165647841134,0.01136415136368,-0.0141315387464946,-0.0022382788310407,0.0007978886213904,0.0044371819588276,0.0092769376047813,-0.0042750751769287,0.0013523572055813,-0.0002057068431805,-0.007312137930673
2005-12-01,0.0063704339469959,-0.0021275452888011,-0.005087694528809,-0.0009068121429285,-0.0059383483478597,0.0079347588377591,0.0042861612015572,-0.0037330443337018,-0.0014442273577938,0.0046577386137199,0.0058937712105284,-0.0027633422580232,-0.0041240078634662
2006-01-01,0.0071688253959474,-0.0042651659630038,-0.0248938272081625,0.0280988985133723,-0.0543250315061692,0.0336682197529803,0.0110939668683637,-0.0035420424217091,0.0090128088001697,0.0067893985263966,-0.0002795444363985,0.0259024468565101,-0.0310776041759973
2006-02-01,-0.0031792138031595,0.0068081296386973,0.0234155635983309,-0.011608515437749,0.0284064229798497,-0.0199951412266528,-0.016307884842391,-0.0112346984901606,-0.0127185768237101,-0.0060506088873631,0.0092675658029256,0.0099982888320243,0.0175155242538618
2006-03-01,0.000214855195777,-3.90107497264e-05,-0.0108021725516679,0.0100362563964216,-0.0240716268077143,0.0185371108247985,0.0051783283089629,0.0003554869024748,0.0131761036910551,0.005775986583147,-0.0026748800417828,0.0103300454370869,-0.0114196631621721
2006-04-01,-0.00286915388526,-0.0072204059728422,-0.0061597664560915,-0.0121486295898001,-0.0049886110013367,0.0113157772711838,0.0032124829635071,0.0055476782340749,-0.0065399518053972,0.0058224461448801,0.0020509182804276,-0.010235955458235,0.0061903704780269
2006-05-01,-0.0054060907733644,0.0022486732312977,0.0179966317881029,-0.032360341451736,0.0376528650023975,-0.016614791704896,-0.0105227564825678,-0.0012482801685075,-0.0147600914843253,0.0048891764354729,-0.0032618436327485,-0.0147681427210606,0.0291621595248851
2006-06-01,-0.0004757021444534,0.0031393592676493,-0.0037717942991811,-0.0057463291691803,0.0036904085906448,0.008638491765486,0.0070392030059334,0.0116650665022166,0.0058666561878399,0.0040977362019943,-0.0013789297439589,-0.0142574853708581,0.008370115331851
2006-07-01,0.0009107205951273,-0.0045112973541864,0.0121402245966664,-0.0196107041164101,0.0416317135014012,-0.0055672681533383,-0.0060411158324646,0.0068281955303503,-0.0153533129576386,0.0096487290047848,0.0076807923650983,-0.0090068020150523,0.0243727567900075
2006-08-01,0.0101800686073239,0.0061728409910547,0.0133361543850837,0.0116690070469009,0.0020479464842778,-0.0309018904143131,-0.015234638767809,-0.0143870944883141,-0.0044568655120589,-0.0053749917909353,0.0099692594177485,0.0212986161402697,-0.0013760542067075
2006-09-01,-0.0038890116452673,0.0067554106974251,0.011632860737301,-0.0013267406829316,0.0023608924436159,-0.0126857333818878,-0.0128924400084984,0.004978264560033,0.0078932043784387,-0.0088733158030682,-0.0040497644288636,-0.0079188753381323,0.0107903572501259
2006-10-01,-0.0019555914802342,0.0017487959918488,-0.0052046496503829,0.0017069537081279,-0.0163183779082866,-0.0101281523140105,0.000217133914258,-0.0030759746214073,0.0032111882373372,0.0016886684381881,0.0014784249479281,0.0102755011274008,-0.001715254290508
2006-11-01,-0.0018504531355823,-0.005579019580047,-0.0150689493090186,0.0075731576591352,-0.0248678447635282,-0.0192783691074431,0.0040802087922894,-0.0014264253491015,-0.0008949859378735,-0.0008783120771479,-0.0049223477256395,-0.0012998070071024,-0.0080722831210655
2006-12-01,-3.91629253061e-05,0.0014875607652182,0.0210840154864754,-0.0180216342407867,0.0247262879997217,0.0115223143306484,-0.0066677808513674,-0.0111652297363434,-0.0155790511012165,-0.0019183188698993,0.0103329952560221,0.004125015799693,0.0136679043000275
2007-01-01,0.0076909340897626,0.002164538873846,-0.0034085654702072,0.0002923104717908,-0.0099031383964442,0.0009717137069965,0.0031811627776624,0.0036559887695151,0.0101111533147769,0.0055903195364352,0.0027978542836509,-0.0107605229275754,-0.0023638066355846
2007-02-01,0.0005785694822881,0.0031425950645753,0.0017340154115774,-0.004442462342389,0.0004975733304324,-0.0041448119856496,-0.0016699147255184,-0.0069864167653627,-0.000752776362758,0.0011839397126269,0.0003071853811116,0.0011895236928878,0.0029831046121141
2007-03-01,-0.0004148172109055,0.0022170938318209,-0.0023929589244676,-0.0034620777326111,0.0037464699852018,0.0114566150216803,0.0053019048612674,0.0063603173036153,0.0075741189390826,0.0090941735894044,-0.0046704394705073,-0.0054148501601836,0.0019188115382971
2007-04-01,-0.0013240270349414,-0.0024371118592291,-0.0034882349135984,0.0048471234169818,-0.0071857878363839,-0.0022592802267756,-0.0002587426694773,0.0078207374506901,0.0053449749911349,0.0017292306047282,-0.0052966083351451,-0.0057256486943017,0.0060244312688776
2007-05-01,0.0023524759753206,0.0014619234847949,-0.0073421831354911,-0.0036338392289114,-0.0106833511587225,0.0052159367093555,0.0017955521548283,0.0090634687665078,0.007042113954969,0.0024073481882443,-0.0014666194926966,-0.0091709093517161,0.000922377267651
2007-06-01,0.0021562609777582,0.0021157385819817,-0.0065746734765222,0.0119557209771206,-0.0075030635847258,0.0075823467706574,4.7408044259e-05,0.0015362961038714,0.0127633051890083,-0.0021735267006808,-0.0043706807187442,0.006518920393392,-0.0090592753912218
2007-07-01,0.0037285598045437,0.0006629263105761,-0.024810890085891,0.0152636260548997,-0.0016112236263278,0.0240802841872958,0.007869243029718,0.0130350695372003,0.0240560081379135,0.0034890090851866,-0.0054548430706233,-0.0172728493556153,-0.0243103797246681
2007-08-01,-0.0112840247649495,0.0019482745883564,-0.0022385725426823,0.0012772549437451,0.0131763586821404,0.0043117482868943,0.0056983129197769,0.007734493488618,0.0061306098431672,-0.0033143253695123,-0.0085910150971801,-0.0037514747362164,-0.0061503310460722
2007-09-01,0.0049883571902958,-0.0096158307203237,-0.0286002018905723,0.01233026527893,-0.0059918005944521,0.0328048860123633,0.0041421638150107,0.0068425638908794,0.0031152594310754,0.0025785208422112,0.0028047413998657,-0.01311500435674,-0.0299458666254813
2007-10-01,0.0189376566037383,-0.0041509605579951,-0.0196614286777942,0.0156257846686638,-0.0070342291258354,0.0333888414844914,0.0108916380127309,0.0016793450195214,0.0107715829061005,0.0030389742860962,-0.0134504785548448,-0.0010488257052708,-0.0382669972277143
2007-11-01,-0.0039697079110704,0.0022154641542611,0.0131568120026663,-0.0132573093420491,0.0393556698608803,0.0212011101011449,0.0061347515632346,0.0253904155695164,0.0111587819468537,0.0036131979674967,0.0008073874359776,-0.0344831178791881,0.0082869598828379
2007-12-01,0.0078693927789272,-0.0027704089105631,-0.0210353520119006,0.0113486541878361,0.0057670543386447,0.0441034446249915,0.0002765942702853,0.0149321369452784,0.0227243221383179,0.0092711351284733,0.0108685269210011,-0.0044515228495311,-0.0209302319803793
2008-01-01,-0.0075229032733301,-0.0021000554643222,0.027689575261582,-0.0295618189360716,0.0082106519687382,-0.044921393722133,-0.0145147064085735,0.0038635109721921,-0.0318147413145141,0.0003851939786295,0.0149621984798489,-0.0052358783677075,0.0502121310374787
2008-02-01,0.0164891214873724,-0.0153185405575542,-0.0266819124048503,0.0070157230935841,0.0143607381522395,0.0498738591931573,0.0073546545187848,0.021499567894258,0.033098076467796,0.0159241782700913,0.0193716698020873,-0.0118509223840064,-0.0219996454222212
2008-03-01,-0.0007426446221464,0.0046573363147981,0.0136183748291214,-0.0038319398955063,0.0227975707297298,0.0189780180476557,0.0013151718771166,0.0109063896850725,0.0106747760456334,-0.0007346658152237,-0.0064265640632915,0.0011356955858121,0.0032564987857024
2008-04-01,0.0143670333182785,-0.0107085315433441,-0.0196427353700823,0.0079427019624469,-0.0241517561979669,-0.000716891632821,0.0029639205722367,0.0080868294019122,0.0094079271479196,0.0060820537244622,0.0068639336403137,-0.0216101885063751,-0.0088628502693754
2008-05-01,0.0136349742133658,-0.0072402545049304,-0.0259890220281062,0.0188239125894795,-0.0087812482164895,0.0185321480791718,0.0133368751186457,0.0095515592122297,0.028385720374099,0.0100940892649116,0.0003929982057909,0.0085978357452527,-0.022845809345214
2008-06-01,0.0176471078395705,-0.016115019324502,-0.0304030475873801,0.0167328469458534,0.0042768169552252,0.0981827437100864,0.0174401302500159,0.0261723048979948,0.0374401411591314,0.0218622690823466,-0.0319399978861456,-0.0204278697641816,-0.0490712282939301
2008-07-01,-0.0259084952804034,0.0200993116815913,0.0488808436097324,-0.0035492964968985,0.0382653352674887,-0.0598802039772223,-0.0034809518215043,-0.010533648539463,-0.0166484867227468,0.0005155215144996,0.0367678644415674,0.0449909031830348,0.0446994401072192
2008-08-01,-0.0001121783210964,0.0024952185659106,0.0230347344662482,-0.0072738892737014,0.0063646056427457,-0.0434440230821137,-0.0194599703936945,-0.0040874730429557,0.0017605788046268,-0.0069913276572733,-0.0017682820250511,0.0159662714103793,0.028039215605483
2008-09-01,-0.0142744061600836,0.0069631380942225,0.0527029472008011,-0.0170104072184959,0.0774435668156899,0.0224035195971546,-0.0172298221395025,0.003369903671324,-0.0170063085816046,-0.0113746373413901,-0.0313874728901148,0.0187702627446781,0.0411174802708208
2008-10-01,0.0017512524515213,0.0109792217885774,0.0303248731194388,-0.0015008289865511,0.0642365330615977,0.0592823609679831,0.0090244672978018,0.0283586104119006,0.0125430098414742,0.0061785053448879,-0.003409014910724,-0.0121919261717375,-0.0046201349058652
2008-11-01,-0.0041628233655969,0.0047493585995801,0.0058218528203331,-0.0086968989802197,0.0586124337023451,0.0407056534255422,0.0060372681174332,0.0278016759064517,0.0092841365741416,-0.005023808767361,-0.0208587307022358,-0.0320631751932039,-0.0078547001671216
2008-12-01,-0.0086220482686581,0.003762278983026,0.0058325444690693,0.0046259923299715,-0.014903026744781,-0.0407317811422218,-0.0070282599408417,-0.0130838976836757,0.0048261415417357,0.0014197358917583,0.0080330126950498,0.0189515221802796,0.0231584215850349
2009-01-01,0.0028125937480522,-0.0024778070067913,-0.0331639050465839,0.0339459627959143,0.0208648938519628,-0.0142854479366596,0.0194749102439706,0.0126100557901138,0.0538832509968909,0.0198085612768505,0.0023296601318603,-0.0081547628515179,-0.0369462223086881
2009-02-01,0.002994904106351,0.0054703401353437,-0.0161776921795718,0.031556247254801,0.0143221944226205,0.0147875170219697,0.0134100351696561,0.0298763521342858,0.0486697476613251,0.005846688919366,-0.0090734259035955,-0.0186311650447129,-0.0329472795055572
2009-03-01,0.0039730782704209,-0.0030160051248216,0.0113231122104319,0.0154478320781726,-0.0508143538857197,-0.0578489352032512,-0.0302985743183537,-0.0226902988206508,-0.0144375158262599,-0.0102750434153859,-0.0193629646240346,0.0273181331716569,0.0157541107777591
2009-04-01,0.012650583702252,-0.0038201645050324,0.0136572570216853,-0.0199575656161494,-0.129165210196216,-0.201906881863494,-0.0293902739753194,-0.0433485759455607,-0.0293495510765235,0.0046118987016894,-0.0430112873373592,0.0808657896803987,0.0851289810886784
2009-05-01,0.0051840271709883,-0.0046350743318354,-0.0245061964583046,0.0040080274622442,-0.0401923183315123,-0.0855236218729876,-0.0020077873411993,-0.0105453582707432,-0.0266501642850251,0.0077210405146614,0.0077629480485943,0.0185089452829206,0.0109505694638306
2009-06-01,-0.0002486056465074,0.0048002668269797,0.0126952812194693,0.0123516422485061,0.0361369927573705,0.0125760267724482,0.005826623310935,-0.0075166101638479,0.013551683862985,0.0017769133091559,0.0169337898195295,0.0268841591291451,-0.0017931036799215
2009-07-01,0.0141789866710013,-9.63734230261e-05,0.021783958641098,-0.0070523406338294,-0.0361648403848254,-0.0156080325932604,-0.0305073717249078,-0.0262369356774061,-0.0266544122562322,-0.0073264982254209,0.008509939206333,0.0189945013609685,0.0156382393310491
2009-08-01,0.0024434676187234,0.0117872303897391,0.0290257518364649,-0.0132593879608682,-0.0317023996375765,-0.0259166877339088,-0.0059782270220901,-0.0287536247445303,-0.033378644322361,-0.0077788080093399,-0.0061963826572418,0.0151195819091851,0.0170052220838716
2009-09-01,0.010044547753071,-0.0069495117460255,-0.0099915274838353,0.0141817922592021,-0.0312016692277463,-0.0009933415516403,-0.0108069790000772,-0.0116099640101184,0.0017646768099988,0.0017904209516961,0.0004987043726333,0.0182344231341971,-0.0107392743467997
2009-10-01,-0.0079003310372553,-0.0071720849267986,-0.0067704714155394,-0.013363980887598,0.0416258692674759,-0.0120430840231313,0.0082800531110571,0.0431637371909633,0.031641659775196,-0.001684201227795,0.0116458166603828,-0.0367600585553991,0.0191720398115446
2009-11-01,-0.0025275778652918,-0.0050358264719832,-0.0028966196946611,-0.0016153816960073,-0.0081397582022671,0.0139438266868717,-0.0061326268167809,0.0022198015234704,-0.0044079771434817,0.0019069827372502,-0.0054259635831175,-0.0118704674413768,-0.0021366415250324
2009-12-01,0.0150431395403735,0.0052558081125302,0.0118452618677002,0.0163478280294257,-0.0207362395987242,0.003106213932466,-0.0003632021452765,-0.0240439400391412,-0.0018405255039424,0.002938391255086,0.0042248111340852,0.0353956103166457,-0.0090886608268342
2010-01-01,-0.0085920673380992,0.000364063940576,-0.0024541048199316,-0.0153682768025859,0.0086309846530429,-0.0244880090687373,0.0019663709104276,-0.0011144695198893,-0.0087002415488187,-0.001843349433353,0.021969018887694,0.0067614356710198,0.0191241296819554
2010-02-01,0.010606567808311,0.0037606439978492,0.0141199795888495,0.003911346552754,-0.0207989966596594,0.0187646355086536,-8.95637753086e-05,-0.0076804454926043,0.0024856541566044,0.0061337216099833,0.0017240282968528,0.0004278250583556,-0.0048257237649179
2010-03-01,0.0024794319544296,0.0133659641069057,0.0142727626969428,-0.0016406551552631,-0.0192297110242512,0.0023166354002719,0.008735037051345,-0.0162672853802098,-0.011592345574656,-0.0002915904911926,0.008948611981798,0.0155292668350456,-0.0029618125182386
2010-04-01,0.0164471606621412,0.0092718059685642,0.0211926953481341,-0.0083554607284001,-0.0205483288941168,0.0019378483701993,-0.00359845598676,-0.022480195009261,-0.0155448790581358,0.0082691030371219,0.0080547403342734,0.0240813154858829,-0.0025543374699967
2010-05-01,0.0014642408204302,-0.005069521642925,-0.008597281575842,-0.0038085654762998,0.0221786656875945,0.0033226583559919,0.0057875083633332,0.0187848962587167,0.0200797651031146,0.004873378632174,-0.0041687313408223,-0.0084229469375712,0.0064293266428711
2010-06-01,-0.0063263796572477,-0.012932942151364,-0.0231255898090415,-0.004096010843592,0.0459984312336597,-0.0091713126224448,-0.00217272756447,0.0204854998928347,0.0124653217182765,0.0042404952480495,-0.0074218896309764,-0.0135152149945427,0.0039637890918964
2010-07-01,0.0083223153817009,0.0037202216725849,0.0153385262166746,-0.0030936837729698,-0.0250158827051791,-0.0094603520819709,-0.0039415147790179,-0.0092023510796574,-0.0119238443957037,-0.0052800663758259,0.0068760310299685,-0.0021819405544885,0.0060325681793564
2010-08-01,-0.00032565450835,-0.0173387345322235,-0.0239406136008152,-0.001300465643782,0.0241051582240683,0.0188917817094224,-0.0050041418166107,0.0105086977237051,0.0095570234543346,0.0068693185580117,0.0063932218353959,-0.0256156565587481,-0.0072603011573373
2010-09-01,0.0042839909016535,0.0153146866579703,0.0050546744004086,0.0227028723291642,-0.0398683917107255,-0.0181921937264471,0.0137201936919479,-0.005440821452903,0.0151411255810936,-0.0100815368163627,0.0104351100256397,0.0181463208976255,-0.0138375161938786
2010-10-01,0.0018051047625446,0.0020037333395932,0.0009399614134892,0.0098693660426058,-0.0112439191204748,0.0075344407476206,0.0043605750123362,0.0038534279295148,0.0064915020279896,-0.0008910145740396,-0.0006729459084299,0.006277710910053,-0.0070725639489772
2010-11-01,0.0087060626423723,0.0041445497254785,-0.0070909831577165,0.0134964906076665,-0.0257683077691506,0.0145266873104151,0.0100326600060223,-0.0009495818163564,0.0172360872715995,0.0050610859939634,-0.0048384213987512,0.0040878388279926,-0.0200931476188474
2010-12-01,-0.0028359495951869,0.0039843953070539,0.0128359374833601,-0.0016950836313232,-0.0214682165489735,-0.0263347115440871,-0.0030344577992414,-0.0254718952181943,-0.0300301118874121,-0.0002549501768782,-0.0020360266791767,0.0264042169754184,0.0003169936428052
2011-01-01,0.0009032298762969,-0.0012971679243008,0.0011391318510451,0.0016013605746064,-0.0040395701425896,-0.0125593085560409,-0.0067545945167414,0.0005665667825236,-0.0051255118603915,-0.0032627038403696,-0.0047662200587283,-0.0092612841566652,0.0062264273207923
2011-02-01,0.0045606649214517,-0.0011193191975628,-0.0008422067816401,0.0023855407240139,-0.0094505947450775,0.0116391823598913,0.0030335339200743,-0.0035601679125666,0.0007248876422414,0.0020137719769897,-0.0062418828486117,0.0066068144766488,-0.0074234439872076
2011-03-01,0.0080213019044361,0.0009238507126695,-0.0042444459444751,0.0017107898719499,-0.0004885811964657,0.0100280578325541,0.0024969575027364,0.0011653347988188,0.0105117417739468,0.0048163298382591,-0.004891857041856,8.81514100089e-05,-0.0063893718986706
2011-04-01,-0.0025863356127885,0.0023196619838885,0.0024064697951402,0.0033841591406162,0.0082936711777054,-0.0068162297466856,0.0029795895667516,0.0086319305285775,0.0129134897159348,-0.0032364645658904,-0.0024284687314709,-0.0066067364074235,0.0014321620977175
2011-05-01,0.0075723807704203,-0.0022806358522915,0.0049412313517643,-0.0058767837927175,0.0185050993008143,-0.0097287457224762,0.0002887074771397,0.0057511942329144,0.0115070468248846,-0.0005599744881098,-0.0050348418167243,-0.009966441550865,0.0090623182278607
2011-06-01,-0.0002864571309587,0.0004636239348174,0.0011033739236552,-0.0075766557463869,0.0153322151289839,0.0149206666960404,0.0042804885004814,0.0116710224115449,0.011574594351372,0.0027797276542563,-0.0058936807646243,-0.0114232973327018,0.004036304148059
2011-07-01,0.0117987067292261,-0.0099114473907113,-0.0096910116227985,-0.0040238825232073,-0.0052153246455761,0.0075502896128653,-0.0019730825821464,0.0003333909234051,-0.0049506718885268,-0.0006888444569605,-0.002178957835882,-0.0121587461652832,-0.0078164596139864
2011-08-01,0.0013221087988024,-0.0072167419972656,-0.0012534392690519,-0.0085767058897063,0.0505760821709074,0.011232076514157,0.0017327624589065,0.02278514723941,0.022290057947168,0.0017931861414669,0.003303438498445,-0.0285363661914451,0.0102037164509909
2011-09-01,0.000524950639343,0.0054396650670964,0.023578029209751,-0.0059538731955765,0.0671555521965551,0.0184587213467699,-0.0237518106065346,0.0167994639038579,0.0247000637651029,0.0014686552277439,-0.0249231680534539,-0.0177121976784644,0.0176955269318081
2011-10-01,-0.0053936079310279,0.003329735507185,-0.0145397284064434,0.0105951578448789,-0.0660372508119488,-0.0615236251420711,0.027170565419408,-0.0018667615159648,-0.0079254409327354,-0.0074002281978688,0.0263803921042157,0.0201151617144859,0.0030146096336557
2011-11-01,0.0023912188643842,-0.0020616701297124,0.0067157447331447,-0.0119795846349195,0.0198296032909131,0.0240276328939259,0.000395864256273,0.0053414765832654,0.0034738391131146,0.0018380732942427,0.0020568960516073,-0.0161195754448849,0.0025506788749773
2011-12-01,0.0076854132637603,0.0036413653811798,0.0259992516210441,-0.0203339986958281,0.0355208523385563,0.0189872551397011,-0.0087610921188086,-0.0037286172870937,-0.0090569225468308,-0.0027734346044815,0.0080660706569655,0.0057996583986375,0.0221321511559589
2012-01-01,-0.0211677560918789,0.0122468892769149,-0.0207340539457901,0.0320797937885719,-0.0555417987668045,-0.0605035664521537,0.0054206812797148,0.0026525265633025,0.0072219970840858,0.0040515580313106,0.0162763488052163,0.0300731919081559,-0.0096147002069307
2012-02-01,-0.0003134776853863,0.0060589724502033,0.0007297385977876,0.0016518562354043,-0.0208061578150055,-0.0165133764777622,0.0061737380481646,-0.0019806341175993,-0.0005263494784018,-0.0004954002813801,-0.0065532892589362,-0.0149747481840492,-0.0041476891698292
2012-03-01,-0.0055628099281572,0.0125494233414583,0.015167100544716,0.0021645052017251,0.0146432589277905,0.0214812290760314,-0.0071556624971612,0.0017529432343596,0.0085348297674629,-0.0082661155560467,-0.0009579778072219,0.0014289252033267,0.002948854229538
2012-04-01,0.0098484855618038,-0.0050513143589547,0.0052033874262635,-0.01481207539863,0.0224216974935486,0.0188040092834869,0.005291021646492,0.002788590444438,-0.0014019707240256,0.0033419130197134,0.0002866807305307,-0.0190643929927621,-8.32063251891e-05
2012-05-01,0.0064215792700035,9.81607209481e-05,0.020876812984773,-0.0194555512953045,0.0508006933937592,0.0352481991404575,0.0071697276600787,-0.0011144622166134,0.0001710545203733,0.0056917133916885,-0.0021731659821989,-0.0100553198792227,0.0057403308570453
2012-06-01,0.0068671240862032,0.0057488950385104,0.0117453945957333,0.0020063824744561,0.0027983127076108,-0.0045281259369429,-0.0011568266938593,-0.0087388429957255,-0.0128228841352471,0.0028391417404162,-0.0025274489863545,0.0147861936054787,0.0044214923862088
2012-07-01,0.0065817190595461,-0.008304242505744,0.0041259265279716,-0.0125898438507712,0.0111208587985367,0.0052112561476593,0.0028161997231744,0.003907908869339,-0.004693833961303,0.0013800278061086,0.0054768198072544,-0.0145380861857905,0.0080494872883329
2012-08-01,-0.0120214640650545,0.0021278453650832,-0.0059849659157544,0.0086217074573047,-0.0282471074676256,-0.0189108897838673,-0.0003807055964239,-0.0007630309209,0.0041093362289206,0.0004301419224473,0.0018725927777432,-0.0038091390405768,-0.0035417326229122
2012-09-01,0.0069461493425643,-0.0006851453312396,-0.0004234965907124,-9.51110971195e-05,-0.0071171747357407,-0.0073426249310715,0.0005755527977963,-0.007773950695545,-0.0092681544829807,0.0061282697733485,-0.006015101433085,0.0127661742445426,-0.0043797051564884
2012-10-01,-0.0015219492957368,-0.002341199632872,0.0152238325454035,-0.0305476319184226,0.0139432252632333,0.0035631504333873,-0.0002704101108623,-0.0023300026174533,-0.0221165760026684,0.0001699619542839,0.0012196771284632,-0.0169985422191515,0.0246912154262745
2012-11-01,-0.0091710178514218,0.0075450853842327,0.0031179413000685,0.0105676069605682,-0.0037306133453354,-0.0004342423236113,0.0020242766060081,0.0080878083198202,0.0183141268591608,0.0034685415552521,0.0063319908034055,-0.0030099829803455,0.0002237144634105
2012-12-01,-0.0027060611932556,0.0039529348039938,0.0031968698667106,0.001703070793339,-0.0167178681997934,-0.0147642306592628,-0.003556806617099,-0.007428807241762,-0.0111998903986079,0.0017561974289844,0.0073712768097433,0.016864172124563,0.0068993997023968
2013-01-01,-0.0066583486103342,0.0055275325468586,0.0069058820235622,-0.0001908083888022,-0.0099158779443142,-0.0026263844872507,0.0009650810902869,-0.0028913312902444,-0.0041614120234311,0.0005271042629336,-0.0087747711401044,0.0035481478639469,0.0074557656488094
2013-02-01,-0.0011226745470238,0.0045361093975031,0.0120741644938834,-0.0081823242437212,0.0156887244299367,0.0148774386483425,0.004938769664624,0.0055508401705989,0.0032874333125941,-0.0026682845427819,-0.0080293734478768,-0.0026967878585452,0.0078740676828858
2013-03-01,0.0082100442135656,-0.0018144249026787,0.0080084222039937,-0.0062950369308319,0.0022066399809263,0.0103911202419945,0.0050703853305518,-0.0053308686636514,-0.0044644265820955,-1.25857014073e-05,-0.0102439995840028,0.0045323846575025,0.0030825520292587
2013-04-01,0.0026859783115347,0.0033616561533214,0.0058249708400295,-0.0081804773516184,0.0094253169610055,-0.000441383664609,0.0071525514810708,0.0007228273294269,0.0009984093746312,-0.0007108833880818,-0.0089991894363125,-0.0158478840959921,0.0058922301887594
2013-05-01,-0.0138023158948603,0.0097957855532581,0.0020994296840692,0.0134202331240615,-0.0322191060810844,-0.0004939535356198,-0.0072623653896449,-0.0033239759935947,0.0047188087209192,-0.0029071096114238,0.0067630937448702,0.0240698463274805,-0.0004193122203456
2013-06-01,-0.0011167925794431,0.0026220388157175,0.0030465243882867,-0.0045212650233016,0.0167420843566659,0.0121301572612549,0.0008906127279341,-0.0011332969281722,0.0006746432983281,-0.0009368595979405,-0.0005321026860396,0.0095598134357062,0.0012526973451579
2013-07-01,0.0028442562091154,0.002754086227258,-0.0009955159448887,0.0129954798289016,-0.0163272498480733,0.0073692604424434,0.0006748080517525,-0.0060353852503135,0.0006981760334128,-0.0008444043504871,0.0069775680259429,0.0162716185034689,-0.0049656654112068
2013-08-01,0.0031950040579822,-0.0057672032805891,-0.0134319209356504,0.0109195911817549,-0.0122497486617955,-0.0052848791375375,-0.0034808709547463,-0.0019461133328805,0.0042202918547319,0.000105386140067,1.16311069572e-05,-0.0017227079887708,-0.0112361235209911
2013-09-01,0.0006638760361365,0.0026867195293497,-0.0042087901000261,0.0126114494372937,-0.0111134077139603,0.0170728182994311,0.0055872509486113,-0.0031954422205511,0.0080181162100693,-0.0054670786534235,-0.0009708826493134,0.014583142783072,-0.0142816984364736
2013-10-01,-0.0004928553342284,0.0010980542271552,0.0111265336093947,-0.0188868293741646,0.0146315413719568,-0.0027007225607615,0.0040404230638094,0.0163487258766623,0.0015753227790294,0.002260544684948,-0.0006807018118871,-0.0180181238171009,0.0204521889464273
2013-11-01,-0.016601487719667,0.0137440155079191,0.003266450799343,0.0029807188975511,-0.0034558015220842,0.0079922064163361,0.0043206084265187,0.002357240142594,0.0045399964951942,-0.0031057090935354,-0.0008369694876033,0.0149235894649532,0.0052669104741243
2013-12-01,0.0037720953827939,-0.0009305343320981,-0.0018853016622599,0.007335068721504,-0.0094852243391115,0.0029264139780551,0.0006444182069982,-0.0031619045465247,-0.0007914452754673,-0.0019078663902414,0.0006147719058485,0.0039966656022178,-0.0045883605972982
2014-01-01,0.0112235010730025,0.0011152780163369,-0.0037855634953943,0.0253972847727831,-0.0134486163104801,0.0023238206714463,0.0023566916968429,-0.0225990938904325,-0.0080592048880619,0.0055236936733091,-0.0061610389733491,0.0162292536215387,-0.0281922965774732
2014-02-01,0.0028290246727438,8.77660741318e-05,-0.006981295805694,0.0099298412276476,-0.0185153283973694,0.0126329154216183,0.0017840349167245,-0.001087083759171,0.0075014733866,0.0002519876022168,-0.0083547162577332,-0.0055248867247267,-0.0113381436507102
2014-03-01,-0.0017963220867368,0.0003877295406132,0.0195240739390207,-0.0306876010797247,0.0289479567327915,-0.0178530545705067,-0.0016226266793826,0.0178685733496856,-0.0043305891055767,0.0051300452102796,0.010372334717309,0.0052440944933889,0.0441441762708726
2014-04-01,0.0064211308779907,-0.0074048835723254,0.0126006160633555,-0.0320700087264549,0.0242906639923511,-0.0209208687531535,-0.0031773756207256,0.0192078285263192,-0.0058054895763175,0.0081465788971441,0.00012358295636,-0.0258593942484082,0.0342818534840722
2014-05-01,-0.0005044411995537,-0.0022057113622577,-0.0048051629908189,0.0002747206504192,0.0012506267058711,0.0072211136069487,0.0028007477316675,0.0074735951254393,0.0075206071642085,-0.0004317504825031,0.0008596562940133,-0.016867435301741,-0.0009365573734139
2014-06-01,0.0128533970064354,-0.0033623713618172,-0.0030449978623067,0.0175079157280487,-0.0250359919082306,-0.0019734040923528,-0.0012745399647573,-0.0243412378808,-0.0166347250407298,-0.0018259204583207,0.0057511929952256,0.0263995267113596,-0.0223453920371488
2014-07-01,-0.0063396893492662,0.0029926002930622,0.0047022656617207,-0.0041014121396081,0.0128560334559256,-0.0046544798714303,-0.0060528033223287,0.0156499212288709,0.00842134858965,0.0026250135853904,0.0089834309448857,-0.0260203746052992,0.0146264805915708
2014-08-01,-0.0020845466193119,-0.0011904827063189,-0.0086903014826358,0.0088429348899853,-0.0092676303045456,0.0021557489710461,0.0025540683325149,-0.0028101947856591,0.0040538841165147,3.0691250197e-05,0.0089067330429533,-0.0037256337960351,-0.0093884018480454
2014-09-01,-0.0159093131000728,0.0086283071791516,-7.66380907361e-05,0.000898369595933,0.0247439047104045,0.0066938932797071,0.0014164129543467,0.0170536780261753,0.0170951737004551,0.0011280188468622,-0.0064249628057361,-0.0274296130617025,0.00053557417463
2014-10-01,-0.0185488888791535,0.008697809696218,-0.0072658344023006,0.0009485733232034,0.0230324236720775,-0.007299296224198,0.00246302754801,0.0102871669785423,0.0147737970293644,-0.0003837738754367,-0.0103567830732134,0.0111191814214281,0.0003767805696048
2014-11-01,-0.0155447746675453,0.0118961688181432,0.0091245577618208,2.3776105856e-05,0.0239625674052712,0.0286536751364563,0.0051869137221901,0.0161300318405263,0.0244373871754133,0.0074580130601411,-0.0050537344839657,-0.0168206490424363,2.25159215192528e-06
2014-12-01,-0.0026311531037999,0.0051209625674877,0.0041693464632916,-0.0014361720814679,0.0113382865755601,0.0162728269724945,-0.0054398388339255,-0.0074560335492027,0.0007749954707424,-0.0014149396271324,-0.0065770042716804,0.0196218683022876,0.0003480450118643
2015-01-01,0.0101999363028717,-0.002357164269306,-0.0080607952935536,0.0131392002825816,0.0034228160814579,0.0283462448384281,0.0102323743176524,-0.0021611748103622,0.0119830454807631,0.0014518413810249,0.0053191222329607,-0.014608473320685,-0.0224163913091852
2015-02-01,-0.0058107961463711,-0.0025763124963742,-0.0110632943849095,0.0098175316766679,-0.0199417112839044,-0.0277425017687925,-0.0019492285689189,-0.0044075114876112,0.0015389316548197,-0.0008128705230146,0.0091748553661485,0.0076456132779692,-0.006826149235577
2015-03-01,-0.0053659478007463,-0.0027590681781906,-0.0141301730666113,-0.0025871881424589,0.0091769488094749,0.0250948161977585,0.0041113241214591,-0.0021813774709102,0.0031869334317132,0.0018771521039089,-0.0041480681814228,0.0029387914543121,-0.0117940162067601
2015-04-01,0.0148859968190627,-0.0049382686893367,0.0062779993330434,-0.0034098300431326,-0.0123100696654001,-0.060480148958366,0.0015248978228461,0.0030580854275065,-0.0144974116446296,-0.0002671516254868,0.0159783204847068,0.0020191761613949,0.0188771228483552
2015-05-01,-0.011473072644844,0.0043481661226733,-0.0092470883608106,0.0165376569288143,0.0039132002226758,0.0446943479149752,0.0083610953911168,-0.0112428426527171,0.0036478191457463,0.0005099098064457,0.0149139939311458,0.0039130004211491,-0.0210619654281045
2015-06-01,-0.0132673486426994,0.0022981498246634,-0.0108775596982816,0.0009846887954908,0.0112989847146907,0.0200165745106546,0.0030216959345879,-0.0025874246545521,0.0018322365286498,-0.0022671268933507,-0.0111892039226418,0.0102062454224036,-0.0092639319906899
2015-07-01,-0.0117370690241175,0.0073001407400933,-0.0056799705681018,-0.0029350897409647,0.0436020509437298,0.0362426755012861,0.0142771082231164,0.0146702082611232,0.0162782207187999,-0.0019426552073808,-0.0103461767945567,-0.0381572010241208,-0.0136958751761662
2015-08-01,0.0071568705901684,-0.0009098788639241,0.0107400421616593,-0.0123370643588662,0.0099974605640115,-0.0088711060130872,-0.0053915612954239,0.0071371745019528,0.0014107432435577,0.0007536815453755,-0.000940677031308,-0.0009936932130162,0.0142716139735024
2015-09-01,-0.0043033353154725,0.0073023516034474,0.0117333951844325,-0.0130268187741611,0.0504860834216007,0.0374142490633672,0.0114183571669048,0.0303060819757682,0.0193259893708624,0.0040677590333012,0.0007277827268627,-0.0206362932737659,0.0167852515200547
2015-10-01,0.0120076022515586,0.0013732171088299,0.020774141036401,0.0054511782554408,-0.0091046265846556,-0.0344152064204291,-0.0143933028694618,0.0048117459108644,-0.0011318777457155,-0.002858344458966,-0.0033822010095133,0.0046792032999429,0.0128083147456334
2015-11-01,-0.0133522154216723,0.0072998538368633,-0.0080019060071829,0.0211463656831976,-0.0057874671549478,0.0110101402172032,0.0071566838829081,-0.0067761882315725,0.0018342213775447,-0.0012343602654742,0.0010815302688179,0.0245184823990922,-0.0147102983575074
2015-12-01,-0.0076569591933648,-0.001052785045274,-0.0122370779250219,0.0007396533113364,0.0247821382518863,0.0226043661628743,0.0073424065065985,0.0089429289317823,0.0176466497822522,-0.0034002146958791,0.0057273678439627,-0.0188295759478839,-0.0115652753037491
2016-01-01,0.0040993442067722,-0.0046705126139992,0.0300222507472827,-0.0415143747137379,0.0569045950768131,0.0131286787081986,-0.0071427792470949,0.0347224975056992,0.0198881918408395,-0.0087864151945387,-0.0055320502627145,-0.0402075416644188,0.0342366536709938
2016-02-01,0.0132619082252214,-1.70668075e-05,0.0159924114590811,-0.010006119302673,0.0023034660756345,-0.024648116533925,-0.0060911832095062,0.0098017594095178,0.0143371334702489,0.0022930790331379,0.0076607188463962,-0.0021119212104125,0.0208856517276436
2016-03-01,0.0125230032494805,0.0044153257963407,0.0191332145908129,-0.0048896670044412,-0.0178874485519288,-0.0313181074309035,-0.0156978814692498,-0.0106831739912159,-0.0185102377860937,0.0017284176557719,-0.0040817494352216,0.0150364701315327,0.0136999818029574
2016-04-01,0.0165477513500546,0.0033812135039122,0.0188882113019201,-0.0014391242289325,-0.0416033364914941,-0.0403402756869593,-0.0111779415455422,-0.0366537732071822,-0.0492296595180343,0.0050267607209956,-0.0169972622548515,0.0278288377358547,-0.0020226792430686
2016-05-01,-0.0149365121890409,-0.0019249526151396,-0.0139183019381926,0.0141441395146941,0.0144258847643669,0.0056125941672187,0.0120702289302188,0.0059702585190029,0.0065537829852319,-0.0044827588058913,0.0059251026294728,0.0006744278520845,-0.0118918192481303
2016-06-01,0.0233649953926434,-0.0022677226099941,0.0084772387776367,-0.0062244787402321,0.0216616560747299,0.049632662473766,-0.0060865813337702,-0.0062974715504625,0.0046391164926065,0.0116937158884107,0.0270797095585303,-0.0113164410635726,-0.0142234994822937
2016-07-01,-0.0005717903439671,0.0022511854444686,-0.0097140061713291,0.0236341151745143,-0.0303097070015256,-0.0259904975343374,0.00203603858431,-0.0061840417949592,0.007766089514326,0.0009729998661154,0.0261795674552586,0.0237043981668542,-0.0024012513099021
2016-08-01,-0.0082817046487677,0.0049279267806955,0.0056566289521244,0.00609310817545,-0.0119680913876373,-0.0281774130265746,-0.009676884582015,-0.0030239914945052,-0.0076630044360223,-0.0091073917101054,-0.0087031520259363,0.017712117918067,0.0131673572664404
2016-09-01,0.0161857215449236,0.0019562573594931,0.0091329846288429,0.0162379550046004,-0.0208615705200844,0.005356634175083,-0.0086513717645418,-0.0218980252467489,-0.0137842642402462,-0.0032146061393263,0.002013841457978,0.0253918443065926,-0.0120144235897712
2016-10-01,-0.0027432097299949,0.0036544881434161,0.0081633591082112,-0.0206392054138484,0.0243574078641089,-0.0115592020853535,0.0006636491813639,0.0198044735304113,-6.18725696587e-05,-0.0017757392312269,0.0093909661580884,-0.0202831453129246,0.0319575606273069
2016-11-01,-0.0111813976248396,0.021728597594535,0.0252421882638525,-0.0052710313673316,-0.0283145029679699,-0.0007195183603406,-0.0078513776544077,-0.0115213871116091,-0.0242580449254997,-0.0120146438299584,-0.0077511392613448,0.0430633351901673,0.0310741836854755
2016-12-01,-0.0079202286364322,-0.004883435369524,-0.0007770806732966,-0.0151844876074299,0.0183862644301455,-0.0064659813902466,0.0009088113560741,0.0085243651615195,-0.0077546395690322,0.0019769847853065,0.0026446183727349,0.0134508878784127,0.0191436763746644
2017-01-01,0.0087502721947964,-0.0006403696974515,-0.0093210609315803,0.0175610789030739,-0.0139784188745819,-0.0075823898969831,0.0016464725611819,-0.0043550598038596,0.0003463633768934,0.0005885970898892,0.0110418369565482,-0.0071744814262488,-0.0142556078844792
2017-02-01,-0.0144415161085137,-0.0081922550093776,-0.012980991167846,0.0054280028488458,0.0123593719778763,-0.0084006725743059,0.0021926953036086,0.0143505550534229,0.0115120729945502,-0.007552085912015,-0.0016505505072566,-0.0062692475146062,0.0039151568557977
2017-03-01,5.82720832065e-05,-0.0020614336349604,-0.0054644418407798,0.0116103459209649,0.0025299138669448,-0.0017376548604016,0.0061648049472667,0.0066614361253896,0.0168075540843158,-0.0010263181119659,-0.0040529037322014,0.00445999046487,-0.0114952865252243
2017-04-01,-0.0037601835245127,-0.0027884402789506,-0.011957139831797,0.0083139063240796,0.0151578779780287,0.0049169369975191,0.0046068470465388,0.0107038607688223,0.020814124862198,-0.0005037663972253,-0.0082905323494267,-0.0021928004843937,-0.0070167097191397
2017-05-01,0.0003467263849745,-0.0124436499453467,-0.0195399765500585,0.0085412840169494,0.0207734542000593,0.0174647513602954,0.007802771147823,0.0188423758347097,0.0251537569496739,-0.004802497945578,-0.0094888528070449,-0.0224993348264608,-0.0183687244674227
2017-06-01,-0.011826274690434,0.0001444284502157,-0.0070476498375823,-0.0010839342416842,-0.0063194857201747,-0.0084980491596349,-0.0085228767795681,-0.0061432236107898,-0.0144301493288192,-0.0006956877120187,0.0106087585340649,0.0249272134783323,0.0094429873502588
2017-07-01,0.0039683152017038,0.0027615502668275,0.0024330709505102,0.0028176802350578,0.0003893704072256,0.0113674996927205,0.0076316132495006,-0.0036852220829871,-0.0072189015313208,-0.0044187167494594,0.0083661179759543,-0.0004986499576287,-0.0013691132176448
2017-08-01,0.0009307330123523,-0.0037017266613241,-0.012473247341806,0.0181188582125374,0.0097906597915468,0.0277496578290584,0.0022989011027878,0.0072496890292656,0.0155763322184986,-0.0004813208832724,-0.001070135781395,-0.0035295001547563,-0.0186153625512994
2017-09-01,-0.001079610201897,0.0126326348595298,0.0105663798244591,0.0021331197532931,-0.0199024551968192,-0.0135195332998891,0.0012204169538548,-0.0085607882113073,-0.0098963723348341,-0.0076115616856268,0.0055935716151941,0.0305463635413166,0.0075184414244729
2017-10-01,-0.0015131325628996,-0.0053771915982989,-0.0114536687973156,0.0075752039316685,0.0111366653298136,0.0360377769376132,0.0103105485318304,0.0114037868660676,0.0133673696396804,-0.0031953231057278,-0.0011555016370077,-0.0117082515908916,-0.0088224161209393
2017-11-01,-0.0010092044253674,-0.0002272180545583,0.0019553517655056,-0.0054302805901761,-0.0006220063265513,-0.0055811006114713,-0.0048251423093302,0.0128453682422778,0.0136182837543829,0.0058270712858065,0.0012032569136935,-0.0132338076169199,0.014725542077715
2017-12-01,0.0083162629891149,0.006189738109729,0.0074906755763886,-0.0049980461235086,-0.0174877702278311,-0.0166453727559776,-0.0047641675754498,0.000513149289919,-0.0032565793825881,-0.0001357630565391,-0.0011439495976952,-0.0074099756773441,0.0091979565356235
2018-01-01,-0.004495463121698,0.0119181340813813,-0.0052986676026015,0.0223265334501362,-0.0081308465811813,0.0138466121505994,0.009034661667231,0.0087382731276381,0.0169232037967559,-0.0073343994954896,0.00415387886075,-0.0164494383996055,-0.018033549582304
2018-02-01,-0.0005218707161555,-0.0024648200204834,-0.0131304991182663,0.0211069610582241,-0.0006576522778322,0.0101225042190287,0.0064959755275732,-0.0010273830155137,0.0112222322748717,-0.0049911519289985,0.000259677492894,0.0076911312617543,-0.0177684333790656
2018-03-01,0.0075728886989167,-0.0034336257905344,-0.0003295841038225,0.0026551171430037,0.0017587671392484,-0.0056859546370592,0.0029735030539492,-0.0072057900783509,-0.0011690922821113,0.0006106829379456,-0.006484909650719,0.0103739336395502,-0.0034593089605192
2018-04-01,0.0177975699659412,0.0020627766564269,0.0098094929821744,-0.0051142368060292,-0.0010483270792538,-0.0056778282597276,0.0006688489451379,-0.0132048760478853,-0.0156135578711217,0.0010120037514614,-0.0059489144464271,0.0092127923133029,0.0053734326422765
2018-05-01,0.0020097245500013,0.0050472437302207,-0.0131331964117815,0.0356843864360642,-0.0267084446748457,0.026442509322962,0.0074442125918058,-0.0099884814838811,0.0128669988210754,-0.0015493125570317,0.0009425548475958,0.0291654408918885,-0.0327924969940532
2018-06-01,0.0094290742038455,-0.0038647254021451,0.003892831563454,0.0009232467806295,0.0001194381051896,-0.0113646509826811,-0.0089652027218148,-0.0030670481978759,0.0052460459724711,0.005350492209166,0.0004150319096401,-0.0030995225579774,-0.0060212243747878
2018-07-01,-0.005550286721022,-0.0025379187521839,0.0034113110479678,-0.0126294580369456,0.0226594050693169,-0.0148075776711486,-0.0017405676473244,0.0149032859802946,0.0040401716961932,-0.0006087827921035,0.0162393566654557,-0.0139720549090013,0.0167897320548726
2018-08-01,0.005609011749081,-0.0016804427261236,-0.0202108832781577,0.0333114090877045,-0.0126273632194091,0.0418701395764238,0.0043978363767902,-0.0154293737463993,0.0208403187686781,0.0020863153890196,0.0093451711972396,0.0050125038796439,-0.0426271877543365
2018-09-01,0.0084284311222821,-0.003693064745685,0.0020995845194596,-0.0044767118802418,0.0041910777668194,0.0106997737792499,-0.0038735276568718,0.00403748412034,0.0031631409355317,-0.0006621912437779,-0.0055978311233429,-0.0196696194107008,-0.004065116289554
2018-10-01,0.0035244190925947,-0.0037631798843502,0.0241376068604118,-0.0347103890947629,0.0456466429531927,-0.0097152337448186,-0.0124797919607932,0.0161964762883814,-0.0046777854850928,0.0008277514283126,0.0108422810424362,-0.0249678922081214,0.0336430529133096
2018-11-01,-0.0067243636082835,-0.0073638194694456,-0.0042637775476359,-0.0058465135735282,0.0190532515034306,-0.010127780214795,-0.01000278322483,0.010853460325755,0.0030001002231842,-0.0025410228454657,0.0001832699081006,-0.0117212063736253,0.0059330925223718
2018-12-01,0.0055026108462888,-0.0011871917680445,0.0023058215041061,0.0049712523055024,0.0274167242585991,0.0172020107175297,0.0006279481755355,0.0117199628432853,0.0158345949595456,-0.0004931957988473,-0.0051938532604804,-0.0145066706714966,-0.0081692323573868
2019-01-01,-0.0079928830886747,1.1830665944e-05,-0.0231152342145926,0.0223604103982252,-0.0556524029730264,-0.0521959100649158,0.0056371593313342,-0.0201971894973018,-0.0087224932877889,0.0043217607670186,0.0028766954919709,0.0204556205259628,-0.0046124323803502
2019-02-01,0.0010586762016449,-0.0017389414166315,-0.0085934117198604,0.0196359405884409,-0.0084308731633086,0.0023660071186178,0.0026350306006592,-0.0038771946993087,0.003653362667753,0.0025299454157648,0.0019157604038214,0.0097429454410461,-0.0228245638998068
2019-03-01,0.006179378551358,-0.0034387966160516,-0.000742800094218,0.008536091323414,0.0087003955360992,0.0204403944262735,-0.0004658640419036,0.0038048209478331,0.0123787512587118,-0.0005804832982648,-0.0003206870424886,-0.0272561993976022,-0.01724526723054
2019-04-01,-0.0083785411361427,-0.0021854170371201,-0.0045471837013462,-0.0122652851932698,0.0030722682463495,-0.0134823360949993,-0.0033728932613924,0.014592094917046,-0.0028131070128122,-0.0033373516519882,0.0034792366913552,-0.0093572373230398,0.0233881224288867
2019-05-01,0.0083683110324907,-0.012956651586423,-0.0016506560953353,-0.0075270045045229,0.0456387295530697,0.0646384662623107,-0.0006954105939668,-0.0108785279258955,-0.0081719592041103,0.0040513746194854,0.006480490122058,-0.0239021616695077,-0.0326911613788075
2019-06-01,-0.0091410515032489,0.0036735439287078,-0.0020252562618377,0.0067299362840807,-0.0214664127694214,-0.0206922444879557,-0.0063176176881052,0.0060022523444712,0.0063977570065136,-0.0043773937716373,0.0092318405738912,0.0002617993059805,0.007712648491227
2019-07-01,0.0045945445976776,0.0011347228286579,-0.0020679614936989,0.002569846177519,0.0033134969983431,0.0144093360037831,-0.0013936112321597,0.0032985309608394,0.0054986164440675,-0.0011481745030921,0.0040949388324648,-0.0145944535520014,-0.0006883195724351
2019-08-01,0.0030374856902931,-0.0117590553481755,-0.0011282545816269,-0.0095303128563816,0.0407875851018239,0.0724636091074633,0.0067818054125334,0.0130951028426406,0.015548943793379,0.0108939982641375,-0.0055810468225768,-0.0287898551869574,-0.0198726406996088
2019-09-01,-0.0075506313561025,0.0012491131035652,0.0265056311117265,-0.042243549039637,0.0165795031116202,-0.0459917514364231,-0.0109262881399053,0.0243948057082064,-0.0087290554072225,-0.0030852159396705,0.0262579771199355,0.0145532819115784,0.0684640239961056
2019-10-01,-0.009043570525987,0.0015638700686188,-0.0093256275943685,0.0130602784982071,-0.0093542912458535,-0.0075799925622915,-0.0058698549057986,0.0029892718924995,0.0119286213579785,0.0006356211021455,-0.0007862050991693,0.0071538269149108,-0.0038364748224506
2019-11-01,-0.0040927671067265,0.0042618659271084,-0.0188601568380595,0.0263053654022604,-0.0274064593932679,-0.024886812320954,-0.0014733123692346,-0.0126806943139495,0.0020812049974101,-0.0017367270190202,-0.0001456832657756,0.0089866872552741,-0.0184391990551973
2019-12-01,0.0034340937380366,-0.0023203669098033,0.0055533000171089,-0.001762033558021,-0.0169535408074882,-0.0142427192290436,-0.0071359253663291,-0.0053806598369538,-0.0126095694686021,-0.000796250000056,0.0003852957339862,0.0251537112737314,0.0075065413417024
2020-01-01,0.00233193045303,-0.00670671912772,-0.0211885273187491,0.0153677135183365,0.0201146767435432,0.0276582408703383,0.0109249862331443,-0.0112109909680334,0.0049862326032095,0.005263086869552,0.0268498644130387,-0.0316940809085974,-0.0497680234283106
2020-02-01,0.000416284034733,0.000724973868909,-0.0134428491141934,0.0288892155321965,-0.0054442972562003,0.0048245321376212,-0.0001200409748589,-0.0189831482213313,0.0088289771576958,0.0012557653334139,-0.0091030835634388,0.0027700074168104,-0.0374314889837331
2020-03-01,-0.0059179876829454,0.0060785336740134,-0.0161433173276341,0.0571998016030557,0.0649483997444713,0.056105515084473,0.0195964211455406,0.0324276373041358,0.0612679694077929,-0.0232362145132997,-0.0025398369308511,-0.0569523913083065,-0.085379712771122
2020-04-01,0.0234278657912092,-0.0019543827326872,-0.0209426482279033,0.0344729300766686,-0.0894196593983964,-0.0456391765056596,-0.0036120282065268,-0.0296672209922788,0.0037124941100577,0.0162935996651983,0.0300947457683563,0.0286383249198236,-0.0036241609099593
2020-05-01,2.63252006507e-05,-0.0046231298454859,-0.0392668926768975,0.0412266991729723,-0.0285486145132979,0.0253279707930833,0.0023503174697398,-0.0290657273537197,0.0187983800797184,-0.000238173718465,-0.0033233876075758,-0.0138947856464185,-0.061340965605181
2020-06-01,0.0106299790111458,0.005211780336163,-0.0120617239446068,0.0300107479956233,-0.0481393122944092,-0.003885472736308,-0.0016529863547174,-0.0318021701127482,-0.00177657737234,-0.0048552349885204,-0.0171287408354879,0.0319708795332868,-0.0180607975194552
2020-07-01,-0.003872356265387,-0.0094754356455842,-0.0155189350565725,0.0081472572385173,0.0143684163440086,0.05601871573482,0.0069232521380504,0.0012724917726582,0.0254731155980657,0.0002270033410622,0.0076059340479124,-0.0387499616740183,-0.035023824702597
2020-08-01,0.0067691686015732,-0.010837788872096,-0.0062072282229179,-0.0010444170410171,-0.0233365012020805,-0.0095308630283134,-0.0118971990600954,-0.0063461664730579,0.0013006540209436,-0.0071638824671279,0.0011062757850957,0.0062250386088506,0.0011045424888751
2020-09-01,-0.0089881340945145,-0.0091762480188827,-0.0175112365811183,0.0079126191742794,-0.0024759428159753,0.0228444892671006,0.0024181473027636,-0.005094874556667,0.0065045694253494,-0.0031965863489826,-0.0089132015117841,-0.0211929528681494,-0.0243093892563131
2020-10-01,0.000609146533846,0.006418925229864,0.0052724723354266,-0.0047735109817362,-0.0022750625648806,-0.0251161255161869,-0.0084028148756113,-0.0025018815644649,-0.0151424760339334,-0.0005840224252573,0.0055475925154689,0.0225821238865273,0.0162240729824686
2020-11-01,0.0318701061034865,-0.0098493808637669,0.0280816688334854,0.0139066417017098,-0.0943172374440888,-0.0619456544105927,-0.0405640702285331,-0.0836136196932056,-0.0673919488533061,-0.0059669206337045,-0.0116038548468637,0.0623127053135399,0.0040620975545695
2020-12-01,0.0079009527769184,0.002444001767928,-0.0047136541121391,0.0173879287805264,-0.0289721444046797,-0.0063478814978707,-0.0054975119989265,-0.0291803963128969,-0.0154490784108365,-0.0003130780924809,-0.012320485880249,0.0416108370949139,-0.013754333002475
2021-01-01,0.0047451737231449,0.0151482782139809,0.0068495000867703,0.0266081805408088,-0.0643540834986273,0.0196595062213742,0.0106999261229696,-0.054490457074858,-0.0136866184699566,0.0105877550951771,-0.0247282707107201,0.0546289922566231,-0.0185621633493367
2021-02-01,0.0077564126230805,-0.0004863291646915,0.0480448096580064,-0.0292919674606187,-0.0251659442096915,0.0208681592995122,-0.049962675280341,-0.0211765654837813,-0.0546433469963837,-0.001179807608578,0.0072224110489255,0.0419200543286113,0.0463812607826815
2021-03-01,-0.0028351001519634,0.0014946377832622,0.0456889924736431,-0.0816906912960974,0.0639316344948648,-0.0381511118148293,-0.0045641543393279,0.0766736658085762,0.014982253501235,0.0031197422362983,0.0329484214495957,-0.0167982922145425,0.104362306388001
2021-04-01,0.0005382906944093,-0.0013281688380334,-0.0084112595474556,-0.01138673941614,0.0270643649281947,-0.0049166655873968,0.0031326161215667,0.0217030633435669,0.0108308756402912,-0.0009437023757838,0.0064328392803443,-0.0301290375563171,0.0119408633017114
2021-05-01,0.0062326327682066,0.0051211987743141,0.0361839312699169,-0.0322707487865374,0.010442924196317,0.0207776765226664,-0.0096195917405438,0.0193527321664577,-0.0071332729026477,0.0001887724054659,0.0024929301439471,0.0115155875223579,0.0477383694186611
2021-06-01,0.0082904800776393,0.0028327000569206,-0.0356100301013948,0.0607944326651905,-0.0459023248767069,-0.0266035883646431,0.010814650171045,-0.0379661078214135,0.0160566759844155,-0.0005417861360139,0.0075055341310916,-0.0005382115131213,-0.0714029379775997
2021-07-01,-0.0075228789486762,-0.0077862976176416,-0.0250381753448222,-0.0240161391185897,0.0657249144980367,-0.0063021062440042,0.0137657352199358,0.0725068107468019,0.0461908273490554,-0.0071982585691905,0.0150573504836978,-0.0482723970140053,0.0270667624300797
2021-08-01,0.0029287691586319,0.0055738012693448,-0.0066224338776362,0.0094750456792967,-0.0077555744186337,0.016324222684624,0.0045570593472865,-0.0029736823254711,-0.0055087498681152,-0.0016906619988331,-0.0053117401355684,-6.36297336832e-05,-0.0066845955417158
2021-09-01,0.0019629058036738,0.0040485582287619,0.0220308457690772,-0.0142293492860227,-0.0067827359161077,0.0013907771860268,-0.0114762538676884,-0.0142080120729436,-0.0247191823046352,0.0026436733533374,-0.0052485222407523,0.0120699451877146,0.0188373297759128
2021-10-01,-0.0063072075214412,-0.0017528692081449,-0.0202260924986004,0.0022010986943055,0.0006978454617481,0.0257159551935125,0.0053423163423963,0.0148491264355957,0.0169847464449978,-0.0006251203549758,0.0011608919826977,-0.0307924189369226,-0.0078440229878818
2021-11-01,-0.0063536767078055,0.0067763663998,0.0079920238307395,-0.0205721436639531,0.0274366538879243,0.021531577639681,0.0079653534375978,0.0572349114833171,0.0380493053437796,-0.0003176351423071,-0.0028831318111727,-0.0155966027613661,0.0387213797383444
2021-12-01,-0.0129214302065842,-0.0021446102530338,0.0302026189608465,-0.0622502575461137,0.072296267222782,-0.0067911024982675,-0.0039361797717203,0.0599170826289075,0.0166948265555695,0.0095438583000395,0.0019551377830769,-0.0297694285893469,0.0714994033395168
2022-01-01,-0.0027099471758916,0.005770128323196,0.07215457084329,-0.0859953626115213,0.0689016720661218,-0.0069357414940294,-0.0111512467640699,0.0420381224901103,-0.0262792959153367,-0.0032559195483523,-0.0152224730127448,-0.0155805404416399,0.114013303656757
2022-02-01,-0.0032887144192636,0.0040737821274962,0.0131991011553749,-0.0148405023528612,-0.0130861094089984,0.0119396829180552,0.0120502071035916,-0.0039067176630454,-0.009283189170422,0.0120483341209184,-0.0126623710702844,0.0086931932702568,0.0136790927426463
2022-03-01,0.0161403321460441,-0.0055282637324405,0.0099947291827029,-0.0110254692215828,0.0126498766552646,0.0297747401673533,0.0047226781894411,0.0023457004016999,-0.0054850281611761,0.001860462637843,-0.0081679158559559,-0.0045305263865428,0.002033559744966
2022-04-01,0.0002109558672361,0.004384637193668,0.0419179339917616,-0.0681600026656465,0.0734461401729947,0.0538234254384599,-0.0020136608414274,0.0488451038928127,0.0151166336744486,0.0107187106456422,0.0149880142353377,-0.020553709803572,0.0696143847997455
2022-05-01,-0.0208414449230758,0.0002505273680471,0.021901667149094,-0.0451360148940114,0.0279459093998818,0.0296561534257095,0.0173894773719032,0.0574415581776355,0.0112516471112114,0.0011892591554562,0.0054724683111224,-0.0200355701114041,0.0671676715502281
2022-06-01,0.0056657420237373,-0.0033950204270537,0.0094551515930091,0.0099282384508409,0.0524668607722582,0.0118452044712721,-0.021551462761311,-0.0104745328158648,-0.0025682871330008,0.0035348421302553,-0.0006943843154336,0.0079254873377025,-0.021116664233798
2022-07-01,-0.0143590680252811,-0.0062042806924043,-0.0399807201983124,0.0231863048926917,-0.0501056552212027,-0.046205970265291,0.0079859040286158,0.004241409306853,0.0151937549425487,-0.004759561338023,0.015692869067424,-0.0156484270776246,-0.0240808244705855
2022-08-01,0.0174672281324496,0.0020755119247202,0.0027191148355417,0.00620356126799,-0.0178278691996586,0.0243767638459875,0.0085936951201801,-0.0343058658777741,-0.0274875571585093,0.0023681465113476,-0.0023804266565787,0.0159439375789581,-0.0144318148749583
2022-09-01,0.0066866838669215,0.0067801283930957,0.0072456246891232,0.0058729055770248,0.0276346181385504,0.0309010508011221,-8.92523732968e-05,0.0062269218640167,0.0040300409929256,-0.0007941617454423,-0.0040293335706955,0.0003935670783714,-0.0038943913730009
2022-10-01,-0.0102452446161388,0.0149049800457072,0.026584054373251,-0.0363733535067503,0.0064295460783963,0.0296136003159189,0.0138190028496245,0.0366238818546641,0.011578637428984,0.0008621315333207,0.0043570594934185,-0.0186305562901099,0.0520928170014113
2022-11-01,-0.0195072608398035,0.0039882256284237,0.0144173927797987,-0.021632895298517,0.0173409434932822,-0.0192762480330707,-0.0001048139102132,0.0493855603333203,0.0271959101992224,-0.0024087448200504,-0.0011163778871228,-0.0563166027863912,0.0421461365372039
2022-12-01,0.0012186571994406,0.0050069442101855,0.0240280257239783,-0.0143300432166987,0.0322471345997926,0.0164087447796899,-0.0014428447896523,0.008437445929746,0.0033929298134282,0.001367099454532,-0.0054689534168534,-0.002361344569075,0.009911227006821
2023-01-01,0.0002798351826715,-0.0071342745102798,-0.0299217605829722,0.0321540050328574,-0.0839639616351288,-0.0894941190931629,-0.0203022247448583,-0.0381942081106446,-0.0128624122164587,-0.0064149398950055,0.008724336816532,0.0437172570567558,-0.0050966526998805
2023-02-01,-0.00450183457333,-0.001126346824329,-0.0097730023749738,0.0026470251682233,0.0022226460157629,0.0115058216970402,0.0060892704575944,0.0047149041192092,0.0082622939315794,-0.0022007586648318,0.0055604392249479,-0.0052791882466239,-0.0057677253995773
2023-03-01,0.0042011134899052,0.0001971465150469,-0.0148116163617171,0.0280608326726163,0.0088324975224391,0.0147543152560647,-0.0034956969138071,0.0097830490833486,0.0494905457327774,0.0045754375938954,-0.011676148229802,-0.0376605292917406,-0.04043597789755
2023-04-01,0.0028231778364502,-0.0042090032344509,0.0146386928513321,-0.0253236017205625,0.0328912477363276,0.0005834293867285,0.0026890662246024,0.0167759761859207,-0.0037391367093079,0.0049019366356147,-0.0026050958828237,-0.0251428551874569,0.0169850735971158
2023-05-01,0.026603792143984,0.0025093336049468,-0.029667190813989,0.0606546427055503,-0.0408066564837286,0.0111443480014298,-0.0003630364954356,-0.0430466591616919,0.0002058130509661,0.0001887980252653,0.0207031409547127,0.0374945966167635,-0.0619700522438037
2023-06-01,-0.0161918909482069,-0.0067010156927989,-0.0098845448557346,-0.013068484194854,-0.0195536566102025,0.0003893875889235,-0.0023568901804131,0.0214188235390555,0.0158711964507624,-0.0105116549653685,-0.0071840827921491,-0.0107618660743133,0.0219813347486008
2023-07-01,0.008749595149461,-0.0037864543275143,-0.0036617146004403,0.0096365997469516,-0.0406728184967199,-0.0332566023539148,0.0053914172169842,-0.0127280681120489,-0.0121562103094057,-0.0011277752733774,-0.0095644474101668,0.0251183104940592,0.0190705918031134
2023-08-01,-0.0160023849753214,0.0093003565106585,0.0094261311229658,-0.0096476513335883,0.0350872457261479,0.0190052281479593,0.0051804426112187,0.0386023536222586,0.0321098342941953,0.0001994466176799,0.0163106922134931,-0.0321624864107614,0.0143562224315606
2023-09-01,-0.0012592112349336,0.0101209682695666,0.0079715920721172,-0.0079481296153289,0.0239424008830606,0.001536418808595,0.0078815246333037,0.0213404759963692,0.011109093273199,0.0036339173045975,-0.0125375264057186,-0.0132091732847567,0.0218166015546513
2023-10-01,0.0019599014629445,0.0012287105450473,0.0075931091260222,-0.022348789821683,0.0415663904564999,0.002744184717334,0.0077515004746337,0.0266764152504369,0.0078936953900345,0.0050995091845141,-0.0085070516041694,-0.034041388004822,0.0182702315777538
2023-11-01,0.0155056374958486,0.0011827773314393,-0.0041109874407184,0.0227595445020335,-0.0313335583503526,0.0117266641959427,0.0080809518431293,-0.0277197476132007,-0.0157726517690753,-0.0057746756849823,0.0259196546932995,0.0017051666197565,-0.0217705309317893
2023-12-01,0.0044668899714628,-0.0056685082066056,-0.0022135711208273,0.0221656860793898,-0.0606918091875229,-0.0477310695144038,-0.0060486849483653,-0.0434448251499594,-0.0294587648628759,-0.005745906381623,-0.0199367014971329,0.0559768841444127,-0.0095785309377114
2024-01-01,0.0001842087897505,0.0084931709519522,0.0039007793885688,-0.0059007370920713,0.0326262483739608,0.0392164189288641,0.0072814170916252,0.0286487311921068,0.02144316342935,0.0012446857896659,0.0324091975552082,-0.0368304755490141,0.0045663284552831
2024-02-01,-0.0090360796004122,0.0060856128181265,-0.0170172854270795,0.013964062708673,-0.0232007000294251,0.0339790484552093,0.0177754469723382,0.0044158293584622,0.0239274103170092,0.0024787660609314,-0.0009328818156958,-0.0114826101826995,-0.0313177334837932
2024-03-01,-0.0026109447662837,-0.0057493802334951,0.0074337472963071,-0.0254210746752341,0.0092139800741769,-0.0009799759328292,-0.0059925353037399,0.0145412980515134,-0.007818163412959,0.001504597633089,0.0018168583085455,-0.0174144523141711,0.0370420317004758
2024-04-01,-0.0016502303856572,-0.0046982390877084,-6.14983625038e-05,-0.0109200277398899,0.0224193962030377,-0.0082207964751701,-0.0003453694086912,0.0131720625656199,0.0007073789054383,0.0061028188639017,-0.0128205217079806,-0.0196666248320561,0.0086289995544118
2024-05-01,-0.0061116247345747,-0.007281394017651,0.0002758640549413,-0.0069162158587235,-0.0102482201030476,0.0098370752378534,0.0005974923573741,0.0022039858874752,-0.0091241068118306,0.0019131780115108,-0.0114447754078492,0.0177392840447336,0.0095719739603628
2024-06-01,0.0032688223860957,0.0119721944627758,-0.0065314431263499,0.0275521888655792,0.001519001892502,-0.001253358708297,0.0110860271748154,0.0022461321003377,0.0130483283600223,-0.002392469059082,0.0072962030554567,-0.013074303001411,-0.0270417145656684
2024-07-01,-0.0071568695762078,-0.0068017657857874,0.0172331562616718,-0.0322534406933716,0.0204173794817631,-0.0176341844158491,-0.0095691040720366,-0.0109282692210174,-0.0373242808646711,-0.0024841099723761,0.0124188455329591,0.0451066621009396,0.0334827388484145
2024-08-01,1.84545818069307e-06,0.0035547854759801,0.0017377312534105,-0.0087948012164885,0.0250467521768708,0.0214841829146844,0.0203636171479614,0.0124179398450544,0.0072213837639162,0.0044968569384885,0.0127613628782897,-0.0323522230075488,-0.0090682306075869
2024-09-01,0.0079037892525638,-0.0027478035202844,0.0043055399979337,-0.0015117422248773,-0.0112313104411639,0.0093773468298939,0.0036566841636648,-0.0015023945878376,0.0010120767615102,-0.0043623718810846,-0.009147910701616,-0.0176376370317725,-0.0096721976492317
2024-10-01,0.0038675236236763,0.0038531160202722,-0.0100732401640823,0.0063040196730219,-0.0070264847271278,0.0191680015442532,0.0149759515444294,-0.0081626277456526,-0.0143886699359887,0.0070504520962263,-0.0007212670049462,0.0077469398779661,-0.0070262923278618
2024-11-01,0.007524444174266,0.0012838907529058,-0.0203449075101568,0.0210731154473954,-0.0441719813166653,0.0134547681865747,0.0194754754783285,-0.0218760969168844,-0.0088689278866284,0.0014783886757118,-0.031849817912573,0.0128328006223076,-0.0228432243925733
2024-12-01,0.0045970677257974,0.0077636575015966,0.0057457918423139,0.0107496436357059,0.0003045753545751,-0.0077443345999438,0.0009070873890185,-0.0052333239682237,0.0066565412230674,-0.0015138090766755,0.0047070651077097,0.008849931732041,-0.0077099505661587
