date,wg_dp,wg_dy,wg_ep,wg_de,wg_bm,wg_ntis,wg_tbl,wg_lty,wg_ltr,wg_infl,wg_svar,wg_dfy,wg_dfr,wg_tms,wg_mkt_lag1
1871-01-01,-2.837728024410743,,-2.4069451083182885,-0.4307829160924542,,,,,,,,,,,
1871-02-01,-2.8511510447428834,-2.837728024410743,-2.4203681286504293,-0.4307829160924542,,,,,,,,,,,
1871-03-01,-2.8753015049751665,-2.8511510447428834,-2.4445185888827123,-0.4307829160924542,,,,,,,,,,,0.013513513513513375
1871-04-01,-2.9031107836735943,-2.8753015049751665,-2.47232786758114,-0.4307829160924542,,,,,,,,,,,0.02444444444444449
1871-05-01,-2.928112085879012,-2.9031107836735943,-2.4973291697865574,-0.4307829160924542,,,,,,,,,,,0.02819956616052055
1871-06-01,-2.9198475760291185,-2.928112085879012,-2.489064659936664,-0.4307829160924542,,,,,,,,,,,0.025316455696202445
1871-07-01,-2.900998850470451,-2.9198475760291185,-2.470215934377997,-0.4307829160924542,,,,,,,,,,,-0.008230452674897082
1871-08-01,-2.9136040593894332,-2.900998850470451,-2.4828211432969787,-0.4307829160924542,,,,,,,,,,,-0.018672199170124415
1871-09-01,-2.9239883686951496,-2.9136040593894332,-2.4932054526026954,-0.4307829160924542,,,,,,,,,,,0.012684989429175397
1871-10-01,-2.8709536720390627,-2.9239883686951496,-2.4401707559466086,-0.4307829160924542,,,,,,,,,,,0.010438413361169019
1871-11-01,-2.881788014204773,-2.8709536720390627,-2.451005098112319,-0.4307829160924542,,,,,,,,,,,-0.051652892561983466
1871-12-01,-2.9031107836735943,-2.881788014204773,-2.47232786758114,-0.4307829160924542,,,,,,,,,,,0.01089324618736387
1872-01-01,-2.9154996503922757,-2.8904983481868585,-2.4910986200359213,-0.42440103035635446,,,,,,,,,,,0.02155172413793105
1872-02-01,-2.9067760676592242,-2.902669285706571,-2.489013431740654,-0.41776263591857066,,,,,,,,,,,0.025316455696202445
1872-03-01,-2.9267394020670396,-2.894478539848818,-2.515120428384497,-0.4116189736825425,,,,,,,,,,,0.00411522633744843
1872-04-01,-2.9419902423195063,-2.914591268131392,-2.5364031755551752,-0.4055870667643311,,,,,,,,,,,0.032786885245901676
1872-05-01,-2.9296264484606485,-2.9296264484606485,-2.5303241294787933,-0.3993023189818554,,,,,,,,,,,0.02777777777777768
1872-06-01,-2.9080713349955656,-2.917770732084279,-2.514582417934117,-0.3934889170614485,,,,,,,,,,,0.0
1872-07-01,-2.8904894118759463,-2.8963545313283445,-2.502711274421507,-0.38777813745443934,,,,,,,,,,,-0.009652509652509633
1872-08-01,-2.86672498817609,-2.878559445823093,-2.4849066497880004,-0.3818183383880899,,,,,,,,,,,-0.005847953216374324
1872-09-01,-2.8372619325822166,-2.8552804380848946,-2.4609534087655076,-0.3763085238167089,,,,,,,,,,,-0.0117647058823529
1872-10-01,-2.829979143107269,-2.8259468795793303,-2.4590859501662576,-0.3708931929410114,,,,,,,,,,,-0.017857142857142794
1872-11-01,-2.8144213282659596,-2.818453591793898,-2.4491885671859213,-0.36523276108003866,,,,,,,,,,,0.004040404040403844
1872-12-01,-2.827313621929028,-2.8033603809065353,-2.4673108878976207,-0.36000273403140715,,,,,,,,,,,-0.004024144869215207
1873-01-01,-2.826873405726854,-2.819014819114333,-2.469372356825816,-0.35750104890103795,,,,,,,,,,,0.024242424242424176
1873-02-01,-2.8264402170503704,-2.8186429065903384,-2.4714059625690976,-0.35503425448127246,,,,,,,,,,,0.007889546351084853
1873-03-01,-2.8104795959511772,-2.818276906411209,-2.4578779774000807,-0.3526016185510965,,,,,,,,,,,0.007827788649706457
1873-04-01,-2.7885890635862225,-2.802382385718558,-2.4383866341531073,-0.35020242943311486,,,,,,,,,,,-0.007766990291262155
1873-05-01,-2.7825390530929495,-2.780556891888958,-2.4347030578214213,-0.347835995271528,,,,,,,,,,,-0.013698630136986356
1873-06-01,-2.7606125311930656,-2.774570883443772,-2.4151108878524585,-0.3455016433406072,,,,,,,,,,,0.001984126984126977
1873-07-01,-2.750697300757928,-2.7527073516859524,-2.4074985813757643,-0.34319871938216373,,,,,,,,,,,-0.013861386138613763
1873-08-01,-2.742854123296902,-2.742854123296902,-2.401927536326309,-0.3409265869705932,,,,,,,,,,,-0.002008032128514192
1873-09-01,-2.6555321668187633,-2.735071982854847,-2.31684753991461,-0.3386846269041536,,,,,,,,,,,0.0
1873-10-01,-2.556630830586446,-2.647810120724853,-2.220158593965233,-0.33647223662121295,,,,,,,,,,,-0.07645875251509049
1873-11-01,-2.512511915879889,-2.548967957840877,-2.17822308623962,-0.3342888296402693,,,,,,,,,,,-0.08714596949891051
1873-12-01,-2.594802320611218,-2.50490731649467,-2.262668485588603,-0.33213383502261484,,,,,,,,,,,-0.0357995226730311
1874-01-01,-2.6476780726591658,-2.594802320611218,-2.315544237636551,-0.33213383502261484,,,,,,,,,,,0.09405940594059414
1874-02-01,-2.6772785424354564,-2.6476780726591658,-2.3451447074128415,-0.33213383502261484,,,,,,,,,,,0.05429864253393668
1874-03-01,-2.662587827025453,-2.6772785424354564,-2.330453992002838,-0.33213383502261484,,,,,,,,,,,0.030042918454935563
1874-04-01,-2.6347189280166603,-2.662587827025453,-2.3025850929940455,-0.33213383502261484,,,,,,,,,,,-0.01458333333333317
1874-05-01,-2.608285670948505,-2.6347189280166603,-2.27615183592589,-0.33213383502261484,,,,,,,,,,,-0.02748414376321373
1874-06-01,-2.6038113905535836,-2.608285670948505,-2.271677555530969,-0.33213383502261484,,,,,,,,,,,-0.02608695652173898
1874-07-01,-2.6038113905535836,-2.6038113905535836,-2.271677555530969,-0.33213383502261484,,,,,,,,,,,-0.0044642857142858094
1874-08-01,-2.6060510331470885,-2.6038113905535836,-2.2739171981244737,-0.33213383502261484,,,,,,,,,,,0.0
1874-09-01,-2.6215896365748677,-2.6060510331470885,-2.289455801552253,-0.33213383502261484,,,,,,,,,,,0.0022421524663676085
1874-10-01,-2.6193845640165536,-2.6215896365748677,-2.287250728993939,-0.33213383502261484,,,,,,,,,,,0.015659955257270708
1874-11-01,-2.6281758294277244,-2.6193845640165536,-2.2960419944051096,-0.33213383502261484,,,,,,,,,,,-0.0022026431718060735
1874-12-01,-2.6215896365748677,-2.6281758294277244,-2.289455801552253,-0.33213383502261484,,,,,,,,,,,0.008830022075055233
1875-01-01,-2.629194235960087,-2.629194235960087,-2.307664048374835,-0.32153018758525176,,,,,,,,,,,-0.006564551422319487
1875-02-01,-2.634652036147342,-2.636857108705656,-2.324230476726072,-0.31042155942127037,,,,,,,,,,,0.0
1875-03-01,-2.6555321668187633,-2.6423740822412523,-2.3562892719659065,-0.2992428948528568,,,,,,,,,,,-0.0022026431718060735
1875-04-01,-2.67630150278763,-2.6633143072608183,-2.3885413083874476,-0.2877601944001821,,,,,,,,,,,0.013245033112582627
1875-05-01,-2.644665869274868,-2.6841446802486555,-2.3689448091594616,-0.2757210601154064,,,,,,,,,,,0.013071895424836777
1875-06-01,-2.6322313645448587,-2.652571048781981,-2.3686468436721384,-0.26358452087272033,,,,,,,,,,,-0.03870967741935494
1875-07-01,-2.642480036892761,-2.6401995341940356,-2.3913789647039803,-0.2511010721887803,,,,,,,,,,,-0.020134228187919434
1875-08-01,-2.6550576709616998,-2.6505122085900252,-2.417057289003128,-0.23800038195857187,,,,,,,,,,,0.0022831050228309113
1875-09-01,-2.654043200843063,-2.663154881194319,-2.4292749538018517,-0.22476824704121157,,,,,,,,,,,0.004555808656036442
1875-10-01,-2.646058525074242,-2.662206511482224,-2.4349211869836584,-0.21113733809058366,,,,,,,,,,,-0.009070294784580546
1875-11-01,-2.67043701061874,-2.6542890242107577,-2.473620464638616,-0.19681654598012366,,,,,,,,,,,-0.016018306636155666
1875-12-01,-2.678735813433435,-2.678735813433435,-2.49641425663948,-0.18232155679395468,,,,,,,,,,,0.016279069767441978
1876-01-01,-2.699121570357909,-2.678735813433435,-2.53558649064901,-0.16353507970889858,,,,,,,,,,,0.0
1876-02-01,-2.7124847981700757,-2.699121570357909,-2.567807420135299,-0.14467737803477676,,,,,,,,,,,0.020594965675057253
1876-03-01,-2.710269957840523,-2.7124847981700757,-2.585106814886517,-0.12516314295400632,,,,,,,,,,,0.013452914798206095
1876-04-01,-2.6718471524382497,-2.710269957840523,-2.5665866417807566,-0.10526051065749309,,,,,,,,,,,-0.0022123893805309214
1876-05-01,-2.6342840508626013,-2.6718471524382497,-2.5490242069117777,-0.08525984395082342,,,,,,,,,,,-0.037694013303769425
1876-06-01,-2.627081138568543,-2.6342840508626013,-2.562542617430972,-0.0645385211375713,,,,,,,,,,,-0.03686635944700467
1876-07-01,-2.614959778036198,-2.627081138568543,-2.571581054734253,-0.043378723301945143,,,,,,,,,,,-0.007177033492822837
1876-08-01,-2.572612230207106,-2.614959778036198,-2.550524633743101,-0.02208759646400482,,,,,,,,,,,-0.012048192771084487
1876-09-01,-2.509599262378372,-2.572612230207106,-2.509599262378372,0.0,,,,,,,,,,,-0.04146341463414627
1876-10-01,-2.5041644663924147,-2.509599262378372,-2.5267509650652107,0.022586498672795496,,,,,,,,,,,-0.06106870229007644
1876-11-01,-2.4849066497880004,-2.5041644663924147,-2.530252751554877,0.04534610176687681,,,,,,,,,,,-0.005420054200542035
1876-12-01,-2.4793356047385453,-2.4849066497880004,-2.548328476225496,0.06899287148695121,,,,,,,,,,,-0.019073569482288777
1877-01-01,-2.502067136810097,-2.5104823337353817,-2.533860207587135,0.031793070777037524,,,,,,,,,,,-0.005555555555555536
1877-02-01,-2.4728834110884192,-2.533860207587135,-2.467219679134275,-0.005663731954143936,,,,,,,,,,,-0.008379888268156499
1877-03-01,-2.4538482527680276,-2.5060874718674473,-2.408997686602676,-0.044850566165351546,,,,,,,,,,,-0.05915492957746482
1877-04-01,-2.4128707938304634,-2.4881928003690623,-2.3277284874434034,-0.08514230638706044,,,,,,,,,,,-0.050898203592814384
1877-05-01,-2.4480435015773736,-2.4480435015773736,-2.3221632556883707,-0.12588024588900293,,,,,,,,,,,-0.0725552050473186
1877-06-01,-2.4107986776342782,-2.4849066497880004,-2.242175965198486,-0.16862271243579263,,,,,,,,,,,0.0
1877-07-01,-2.4920902851594255,-2.449072900075735,-2.2793483963890204,-0.21274188877040512,,,,,,,,,,,-0.0714285714285714
1877-08-01,-2.5992693120879737,-2.5314467157492127,-2.341700893618052,-0.25756841846992207,,,,,,,,,,,0.04395604395604402
1877-09-01,-2.701129758257636,-2.6406980190727185,-2.3963532524465556,-0.30477650581108096,,,,,,,,,,,0.07017543859649122
1877-10-01,-2.7657241201041822,-2.744349260519449,-2.411981941074332,-0.35374217902984983,,,,,,,,,,,0.06229508196721323
1877-11-01,-2.795173129210255,-2.8103941232206107,-2.3913827828400502,-0.40379034637020506,,,,,,,,,,,0.021604938271604812
1877-12-01,-2.839386203163297,-2.842458402200267,-2.3826278006675823,-0.45675840249571475,,,,,,,,,,,-0.015105740181268978
1878-01-01,-2.8436056187060053,-2.8436056187060053,-2.3799646832480983,-0.46364093545790674,,,,,,,,,,,-0.0030674846625766694
1878-02-01,-2.826600040111116,-2.8483738396606766,-2.355203329609207,-0.4713967105019088,,,,,,,,,,,0.0
1878-03-01,-2.8495497633759097,-2.830857630363757,-2.3712473313154794,-0.47830243206043055,,,,,,,,,,,-0.021538461538461506
1878-04-01,-2.8812245324268124,-2.8538255582386984,-2.396005168279954,-0.4852193641468585,,,,,,,,,,,0.018867924528301883
1878-05-01,-2.889055259591008,-2.8860567565947512,-2.3960407061455538,-0.4930145534454544,,,,,,,,,,,0.02777777777777768
1878-06-01,-2.9141117451992375,-2.8933702608924214,-2.414155793670151,-0.4999559515290868,,,,,,,,,,,0.0030030030030030463
1878-07-01,-2.938765448947313,-2.9184454464563556,-2.431856279273558,-0.5069091696737553,,,,,,,,,,,0.020958083832335328
1878-08-01,-2.9350053551797464,-2.9436634179228607,-2.4202594389052,-0.5147459162745465,,,,,,,,,,,0.02052785923753664
1878-09-01,-2.9594660955695966,-2.939379337002859,-2.43774118134557,-0.5217249142240266,,,,,,,,,,,-0.008620689655172376
1878-10-01,-2.9524305973663942,-2.9638592931900174,-2.423714237876415,-0.5287163594899793,,,,,,,,,,,0.020289855072463725
1878-11-01,-2.9545184249828287,-2.957396124810444,-2.417921556227638,-0.5365968687551907,,,,,,,,,,,-0.011363636363636354
1878-12-01,-2.9531726591351948,-2.9589530220506948,-2.4095572125462135,-0.5436154465889815,,,,,,,,,,,-0.002873563218390718
1879-01-01,-2.9807611039926205,-2.94377253462328,-2.4280089775732043,-0.5527521264194162,,,,,,,,,,,-0.0057636887608069065
1879-02-01,-3.0076630007558216,-2.9719939245490865,-2.4451677213565004,-0.5624952793993214,,,,,,,,,,,0.03768115942028971
1879-03-01,-2.982126621498212,-2.998431330523156,-2.41099439150123,-0.5711322299969819,,,,,,,,,,,0.03631284916201105
1879-04-01,-3.0053272298943794,-2.97297939602886,-2.4257872951283623,-0.5795399347660171,,,,,,,,,,,-0.016172506738544534
1879-05-01,-3.040899566628873,-2.9967938447789497,-2.452346098374232,-0.5885534682546414,,,,,,,,,,,0.03287671232876721
1879-06-01,-3.0369752320880403,-3.0319119301314936,-2.4404548872171663,-0.5965203448708736,,,,,,,,,,,0.04509283819628651
1879-07-01,-3.048068320903597,-3.0280676541969274,-2.4437837104571676,-0.604284610446429,,,,,,,,,,,0.0050761421319796
1879-08-01,-3.0471548922223555,-3.0397565847409105,-2.4345031860717947,-0.6126517061505607,,,,,,,,,,,0.02020202020202011
1879-09-01,-3.0745908484663107,-3.0383987198728937,-2.4545659327353277,-0.6200249157309827,,,,,,,,,,,0.007425742574257432
1879-10-01,-3.169373663516679,-3.065910681635044,-2.5421555654606727,-0.6272180980560063,,,,,,,,,,,0.03685503685503666
1879-11-01,-3.2133132315109854,-3.161272353385942,-2.5783038531967466,-0.6350093783142388,,,,,,,,,,,0.1090047393364928
1879-12-01,-3.202746442938317,-3.204776900488699,-2.560892556765922,-0.6418538861723947,,,,,,,,,,,0.05341880341880345
1880-01-01,-3.215944704059342,-3.1780538303479458,-2.5748613328859,-0.6410833711734419,,,,,,,,,,,-0.0020283975659228792
1880-02-01,-3.20930637385205,-3.1918471524802814,-2.56920841438192,-0.6400979594701298,,,,,,,,,,,0.03861788617886197
1880-03-01,-3.2048240714125504,-3.185775876441856,-2.565421166859296,-0.6394029045532547,,,,,,,,,,,0.017612524461839474
1880-04-01,-3.158932788901167,-3.1818345531878514,-2.520193796825121,-0.6387389920760462,,,,,,,,,,,0.019230769230769162
1880-05-01,-3.0540011816779664,-3.1364599330491085,-2.416131831423008,-0.6378693502549589,,,,,,,,,,,-0.02264150943396226
1880-06-01,-3.0362063814817652,-3.0320222749591914,-2.3989396593162766,-0.6372667221654887,,,,,,,,,,,-0.07915057915057921
1880-07-01,-3.0596056799347515,-3.014700176260802,-2.4229162826185835,-0.636689397316168,,,,,,,,,,,0.004192872117400492
1880-08-01,-3.073850052817943,-3.0385522707369192,-2.437934818213131,-0.6359152346048124,,,,,,,,,,,0.045929018789143905
1880-09-01,-3.0513021247088017,-3.0532307656152073,-2.4159137783010487,-0.635388346407753,,,,,,,,,,,0.03592814371257491
1880-10-01,-3.0596455992976437,-3.031099417391282,-2.424763326869674,-0.6348822724279696,,,,,,,,,,,-0.0019267822736032114
1880-11-01,-3.091042453358316,-3.039842972001464,-2.456854615295744,-0.6341878380625716,,,,,,,,,,,0.02895752895752901
1880-12-01,-3.1118044448067446,-3.0716243675012143,-2.4780806847176002,-0.6337237600891444,,,,,,,,,,,0.05253283302063805
1881-01-01,-3.1509605396924196,-3.09275624983605,-2.54489334911057,-0.6060671905818499,,,,,,,,,,,0.04099821746880572
1881-02-01,-3.129032157901059,-3.132268406680267,-2.5501326032632585,-0.5788995546378003,,,,,,,,,,,0.05993150684931514
1881-03-01,-3.121964363696902,-3.1106830192328623,-2.5701713014426883,-0.5517930622542134,,,,,,,,,,,-0.003231017770597866
1881-04-01,-3.100735582563975,-3.1039458581942236,-2.575795748821023,-0.5249398337429526,,,,,,,,,,,0.011345218800648427
1881-05-01,-3.127068275615078,-3.0830360054645745,-2.628528339104408,-0.4985399365106701,,,,,,,,,,,-0.0032051282051283048
1881-06-01,-3.1219091013388436,-3.109676532903209,-2.6497526187320064,-0.47215648260683674,,,,,,,,,,,0.045016077170418
1881-07-01,-3.0692347355469174,-3.104814667979543,-2.623245982505056,-0.4459887530418617,,,,,,,,,,,0.012307692307692353
1881-08-01,-3.028522096376982,-3.0524276172305362,-2.6082778508422297,-0.42024424553475237,,,,,,,,,,,-0.0349544072948329
1881-09-01,-3.0200249661230356,-3.0119927944257716,-2.6255489795904663,-0.3944759865325692,,,,,,,,,,,-0.023622047244094446
1881-10-01,-2.9876350633213717,-3.0037644452512553,-2.61874470963917,-0.3688903536822018,,,,,,,,,,,0.008064516129032251
1881-11-01,-2.978117726853009,-2.9716347219749304,-2.634415454218315,-0.3437022726346939,,,,,,,,,,,-0.015999999999999903
1881-12-01,-2.932859031735481,-2.9623693698848697,-2.6144053006169465,-0.3184537311185346,,,,,,,,,,,0.006504065040650486
1882-01-01,-2.9177707320842794,-2.932859031735481,-2.6011368376827306,-0.31663389440154854,,,,,,,,,,,-0.029079159935379795
1882-02-01,-2.8955665747732686,-2.9177707320842794,-2.5809839631422773,-0.3145826116309913,,,,,,,,,,,-0.014975041597337757
1882-03-01,-2.8938379658726507,-2.8955665747732686,-2.581082255868754,-0.3127557100038969,,,,,,,,,,,-0.02195945945945943
1882-04-01,-2.8938379658726507,-2.8938379658726507,-2.582912501174908,-0.31092546469774296,,,,,,,,,,,-0.0017271157167529916
1882-05-01,-2.8816533068562835,-2.8938379658726507,-2.5727908801395363,-0.30886242671674735,,,,,,,,,,,0.0
1882-06-01,-2.8763855159214247,-2.8816533068562835,-2.569360480626513,-0.3070250352949119,,,,,,,,,,,-0.01211072664359869
1882-07-01,-2.9311937524164198,-2.8763855159214247,-2.6260094907660005,-0.3051842616504191,,,,,,,,,,,-0.005253940455341555
1882-08-01,-2.9607525546579643,-2.9311937524164198,-2.6576432217058725,-0.3031093329520915,,,,,,,,,,,0.05633802816901423
1882-09-01,-2.970414465569701,-2.9607525546579643,-2.6691531349915394,-0.30126133057816173,,,,,,,,,,,0.030000000000000027
1882-10-01,-2.942792888259772,-2.970414465569701,-2.6433829814921124,-0.29940990676765955,,,,,,,,,,,0.009708737864077666
1882-11-01,-2.8990148540521847,-2.942792888259772,-2.6016919045637232,-0.2973229494884613,,,,,,,,,,,-0.027243589743589758
1882-12-01,-2.9041650800285,-2.8990148540521847,-2.6087008671346643,-0.29546421289383584,,,,,,,,,,,-0.042833607907743154
1883-01-01,-2.896517973853597,-2.9016681998299134,-2.609381561469142,-0.2871364123844554,,,,,,,,,,,0.005163511187607606
1883-02-01,-2.871087077470216,-2.8937164156009763,-2.59261734279078,-0.27846973467943614,,,,,,,,,,,-0.005136986301369939
1883-03-01,-2.8808519975555686,-2.8686033754793696,-2.6107656869941676,-0.2700863105614012,,,,,,,,,,,-0.022375215146299476
1883-04-01,-2.899029228090755,-2.8783744490600087,-2.6373552015447284,-0.26167402654602656,,,,,,,,,,,0.012323943661971981
1883-05-01,-2.8790667502005696,-2.8962493035205665,-2.626142815211235,-0.2529239349893344,,,,,,,,,,,0.02086956521739136
1883-06-01,-2.885230358395746,-2.8766021771724075,-2.6407770204947854,-0.2444533379009607,,,,,,,,,,,-0.017035775127768438
1883-07-01,-2.8671871135408407,-2.8827718445575385,-2.6312346039340495,-0.23595250960679093,,,,,,,,,,,0.008665511265164794
1883-08-01,-2.8179915768090025,-2.8644284911017612,-2.590876735717673,-0.22711484109132907,,,,,,,,,,,-0.015463917525773141
1883-09-01,-2.8264550394410737,-2.81554584034072,-2.607902161835463,-0.2185528776056106,,,,,,,,,,,-0.04537521815008738
1883-10-01,-2.796515828648283,-2.8240152700088332,-2.5865565860492907,-0.20995924259899224,,,,,,,,,,,0.010968921389396868
1883-11-01,-2.808538599936036,-2.7937781843529157,-2.6075089718803324,-0.20102962805570346,,,,,,,,,,,-0.027124773960217063
1883-12-01,-2.7838882774937144,-2.8061114142784245,-2.5915163848462583,-0.19237189264745613,,,,,,,,,,,0.014869888475836479
1884-01-01,-2.758632510745982,-2.7890531074466933,-2.5800237980310654,-0.17860871271491618,,,,,,,,,,,-0.02197802197802201
1884-02-01,-2.790186263728666,-2.763518016646504,-2.625985248047906,-0.16420101568075984,,,,,,,,,,,-0.029962546816479474
1884-03-01,-2.7916369172104756,-2.7954034000059527,-2.641891530851134,-0.14974538635934187,,,,,,,,,,,0.027027027027027195
1884-04-01,-2.750541077550124,-2.7968814148088255,-2.615618756643241,-0.13492232090688272,,,,,,,,,,,-0.00375939849624074
1884-05-01,-2.6710030643364213,-2.7555023280365303,-2.5515980242866725,-0.11940504004974883,,,,,,,,,,,-0.04528301886792452
1884-06-01,-2.6345830492203373,-2.67630150278763,-2.530786255538694,-0.10379679368164352,,,,,,,,,,,-0.08102766798418959
1884-07-01,-2.6399097107260623,-2.6399097107260623,-2.5521393800092627,-0.08777033071679963,,,,,,,,,,,-0.04086021505376347
1884-08-01,-2.705837461144528,-2.644949091469516,-2.634846797078915,-0.07099066406561327,,,,,,,,,,,0.0
1884-09-01,-2.6790626642289577,-2.711219775863489,-2.624995442958682,-0.054067221270275745,,,,,,,,,,,0.06278026905829592
1884-10-01,-2.6512484574681245,-2.6844741050964447,-2.6145844730965333,-0.03666398437159146,,,,,,,,,,,-0.03164556962025322
1884-11-01,-2.6358899373094387,-2.656368468652979,-2.6174533057499834,-0.018436631559455074,,,,,,,,,,,-0.03267973856209139
1884-12-01,-2.639057329615259,-2.641358826603538,-2.639057329615259,0.0,,,,,,,,,,,-0.020270270270270396
1885-01-01,-2.6346331684008106,-2.657944247269258,-2.6264484771057974,-0.008184691295013202,,,,,,,,,,,-0.0022988505747125743
1885-02-01,-2.684418596568933,-2.6542188567053007,-2.6677958733951,-0.01662272317383251,,,,,,,0.0015390211,,,,-0.02304147465437778
1885-03-01,-2.706339336698581,-2.7040536214177244,-2.681021528714291,-0.02531780798428973,,,,,,,0.0015445583,,,,0.030660377358490587
1885-04-01,-2.724081915200312,-2.7263676304811675,-2.6897967607928597,-0.034285154407452056,,,,,,,0.0017984027,,,,0.0022883295194506825
1885-05-01,-2.7333680090865,-2.74487561593798,-2.6898147052547507,-0.04355330383174949,,,,,,,0.0018053802,,,,-0.0022831050228310223
1885-06-01,-2.749599204015082,-2.7542395835715845,-2.696489378701134,-0.053109825313948145,,,,,,,0.0010968395,,,,-0.011441647597253968
1885-07-01,-2.807449447243537,-2.770915703911081,-2.7444676721247854,-0.06298177511875136,,,,,,,0.0029360528,,,,-0.004629629629629761
1885-08-01,-2.8841491205081997,-2.8296099785118463,-2.810936780173993,-0.0732123403342071,,,,,,,0.0024502347,,,,0.037209302325581506
1885-09-01,-2.8936027784776113,-2.9064234669066726,-2.8098328954121525,-0.08376988306545896,,,,,,,0.0017322996,,,,0.056053811659192876
1885-10-01,-2.972825907345084,-2.916384596440132,-2.8781299226934736,-0.09469598465161022,,,,,,,0.0029958516,,,,-0.0127388535031846
1885-11-01,-3.0595585801831535,-2.9965456123544194,-2.9535066843810656,-0.10605189580208796,,,,,,,0.0028138303,,,,0.05806451612903207
1885-12-01,-3.0757749812275277,-3.0834378539730967,-2.957991945571144,-0.1177830356563836,,,,,,,0.0030264326,,,,0.0650406504065042
1886-01-01,-3.082883520464822,-3.082883520464822,-2.939642806902947,-0.14324071356187495,,,,,,,0.0017293802,,,,-0.007633587786259555
1886-02-01,-3.108668583020275,-3.0896203880495805,-2.940672496370963,-0.16799608664931154,,,,,,,0.0015474234,,,,0.0
1886-03-01,-3.0949034620157754,-3.1158765853960544,-2.901999795891284,-0.1929036661244914,,,,,,,0.001832107,,,,0.019230769230769162
1886-04-01,-3.088584539006169,-3.10216379713255,-2.871028795053034,-0.21755574395313526,,,,,,,0.0012226229,,,,-0.02075471698113196
1886-05-01,-3.0757417812474444,-3.095466286595223,-2.834209856345955,-0.24153192490148934,,,,,,,0.0019091118,,,,-0.013487475915221592
1886-06-01,-3.127904046662474,-3.083105903762579,-2.8622008809294686,-0.26570316573300556,,,,,,,0.0012828002,,,,-0.01953125000000011
1886-07-01,-3.15044596362414,-3.1353228020499193,-2.8607947405524783,-0.2896512230716617,,,,,,,0.0010352907,,,,0.045816733067729265
1886-08-01,-3.164955629989427,-3.157478959646407,-2.8520108900237187,-0.3129447399657086,,,,,,,0.0009496314,,,,0.015238095238095273
1886-09-01,-3.1982194999425397,-3.1724827852984903,-2.861747263321327,-0.33647223662121295,,,,,,,0.0008519433,,,,0.007504690431519689
1886-10-01,-3.2308946652943744,-3.205803743300848,-2.8710898283467143,-0.3598048369476601,,,,,,,0.0008899615,,,,0.02607076350093096
1886-11-01,-3.262562453944775,-3.238085707518221,-2.8800623882373033,-0.38250006570747175,,,,,,,0.0003930134,,,,0.025408348457350405
1886-12-01,-3.244011798139743,-3.2702600242146795,-2.8385466900315786,-0.4054651081081644,,,,,,,0.0028153164,,,,0.024778761061946764
1887-01-01,-3.222016953769062,-3.2327122428858095,-2.820304195279448,-0.40171275848961385,,,,,,,0.0018256316,,,,-0.02590673575129543
1887-02-01,-3.2036493775369093,-3.2108436531709366,-2.8056192479162627,-0.3980301296206463,,,,,,,0.002042408,,,,-0.010638297872340385
1887-03-01,-3.2157941583307927,-3.192599541350324,-2.8213788864092133,-0.39441527192157944,,,,,,,0.0006220686,,,,-0.007168458781361964
1887-04-01,-3.2275338876113153,-3.2048650877986025,-2.8366675789243034,-0.3908663086870119,,,,,,,0.0003531394,,,,0.023465703971119023
1887-05-01,-3.2338174048664,-3.2167229715070995,-2.846435972191531,-0.387381432674869,,,,,,,0.0003857557,,,,0.022927689594356204
1887-06-01,-3.1938852955646264,-3.2231221157496517,-2.8099263926774256,-0.3839589028872008,,,,,,,0.0014579603,,,,0.017241379310344973
1887-07-01,-3.158566942674449,-3.1833031862340895,-2.777969901144298,-0.38059704153015095,,,,,,,0.0017047236,,,,-0.028813559322033888
1887-08-01,-3.1227319643152986,-3.148095642807154,-2.745437733173831,-0.377294231141468,,,,,,,0.0023355685,,,,-0.02443280977312401
1887-09-01,-3.0994419427782924,-3.112369177279752,-2.725393030903507,-0.3740489118747854,,,,,,,0.0019951612,,,,-0.025044722719141266
1887-10-01,-3.0551556940247915,-3.089185442611103,-2.684296115094103,-0.37085957893068877,,,,,,,0.002955246,,,,-0.012844036697247763
1887-11-01,-3.0640515175314684,-3.045003322560774,-2.696326737406151,-0.3677247801253174,,,,,,,0.0016079858,,,,-0.03345724907063197
1887-12-01,-3.0483247236731614,-3.0540011816779664,-2.6836816100852525,-0.36464311358790913,,,,,,,0.001012811,,,,0.019230769230769162
1888-01-01,-3.0627094217218636,-3.055147949021287,-2.714568574756048,-0.3481408469658158,,,,,,,0.0005819192,,,,-0.005660377358490565
1888-02-01,-3.0635083531649965,-3.0691740907006735,-2.733076676236661,-0.3304316769283353,,,,,,,0.0004439174,,,,0.007590132827324458
1888-03-01,-3.0318083300278005,-3.0704231661555803,-2.718936008747461,-0.3128723212803395,,,,,,,0.0013294999,,,,-0.005649717514124131
1888-04-01,-3.0427005689229403,-3.0387712907830506,-2.7479535001053925,-0.29474706881754753,,,,,,,0.0014588103,,,,-0.037878787878787956
1888-05-01,-3.0629306797930376,-3.0492985310029797,-2.7876336332144276,-0.27529704657861,,,,,,,0.0010815978,,,,0.003937007874015741
1888-06-01,-3.0385522707369192,-3.069989044160484,-2.7826188965997183,-0.25593337413720074,,,,,,,0.000769769,,,,0.013725490196078383
1888-07-01,-3.071277974344514,-3.0456608099742137,-2.8353752122841955,-0.2359027620603189,,,,,,,0.0019251105,,,,-0.030947775628626717
1888-08-01,-3.0991898390657315,-3.0780148419292725,-2.884787379602264,-0.21440245946346725,,,,,,,0.0008984656,,,,0.02594810379241519
1888-09-01,-3.1308581390116714,-3.1063978414415105,-2.9379544728871796,-0.1929036661244914,,,,,,,0.0012635538,,,,0.021400778210116878
1888-10-01,-3.132526660862668,-3.138118474128446,-2.961917953097172,-0.17060870776549586,,,,,,,0.0007084946,,,,0.024761904761904763
1888-11-01,-3.1186333458767574,-3.1394084084517218,-2.9719710198835094,-0.14666232599324802,,,,,,,0.0009363229,,,,-0.005576208178438735
1888-12-01,-3.1067290495260154,-3.1259974683918923,-2.984126727433683,-0.12260232209233246,,,,,,,0.0014531409,,,,-0.020560747663551315
1889-01-01,-3.1294817924745035,-3.1102133736086266,-2.990782710812824,-0.13869908166167932,,,,,,,0.0004682999,,,,-0.019083969465648942
1889-02-01,-3.144801546004463,-3.1334162237793377,-2.9893376683522446,-0.15546387765221859,,,,,,,0.0003978916,,,,0.01945525291828809
1889-03-01,-3.1273387377689295,-3.148311861149208,-2.9560670171615593,-0.17127172060736973,,,,,,,0.000832849,,,,0.011450381679389166
1889-04-01,-3.1289327777400455,-3.130861418646451,-2.9419902423195063,-0.18694253542053896,,,,,,,0.0004265515,,,,-0.02075471698113196
1889-05-01,-3.1595789306201283,-3.132910683537967,-2.9562946955428098,-0.20328423507731852,,,,,,,0.0003564911,,,,-0.0019267822736032114
1889-06-01,-3.179903969636107,-3.1631281801312703,-2.9612147686712778,-0.21868920096482958,,,,,,,0.0002467207,,,,0.027027027027027195
1889-07-01,-3.162923588902154,-3.1834658612024676,-2.9289556927037426,-0.2339678961984113,,,,,,,0.0007961597,,,,0.016917293233082775
1889-08-01,-3.180067028656798,-3.166945940694101,-2.930146814613586,-0.24992021404321196,,,,,,,0.0005355929,,,,-0.020332717190388205
1889-09-01,-3.2075762696142673,-3.183656085896615,-2.9426224482400425,-0.26495382137422463,,,,,,,0.000437114,,,,0.013207547169811429
1889-10-01,-3.1928291159301,-3.2111782545982965,-2.9129582565689605,-0.27987085936113965,,,,,,,0.0008217409,,,,0.024208566108007368
1889-11-01,-3.187594525487112,-3.1968969181494256,-2.892130312593276,-0.29546421289383584,,,,,,,0.0008281586,,,,-0.018181818181818077
1889-12-01,-3.1856010359833284,-3.1912242935376907,-2.8754461076794895,-0.3101549283038394,,,,,,,0.0007264676,,,,-0.009259259259259411
1890-01-01,-3.1968161068034684,-3.1856010359833284,-2.889331407055508,-0.3074846997479608,,,,,,,0.0003125311,,,,-0.005607476635513864
1890-02-01,-3.1856010359833284,-3.1968161068034684,-2.8811288908149875,-0.3044721451683414,,,,,,,0.0002374072,,,,0.011278195488721776
1890-03-01,-3.1780538303479458,-3.1856010359833284,-2.876267151714623,-0.30178667863332276,,,,,,,0.0002728577,,,,-0.011152416356877248
1890-04-01,-3.1986731175506815,-3.1780538303479458,-2.899579136606267,-0.29909398094441464,,,,,,,0.0004125476,,,,-0.007518796992481258
1890-05-01,-3.240459396535375,-3.1986731175506815,-2.9444033926110373,-0.29605600392433784,,,,,,,0.000748202,,,,0.02083333333333326
1890-06-01,-3.233316509022995,-3.240459396535375,-2.939968699035537,-0.29334780998745824,,,,,,,0.0008752802,,,,0.04267161410018572
1890-07-01,-3.226122233388968,-3.233316509022995,-2.9354899715739924,-0.2906322618149757,,,,,,,0.0004360968,,,,-0.007117437722419906
1890-08-01,-3.202376825488166,-3.226122233388968,-2.914808395857122,-0.2875684296310439,,,,,,,0.001959199,,,,-0.007168458781361964
1890-09-01,-3.1856010359833284,-3.202376825488166,-2.900763915663779,-0.28483712031954966,,,,,,,0.00102159,,,,-0.023465703971119134
1890-10-01,-3.139438994220166,-3.1856010359833284,-2.857340663698852,-0.2820983305213143,,,,,,,0.0018990477,,,,-0.01663585951940849
1890-11-01,-3.0638156406581016,-3.139438994220166,-2.784807441351099,-0.2790081993070028,,,,,,,0.0085015896,,,,-0.045112781954887216
1890-12-01,-3.040184036124825,-3.0638156406581016,-2.7639306594966664,-0.2762533766281581,,,,,,,0.0059447098,,,,-0.07283464566929132
1891-01-01,-3.091042453358316,-3.040184036124825,-2.80041019154334,-0.2906322618149757,,,,,,,0.001695691,,,,-0.023354564755838747
1891-02-01,-3.1033629377463567,-3.091042453358316,-2.798890792578015,-0.3044721451683414,,,,,,,0.0008054942,,,,0.052173913043478404
1891-03-01,-3.084824816747445,-3.1033629377463567,-2.7663710856289105,-0.3184537311185345,,,,,,,0.0010066135,,,,0.012396694214876103
1891-04-01,-3.117547572738313,-3.084824816747445,-2.7853050479704686,-0.3322425247678442,,,,,,,0.0013569389,,,,-0.01836734693877562
1891-05-01,-3.1135153092103742,-3.117547572738313,-2.7679932370692435,-0.34552207214113095,,,,,,,0.0019748726,,,,0.033264033264033266
1891-06-01,-3.0931064375791673,-3.1135153092103742,-2.7341613451058957,-0.35894509247327155,,,,,,,0.0009915706,,,,-0.004024144869215207
1891-07-01,-3.0764740375300255,-3.0931064375791673,-2.7042837183067334,-0.37219031922329204,,,,,,,0.000784977,,,,-0.020202020202020332
1891-08-01,-3.1094667206843742,-3.0764740375300255,-2.7245135823053483,-0.3849531383790259,,,,,,,0.0017710528,,,,-0.016494845360824795
1891-09-01,-3.1874789708075286,-3.1094667206843742,-2.7896184620845834,-0.3978605087229452,,,,,,,0.0021104053,,,,0.033542976939203495
1891-10-01,-3.1874789708075286,-3.1874789708075286,-2.776875571206883,-0.4106033996006453,,,,,,,0.0016616208,,,,0.08113590263691695
1891-11-01,-3.172355809233308,-3.1874789708075286,-2.7494676109422294,-0.4228881982910788,,,,,,,0.0014091129,,,,0.0
1891-12-01,-3.202376825488166,-3.172355809233308,-2.76705875423032,-0.4353180712578457,,,,,,,0.0005551822,,,,-0.015009380863039379
1892-01-01,-3.2129947855246943,-3.1946792552182615,-2.77804824444468,-0.4349465410800142,,,,,,,0.0015107813,,,,0.030476190476190546
1892-02-01,-3.207616980425029,-3.205803743300848,-2.772588722239781,-0.4350282581852476,,,,,,,0.0013500144,,,,0.01848428835489835
1892-03-01,-3.2108436531709366,-3.2000327370667208,-2.77617939037051,-0.4346642628004267,,,,,,,0.0010302216,,,,0.001814882032667775
1892-04-01,-3.201522775407846,-3.2033164978618736,-2.7672171784378703,-0.43430559696997584,,,,,,,0.0007060077,,,,0.010869565217391353
1892-05-01,-3.19448977938558,-3.19448977938558,-2.7600997106690066,-0.4343900687165734,,,,,,,0.0007100526,,,,-0.0017921146953404632
1892-06-01,-3.1816704708181343,-3.1870710239981346,-2.747631990265914,-0.4340384805522204,,,,,,,0.0007011437,,,,0.0
1892-07-01,-3.174306348302999,-3.174306348302999,-2.740614417607267,-0.43369193069573186,,,,,,,0.0008278846,,,,-0.0053859964093357915
1892-08-01,-3.1817617638603526,-3.167424600713945,-2.747982911437581,-0.43377885242277125,,,,,,,0.0009315347,,,,0.0
1892-09-01,-3.1492748657979024,-3.1745014287435778,-2.7158359056473316,-0.4334389601505706,,,,,,,0.001023799,,,,0.014440433212996373
1892-10-01,-3.1619410496292066,-3.142066863422123,-2.7288372125666536,-0.4331038370625533,,,,,,,0.0003598215,,,,-0.02491103202846967
1892-11-01,-3.1516199488166334,-3.1552041820444483,-2.718427014268438,-0.43319293454819485,,,,,,,0.0007783808,,,,0.02007299270072993
1892-12-01,-3.1336809788049687,-3.1445114095793385,-2.70081689650869,-0.43286408229627893,,,,,,,0.0009565178,,,,-0.003577817531305816
1893-01-01,-3.148339285082076,-3.130353188712294,-2.7439822103282734,-0.4043570747538028,,,,,,,0.0009023187,,,,-0.010771992818671583
1893-02-01,-3.126622614437523,-3.144608710807305,-2.751541362667023,-0.37508125177049956,,,,,,,0.0017157776,,,,0.01814882032667886
1893-03-01,-3.086345403858447,-3.123318191769422,-2.7410754565337045,-0.34526994732474203,,,,,,,0.0012405729,,,,-0.01782531194295911
1893-04-01,-3.0830518644465075,-3.0830518644465075,-2.7683041289222903,-0.3147477355242172,,,,,,,0.0016310348,,,,-0.03629764065335761
1893-05-01,-2.986682438034073,-3.07935955255938,-2.7033093904091015,-0.2833730476249714,,,,,,,0.0060655018,,,,0.0
1893-06-01,-2.934724925445967,-2.9834117891659506,-2.6834104971650614,-0.2513144282809061,,,,,,,0.0029707873,,,,-0.08851224105461386
1893-07-01,-2.8335483283868674,-2.9314649388587597,-2.61513523202384,-0.21841309636302753,,,,,,,0.0174387166,,,,-0.04752066115702469
1893-08-01,-2.8056792438628966,-2.829893501983491,-2.621130740101431,-0.18454850376146514,,,,,,,0.0096775586,,,,-0.09327548806941444
1893-09-01,-2.871107706080891,-2.8024416853894625,-2.7212954278522306,-0.14981227822866017,,,,,,,0.004453038,,,,-0.023923444976076458
1893-10-01,-2.8971949832442903,-2.8678805955755147,-2.7831330072265663,-0.11406197601772416,,,,,,,0.0045942154,,,,0.07107843137254899
1893-11-01,-2.909012696974952,-2.8935768888451134,-2.8318138861176774,-0.07719881085727476,,,,,,,0.0022244477,,,,0.029748283752860427
1893-12-01,-2.870169050578645,-2.905807566026004,-2.830948337425364,-0.03922071315328135,,,,,,,0.0016704211,,,,0.015555555555555545
1894-01-01,-2.862837657702845,-2.8834569449055807,-2.8427727790968857,-0.020064878605958958,,,,,,,0.0030611546,,,,-0.035010940919037226
1894-02-01,-2.890508753581015,-2.8767154314486794,-2.890508753581015,0.0,,,,,,,0.0004687629,,,,-0.020408163265306034
1894-03-01,-2.933413509154733,-2.9041650800285006,-2.954466918352565,0.021053409197832273,,,,,,,0.0011852547,,,,0.01388888888888884
1894-04-01,-2.960474967368312,-2.9472589159767857,-3.003640926374767,0.04316595900645481,,,,,,,0.0007072682,,,,0.029680365296803624
1894-05-01,-2.9370346408789683,-2.974943304860866,-3.0034895563504547,0.06645491547148619,,,,,,,0.0016138179,,,,0.01330376940133049
1894-06-01,-2.9375503181712554,-2.9512805109831572,-3.0285220963769817,0.09097177820572666,,,,,,,0.0010679602,,,,-0.03719912472647702
1894-07-01,-2.931046704404979,-2.952002069580967,-3.0478928169582966,0.11684611255331734,,,,,,,0.0006023604,,,,-0.01363636363636378
1894-08-01,-2.9831138095947796,-2.9461581030723503,-3.1273865822266065,0.14427277263182692,,,,,,,0.0024540504,,,,-0.020737327188940058
1894-09-01,-3.0137507790566693,-2.99800242208853,-3.187022500330706,0.17327172127403667,,,,,,,0.0011129513,,,,0.03764705882352937
1894-10-01,-2.9971157185521373,-3.0288644168667176,-3.2011762477688,0.20406052921666262,,,,,,,0.0012013283,,,,0.01587301587301604
1894-11-01,-3.012930001617146,-3.012930001617146,-3.24988152589769,0.23695152428054445,,,,,,,0.0019034743,,,,-0.03125000000000011
1894-12-01,-3.0192627709641853,-3.0285220963769817,-3.291196486447827,0.27193371548364187,,,,,,,0.0013603551,,,,0.0
1895-01-01,-3.015694913651536,-3.027390953414727,-3.2336909106533414,0.21799599700180505,,,,,,,0.0009261424,,,,-0.009216589861751112
1895-02-01,-3.009187546228461,-3.02340579523074,-3.1756700389926698,0.16648249276420857,,,,,,,0.0008998998,,,,-0.011627906976744096
1895-03-01,-3.0174460337777758,-3.0174460337777758,-3.1337058398936373,0.11625980611586195,,,,,,,0.0016711344,,,,-0.014117647058823457
1895-04-01,-3.067835567455335,-3.0257732922818823,-3.1354942159291497,0.06765864847381486,,,,,,,0.0008847499,,,,0.0
1895-05-01,-3.129201691030528,-3.07573684312947,-3.150244551649518,0.021042860618989412,,,,,,,0.0030111123,,,,0.042959427207637235
1895-06-01,-3.157000421150113,-3.1376657694426573,-3.132307808559742,-0.024692612590371255,,,,,,,0.0009137186,,,,0.05491990846681927
1895-07-01,-3.1697830430538505,-3.1655367521723994,-3.100622090215129,-0.06916095283872115,,,,,,,0.0008380014,,,,0.019522776572667988
1895-08-01,-3.1926059650099474,-3.1778843531845875,-3.0806581440525993,-0.11194782095734812,,,,,,,0.0005809942,,,,0.004255319148936065
1895-09-01,-3.2075296484808993,-3.201286131841214,-3.0533789686536412,-0.15415067982725827,,,,,,,0.0020191396,,,,0.014830508474576343
1895-10-01,-3.2016565108144017,-3.216285820830361,-3.0063143828845282,-0.1953421279298737,,,,,,,0.0009002614,,,,0.006263048016701411
1895-11-01,-3.1757036530029916,-3.209968246977088,-2.940633592677053,-0.23507006032593902,,,,,,,0.0015394194,,,,-0.014522821576763545
1895-12-01,-3.1239866090776696,-3.1846112308941046,-2.8495497633759097,-0.2744368457017603,,,,,,,0.0145051323,,,,-0.03368421052631587
1896-01-01,-3.1165644496048923,-3.1282060246203782,-2.851196082687359,-0.26536836691753307,,,,,,,0.0034854132,,,,-0.05882352941176461
1896-02-01,-3.1626229394971794,-3.121332670559563,-2.906364125370809,-0.2562588141263702,,,,,,,0.0017888725,,,,-0.011574074074074292
1896-03-01,-3.151025157960026,-3.1668805297498204,-2.9041650800285006,-0.24686007793152576,,,,,,,0.0014566434,,,,0.042154566744730726
1896-04-01,-3.164391924524067,-3.155300952822815,-2.927101458551806,-0.23729046597226122,,,,,,,0.0006532004,,,,-0.01573033707865179
1896-05-01,-3.1646889935266147,-3.1692241486920056,-2.9370346408789683,-0.22765435264764622,,,,,,,0.0010398274,,,,0.009132420091324311
1896-06-01,-3.1506548561598313,-3.169003994828028,-2.9329313723149606,-0.2177234838448705,,,,,,,0.0043587505,,,,-0.004524886877827927
1896-07-01,-3.087977847133989,-3.1549885574169494,-2.8803724134417124,-0.2076054336922768,,,,,,,0.0076856938,,,,-0.018181818181818188
1896-08-01,-3.0342603132750874,-3.0928758161095367,-2.8368683092746343,-0.19739200400045287,,,,,,,0.0079656373,,,,-0.06481481481481488
1896-09-01,-3.0897963472780687,-3.0386342950982006,-2.9029189739482533,-0.18687737332981547,,,,,,,0.004308877,,,,-0.05693069306930698
1896-10-01,-3.1163852772902736,-3.094189544898489,-2.9402283441500856,-0.17615693314018777,,,,,,,0.0045148133,,,,0.052493438320209806
1896-11-01,-3.1874125554124157,-3.1213508047343232,-3.022104377893187,-0.16530817751922866,,,,,,,0.0042137166,,,,0.02244389027431426
1896-12-01,-3.154633556139847,-3.1918471524802814,-3.0004828763125886,-0.15415067982725827,,,,,,,0.0049617891,,,,0.06829268292682933
1897-01-01,-3.154633556139847,-3.154633556139847,-2.9617201434741594,-0.19291341266568773,,,,,,,0.0014186862,,,,-0.0365296803652968
1897-02-01,-3.145109674628592,-3.154633556139847,-2.9144389680053187,-0.23067070662327294,,,,,,,0.0010347079,,,,0.0
1897-03-01,-3.147499162025973,-3.145109674628592,-2.8808704987720244,-0.2666286632539485,,,,,,,0.0019187941,,,,-0.009478672985781977
1897-04-01,-3.115981401705568,-3.147499162025973,-2.814643002806301,-0.3013383988992664,,,,,,,0.0020920644,,,,0.0023923444976077235
1897-05-01,-3.120895416507997,-3.115981401705568,-2.7856143652569374,-0.33528105125105956,,,,,,,0.001085808,,,,-0.031026252983293756
1897-06-01,-3.1664122553324594,-3.120895416507997,-2.7986874752071422,-0.3677247801253174,,,,,,,0.0011649759,,,,0.0049261083743843415
1897-07-01,-3.2099471941238993,-3.1664122553324594,-2.8107982875825313,-0.39914890654136803,,,,,,,0.0009982965,,,,0.04656862745098023
1897-08-01,-3.2729430461384768,-3.2099471941238993,-2.8429660102358065,-0.4299770359026698,,,,,,,0.002023529,,,,0.04449648711943799
1897-09-01,-3.3202283191284883,-3.2729430461384768,-2.8606959897500484,-0.4595323293784399,,,,,,,0.0031743872,,,,0.06502242152466375
1897-10-01,-3.2875723561544357,-3.3202283191284883,-2.7993332310612407,-0.488239125093195,,,,,,,0.0034575288,,,,0.04842105263157914
1897-11-01,-3.2516656476911914,-3.2875723561544357,-2.735189352416387,-0.516476295274805,,,,,,,0.0031859508,,,,-0.032128514056224966
1897-12-01,-3.2729430461384768,-3.2516656476911914,-2.729327599549495,-0.5436154465889815,,,,,,,0.0011967887,,,,-0.03526970954356845
1898-01-01,-3.2905435234450673,-3.2635429216265615,-2.7457393008890465,-0.5448042225560206,,,,,,,0.0020065062,,,,0.021505376344086002
1898-02-01,-3.2797250612309763,-3.2817763440015337,-2.7328942625320414,-0.5468307986989347,,,,,,,0.0028627302,,,,0.027368421052631486
1898-03-01,-3.2242666735030774,-3.2704933909983107,-2.67630150278763,-0.5479651707154474,,,,,,,0.0109767556,,,,-0.002049180327868827
1898-04-01,-3.1977654333405736,-3.2151194480337253,-2.648687799156863,-0.5490776341837105,,,,,,,0.0043488035,,,,-0.045174537987679675
1898-05-01,-3.252812780413529,-3.1892320482251435,-2.701806897469611,-0.5510058829439177,,,,,,,0.0046970238,,,,-0.017204301075268824
1898-06-01,-3.282097690121025,-3.2438251439161494,-2.730029107820985,-0.5520685823000397,,,,,,,0.0012237441,,,,0.06564551422319465
1898-07-01,-3.2771348905209288,-3.273190112229912,-2.7240235552588334,-0.5531113352620951,,,,,,,0.0008520289,,,,0.03901437371663241
1898-08-01,-3.3055422553211224,-3.2688231543582424,-2.750593315368379,-0.5549489399527436,,,,,,,0.0013010349,,,,0.0039525691699606735
1898-09-01,-3.294886747168009,-3.296786082971661,-2.7389406881215486,-0.5559460590464604,,,,,,,0.0014933782,,,,0.03740157480314954
1898-10-01,-3.2650722682627684,-3.286206580336742,-2.7081472931941355,-0.5569249750686329,,,,,,,0.0010858963,,,,-0.001897533206831059
1898-11-01,-3.2894475468099396,-3.2569709581320314,-2.7307687296447125,-0.5586788171652273,,,,,,,0.0007460238,,,,-0.02091254752851701
1898-12-01,-3.34109345759245,-3.280911215787653,-2.7814776696570274,-0.5596157879354224,,,,,,,0.0008304822,,,,0.03300970873786402
1899-01-01,-3.4104505871426385,-3.3371014363229126,-2.8244361867717442,-0.5860144003708945,,,,,,,0.0017113599,,,,0.06203007518796988
1899-02-01,-3.443109510575093,-3.4059785300000467,-2.8318038782320523,-0.6113056323430404,,,,,,,0.0008945259,,,,0.07610619469026547
1899-03-01,-3.4533133828011695,-3.4391510689886653,-2.817324616081173,-0.6359887667199967,,,,,,,0.0012913102,,,,0.03782894736842102
1899-04-01,-3.4617930687120193,-3.4493705487134623,-2.8019031099085563,-0.6598899588034628,,,,,,,0.0012558573,,,,0.014263074484944571
1899-05-01,-3.414816269196959,-3.457375883615755,-2.732006369958004,-0.6828098992389554,,,,,,,0.0050315495,,,,0.012499999999999956
1899-06-01,-3.388103904915136,-3.4109061957891162,-2.682835363822846,-0.7052685410922902,,,,,,,0.0015474262,,,,-0.04166666666666674
1899-07-01,-3.4182204360622954,-3.384209060653595,-2.691155507002865,-0.7270649290594299,,,,,,,0.0008671237,,,,-0.02254428341384862
1899-08-01,-3.439015352410677,-3.4138567927745216,-2.6910373586068843,-0.7479779938037926,,,,,,,0.0005065934,,,,0.034596375617792496
1899-09-01,-3.424223408895456,-3.4351524794276465,-2.655678210851299,-0.7685451980441571,,,,,,,0.0019000421,,,,0.02547770700636942
1899-10-01,-3.415654699164345,-3.4203754002992826,-2.6271100559161935,-0.788544643248152,,,,,,,0.0012869481,,,,-0.010869565217391353
1899-11-01,-3.4300938645858796,-3.4113433152405035,-2.622355479997327,-0.8077383845885525,,,,,,,0.0009189348,,,,-0.004709576138147598
1899-12-01,-3.355735007585398,-3.426277066059179,-2.52905643440093,-0.8266785731844679,,,,,,,0.0098848709,,,,0.018927444794952786
1900-01-01,-3.3338451996326635,-3.320643687774128,-2.5422579462594657,-0.7915872533731978,,,,,,,0.0024324624,,,,-0.06811145510835914
1900-02-01,-3.3178157727231046,-3.299943647956982,-2.560130071025588,-0.7576857016975165,,,,,,,0.0008380407,,,,0.013289036544850585
1900-03-01,-3.2930452390667333,-3.2850259499001133,-2.5681493601922076,-0.7248958788745257,,,,,,,0.0012217033,,,,0.0180327868852459
1900-04-01,-3.2739951240892804,-3.261296540752153,-2.580847943529335,-0.6931471805599454,,,,,,,0.0014254609,,,,0.008051529790660261
1900-05-01,-3.1947487089201156,-3.2432234654225267,-2.532373187026924,-0.6623755218931917,,,,,,,0.0016912917,,,,0.012779552715654896
1900-06-01,-3.1346413374126323,-3.1648957457704343,-2.5021187786691215,-0.6325225587435104,,,,,,,0.0015714951,,,,-0.04731861198738163
1900-07-01,-3.10565380053938,-3.10565380053938,-2.5021187786691215,-0.6035350218702582,,,,,,,0.0012871561,,,,-0.02980132450331119
1900-08-01,-3.091042453358316,-3.0774829235726835,-2.515678308454754,-0.5753641449035618,,,,,,,0.0003048213,,,,0.0
1900-09-01,-3.0397922633480214,-3.063643479170201,-2.4918270926325743,-0.5479651707154474,,,,,,,0.0014458538,,,,0.013651877133105783
1900-10-01,-3.0486908472606027,-3.01312401626586,-2.527393923627317,-0.5212969236332863,,,,,,,0.0012551927,,,,-0.023569023569023684
1900-11-01,-3.098011122674409,-3.022715360857342,-2.6026896854443837,-0.4953214372300254,,,,,,,0.0024582298,,,,0.036206896551724155
1900-12-01,-3.131136910560194,-3.0726933146901194,-2.6611332813144584,-0.4700036292457357,,,,,,,0.0012284067,,,,0.07820299500831962
1901-01-01,-3.154182612725603,-3.1254862390513796,-2.686294245254443,-0.4678883674711597,,,,,,,0.0025292517,,,,0.06018518518518512
1901-02-01,-3.174034333154185,-3.148893344196083,-2.708119168997682,-0.4659151641565029,,,,,,,0.0009435573,,,,0.02911208151382816
1901-03-01,-3.203678968150769,-3.1684449712413087,-2.7398418538206974,-0.46383711433007146,,,,,,,0.0004476118,,,,0.02545968882602545
1901-04-01,-3.2786753878763806,-3.198120673637975,-2.8168975421571774,-0.4617778457192029,,,,,,,0.0018041452,,,,0.035862068965517135
1901-05-01,-3.221790806689363,-3.2734721241044813,-2.761934170513853,-0.45985663617550976,,,,,,,0.0151293251,,,,0.08388814913448739
1901-06-01,-3.311249144999216,-3.2162918441022756,-2.8534160513737357,-0.4578330936254803,,,,,,,0.001116634,,,,-0.05036855036855037
1901-07-01,-3.2363671278556025,-3.3057802557051166,-2.780539540211,-0.4558275876446025,,,,,,,0.0049890226,,,,0.09961190168175937
1901-08-01,-3.2450231642148655,-3.2312471166707475,-2.7910668539333194,-0.4539563102815465,,,,,,,0.0013683812,,,,-0.06705882352941184
1901-09-01,-3.23462418183634,-3.2396117233473785,-2.7826390580932827,-0.4519851237430572,,,,,,,0.0059129993,,,,0.013871374527112179
1901-10-01,-3.2179281072171055,-3.229241867117379,-2.7678968386483946,-0.4500312685687108,,,,,,,0.0009998371,,,,-0.004975124378109319
1901-11-01,-3.234152817227094,-3.2128887264736523,-2.7859448462277823,-0.44820797099931176,,,,,,,0.0008218961,,,,-0.011249999999999982
1901-12-01,-3.2126062118546055,-3.228826155721369,-2.766319109226186,-0.44628710262841953,,,,,,,0.0012303252,,,,0.02149178255372952
1902-01-01,-3.2312675571633642,-3.2101093316560183,-2.7661073089973396,-0.46516024816602486,,,,,,,0.0008418224,,,,-0.016089108910891103
1902-02-01,-3.2370497426021343,-3.228465998910743,-2.753576466818768,-0.4834732757833664,,,,,,,0.0005069032,,,,0.02138364779874191
1902-03-01,-3.235786297016517,-3.2345660406112877,-2.7343065356687646,-0.5014797613477529,,,,,,,0.0003537138,,,,0.008620689655172376
1902-04-01,-3.266885044054561,-3.2333087485209573,-2.7478040752284714,-0.51908096882609,,,,,,,0.0006210731,,,,0.0012210012210012167
1902-05-01,-3.261743843298693,-3.2641051194843733,-2.725578820171391,-0.5361650231273024,,,,,,,0.0012370249,,,,0.034146341463414887
1902-06-01,-3.253351570637256,-3.2592792702705315,-2.700351021820553,-0.5530005488167034,,,,,,,0.0002609764,,,,-0.002358490566037652
1902-07-01,-3.2732337860736544,-3.2508930567990486,-2.7037571040635235,-0.5694766820101308,,,,,,,0.0003693229,,,,-0.005910165484633634
1902-08-01,-3.2968679749909815,-3.2704751636345746,-2.7113966776661917,-0.5854712973247899,,,,,,,0.0003363733,,,,0.022592152199762072
1902-09-01,-3.296684682926668,-3.2944222385226993,-2.695418454196309,-0.6012662287303591,,,,,,,0.0033788785,,,,0.02674418604651163
1902-10-01,-3.2620951870842787,-3.294244913494428,-2.645354830265166,-0.6167403568191125,,,,,,,0.0016801434,,,,0.0022650056625141968
1902-11-01,-3.2200901541006024,-3.259357542788911,-2.588327300628,-0.6317628534726026,,,,,,,0.0021199081,,,,-0.031638418079095953
1902-12-01,-3.1943347159520834,-3.2176629684429914,-2.547707551027031,-0.6466271649250525,,,,,,,0.0016868877,,,,-0.03850641773628938
1903-01-01,-3.2388735066472623,-3.1891964244596025,-2.610646791324977,-0.6282267153222851,,,,,,,0.0006760279,,,,-0.0230582524271844
1903-02-01,-3.2281337676532997,-3.2340614672865753,-2.6183225403350554,-0.6098112273182439,,,,,,,0.0004724462,,,,0.05093167701863366
1903-03-01,-3.1830166196900747,-3.223046221141927,-2.5919186934843,-0.591097926205775,,,,,,,0.0017076353,,,,-0.005910165484633634
1903-04-01,-3.1362557961803637,-3.1779548253481122,-2.564033647819356,-0.5722221483610074,,,,,,,0.0016186947,,,,-0.03923900118906065
1903-05-01,-3.1119704504877594,-3.1315150465607298,-2.558666504404012,-0.5533039460837476,,,,,,,0.0013952707,,,,-0.04084158415841588
1903-06-01,-3.0501090444320624,-3.106957908664215,-2.516026558501805,-0.5340824859302576,,,,,,,0.0025605329,,,,-0.01935483870967747
1903-07-01,-2.9980707721350246,-3.045121502921024,-2.4833895529863454,-0.5146812191486794,,,,,,,0.0025974589,,,,-0.05526315789473679
1903-08-01,-2.960755382716262,-2.9933992307926243,-2.46554773727924,-0.495207645437022,,,,,,,0.0046120564,,,,-0.04596100278551529
1903-09-01,-2.9313869704635866,-2.955815666148548,-2.4559632737485115,-0.4754236967150749,,,,,,,0.0029431977,,,,-0.03211678832116782
1903-10-01,-2.893475611403167,-2.9264715348039685,-2.4380352581931906,-0.4554403532099758,,,,,,,0.0036398172,,,,-0.02413273001508298
1903-11-01,-2.8920610820902892,-2.888871286722189,-2.456709233895333,-0.4353518481949562,,,,,,,0.0012781231,,,,-0.03245749613601234
1903-12-01,-2.932335956995197,-2.8871921049787854,-2.5173921049324886,-0.41494385206270834,,,,,,,0.0012443211,,,,0.0031948881789138905
1904-01-01,-2.958413413839714,-2.9418092587876785,-2.5402421400413475,-0.41817127379836583,,,,,,,0.001778155,,,,0.04617834394904463
1904-02-01,-2.9409527554200823,-2.968268566067045,-2.519402542505566,-0.4215502129145158,,,,,,,0.0007110373,,,,0.016742770167427645
1904-03-01,-2.947530171736113,-2.950611838273521,-2.5226469777708473,-0.42488319396526586,,,,,,,0.0014626397,,,,-0.026946107784431073
1904-04-01,-2.981674916303451,-2.9572834631792917,-2.5534048071773405,-0.4282701091261102,,,,,,,0.0004368784,,,,-0.003076923076922977
1904-05-01,-2.970514470570034,-2.9918242571567855,-2.538696986317471,-0.4318174842525634,,,,,,,0.0003431724,,,,0.024691358024691246
1904-06-01,-2.982002080742089,-2.9804648014232025,-2.5466840094842436,-0.4353180712578455,,,,,,,0.0002381881,,,,-0.02108433734939752
1904-07-01,-3.0326900623274167,-2.9920524165955906,-2.593813268452577,-0.4388767938748398,,,,,,,0.0009055555,,,,0.0015384615384614886
1904-08-01,-3.076512295297248,-3.043151696203054,-2.6339065662463215,-0.44260572905092677,,,,,,,0.0004882288,,,,0.04147465437788034
1904-09-01,-3.130044611161585,-3.0867719842348635,-2.6837575085331653,-0.44628710262841953,,,,,,,0.0008812463,,,,0.03392330383480813
1904-10-01,-3.1974931688027985,-3.140410653410763,-2.7474619002340877,-0.4500312685687108,,,,,,,0.0012976369,,,,0.04422253922967201
1904-11-01,-3.261062989895902,-3.2082869243892462,-2.807106679614356,-0.4539563102815465,,,,,,,0.0007777411,,,,0.058743169398907114
1904-12-01,-3.2813961818495345,-3.2716518903748564,-2.8235630882240543,-0.4578330936254803,,,,,,,0.0033483606,,,,0.05419354838709678
1905-01-01,-3.29751086422261,-3.2759272925554352,-2.814993621720541,-0.4825172425020686,,,,,,,0.0008167658,,,,0.009791921664626724
1905-02-01,-3.3353458025081517,-3.2923908530377552,-2.828678188890825,-0.506667613617327,,,,,,,0.0005484349,,,,0.021818181818181737
1905-03-01,-3.3579473978683385,-3.3299343616406647,-2.8282532897979653,-0.5296941080703735,,,,,,,0.001070323,,,,0.043890865954923086
1905-04-01,-3.340335914622966,-3.352565083149378,-2.7883725899410434,-0.5519633246819227,,,,,,,0.0024071229,,,,0.02840909090909083
1905-05-01,-3.2848271081903606,-3.3352965338795126,-2.710995711331967,-0.5738313968583937,,,,,,,0.0032256778,,,,-0.012154696132596787
1905-06-01,-3.2911964864478267,-3.2795004466846356,-2.696489378701134,-0.5947071077466927,,,,,,,0.0013950785,,,,-0.04921700223713643
1905-07-01,-3.316810641058644,-3.285898047996618,-2.701868669757995,-0.614941971300649,,,,,,,0.0010987718,,,,0.0117647058823529
1905-08-01,-3.3483780783057444,-3.3118493905722373,-2.7134998058697746,-0.6348782724359695,,,,,,,0.000875641,,,,0.03139534883720918
1905-09-01,-3.3463891451671604,-3.343133580707394,-2.6924626777604965,-0.6539264674066639,,,,,,,0.0013945243,,,,0.03720405862457721
1905-10-01,-3.3551582508646134,-3.3411720088898735,-2.68273239311792,-0.6724258577466933,,,,,,,0.000692826,,,,0.003260869565217428
1905-11-01,-3.344916545763566,-3.3502727449640908,-2.654209134635861,-0.690707411127705,,,,,,,0.0012021161,,,,0.014084507042253502
1905-12-01,-3.3641561099818063,-3.339751715810587,-2.6559710520573203,-0.7081850579244859,,,,,,,0.0009097233,,,,-0.005341880341880212
1906-01-01,-3.380739387784087,-3.346733019798892,-2.678845579673671,-0.7018938081104156,,,,,,,0.0013949191,,,,0.02470461868958096
1906-02-01,-3.3562045055374172,-3.363321973306281,-2.660718826396438,-0.6954856791409791,,,,,,,0.0013124868,,,,0.03459119496855356
1906-03-01,-3.3145783410406002,-3.3393729996538166,-2.6250347679839536,-0.6895435730566467,,,,,,,0.0011252855,,,,-0.007092198581560183
1906-04-01,-3.284333821262404,-3.2980254516803473,-2.6005710405840987,-0.6837627806783051,,,,,,,0.0024018046,,,,-0.02448979591836742
1906-05-01,-3.2409031471864913,-3.2677720391994587,-2.5630448540971433,-0.6778582930893481,,,,,,,0.0021175439,,,,-0.013598326359832713
1906-06-01,-3.2378723255588557,-3.2248851300320442,-2.5654871364473397,-0.6723851891115161,,,,,,,0.0016463421,,,,-0.026511134676564185
1906-07-01,-3.195961565345325,-3.2221068454496473,-2.5289069790504377,-0.6670545862948871,,,,,,,0.0012790848,,,,0.013071895424836777
1906-08-01,-3.251520060482055,-3.18017528433903,-2.589924641037614,-0.6615954194444416,,,,,,,0.0014873918,,,,-0.02580645161290329
1906-09-01,-3.2666072276893905,-3.23624052191346,-2.610069792742006,-0.6565374349473845,,,,,,,0.0008314321,,,,0.07395143487858724
1906-10-01,-3.221190938442429,-3.2515576442183596,-2.569584956800491,-0.651605981641938,,,,,,,0.0012371143,,,,0.03083247687564228
1906-11-01,-3.2264573623205983,-3.206110780461431,-2.5799147604161874,-0.6465426019044109,,,,,,,0.0006876636,,,,-0.029910269192422678
1906-12-01,-3.202746442938317,-3.211851209931236,-2.560892556765922,-0.6418538861723947,,,,,,,0.0015708553,,,,0.020554984583761593
1907-01-01,-3.1656623041661245,-3.1945302881669764,-2.5430056978620237,-0.6226566063041008,,,,,,,0.0013045548,,,,-0.009063444108761365
1907-02-01,-3.125383514727046,-3.1572671931322684,-2.5223595959089775,-0.6030239188180688,,,,,,,0.0014456297,,,,-0.028455284552845517
1907-03-01,-3.013859658146548,-3.1173021679418715,-2.4301463186320644,-0.5837133395144832,,,,,,,0.0184520981,,,,-0.03138075313807542
1907-04-01,-3.010622077943565,-3.0058430963272142,-2.446282061838662,-0.5643400161049035,,,,,,,0.0022732673,,,,-0.09827213822894165
1907-05-01,-2.9672528022321227,-3.0024292610328445,-2.4227320315797742,-0.5445207706523483,,,,,,,0.001995666,,,,0.004790419161676773
1907-06-01,-2.926739402067039,-2.959364629383116,-2.401729143309092,-0.525010258757947,,,,,,,0.0014013008,,,,-0.03456495828367112
1907-07-01,-2.9564643114697082,-2.9189129658175754,-2.451039496738343,-0.505424814731365,,,,,,,0.0013252397,,,,-0.032098765432098775
1907-08-01,-2.8705691305999848,-2.9484642688026317,-2.3851875148454944,-0.48538161575449046,,,,,,,0.0041996424,,,,0.03826530612244916
1907-09-01,-2.8521841026859973,-2.862865112106331,-2.38655047311138,-0.4656336295746173,,,,,,,0.0018824117,,,,-0.07493857493857492
1907-10-01,-2.7294369137246157,-2.844538982627742,-2.2836391992322995,-0.44579771449231603,,,,,,,0.0055534256,,,,-0.010624169986719778
1907-11-01,-2.661090282238932,-2.7216207819789644,-2.2355995682134226,-0.42549071402550925,,,,,,,0.0051308749,,,,-0.10872483221476514
1907-12-01,-2.7034943845663495,-2.6535620158181406,-2.298029276458185,-0.40546510810816444,,,,,,,0.0030149463,,,,-0.0587349397590361
1908-01-01,-2.7527574707647555,-2.711022650987141,-2.349967489409566,-0.40278998135518945,,,,,,,0.0023219901,,,,0.051200000000000134
1908-02-01,-2.7233945992686532,-2.760573602510407,-2.3229424195619695,-0.4004521797066834,,,,,,,0.0018728863,,,,0.0426179604261796
1908-03-01,-2.771134176528787,-2.7310397193269087,-2.3734512088626776,-0.3976829676661095,,,,,,,0.0023091474,,,,-0.03649635036496346
1908-04-01,-2.8312952951858077,-2.778838195022441,-2.4364322418573776,-0.39486305332843025,,,,,,,0.0009914098,,,,0.040909090909091006
1908-05-01,-2.8917619767516247,-2.8392953378528842,-2.499375167047873,-0.39238680970375184,,,,,,,0.001986408,,,,0.05385735080058218
1908-06-01,-2.900898170883152,-2.8995884130010885,-2.5114334041214286,-0.38946476676172326,,,,,,,0.0019133323,,,,0.05386740331491713
1908-07-01,-2.9447799463800637,-2.9087863437321584,-2.5582922721765335,-0.3864876742035302,,,,,,,0.001631021,,,,0.001310615989515096
1908-08-01,-2.995006144997337,-2.952972763290785,-2.6111454315667717,-0.38386071343056544,,,,,,,0.0012737565,,,,0.03664921465968596
1908-09-01,-2.992067028155695,-3.0030227068166706,-2.611294532637902,-0.3807724955177929,,,,,,,0.0021491419,,,,0.04292929292929282
1908-10-01,-3.012313975104558,-3.0001483749408697,-2.6346896147531393,-0.3776243603514188,,,,,,,0.0009554509,,,,-0.010895883777239712
1908-11-01,-3.0862295917186833,-3.0207090861384143,-2.7113966776661917,-0.37483291405249175,,,,,,,0.0014535755,,,,0.012239902080783294
1908-12-01,-3.116843099303049,-3.094445746490024,-2.7452795428705663,-0.37156355643248284,,,,,,,0.0011939897,,,,0.06771463119709797
1909-01-01,-3.1119436971577024,-3.1086269445317085,-2.7230629934913955,-0.3888807036663072,,,,,,,0.0008793069,,,,0.022650056625141524
1909-02-01,-3.0744311875531194,-3.1035485861238463,-2.669048043298941,-0.4053831442541781,,,,,,,0.0017954095,,,,0.0033222591362127574
1909-03-01,-3.0798940658757017,-3.066349840767945,-2.6582995758376535,-0.42159449003804805,,,,,,,0.0007273434,,,,-0.028697571743929284
1909-04-01,-3.11574418616195,-3.071877504056368,-2.6784497313259195,-0.43729445483603085,,,,,,,0.0006562533,,,,0.013636363636363447
1909-05-01,-3.1402719663637635,-3.1075513692512295,-2.6880032691569196,-0.4522686972068442,,,,,,,0.0003213451,,,,0.04484304932735439
1909-06-01,-3.1498829533812494,-3.1323837935147574,-2.6828599522736516,-0.4670230011075978,,,,,,,0.0008699496,,,,0.03326180257510725
1909-07-01,-3.1562411521237417,-3.1420565171317856,-2.674903461388394,-0.4813376907353474,,,,,,,0.000278852,,,,0.017653167185877505
1909-08-01,-3.172099099910559,-3.148241109456665,-2.677099955061109,-0.4949991448494503,,,,,,,0.0013988726,,,,0.014285714285714235
1909-09-01,-3.165376917529162,-3.1643950814169055,-2.6568795835227625,-0.5084973340063995,,,,,,,0.0012498163,,,,0.024144869215291687
1909-10-01,-3.161649530199808,-3.1577317974709063,-2.6400353248032356,-0.5216142053965731,,,,,,,0.0009552185,,,,0.0009823182711197198
1909-11-01,-3.1489338296129983,-3.153833398454157,-2.614796071724954,-0.5341377578880443,,,,,,,0.0005255665,,,,0.003925417075564264
1909-12-01,-3.1531244473054203,-3.141405563192207,-2.6065807409373503,-0.5465437063680699,,,,,,,0.0003769219,,,,-0.00488758553274693
1910-01-01,-3.1258680771773752,-3.147458709769743,-2.5882850042418353,-0.53758307293554,,,,,,,0.00225655,,,,0.011787819253438192
1910-02-01,-3.0838666152882444,-3.120234259459119,-2.55522314820546,-0.5286434670827844,,,,,,,0.0018189784,,,,-0.021359223300970953
1910-03-01,-3.102655812863734,-3.078264359739575,-2.582931353955613,-0.5197244589081207,,,,,,,0.0008332212,,,,-0.0357142857142857
1910-04-01,-3.0726933146901194,-3.0970847678142785,-2.5618676909241285,-0.5108256237659907,,,,,,,0.0016938239,,,,0.024691358024691468
1910-05-01,-3.050555242905466,-3.0671531343145038,-2.5486087007806053,-0.5019465421248608,,,,,,,0.00136477,,,,-0.02409638554216864
1910-06-01,-2.995732273553991,-3.0450455870944966,-2.502645474125382,-0.493086799428609,,,,,,,0.0027949308,,,,-0.016460905349794275
1910-07-01,-2.9383809770825255,-2.990252807789365,-2.4541349911212467,-0.4842459859612787,,,,,,,0.0032866344,,,,-0.04811715481171552
1910-08-01,-2.9569462485188343,-2.9329313723149606,-2.4815225518037596,-0.4754236967150747,,,,,,,0.0015867083,,,,-0.05054945054945048
1910-09-01,-2.9582829635123753,-2.951526181049495,-2.49166343225088,-0.46661953126149497,,,,,,,0.0006869297,,,,0.024305555555555358
1910-10-01,-2.997880502092281,-2.952892114877499,-2.5400474084668003,-0.4578330936254803,,,,,,,0.0007413732,,,,0.006779661016949268
1910-11-01,-2.991445021542371,-2.9925185589508954,-2.5423810293798903,-0.4490639921624807,,,,,,,0.0011607905,,,,0.04601571268237947
1910-12-01,-2.9577873419898677,-2.9861116755670087,-2.517475502551535,-0.4403118394383326,,,,,,,0.0006830646,,,,-0.0010729613733905241
1911-01-01,-2.9818059638557965,-2.9577873419898677,-2.5576513494791446,-0.42415461437665175,,,,,,,0.0005667355,,,,-0.027926960257787292
1911-02-01,-2.998918680923399,-2.9818059638557965,-2.5910451279306947,-0.4078735529927044,,,,,,,0.000622548,,,,0.024309392265193353
1911-03-01,-2.987185212975533,-2.998918680923399,-2.596006062114845,-0.39117915086068783,,,,,,,0.0006389759,,,,0.01725997842502691
1911-04-01,-2.9828841310761423,-2.987185212975533,-2.608682823993514,-0.3742013070826284,,,,,,,0.0002818356,,,,-0.01166489925768821
1911-05-01,-3.0042069005449634,-2.9828841310761423,-2.647127782976249,-0.3570791175687145,,,,,,,0.0006322053,,,,-0.0042918454935623185
1911-06-01,-3.0240508937432358,-3.0042069005449634,-2.6845437534268686,-0.33950714031636703,,,,,,,0.0002924562,,,,0.02155172413793105
1911-07-01,-3.0199058100880674,-3.0240508937432358,-2.6982849526112216,-0.3216208574768457,,,,,,,0.0003194916,,,,0.020042194092827037
1911-08-01,-2.970959870546406,-3.0199058100880674,-2.6673939782275307,-0.3035658923188755,,,,,,,0.0013782882,,,,-0.00413650465356763
1911-09-01,-2.9148913750704835,-2.970959870546406,-2.629872420038186,-0.28501895503229724,,,,,,,0.0010469042,,,,-0.047767393561786164
1911-10-01,-2.920641822198921,-2.9148913750704835,-2.654520304271087,-0.26612151792783373,,,,,,,0.0005262618,,,,-0.05452562704471098
1911-11-01,-2.959994848405078,-2.920641822198921,-2.712968560882876,-0.2470262875222019,,,,,,,0.0010578679,,,,0.005767012687428075
1911-12-01,-2.9643952955499,-2.959994848405078,-2.737005453354239,-0.22738984219566083,,,,,,,0.0004200035,,,,0.04013761467889898
1912-01-01,-2.9637917076822555,-2.9626946148678823,-2.7226296508653673,-0.24116205681688796,,,,,,,0.0004823788,,,,0.004410143329658167
1912-02-01,-2.9530712630960063,-2.961881892778161,-2.6987462720595627,-0.2543249910364435,,,,,,,0.0001610862,,,,0.001097694840834329
1912-03-01,-2.97973193220755,-2.951376706452425,-2.712090610639215,-0.267641321568335,,,,,,,0.0004137841,,,,-0.00877192982456143
1912-04-01,-3.0087467309652816,-2.978040242229145,-2.7280082106468537,-0.2807385203184275,,,,,,,0.0005266908,,,,0.028761061946902755
1912-05-01,-3.005803697333601,-3.0068469942461786,-2.7125488224882037,-0.29325487484539725,,,,,,,0.0007540208,,,,0.03118279569892457
1912-06-01,-3.004118066930265,-3.004118066930265,-2.6981825541691333,-0.30593551276113135,,,,,,,0.0004415924,,,,-0.0010427528675703845
1912-07-01,-3.0034785700086264,-3.0024352730960486,-2.6850630527732005,-0.31841551723542627,,,,,,,0.0005500493,,,,0.0
1912-08-01,-3.024270190348629,-3.001588805666704,-2.6939301760278984,-0.33034001432073024,,,,,,,0.0003322357,,,,0.0010438413361169019
1912-09-01,-3.027677287675896,-3.022593392638624,-2.685239336120687,-0.34243795155520923,,,,,,,0.0004297346,,,,0.02294056308654846
1912-10-01,-3.023972839360048,-3.02600329691043,-2.6696213116775596,-0.3543515276824884,,,,,,,0.0007144113,,,,0.0050968399592252744
1912-11-01,-3.010851128378811,-3.022092943245059,-2.645118828907527,-0.36573229947128383,,,,,,,0.0007458307,,,,-0.0020283975659228792
1912-12-01,-2.972548938098334,-3.0091830712781142,-2.5952547069568657,-0.377294231141468,,,,,,,0.0009024807,,,,-0.011178861788617822
1913-01-01,-2.9639835752394106,-2.972548938098334,-2.5950095757136613,-0.36897399952574933,,,,,,,0.0012007539,,,,-0.03597122302158273
1913-02-01,-2.9278548511509053,-2.9639835752394106,-2.567416165648523,-0.3604386855023819,,,,,,0.0,0.0007533256,,,,-0.008528784648187626
1913-03-01,-2.908720896564361,-2.9278548511509053,-2.5567444734071834,-0.3519764231571782,,,,,,0.0,0.000756593,,,,-0.03548387096774197
1913-04-01,-2.907583886777286,-2.908720896564361,-2.5641419474410427,-0.3434419393362432,,,,,,0.0,0.0007240746,,,,-0.018952062430323324
1913-05-01,-2.879900458028869,-2.907583886777286,-2.545215531981752,-0.3346849260471171,,,,,,-0.0102040816,0.0005819012,,,,-0.001136363636363824
1913-06-01,-2.8282993292537872,-2.879900458028869,-2.5022983924998696,-0.32600093675391756,,,,,,0.0103092784,0.0026204891,,,,-0.027303754266211455
1913-07-01,-2.841755189769179,-2.8282993292537872,-2.5245143150758533,-0.31724087469332535,,,,,,0.0102040816,0.0005558776,,,,-0.05029239766081883
1913-08-01,-2.8681356164492824,-2.841755189769179,-2.5598852785045145,-0.308250337944768,,,,,,0.0,0.0005558541,,,,0.013546798029556717
1913-09-01,-2.8775585365837877,-2.8681356164492824,-2.578225846912032,-0.29933268967175614,,,,,,0.0101010101,0.0006767303,,,,0.02673147023086253
1913-10-01,-2.845393762613087,-2.8775585365837877,-2.555058961758554,-0.2903348008545331,,,,,,0.0,0.0010866136,,,,0.00946745562130169
1913-11-01,-2.819641266510673,-2.845393762613087,-2.538543321935907,-0.2810979445747658,,,,,,0.01,0.0004506428,,,,-0.03165298944900352
1913-12-01,-2.818398258271075,-2.819641266510673,-2.5464645427874335,-0.27193371548364176,,,,,,-0.0099009901,0.0007124877,,,,-0.025423728813559254
1914-01-01,-2.86909435944888,-2.8288695581383707,-2.601400194614512,-0.26769416483436786,,,,,,0.0,0.0007306086,,,,-0.001242236024844967
1914-02-01,-2.8927330340818447,-2.879676468779417,-2.6292237625374297,-0.263509271544415,,,,,,-0.01,0.0004046325,,,,0.04104477611940305
1914-03-01,-2.884380128227898,-2.9034283231985922,-2.6253298684504442,-0.2590502597774538,,,,,,0.0,0.0006693025,,,,0.0131421744324971
1914-04-01,-2.870858943672583,-2.8951910443321136,-2.616385259891126,-0.25447368378145685,,,,,,-0.0101010101,0.0008483564,,,,-0.018867924528301883
1914-05-01,-2.887926768903098,-2.881788014204773,-2.6379807979004077,-0.24994597100269023,,,,,,0.0102040816,0.0005425669,,,,-0.024038461538461675
1914-06-01,-2.894068619777491,-2.898976605089683,-2.648946161744506,-0.24512245803298494,,,,,,0.0,0.0006419688,,,,0.006157635467980427
1914-07-01,-2.8483005439754776,-2.905241920375616,-2.608134167274251,-0.24016637670122654,,,,,,0.0101010101,0.0051771146,,,,-0.004895960832313251
1914-08-01,-2.8596000992294113,-2.8596000992294113,-2.624348330952256,-0.23525176827715522,,,,,,0.02,0.0,,,,-0.055350553505535194
1914-09-01,-2.871028795053034,-2.871028795053034,-2.641012364451062,-0.23001643060197174,,,,,,0.0,0.0,,,,0.0
1914-10-01,-2.88258961745411,-2.88258961745411,-2.6579588005748063,-0.22463081687930353,,,,,,-0.0098039216,0.0,,,,0.0
1914-11-01,-2.894285657217301,-2.894285657217301,-2.6750083939009173,-0.21927726331638375,,,,,,0.0099009901,0.0,,,,0.0
1914-12-01,-2.862200880929468,-2.906120114864304,-2.648626780631409,-0.21357410029805912,,,,,,-0.0098039216,0.0025860082,,,,0.0
1915-01-01,-2.8778304095450227,-2.860297930783382,-2.6100697927420065,-0.26776061680301655,,,,,,0.0,0.0014435328,,,,-0.04296875
1915-02-01,-2.862234756842004,-2.8756939102160084,-2.5435008140540534,-0.31873394278795064,,,,,,-0.0099009901,0.0007992105,,,,0.017687074829932037
1915-03-01,-2.8857588996342662,-2.86033947079729,-2.5184893892641376,-0.36726951037012845,,,,,,-0.01,0.0008211544,,,,-0.013368983957219305
1915-04-01,-2.9564643114697082,-2.8838671989046167,-2.5430772826428685,-0.4133870288268396,,,,,,0.0101010101,0.0016950975,,,,0.0257452574525745
1915-05-01,-2.9307221655177957,-2.954340416866004,-2.473649495263366,-0.4570726702544297,,,,,,0.01,0.0049285809,,,,0.07529722589167775
1915-06-01,-2.940095193248595,-2.9288380387239608,-2.441104027129607,-0.49899116611898775,,,,,,0.0,0.0016801799,,,,-0.023341523341523396
1915-07-01,-2.934476287603026,-2.938214609713633,-2.3954015059199683,-0.5390747816830577,,,,,,0.0,0.0012536607,,,,0.011320754716980908
1915-08-01,-2.9739356276509468,-2.9323648498684505,-2.3966983845645244,-0.5772372430864224,,,,,,0.0,0.0018115194,,,,-0.003731343283582045
1915-09-01,-3.008515713179666,-2.9720625294680865,-2.3944370560954136,-0.6140786570842524,,,,,,0.0,0.000937517,,,,0.0424469413233457
1915-10-01,-3.0605917798268703,-3.0066461169351557,-2.411111324189897,-0.6494804556369734,,,,,,0.0099009901,0.0015525521,,,,0.037125748502994105
1915-11-01,-3.0929046512893805,-3.058492653691652,-2.4095913125615622,-0.6833133387278186,,,,,,0.0098039216,0.0009912099,,,,0.05542725173210172
1915-12-01,-3.0931543865614595,-3.091042453358316,-2.3770176877768154,-0.716136698784644,,,,,,0.0,0.001190728,,,,0.03501094091903734
1916-01-01,-3.0523990360026847,-3.0683483374103626,-2.301299745773382,-0.7510992902293029,,,,,,0.0097087379,0.0013879741,,,,0.0021141649048626032
1916-02-01,-3.0139405203765732,-3.0279720511808312,-2.2309724676549934,-0.7829680527215797,,,,,,0.0,0.0011241608,,,,-0.015822784810126667
1916-03-01,-2.98704600829803,-2.990312206084652,-2.1747953429371982,-0.8122506653608323,,,,,,0.0096153846,0.0007942677,,,,-0.01393354769560562
1916-04-01,-2.95299810619698,-2.963963128338308,-2.112393082833952,-0.8406050233630279,,,,,,0.0095238095,0.0018675936,,,,-0.003260869565217317
1916-05-01,-2.9520406140559423,-2.9302294986052244,-2.086152249838018,-0.8658883642179245,,,,,,0.0094339623,0.0010190602,,,,-0.010905125408942173
1916-06-01,-2.939642806902947,-2.9299808959912106,-2.0499657235468822,-0.8896770833560651,,,,,,0.0093457944,0.001110702,,,,0.022050716648291058
1916-07-01,-2.904072993261033,-2.918059235235773,-1.9921412934525509,-0.9119316998084823,,,,,,0.0,0.0005326312,,,,0.009708737864077666
1916-08-01,-2.8903072438482083,-2.8827518922037587,-1.9576998048385512,-0.932607439009657,,,,,,0.0092592593,0.0010064439,,,,-0.013888888888888729
1916-09-01,-2.9096683149204012,-2.869620813791126,-1.956712082088127,-0.9529562328322743,,,,,,0.0183486239,0.0007633005,,,,0.007583965330444142
1916-10-01,-2.919922343738598,-2.889401154703711,-1.9485187589423236,-0.9714035847962745,,,,,,0.018018018,0.0016309216,,,,0.04086021505376336
1916-11-01,-2.9226602372648953,-2.8998756954116938,-1.9340319059982938,-0.9886283312666018,,,,,,0.017699115,0.0008132161,,,,0.030991735537190257
1916-12-01,-2.8622008809294686,-2.9031861274295165,-1.8571146502721823,-1.005086230657286,,,,,,0.0086956522,0.0057822028,,,,0.023046092184368705
1917-01-01,-2.819349598844319,-2.8430987790559823,-1.8471860256791512,-0.9721635731651675,,,,,,0.0086206897,0.0015012329,,,,-0.04015670910871694
1917-02-01,-2.742352795494315,-2.800433633530284,-1.8031194310179939,-0.9392333644763213,,,,,,0.0256410256,0.0045159173,,,,-0.0234693877551021
1917-03-01,-2.7544934972618265,-2.7239567734017447,-1.847188161096652,-0.9073053361651746,,,,,,0.0,0.0014594274,,,,-0.056426332288401326
1917-04-01,-2.7212779798037943,-2.736429784824397,-1.8464448386190264,-0.874833141184768,,,,,,0.05,0.001520615,,,,0.03100775193798455
1917-05-01,-2.668981435592405,-2.7033719572437884,-1.8266734426248856,-0.8423079929675192,,,,,,0.0158730159,0.0019228125,,,,-0.015037593984962516
1917-06-01,-2.671662803649821,-2.6515503938627254,-1.8616218716183761,-0.8100409320314447,,,,,,0.015625,0.0008427469,,,,-0.03380588876772084
1917-07-01,-2.62648594220252,-2.65453040490952,-1.8486368545016076,-0.7778490877009123,,,,,,-0.0153846154,0.000944373,,,,0.020316027088036037
1917-08-01,-2.579462132033177,-2.609487482226675,-1.833901208789192,-0.7455609232439855,,,,,,0.015625,0.0013655697,,,,-0.027654867256637128
1917-09-01,-2.513640669103804,-2.562899876433805,-1.7994242366324862,-0.714216432471318,,,,,,0.0230769231,0.0029344195,,,,-0.029579067121729197
1917-10-01,-2.4416376516246934,-2.497348258638699,-1.7594738057300863,-0.6821638458946072,,,,,,0.015037594,0.0041310602,,,,-0.04806565064478319
1917-11-01,-2.3384478141549505,-2.42545919114458,-1.6884749706395827,-0.6499728435153675,,,,,,0.0,0.0055457055,,,,-0.054187192118226535
1917-12-01,-2.287986293572893,-2.322671851560783,-1.6700625342505353,-0.6179237593223579,,,,,,0.0148148148,0.0088776875,,,,-0.08333333333333326
1918-01-01,-2.3611314321088424,-2.302585092994046,-1.7475368832508509,-0.6135945488579916,,,,,,0.0218978102,0.0022854525,,,,-0.03409090909090917
1918-02-01,-2.406003425326793,-2.375946517893983,-1.7968869936183398,-0.6091164317084532,,,,,,0.0071428571,0.0010569723,,,,0.06029411764705883
1918-03-01,-2.4006463061702603,-2.4210413026913336,-1.7961647626959714,-0.604481543474289,,,,,,-0.0070921986,0.0013539408,,,,0.030513176144244092
1918-04-01,-2.406251867389312,-2.4159137783010487,-1.807415366300608,-0.598836501088704,,,,,,0.0142857143,0.001130904,,,,-0.020188425302826274
1918-05-01,-2.45315795147342,-2.4217560539252774,-1.8593132844873859,-0.5938446669860342,,,,,,0.0211267606,0.0014640576,,,,-0.009615384615384692
1918-06-01,-2.470249491988027,-2.4689063084415594,-1.8815813814581024,-0.5886681105299247,,,,,,0.0137931034,0.0005524911,,,,0.03190013869625519
1918-07-01,-2.494271266719043,-2.486249833334468,-1.9109749551185506,-0.5832963116004928,,,,,,0.0272108844,0.0007401049,,,,0.0013440860215052641
1918-08-01,-2.5198095214690603,-2.5105317875908235,-1.942091591515208,-0.5777179299538525,,,,,,0.0198675497,0.0004099323,,,,0.00805369127516764
1918-09-01,-2.531047805785856,-2.5363388234202713,-1.9591270826600542,-0.5719207231258016,,,,,,0.0194805195,0.0009023853,,,,0.009320905459387463
1918-10-01,-2.5894193485234873,-2.547854924102237,-2.0244908216974182,-0.5649285268260689,,,,,,0.0191082803,0.0019907848,,,,-0.00527704485488123
1918-11-01,-2.6316407319602093,-2.6065137818827875,-2.0730106513495454,-0.5586300806106635,,,,,,0.01875,0.0023849319,,,,0.04244031830238737
1918-12-01,-2.628981677626517,-2.6490324746720786,-2.0769130953264776,-0.5520685823000399,,,,,,0.0122699387,0.0010893006,,,,0.025445292620865256
1919-01-01,-2.6284387476008804,-2.6347879752795396,-2.075627169604365,-0.5528115779965154,,,,0.0463,,0.0,0.0007658185,0.0177,,,-0.01985111662531014
1919-02-01,-2.6382708369512566,-2.6344564648757856,-2.0845306111873074,-0.5537402257639492,,,,0.047,,-0.0181818182,0.0006462952,0.018499999999999996,,,-0.006329113924050778
1919-03-01,-2.6741486494265287,-2.64414639912273,-2.1196479621578765,-0.5545006872686522,,,,0.0473,,0.012345679,0.0011589943,0.01759999999999999,,,0.003821656050955413
1919-04-01,-2.7127693042717897,-2.680058937966262,-2.1574997279638235,-0.5552695763079665,,,,0.0472,,0.0182926829,0.0005361947,0.017900000000000006,,,0.030456852791878042
1919-05-01,-2.7857406051487774,-2.7188954495571878,-2.2295128537138558,-0.5562277514349218,,,,0.0467,,0.0119760479,0.0011894273,0.017,,,0.03325123152709386
1919-06-01,-2.8181268510228357,-2.791722676826325,-2.2611118447874707,-0.5570150062353653,,,,0.0469,,0.0,0.0030374267,0.016400000000000005,,,0.06912991656734202
1919-07-01,-2.8561989496384825,-2.824144923348399,-2.298387815058706,-0.5578111345797767,,,,0.0472,,0.0295857988,0.0014470144,0.0162,,,0.026755852842809347
1919-08-01,-2.7927684217461475,-2.8624375019819586,-2.2339680907090385,-0.558800331037109,,,,0.0478,,0.0172413793,0.0060892956,0.015700000000000006,,,0.03257328990227992
1919-09-01,-2.814521211044063,-2.7988609357453047,-2.2549054231086405,-0.5596157879354225,,,,0.0473,,0.0056497175,0.0012335901,0.0167,,,-0.06729758149316512
1919-10-01,-2.870444906997341,-2.8206510714196003,-2.3100043109160744,-0.5604405960812664,,,,0.0471,,0.0168539326,0.0020168628,0.01800000000000001,,,0.015783540022547893
1919-11-01,-2.846787097743176,-2.8768000685735675,-2.2853246860610454,-0.5614624116821305,,,,0.0481,,0.0220994475,0.0039199974,0.018799999999999997,,,0.05105438401775819
1919-12-01,-2.8231742190278872,-2.852994208803565,-2.2608666394267534,-0.5623075796011341,,,,0.049,,0.0216216216,0.0024998752,0.02040000000000001,,,-0.029567053854276826
1920-01-01,-2.8162459894277356,-2.8263869214037847,-2.26240656706346,-0.5538394223642759,,,0.045,0.0493,,0.0211640212,0.0013557095,0.02029999999999999,,0.004299999999999998,-0.029379760609357986
1920-02-01,-2.7329882141711868,-2.8192791671086623,-2.1880446201523625,-0.5449435940188243,,,0.045,0.0505,,0.0103626943,0.00611719,0.0208,,0.005500000000000005,-0.010089686098654682
1920-03-01,-2.8042258071829638,-2.7362210780689065,-2.2680109494121536,-0.5362148577708101,,,0.0475,0.0509,,0.0102564103,0.0031867119,0.02049999999999999,,0.0034000000000000002,-0.08267270668176674
1920-04-01,-2.7993625688634367,-2.8074691563964254,-2.2720107758556374,-0.5273517930077992,,,0.0525,0.0528,,0.0304568528,0.0036396927,0.021299999999999993,,0.00030000000000000165,0.07037037037037042
1920-05-01,-2.737576125472327,-2.802424772213252,-2.219531081133376,-0.5180450443389508,,,0.055,0.0558,,0.0147783251,0.0028508208,0.021400000000000002,,0.0008000000000000021,-0.008073817762399127
1920-06-01,-2.7233176732329984,-2.740840023925201,-2.2144169778765925,-0.5089006953564061,,,0.0575,0.0554,,0.0145631068,0.0009212744,0.020100000000000007,,-0.0021000000000000046,-0.06279069767441847
1920-07-01,-2.7253288355660388,-2.726592259612811,-2.2257177023543333,-0.49961113321170525,,,0.0581,0.0557,,-0.004784689,0.0014192121,0.0218,,-0.0023999999999999994,-0.017369727047146455
1920-08-01,-2.688441090981283,-2.7284206254685603,-2.1985807596938263,-0.4898603312874569,,,0.0583,0.0567,,-0.0240384615,0.0015549463,0.020900000000000002,,-0.0015999999999999973,-0.0012626262626261875
1920-09-01,-2.7266464407477127,-2.691736625610686,-2.24638011955685,-0.48026632119086277,,,0.0581,0.0543,,-0.0147783251,0.0013056391,0.019200000000000002,,-0.003799999999999998,-0.03919089759797734
1920-10-01,-2.7312227132856677,-2.7299528718451915,-2.260707817914783,-0.47051489537088476,,,0.0575,0.0508,,-0.005,0.0009409923,0.0194,,-0.0067000000000000046,0.03552631578947385
1920-11-01,-2.6822495551574765,-2.7343446670408786,-2.221966656390678,-0.46028289876679873,,,0.0575,0.0521,,-0.0050251256,0.0047878721,0.021300000000000006,,-0.005400000000000002,0.0012706480304955914
1920-12-01,-2.5917366734251868,-2.6855773452501515,-2.141535671475631,-0.4502010019495559,,,0.0588,0.054,,-0.0202020202,0.0053277384,0.022999999999999993,,-0.004799999999999999,-0.050761421319796884
1921-01-01,-2.6431161885614216,-2.600006064907693,-2.2392339854137626,-0.4038822031476593,,,0.0567,0.0523,,-0.0206185567,0.001043853,0.023600000000000003,,-0.004400000000000001,-0.08957219251336912
1921-02-01,-2.6441979989970803,-2.6512551913070794,-2.28991778779328,-0.35428021120380027,,,0.053,0.0528,,-0.0315789474,0.0007309336,0.023399999999999997,,-0.0001999999999999988,0.04405286343612347
1921-03-01,-2.6267783743287416,-2.65260477388864,-2.3253718194513953,-0.30140655487734663,0.636219641,,0.0538,0.0527,,-0.0054347826,0.002307706,0.024700000000000007,,-0.0011000000000000038,-0.007032348804500765
1921-04-01,-2.639607408522023,-2.6352564226876964,-2.395005097376137,-0.24460231114588582,0.6134656994,,0.052,0.0524,,-0.0109289617,0.0016562446,0.0247,,0.0004000000000000045,-0.025495750708215303
1921-05-01,-2.6778916005930045,-2.6479535129486984,-2.4947867583877077,-0.18310484220529677,0.6563180828,,0.0516,0.0525,,-0.0220994475,0.0013194209,0.024099999999999996,,0.000899999999999998,0.0043604651162791885
1921-06-01,-2.6030714376918143,-2.6865141134685384,-2.4864345339660536,-0.11663690372576108,0.7041636231,,0.0499,0.0527,,-0.0056497175,0.0038638264,0.023799999999999995,,0.002799999999999997,0.03039073806078152
1921-07-01,-2.608710839049479,-2.6117689454082997,-2.564566582337246,-0.04414425671223288,0.7049875676,,0.046,0.0526,,0.0056818182,0.0017604921,0.023600000000000003,,0.006600000000000002,-0.0800561797752809
1921-08-01,-2.604948047579038,-2.6172748600596965,-2.6406089203066774,0.03566087272763929,0.7182238117,,0.0475,0.0522,,0.0,0.0020311152,0.025199999999999993,,0.004700000000000003,-0.003053435114503733
1921-09-01,-2.6383011859119345,-2.6137976628560207,-2.762054388554822,0.12375320264288725,0.6781091728,,0.0475,0.0512,,-0.011299435,0.0017782204,0.024100000000000003,,0.003700000000000002,-0.012251148545176171
1921-10-01,-2.6607536891895616,-2.647229816656236,-2.882936779408647,0.22218309021908522,0.6583800027,,0.0421,0.0483,,0.0,0.0010289691,0.025,,0.006200000000000004,0.024806201550387597
1921-11-01,-2.721884836646951,-2.6695473115387207,-3.055560470391379,0.3336756337444279,0.6235446313,,0.0403,0.0464,,-0.0057142857,0.000987703,0.022799999999999994,,0.006099999999999994,0.013615733736762392
1921-12-01,-2.7657720632606835,-2.730973841004147,-3.2271176297633044,0.46134556650262115,0.5965346535,,0.039,0.0447,,-0.0057471264,0.0005106362,0.0211,,0.005699999999999997,0.05373134328358198
1922-01-01,-2.755314133296146,-2.7566830589034876,-3.117048942405095,0.3617348091089493,0.5928659287,,0.039,0.0445,,-0.0231213873,0.0010565181,0.023599999999999996,,0.005499999999999998,0.03541076487252126
1922-02-01,-2.7682015770083104,-2.7465205109469863,-3.0404156008329606,0.2722140238246501,0.5640065528,,0.0381,0.045,,0.0,0.0006195672,0.022599999999999995,,0.006899999999999996,-0.001367989056087482
1922-03-01,-2.7961192196499756,-2.759272946264009,-2.988010227460081,0.19189100781010526,0.5210555867,,0.0355,0.0441,,-0.0118343195,0.0006925002,0.022199999999999998,,0.008600000000000003,0.021917808219177992
1922-04-01,-2.846220840235694,-2.7872696043729928,-2.965027054919596,0.11880621468390207,0.5047318612,,0.0321,0.0428,,0.0,0.001094097,0.019900000000000008,,0.010700000000000001,0.03753351206434319
1922-05-01,-2.8758932572647264,-2.837656819225476,-2.9273179202947714,0.05142466303004456,0.4852033881,,0.0325,0.0426,,0.0,0.0008032828,0.017600000000000005,,0.010099999999999998,0.06072351421188649
1922-06-01,-2.857772829413736,-2.8671957495482414,-2.847516329246547,-0.010256500167189153,0.4993005488,,0.0325,0.0424,,0.0,0.0017435654,0.0189,,0.009899999999999999,0.03897685749086466
1922-07-01,-2.856225817754402,-2.8491503165382017,-2.7888423081892575,-0.06738350956514483,0.4781040701,,0.032,0.0414,,0.005988024,0.0014760809,0.0189,,0.009399999999999999,-0.009378663540445475
1922-08-01,-2.8847927853583135,-2.8478797133277274,-2.7638837984085436,-0.12090898694976948,0.4604088113,,0.0313,0.0412,,-0.0119047619,0.0009882856,0.018900000000000007,,0.009899999999999999,0.007100591715976323
1922-09-01,-2.9020288424383773,-2.8763147369993582,-2.73150186213726,-0.17052698030111757,0.4777594728,,0.0334,0.0419,,0.0,0.0013522609,0.018200000000000008,,0.0085,0.03760282021151595
1922-10-01,-2.915456996150018,-2.8936220675468176,-2.69843138382542,-0.21702561232459755,0.4827801477,,0.0371,0.043,,0.0060240964,0.0016963632,0.018099999999999998,,0.0058999999999999955,0.02604756511891293
1922-11-01,-2.8563656662304333,-2.9073179934043605,-2.595279707269371,-0.26108595896106207,0.4902271527,,0.0366,0.0433,,0.005988024,0.0024352112,0.0189,,0.006699999999999998,0.02207505518763786
1922-12-01,-2.8458209609107907,-2.8480962747479266,-2.543540089037857,-0.30228087187293357,0.4726494856,,0.0365,0.0432,,0.005952381,0.0007553687,0.0194,,0.0067000000000000046,-0.049676025917926414
1923-01-01,-2.856068039909185,-2.842493170818116,-2.522643520559883,-0.3334245193493018,0.4762393513,,0.0366,0.0432,,-0.0059171598,0.0005804056,0.0194,,0.006600000000000002,-0.002272727272727426
1923-02-01,-2.894756356213989,-2.852946086153974,-2.5312665797151266,-0.3634897764988624,0.4465832531,,0.0365,0.0433,,0.0,0.0004755236,0.018999999999999996,,0.0068000000000000005,0.013667425968109548
1923-03-01,-2.907484474963767,-2.8914499251165102,-2.5150488671459366,-0.3924356078178305,0.5020920502,,0.0412,0.0438,,0.0,0.0005610002,0.019600000000000006,,0.002599999999999998,0.04269662921348294
1923-04-01,-2.868567257211802,-2.904188940334364,-2.4481827111697445,-0.42038454604205766,0.524496849,,0.0413,0.0439,,0.005952381,0.0009778051,0.019499999999999997,,0.002599999999999998,0.0161637931034484
1923-05-01,-2.817069844578927,-2.8654754673092806,-2.3696026551967426,-0.4474671893821841,0.5290679791,,0.0395,0.0437,,0.0,0.0027567961,0.0201,,0.004200000000000002,-0.03499469777306474
1923-06-01,-2.7749896837773194,-2.8137952581991144,-2.3013867705019373,-0.4736029132753823,0.5837104072,,0.0384,0.0434,,0.0059171598,0.0029689465,0.0206,,0.0050000000000000044,-0.047252747252747196
1923-07-01,-2.737576125472327,-2.7717257853244455,-2.238667111746074,-0.49890901372625307,0.5937176389,,0.0391,0.0434,,0.0117647059,0.0023723736,0.022000000000000006,,0.004299999999999998,-0.03806228373702425
1923-08-01,-2.739464427282368,-2.734513922122512,-2.2159544469094437,-0.5235099803729244,0.5521078536,,0.0386,0.0435,,-0.0058139535,0.0009708819,0.023000000000000007,,0.004899999999999995,-0.033573141486810454
1923-09-01,-2.7423749436432847,-2.7362210780689065,-2.1950796400959027,-0.547295303547382,0.5865636012,,0.0401,0.0436,,0.0058479532,0.0012206401,0.022600000000000002,,0.003500000000000003,0.004962779156327368
1923-10-01,-2.724308680451464,-2.739142079745565,-2.153928932484428,-0.5703797479670357,0.5828532701,,0.0422,0.044,,0.0058139535,0.0016334345,0.0235,,0.001799999999999996,0.006172839506172867
1923-11-01,-2.7507254838474666,-2.721275502770537,-2.157841101873679,-0.5928843819737877,0.5588044185,,0.0394,0.0437,,0.0,0.0005984341,0.023099999999999996,,0.004300000000000005,-0.014723926380368235
1923-12-01,-2.7808095553846384,-2.747512781471569,-2.1661339902661885,-0.61467556511845,0.540201005,,0.0388,0.0435,,0.0,0.0005806652,0.022900000000000004,,0.004699999999999996,0.029887920298879322
1924-01-01,-2.809830873087713,-2.7776071414205132,-2.202652646216269,-0.6071782268714442,0.5126167296,,0.0376,0.043,,0.0,0.0007475124,0.021500000000000005,,0.005399999999999995,0.0338573155985491
1924-02-01,-2.8113459576970685,-2.8068261759914495,-2.2113829604582316,-0.5999629972388368,0.5307549887,,0.0354,0.0428,,-0.0057803468,0.001519486,0.020500000000000004,,0.007399999999999997,0.03274853801169586
1924-03-01,-2.7888115577466683,-2.8081633284076184,-2.196362879738738,-0.5924486780079302,0.5945597248,,0.0357,0.0428,,-0.0058139535,0.0007759294,0.019800000000000005,,0.007099999999999995,0.0045300113250281715
1924-04-01,-2.7623821632956247,-2.7856390254598917,-2.1774565527148297,-0.5849256105807948,0.6101732318,,0.0338,0.0423,,-0.0058479532,0.0010947745,0.019500000000000003,,0.0085,-0.01916572717023679
1924-05-01,-2.7558697620791883,-2.759405416911496,-2.1781861839327954,-0.5776835781463929,0.6151279199,,0.0229,0.0415,,0.0,0.0007352696,0.019299999999999998,,0.018600000000000002,-0.02298850574712641
1924-06-01,-2.7714306445191537,-2.75271664808778,-2.2012884435967437,-0.5701422009224101,0.5738300301,,0.0244,0.0398,,0.0,0.0007646756,0.018299999999999997,,0.0154,-0.003529411764705781
1924-07-01,-2.813595303747178,-2.7682874414136207,-2.251003910924992,-0.5625913928221857,0.5414137458,,0.0192,0.0394,,0.0058823529,0.0003772822,0.017199999999999993,,0.0202,0.018890200708382432
1924-08-01,-2.8443998776654107,-2.8106459928535537,-2.2890792780880425,-0.5553205995773681,0.5310159401,,0.019,0.0391,,-0.0058479532,0.0006937238,0.0174,,0.020100000000000003,0.04634994206257215
1924-09-01,-2.831593035843227,-2.841275736559644,-2.2838429111843053,-0.5477501246589216,0.5360604886,,0.0214,0.0392,,0.0058823529,0.0008699719,0.017799999999999996,,0.0178,0.034330011074197087
1924-10-01,-2.8154207676880607,-2.8284786246055176,-2.2752512462930103,-0.5401695213950506,0.5314241784,,0.0241,0.0387,,0.0058479532,0.0011261584,0.016999999999999994,,0.014599999999999998,-0.009635974304068484
1924-11-01,-2.866853805194588,-2.8124983911790116,-2.3339858395365836,-0.5328679656580049,0.497749775,,0.0258,0.039,,0.0,0.0009510546,0.016,,0.0132,-0.01297297297297284
1924-12-01,-2.916295442905956,-2.8637581093780744,-2.3910291349851716,-0.525266307920785,0.4588830802,,0.0257,0.0396,,0.0058139535,0.0010657235,0.015100000000000002,,0.013900000000000003,0.0558598028477546
1925-01-01,-2.949195072983412,-2.908688088703595,-2.403230842728169,-0.5459642302552435,0.4478095392,,0.0261,0.0396,,0.0,0.0010541617,0.014899999999999997,,0.013500000000000002,0.053941908713692976
1925-02-01,-2.9502948919794845,-2.9418242530959757,-2.384277082509689,-0.5660178094697956,0.4523887435,,0.0262,0.0395,,-0.0057803468,0.0010555413,0.014100000000000001,,0.0133,0.04133858267716528
1925-03-01,-2.916207950014698,-2.942800210217224,-2.330893474257968,-0.5853144757567299,0.52248394,,0.0278,0.0396,,0.0058139535,0.0029532947,0.014500000000000006,,0.011800000000000005,0.008506616257088817
1925-04-01,-2.8981254758335826,-2.9087690209176995,-2.293868330779629,-0.6042571450539538,0.5082909758,,0.0278,0.0393,,-0.0057803468,0.0007462061,0.015400000000000004,,0.011500000000000003,-0.026241799437675684
1925-05-01,-2.9225133460053474,-2.890916653406475,-2.3007018532660806,-0.6218114927392666,0.469411312,,0.0273,0.0387,,0.0058139535,0.0005203227,0.014699999999999998,,0.011399999999999997,-0.010587102983638186
1925-06-01,-2.9329313723149606,-2.915182190810678,-2.2933684378891215,-0.6395629344258391,0.465613312,,0.0286,0.0379,,0.0115606936,0.0008416071,0.013499999999999998,,0.009300000000000003,0.032101167315175205
1925-07-01,-2.9530525462289186,-2.9256535720408046,-2.296298588231225,-0.656753957997694,0.4558702638,,0.0306,0.0379,,0.0114285714,0.0003774898,0.0133,,0.007300000000000004,0.017907634307257503
1925-08-01,-2.9594217738729744,-2.9459987535408336,-2.2867117438377558,-0.6727100300352187,0.4320725315,,0.0301,0.0385,,0.0,0.0005439025,0.013399999999999995,,0.008400000000000001,0.02777777777777768
1925-09-01,-2.9750952556976147,-2.9522471616142525,-2.286212473924127,-0.6888827817734877,0.4252056322,,0.0317,0.0385,,0.0,0.001456289,0.0133,,0.0068000000000000005,0.013513513513513598
1925-10-01,-3.000453240002179,-2.96797175203328,-2.2958792841268543,-0.7045739558753248,0.3919049149,,0.0353,0.0382,,0.0,0.0007475307,0.013199999999999996,,0.0029,0.023111111111111082
1925-11-01,-3.0241921692110205,-2.993547949405645,-2.3050350738030296,-0.7191570954079904,0.4037595976,,0.0365,0.0379,,0.0169491525,0.002719478,0.0133,,0.0014000000000000054,0.0330147697654215
1925-12-01,-3.033349137125298,-3.0171675542740557,-2.2993799620450974,-0.7339691750802004,0.3893782714,,0.0351,0.038,,-0.0055555556,0.0005126819,0.012999999999999998,,0.0029,0.03111858704793935
1926-01-01,-3.0431497539114507,-3.0209266171267406,-2.3224034190005765,-0.7207463349108741,0.3876707976,,0.0349,0.0374,0.0138,0.0,0.0008574283,0.012700000000000003,-0.0066,0.0025000000000000022,0.016313213703099683
1926-02-01,-2.98592827345737,-3.0308796613196365,-2.2782529923345147,-0.707675281122855,0.394362555,,0.0318,0.0372,0.0063,0.0,0.0010985957,0.012499999999999997,-0.0018000000000000004,0.005399999999999995,0.022471910112359605
1926-03-01,-2.912874361929868,-2.973806912925025,-2.2173204413393575,-0.6955539205905101,0.4940908444,,0.0314,0.0371,0.0041,-0.0055865922,0.0060155996,0.0126,0.004299999999999999,0.005700000000000004,-0.04395604395604402
1926-04-01,-2.9233322437454254,-2.9008981708831523,-2.240556117450967,-0.6827761262944582,0.4829169856,,0.0308,0.0368,0.0076,0.0056179775,0.0014659152,0.012400000000000001,0.0021000000000000003,0.005999999999999998,-0.059113300492610765
1926-05-01,-2.9191476321588268,-2.9114977860984226,-2.2490082098440096,-0.6701394223148174,0.4838597225,,0.0317,0.0369,0.0014,-0.0055865922,0.0006903572,0.011499999999999996,0.003,0.005200000000000003,0.022687609075043635
1926-06-01,-2.9497289202917383,-2.907451592395635,-2.292088428188703,-0.6576404921030355,0.4534762154,,0.0293,0.0368,0.0038,-0.0056179775,0.0006016892,0.010800000000000004,-0.0034,0.0075,0.007679180887371961
1926-07-01,-2.982619860461496,-2.9381680978906624,-2.3373437263592196,-0.6452761341022764,0.4332625796,,0.0311,0.037,0.0004,-0.011299435,0.0006428884,0.010799999999999997,0.0053,0.005899999999999999,0.04318374259102464
1926-08-01,-2.9881276741687715,-2.9711911646378732,-2.3550844176785315,-0.63304325649024,0.427050643,,0.0327,0.0373,0.0,-0.0057142857,0.001208628,0.0109,0.0044,0.0046,0.045454545454545414
1926-09-01,-2.999470595664598,-2.9768281189148382,-2.3785317234455787,-0.6209388722190196,0.4387129401,,0.0342,0.0372,0.0038,0.0057471264,0.0007407694,0.010700000000000001,0.0019000000000000002,0.0029999999999999957,0.017080745341614856
1926-10-01,-2.956452299385551,-2.988297295066473,-2.346686727764657,-0.6097655716208942,0.4603343062,,0.0358,0.0367,0.0102,0.0057142857,0.0021611479,0.010999999999999996,-0.0005000000000000004,0.000900000000000005,0.022900763358778775
1926-11-01,-2.9674986002671386,-2.9454024631989664,-2.369588342121646,-0.5979102581454925,0.443308847,,0.0335,0.0358,0.016,0.0056818182,0.0005385885,0.0109,-0.0103,0.0022999999999999965,-0.0313432835820896
1926-12-01,-2.9730123516104965,-2.9565695297349484,-2.3868372906027187,-0.5861750610077776,0.441475827,0.0508761773,0.0307,0.0354,0.0078,0.0,0.0004646178,0.010000000000000002,-0.0021999999999999997,0.004699999999999999,0.02234206471494593
1927-01-01,-2.9423744954802977,-2.9633490471657282,-2.374773287950336,-0.5676012075299617,0.4437056454,0.0508237847,0.0323,0.0351,0.0075,-0.011299435,0.0004698947,0.009499999999999995,-0.0018999999999999998,0.002799999999999997,0.016578749058025588
1927-02-01,-2.979534685857688,-2.9329458542023983,-2.4303527809018184,-0.5491819049558697,0.4285008644,0.0516676427,0.0329,0.0347,0.0088,-0.0057142857,0.0002873343,0.0092,-0.0019000000000000006,0.001800000000000003,-0.02075611564121571
1927-03-01,-2.9765350967384903,-2.9700532591362996,-2.445078688279091,-0.5314564084593991,0.4697651174,0.046356576,0.032,0.0331,0.0253,-0.0057471264,0.0009241928,0.0092,-0.017,0.0010999999999999968,0.04769114307342903
1927-04-01,-2.984224989684853,-2.967142723773978,-2.4713086271267533,-0.5129163625580997,0.4567541302,0.0505140243,0.0339,0.0333,-0.0005,0.0,0.0006025886,0.009000000000000001,0.006,-0.0005999999999999964,0.006502890173410325
1927-05-01,-3.025963333903549,-2.9750582588294914,-2.5314458282011136,-0.4945175057024356,0.4347826087,0.0552753898,0.0333,0.0327,0.0109,0.0057803468,0.0003917338,0.009300000000000003,-0.012,-0.0006000000000000033,0.017229002153625217
1927-06-01,-3.0073088413829887,-3.0167428736163475,-2.531329948947166,-0.4759788924358226,0.4523852494,0.0588219162,0.0307,0.0334,-0.0069,0.0114942529,0.000824577,0.0097,0.0112,0.0026999999999999975,0.05222300635144683
1927-07-01,-3.0611442423635555,-2.9981726218366576,-2.6037073677609404,-0.4574368746026151,0.414553473,0.0597499253,0.0296,0.0333,0.005,-0.0170454545,0.0004257798,0.009500000000000001,-0.0047,0.003700000000000002,-0.009389671361502372
1927-08-01,-3.0957644793000663,-3.0522252643210757,-2.6567416907622547,-0.4390227885378113,0.3962274092,0.0545217717,0.027,0.0329,0.0076,-0.0057803468,0.0012764139,0.0092,0.0007000000000000001,0.005899999999999999,0.06499661475964791
1927-09-01,-3.1290969856214144,-3.0867910045009577,-2.70775852835696,-0.4213384572644545,0.380586062,0.0946129771,0.0268,0.033,0.0018,0.0058139535,0.0011233495,0.008799999999999995,0.0131,0.006200000000000001,0.04450095359186257
1927-10-01,-3.065649786808161,-3.1202033184512947,-2.6628754017455085,-0.4027743850626522,0.4138006933,0.0943667354,0.0308,0.0325,0.0099,0.0057803468,0.0015593375,0.0087,-0.004400000000000001,0.0017000000000000001,0.04321363359707853
1927-11-01,-3.122543243905227,-3.056965521704212,-2.738217959637492,-0.38432528426773527,0.3793955905,0.0822671859,0.0304,0.032,0.0097,-0.0057471264,0.0009296591,0.008599999999999997,-0.0029000000000000007,0.0016000000000000007,-0.053092182030338386
1927-12-01,-3.1326669593102214,-3.113803867861922,-2.7669421798515708,-0.36572477945865034,0.3746885899,0.0764711093,0.0317,0.0316,0.0072,0.0,0.0006042041,0.008599999999999997,-0.0004000000000000002,-9.999999999999593e-05,0.06777572396796039
1928-01-01,-3.1188940057555414,-3.124003298732349,-2.7413239201531368,-0.37757008560240474,0.3786696208,0.0626014543,0.0331,0.0321,-0.0036,0.0,0.0008605259,0.008899999999999998,0.0063,-0.0010000000000000009,0.019042123485285778
1928-02-01,-3.092631200264226,-3.1104324168079502,-2.704291341681525,-0.38833985858270104,0.3860765992,0.0551726339,0.0333,0.0318,0.0061,-0.0115606936,0.0006911239,0.0087,0.0006999999999999992,-0.0015000000000000013,-0.005096262740656887
1928-03-01,-3.1869801169732312,-3.0841140191763516,-2.7882889551740218,-0.39869116179920955,0.363254838,0.0543639372,0.0327,0.0317,0.0045,0.0,0.0013810077,0.008599999999999997,-0.0003999999999999993,-0.0010000000000000009,-0.01764371087080241
1928-04-01,-3.2104305739429475,-3.178534866047978,-2.8008319345531763,-0.40959863938977137,0.3680952606,0.0493720638,0.0362,0.0319,-0.0004,0.0,0.0014879603,0.0087,0.0018,-0.004300000000000005,0.10834298957126287
1928-05-01,-3.214759309356361,-3.2021805271495007,-2.795243412804587,-0.41951589655177374,0.3543969792,0.0471873758,0.039,0.0327,-0.0077,0.0058479532,0.0018988588,0.009299999999999996,-9.99999999999994e-05,-0.0063,0.03240982749607957
1928-06-01,-3.1651103413352613,-3.2064533048696435,-2.7352537801029375,-0.4298565612323235,0.3702999477,0.0502987889,0.0392,0.0326,0.0041,-0.0058139535,0.0036454766,0.009800000000000003,-0.006500000000000001,-0.006600000000000002,0.012658227848101333
1928-07-01,-3.1693017120072557,-3.156872758637516,-2.7293774073743142,-0.4399243046329413,0.3606481481,0.0593803298,0.0412,0.0344,-0.0217,0.0,0.0016749799,0.0097,0.0207,-0.0068000000000000005,-0.04049999999999998
1928-08-01,-3.232747345766866,-3.1612528880671054,-2.7836705027155286,-0.44907684305133744,0.3240297825,0.0573989063,0.0436,0.0341,0.0076,0.0,0.0012293169,0.0097,0.0007000000000000001,-0.009500000000000001,0.012506513809275477
1928-09-01,-3.24831764752255,-3.2246422992806028,-2.790435378809159,-0.4578822687133908,0.3281658101,0.0279800569,0.0457,0.0346,-0.0041,0.0116959064,0.0006504642,0.009799999999999996,0.0071,-0.011099999999999999,0.07411219763252719
1928-10-01,-3.2546798722520296,-3.2402777650116406,-2.7874588847192325,-0.46722098753279695,0.3089308376,0.0340193716,0.047,0.0336,0.0158,-0.0057803468,0.0006788455,0.0097,-0.0075000000000000015,-0.013400000000000002,0.02395783421178721
1928-11-01,-3.3600854785928385,-3.2468226889729865,-2.8843765853385652,-0.4757088932542732,0.2655259391,0.0383720096,0.0426,0.0338,0.0003,0.0,0.0015232957,0.0097,-0.0039,-0.008800000000000002,0.014506317267196867
1928-12-01,-3.355050779026374,-3.3521718956890725,-2.8704483503594855,-0.4846024286668882,0.2596666667,0.0630687383,0.0426,0.034,0.0004,-0.0058139535,0.00407747,0.009899999999999999,0.008,-0.008599999999999997,0.11992619926199266
1929-01-01,-3.398869091902564,-3.3433547392631824,-2.9122885064846367,-0.4865805854179278,0.2453466033,0.0784486564,0.0466,0.0349,-0.009,0.0,0.0017008226,0.010100000000000005,0.0133,-0.011700000000000002,0.002883031301482708
1929-02-01,-3.381463717505205,-3.3873082695014882,-2.892954222061762,-0.48850949544344335,0.2454238997,0.0717831373,0.0439,0.0363,-0.0157,0.0,0.0026701165,0.009999999999999995,0.018699999999999998,-0.007600000000000003,0.05708418891170419
1929-03-01,-3.3676876027632776,-3.3700350216815824,-2.876600971954538,-0.49108663080873977,0.2723004695,0.0798045664,0.046,0.0377,-0.0144,-0.0058479532,0.0036114071,0.0109,0.0057,-0.008300000000000002,-0.005827505827505797
1929-04-01,-3.3723199951442497,-3.3563880475093444,-2.87940665167523,-0.4929133434690193,0.2633969119,0.0993226329,0.048,0.0358,0.0275,-0.0058823529,0.0023043615,0.011100000000000006,-0.0256,-0.012200000000000003,-0.0023446658851112856
1929-05-01,-3.3174131151779016,-3.3611466945461244,-2.8227168733417947,-0.494696241836107,0.2827746209,0.1179866681,0.0509,0.0373,-0.0162,0.0059171598,0.0047598084,0.011000000000000003,0.0207,-0.013600000000000001,0.01605953779866831
1929-06-01,-3.412850827452387,-3.3063632789913164,-2.9164139411384964,-0.4964368863138911,0.2535805819,0.1161973604,0.048,0.0367,0.011,0.0058823529,0.0013403801,0.011700000000000002,-0.0156,-0.011299999999999998,-0.04279105628373181
1929-07-01,-3.4465309229636762,-3.401921756920197,-2.9483941590093683,-0.49813676395430806,0.2418751798,0.1106879396,0.0455,0.0369,0.0,0.0116959064,0.0012818127,0.011799999999999998,0.002,-0.008599999999999997,0.11236407571486118
1929-08-01,-3.5292027813850915,-3.435720006859461,-3.029405488660579,-0.4997972927245124,0.2211237609,0.115277315,0.047,0.0375,-0.0034,0.0,0.003382102,0.012500000000000004,0.0054,-0.009500000000000001,0.04561911658218665
1929-09-01,-3.468391946857843,-3.5185074922683435,-2.966972121378728,-0.5014198254791146,0.2448682487,0.1213901177,0.0458,0.0375,0.0027,0.0,0.0033922824,0.013199999999999996,0.0006999999999999997,-0.008300000000000002,0.0979916897506925
1929-10-01,-3.2355776744861324,-3.457809837527306,-2.731935686091567,-0.5036419883945654,0.307484187,0.159611836,0.0437,0.0347,0.0382,0.0,0.0535075427,0.013400000000000002,-0.030899999999999997,-0.009000000000000001,-0.04888047934405548
1929-11-01,-3.0815276337169775,-3.225106374618837,-2.5763428898410723,-0.505184743875905,0.3519564763,0.1770397921,0.0347,0.0331,0.0236,0.0,0.0364487459,0.012699999999999996,-0.0254,-0.0016000000000000042,-0.19927055702917773
1929-12-01,-3.0961838528587347,-3.0711648466814307,-2.5894904663776543,-0.5066933864810803,0.3384578236,0.1635221721,0.0303,0.034,-0.0089,-0.0057803468,0.0102146296,0.012799999999999999,0.0281,0.003700000000000002,-0.13374741200828144
1930-01-01,-3.1559566483872836,-3.0953594505037167,-2.683560950405732,-0.472395697981552,0.3148162012,0.1533141989,0.0339,0.0347,-0.0057,-0.0058139535,0.0014331608,0.0126,0.0116,0.0008000000000000021,0.02533460803059251
1930-02-01,-3.176302786999981,-3.1550300073943367,-2.7401315120924,-0.4361712749075811,0.3102061894,0.1592556286,0.0336,0.0339,0.0129,-0.0058479532,0.0017247059,0.012000000000000004,-0.0057,0.00030000000000000165,0.06247086247086253
1930-03-01,-3.2523454066516373,-3.175479826352773,-2.8528966467296186,-0.39944875992201867,0.3191191891,0.1454961766,0.0295,0.0335,0.0083,-0.0058823529,0.0015040436,0.011099999999999999,0.0055,0.0040000000000000036,0.021500658183413845
1930-04-01,-3.241930723020351,-3.2515231227117907,-2.8805407231958373,-0.36138999982451386,0.3269705977,0.1296808921,0.03,0.0338,-0.0016,0.0059171598,0.0019338617,0.011000000000000003,0.01,0.003799999999999998,0.07989690721649478
1930-05-01,-3.224403528573771,-3.2410064610803566,-2.903358953422976,-0.3210445751507953,0.3319155124,0.1249268071,0.0241,0.0329,0.0139,-0.0058823529,0.0046934394,0.011200000000000002,-0.008199999999999999,0.008799999999999999,-0.009546539379475028
1930-06-01,-3.0437895685077705,-3.2235826789483664,-2.7638295421499,-0.27996002635787065,0.4033754529,0.1310010449,0.0189,0.0328,0.0051,-0.0059171598,0.0144478616,0.0121,0.005899999999999999,0.013900000000000003,-0.016465863453815288
1930-07-01,-3.0789704001769915,-3.0429693921238807,-2.8417836751662406,-0.23718672501075116,0.3901876149,0.1405508333,0.0183,0.0327,0.0034,-0.0119047619,0.0049204458,0.012500000000000004,0.0022,0.0144,-0.16455696202531633
1930-08-01,-3.085563805859762,-3.078048505105297,-2.8939344843348067,-0.19162932152495543,0.3797521005,0.121494954,0.0153,0.0328,0.0013,-0.0060240964,0.0040499265,0.0126,0.012299999999999998,0.0175,0.03665689149560114
1930-09-01,-2.945380788855969,-3.0847450564536727,-2.8004061690091038,-0.1449746198468653,0.4455832113,0.1272003762,0.0177,0.0324,0.0074,0.0060606061,0.0037384063,0.012299999999999998,0.0034000000000000002,0.014699999999999998,0.007543611504007508
1930-10-01,-2.8516165967426623,-2.9445627092521067,-2.755498291049657,-0.09611830569300543,0.4979547314,0.129491358,0.0174,0.0324,0.0035,-0.0060240964,0.0128766664,0.015199999999999998,0.0019000000000000002,0.015,-0.13008890968647646
1930-11-01,-2.828613198662547,-2.850697056447984,-2.7848543444689824,-0.043758854193564796,0.5046708308,0.1377528675,0.014,0.0322,0.0042,-0.0060606061,0.0071600721,0.017800000000000003,-0.005399999999999999,0.0182,-0.08875739644970404
1930-12-01,-2.7506665032566295,-2.827796538755991,-2.7609230034238186,0.010256500167189108,0.5547454126,0.1138858911,0.0148,0.033,-0.007,-0.0182926829,0.0081663293,0.02190000000000001,-0.001999999999999999,0.0182,-0.02184179456906732
1931-01-01,-2.812065030515869,-2.7643308654506873,-2.8400733647223793,0.02800833420651022,0.5391520019,0.0897221289,0.0124,0.0343,-0.0121,-0.0124223602,0.0052243116,0.0199,0.0324,0.021899999999999996,-0.07423053711526861
1931-02-01,-2.9343009170996464,-2.8260235904868964,-2.980785967088283,0.04648504998863674,0.4796679626,0.082543575,0.0106,0.0338,0.0085,-0.0125786164,0.0028846263,0.019499999999999997,-0.001700000000000001,0.0232,0.04889178617992185
1931-03-01,-2.8766851413918313,-2.948350691335129,-2.9426431091836287,0.06595796779179736,0.529125087,0.0739801542,0.0138,0.0332,0.0104,-0.0063694268,0.0041687518,0.020499999999999997,-0.0009999999999999992,0.0194,0.1143567433188315
1931-04-01,-2.7901576631692486,-2.890935128063235,-2.8765512022775326,0.08639353910828357,0.6032144983,0.0777810128,0.0149,0.0327,0.0086,-0.0064102564,0.0067092657,0.0232,-0.0018999999999999998,0.0178,-0.06915783602900161
1931-05-01,-2.6571775020649273,-2.8047231380642614,-2.764937575504262,0.10776007343933452,0.7099486221,0.0713815383,0.0088,0.0317,0.0145,-0.0129032258,0.0069106954,0.02779999999999999,-0.0011000000000000003,0.022899999999999997,-0.09586578789694433
1931-06-01,-2.802012671807667,-2.6718471524382497,-2.9323744896709107,0.13036181786324355,0.6072712745,0.0637585974,0.0055,0.0319,0.0004,-0.0130718954,0.0233329496,0.03,0.0048,0.0264,-0.1371769383697813
1931-07-01,-2.739831792376055,-2.8169007287460164,-2.89402006548164,0.15418827310558464,0.6736095723,0.0340073776,0.0041,0.0325,-0.0042,0.0,0.0070392564,0.027200000000000002,0.009399999999999999,0.0284,0.13901689708141318
1931-08-01,-2.764483133324207,-2.7550593593423294,-2.9437177386014577,0.17923460527725038,0.654185496,0.0201582798,0.0042,0.0326,0.0012,0.0,0.0045420398,0.030700000000000005,0.0,0.028399999999999998,-0.07417397167902895
1931-09-01,-2.423979172037817,-2.779829883496341,-2.629831226241966,0.2058520542041488,0.9440016561,0.0303718875,0.0045,0.0353,-0.0281,-0.0066225166,0.0234589946,0.035199999999999995,0.0267,0.030799999999999998,0.009468317552804084
1931-10-01,-2.5206371644797896,-2.439565120637139,-2.7547058927430093,0.23406872826321973,0.8771761085,0.0112711864,0.017,0.0385,-0.033,-0.0066666667,0.0425019555,0.040499999999999994,-0.0032999999999999974,0.0215,-0.29942279942279937
1931-11-01,-2.4336533562004714,-2.53658988373986,-2.6975789012349147,0.26392554503444354,0.9715564078,0.0033982262,0.0177,0.0385,0.0027,-0.0134228188,0.011434544,0.039900000000000005,-0.0216,0.0208,0.08444902162718826
1931-12-01,-2.292781092897425,-2.4497427373303338,-2.5886264759883666,0.29584538309094177,1.1707317073,-0.0129210013,0.0241,0.0407,-0.022,-0.0068027211,0.0211953493,0.051000000000000004,-0.006600000000000002,0.0166,-0.09781576448243112
1932-01-01,-2.297149953531963,-2.3258839728477665,-2.5876512405753225,0.29050128704335965,1.1913781842,-0.0115774352,0.0248,0.039,0.0034,-0.0205479452,0.0173767845,0.03930000000000001,-0.0086,0.0142,-0.14526315789473687
1932-02-01,-2.3807096575644917,-2.3312558232750713,-2.6654830475079736,0.2847733899434819,1.1198428291,-0.0157276692,0.0242,0.0367,0.0413,-0.013986014,0.0267152506,0.0364,-0.0651,0.012500000000000004,-0.028325123152709297
1932-03-01,-2.290348366545609,-2.416155061931125,-2.5690617690146293,0.27871340246902043,1.1858624454,-0.0084155117,0.0225,0.037,-0.0018,-0.0070921986,0.0134089221,0.038500000000000006,0.0374,0.014499999999999999,0.05069708491761715
1932-04-01,-2.1008701900605455,-2.327096463459832,-2.373110625787061,0.2722404357265151,1.5537278741,-0.0154746792,0.0111,0.0336,0.0604,-0.0071428571,0.0198514127,0.052899999999999996,-0.078,0.0225,-0.11821471652593485
1932-05-01,-1.8732461719809836,-2.1388747637179075,-2.138512561118271,0.2652663891372872,1.9423334823,-0.034050805,0.0031,0.0349,-0.0188,-0.0143884892,0.0231837923,0.0564,0.0295,0.0318,-0.20246238030095753
1932-06-01,-1.90391502801871,-1.9129038525871431,-2.16174413732081,0.25782910930209985,2.0284780579,-0.0406883713,0.0034,0.0347,0.0065,-0.0072992701,0.0343025832,0.0559,-0.0073999999999999995,0.0313,-0.23327615780445976
1932-07-01,-2.265099806639018,-1.9452106195167969,-2.51492654192171,0.249826735282692,1.6125440713,-0.0291761361,0.0022,0.032,0.0481,0.0,0.0201105785,0.055299999999999995,-0.0438,0.0298,-0.008948545861297563
1932-08-01,-2.626761364513,-2.3080096152131504,-2.867908437250472,0.2411470727374721,1.1878075451,-0.0150636875,0.0014,0.0321,0.0003,-0.0073529412,0.0400193059,0.0331,0.0433,0.030699999999999998,0.3769751693002257
1932-09-01,-2.6341190479746763,-2.6717676959207872,-2.8659206620320004,0.23180161405732413,1.2143655674,0.000704378,0.0003,0.0319,0.0057,-0.0074074074,0.0432985662,0.0291,0.024399999999999998,0.031599999999999996,0.375409836065574
1932-10-01,-2.5320344034244013,-2.681246801611077,-2.7536880115774576,0.22165360815305624,1.4038772213,-0.0028741334,0.0001,0.0322,-0.0017,-0.0074626866,0.0356447585,0.03230000000000001,0.0091,0.0321,-0.03694874851013119
1932-11-01,-2.520589202139954,-2.581303626839122,-2.7311391384353434,0.2105499362953892,1.5421472937,-0.0033221508,0.0001,0.0322,0.0032,-0.007518797,0.0233166031,0.0361,0.0040999999999999995,0.0321,-0.13861386138613863
1932-12-01,-2.6232182655855123,-2.5726122302071057,-2.8216692043093508,0.19845093872383834,1.4420843014,-0.0050324799,0.0004,0.0315,0.0131,-0.0075757576,0.0102230989,0.038299999999999994,0.0007999999999999986,0.0311,-0.05890804597701149
1933-01-01,-2.64049929093216,-2.633268601439014,-2.8228208477261143,0.18232155679395468,1.4269293924,-0.0064907127,0.0007,0.0308,0.0148,-0.0152671756,0.0059166089,0.0357,0.0399,0.030100000000000002,0.051908396946564794
1933-02-01,-2.446773780092556,-2.6506516623961778,-2.6129006509665302,0.16612687087397404,1.6909904651,-0.0058178234,0.0001,0.0325,-0.0258,-0.015503876,0.0156669282,0.0389,-0.0265,0.0324,0.007256894049346929
1933-03-01,-2.490048049288419,-2.4570302802597457,-2.639912395934992,0.149864346646573,1.476534296,-0.02188381,0.0134,0.0321,0.0097,-0.0078740157,0.037454111,0.0423,-0.005,0.018699999999999994,-0.18443804034582134
1933-04-01,-2.852631429913318,-2.500410836323965,-2.9861628225378403,0.13353139262452263,1.1190150479,-0.0063692975,0.0045,0.0325,-0.0032,0.0,0.0291512255,0.0434,-0.0063,0.028,0.03356890459363959
1933-05-01,-3.01036158356995,-2.8631027297806133,-3.127486940807363,0.11712535723741269,0.9283849733,-0.0030016427,0.0029,0.0308,0.0303,0.0,0.0119638328,0.031099999999999996,0.028499999999999998,0.0279,0.4222222222222223
1933-06-01,-3.144702384123012,-3.020943692900487,-3.2453459099026993,0.10064352577968738,0.8335031588,0.0007609174,0.0007,0.0306,0.005,0.0079365079,0.0198193625,0.026099999999999998,0.013999999999999999,0.0299,0.15865384615384626
1933-07-01,-3.063290424565282,-3.1553976732397597,-3.1473735417758237,0.08408311721054151,0.9011788036,0.0027134841,0.0019,0.0309,-0.0017,0.031496063,0.0328680974,0.022599999999999995,0.0178,0.029,0.1317427385892116
1933-08-01,-3.182572590861272,-3.0741013406694977,-3.2500138716568046,0.06744128079553269,0.7987501221,0.002147224,0.0001,0.0308,0.0044,0.0076335878,0.0118789641,0.0247,0.004899999999999999,0.0307,-0.08799266727772692
1933-09-01,-3.0728967941902616,-3.193501661393462,-3.123611886769278,0.05071509257901652,0.8679966044,-0.0004584901,0.0004,0.0308,0.0023,0.0,0.0142499091,0.0291,-0.0037,0.0304,0.11457286432160818
1933-10-01,-2.9912779232046107,-3.083946630376847,-3.025179474880292,0.03390155167568132,0.9278584392,0.003462966,0.0009,0.0315,-0.0091,0.0,0.0276757704,0.03149999999999999,0.0131,0.0306,-0.11361587015329122
1933-11-01,-3.100193508575673,-3.0024512238027357,-3.1171910849442446,0.016997576368571132,0.8335031588,0.0059234774,0.0022,0.0327,-0.0149,0.0,0.0095815761,0.03439999999999999,-0.009899999999999999,0.0305,-0.08850457782299082
1933-12-01,-3.133515975917044,-3.1114930638296068,-3.133515975917044,0.0,0.8290260464,0.0061958281,0.0029,0.0336,-0.0113,0.0,0.0055905699,0.0325,0.037,0.030699999999999998,0.1026785714285714
1934-01-01,-3.2323956342245412,-3.131699444990646,-3.224711980602919,-0.007683653621622155,0.7629173662,0.0035583231,0.0072,0.0321,0.0257,0.0,0.0066389099,0.0266,0.0,0.0249,0.022267206477732726
1934-02-01,-3.1929599151132946,-3.2303559734607656,-3.178128182554382,-0.014831732558913013,0.790643727,0.0055949443,0.0062,0.0317,0.0081,0.0075757576,0.0055672847,0.020700000000000003,0.006500000000000001,0.0255,0.10594059405940603
1934-03-01,-3.1902205691078245,-3.1911503692677914,-3.1678732704158277,-0.022347298691996698,0.8025122121,0.0096063281,0.0024,0.0307,0.0197,0.0,0.0063725246,0.0213,-0.0009999999999999974,0.028300000000000002,-0.036705461056401045
1934-04-01,-3.161066995867906,-3.1884142918048006,-3.131287017427961,-0.029779978439945398,0.8010747338,0.0078287967,0.0015,0.03,0.0126,0.0,0.0018991874,0.0194,-0.0022000000000000006,0.028499999999999998,-0.0009293680297397522
1934-05-01,-3.0742845905040115,-3.1590388261585867,-3.0375953925826567,-0.0366891979213545,0.8563829787,0.0076523036,0.0016,0.0292,0.0131,0.0,0.0073632004,0.0204,-0.004100000000000001,0.0276,-0.026976744186046453
1934-06-01,-3.0930832703931683,-3.072485219798098,-3.0491201469720526,-0.04396312342111608,0.8407310705,0.00598278,0.0015,0.0289,0.0067,0.007518797,0.006894645,0.0213,0.0091,0.027399999999999997,-0.08126195028680705
1934-07-01,-2.9689063867026273,-3.0912871316076402,-2.9177476908750752,-0.05115869582755195,0.9142532652,0.0029078413,0.0015,0.0288,0.004,0.0,0.0115313309,0.022400000000000003,0.0007000000000000001,0.027299999999999998,0.020811654526534884
1934-08-01,-3.0196219299114944,-2.966889579296323,-2.961779721357365,-0.05784220855412936,0.8668964032,0.0199569035,0.0019,0.0299,-0.0118,0.0,0.0065014472,0.025599999999999998,0.0165,0.028,-0.11518858307849145
1934-09-01,-3.0123531547900315,-3.017832620554657,-2.9474655325841566,-0.06488762220587485,0.8703643637,0.0194390172,0.0021,0.031,-0.0146,0.0149253731,0.0048308186,0.02609999999999999,0.0085,0.0289,0.054147465437788034
1934-10-01,-2.9781800677688315,-3.0105670413435477,-2.90632120529405,-0.07185886247478135,0.8622536418,0.0238972714,0.0027,0.03,0.0182,-0.0073529412,0.004358161,0.025,-0.008,0.027299999999999998,-0.005464480874317057
1934-11-01,-3.055780541578044,-2.976174496065937,-2.97745174787426,-0.0783287937037841,0.7820089372,0.0207110385,0.0025,0.0299,0.0037,0.0,0.0020253052,0.025100000000000004,0.0092,0.0274,-0.031868131868131755
1934-12-01,-3.049799494824267,-3.054001181677967,-2.96464168648396,-0.08515780834030684,0.7737408689,0.0208127157,0.0023,0.0293,0.0112,-0.0074074074,0.0026089456,0.0242,-0.0011000000000000003,0.027,0.08286038592508493
1935-01-01,-3.006782109740576,-3.049799494824267,-2.7703933316763454,-0.2363887780642303,0.791621595,0.0209974293,0.002,0.0281,0.0182,0.0149253731,0.0022136038,0.0221,0.0029,0.026099999999999998,-0.004192872117400381
1935-02-01,-2.9664178858852157,-3.006782109740576,-2.598693105759898,-0.3677247801253174,0.7862863841,0.0147086415,0.0019,0.0275,0.0092,0.0073529412,0.0032799819,0.022599999999999995,0.0049,0.0256,-0.04210526315789476
1935-03-01,-2.9350382048817347,-2.9664178858852157,-2.4512412535036634,-0.4837969513780714,0.8007541179,0.0120459559,0.0015,0.0274,0.0041,0.0,0.0039728617,0.025299999999999996,0.00019999999999999966,0.0259,-0.03956043956043953
1935-04-01,-3.033729597422173,-2.9423985592880273,-2.5066499520797705,-0.5270796453424029,0.7373229785,0.0190936879,0.0015,0.0269,0.0079,0.0072992701,0.0031621685,0.0247,0.003299999999999999,0.0254,-0.03089244851258577
1935-05-01,-3.073186129213898,-3.0413700840292384,-2.503917106591713,-0.5692690226221849,0.7293926247,0.0192980407,0.0015,0.0276,-0.0057,0.0,0.0028776617,0.022900000000000004,0.009899999999999999,0.026099999999999998,0.09563164108618638
1935-06-01,-3.1463051320333655,-3.0806581440525993,-2.536045611279188,-0.6102595207541777,0.6818181818,0.0193439766,0.0015,0.027,0.0092,-0.0072463768,0.0028104575,0.0216,0.002,0.0255,0.032327586206896575
1935-07-01,-3.2261222333889683,-3.1463051320333655,-2.636695499993318,-0.5894267333956504,0.6393091975,0.0174097747,0.0015,0.0268,0.0046,0.0,0.0016800484,0.0211,0.006500000000000001,0.0253,0.06784968684759929
1935-08-01,-3.247551624844867,-3.2261222333889683,-2.679272176331572,-0.5682794485132947,0.6336866902,0.0049816151,0.0016,0.0281,-0.0133,0.0,0.0037749859,0.019800000000000005,0.0091,0.0265,0.08308895405669592
1935-09-01,-3.2711232094214906,-3.247551624844867,-2.7245795030534206,-0.5465437063680699,0.6117343845,0.0080266211,0.002,0.0282,0.0009,0.0,0.0024288238,0.0194,-0.0009,0.0262,0.02166064981949467
1935-10-01,-3.321031209577079,-3.248650353569432,-2.7969603590610674,-0.5240708505160113,0.5775010734,0.0029507271,0.002,0.0279,0.0061,0.0,0.0032591933,0.020199999999999996,-0.0019000000000000006,0.0259,0.023851590106007015
1935-11-01,-3.337624577644543,-3.2990523028583034,-2.835532633847307,-0.502091943797236,0.5669523676,0.0022194292,0.0016,0.028,0.001,0.0072992701,0.0031496826,0.0196,0.0059,0.0264,0.07506471095772227
1935-12-01,-3.3525135948131792,-3.3161183724235794,-2.8719278562369066,-0.4805857385762725,0.5599111913,0.0086888346,0.0015,0.0276,0.007,0.0,0.0028973664,0.0186,0.0013,0.026099999999999998,0.039325842696628976
1936-01-01,-3.39492776864856,-3.331460185615347,-2.9223233577027674,-0.4726044109457929,0.5398354405,0.0089077281,0.002,0.0285,0.0055,0.0,0.0018671591,0.016300000000000002,0.002700000000000001,0.026500000000000003,0.037065637065637036
1936-02-01,-3.3909408814949664,-3.3743084814458246,-2.926052352916001,-0.4648885285789652,0.5290762473,0.0137604535,0.002,0.0281,0.0081,0.0,0.0022225935,0.0148,-0.0026999999999999993,0.026099999999999998,0.06552494415487731
1936-03-01,-3.3958497753355603,-3.370738174177447,-2.938424928296685,-0.4574248470388754,0.5276960471,0.0134560371,0.002,0.0275,0.0106,-0.0072463768,0.0050044798,0.0157,-0.0023999999999999994,0.025500000000000002,0.016771488469601747
1936-04-01,-3.2827851564295614,-3.362995438464613,-2.820943251464402,-0.46184190496515964,0.5663485961,0.019252871,0.002,0.0274,0.0035,0.0,0.0057607721,0.0162,-0.0009000000000000002,0.0254,0.02542955326460472
1936-05-01,-3.2958993679575355,-3.251163474116144,-2.82974713607973,-0.46615223187780563,0.5404874214,0.0186275943,0.002,0.0273,0.004,0.0,0.0029079379,0.0167,0.0,0.025300000000000003,-0.07707774798927614
1936-06-01,-3.2951632384948546,-3.2650652073375754,-2.8251596092491194,-0.4700036292457355,0.523178388,0.0208134501,0.002,0.0273,0.0021,0.0072992701,0.0015684951,0.016600000000000004,0.006100000000000001,0.025300000000000003,0.045751633986928164
1936-07-01,-3.3252884184768305,-3.2594451558927755,-2.868530015981116,-0.45675840249571503,0.5004246027,0.0217469882,0.0015,0.0271,0.006,0.0072463768,0.001568553,0.016099999999999996,-0.0049,0.025599999999999998,0.030555555555555447
1936-08-01,-3.299596268928235,-3.2908022424056615,-2.855345135784914,-0.444251133143321,0.496121234,0.0196660344,0.002,0.0264,0.0111,0.0071942446,0.0026195074,0.015300000000000001,-0.0044,0.024399999999999998,0.06805929919137466
1936-09-01,-3.2675098488234036,-3.266259848660643,-2.835088930726711,-0.4324209180966926,0.4915981409,0.021398483,0.0016,0.0268,-0.0031,0.0,0.0011837587,0.014399999999999996,0.0098,0.0252,0.00883280757097804
1936-10-01,-3.281363380753038,-3.2090862975382133,-2.8793576797350253,-0.4020057010180126,0.4657070279,0.021804227,0.0013,0.0269,0.0006,0.0,0.0022244051,0.013600000000000001,0.0019000000000000002,0.0256,0.001250781738586726
1936-11-01,-3.230371040571314,-3.2263118874188526,-2.8562723091367364,-0.3740987314345776,0.4502783539,0.022840762,0.0011,0.0257,0.0205,0.0,0.0028304004,0.013699999999999997,-0.009600000000000001,0.0246,0.07495315427857574
1936-12-01,-3.1722499835281455,-3.1780538303479458,-2.8239432892599297,-0.3483066942682158,0.4585881045,0.0252247216,0.0012,0.0255,0.0038,0.0,0.0014983745,0.0143,-0.0028,0.0243,0.004067402672864651
1937-01-01,-3.195593176714749,-3.15845666139581,-2.8320922677056166,-0.3635009090091323,0.4465735628,0.0250032496,0.0017,0.0258,-0.0013,0.0071428571,0.0015725492,0.013900000000000003,0.0036999999999999997,0.0241,-0.0057870370370370905
1937-02-01,-3.1964643921911255,-3.1819875246589704,-2.8183982582710754,-0.37806613392005,0.4407757653,0.0252076774,0.0015,0.0253,0.0086,0.0,0.0013067889,0.0131,-0.0132,0.023799999999999998,0.03783469150174623
1937-03-01,-3.173599479998565,-3.1830413718589847,-2.7815573922225414,-0.3920420877760238,0.4586663806,0.0335068293,0.0038,0.0285,-0.0411,0.0070921986,0.0031144795,0.013600000000000001,0.029699999999999997,0.0247,0.014582164890633909
1937-04-01,-3.0475702913476765,-3.134378766845284,-2.676891299324928,-0.37067899202274873,0.4906180065,0.0281072644,0.0056,0.0284,0.0039,0.0070422535,0.0054667794,0.014199999999999997,0.0029,0.0228,-0.009397457158651035
1937-05-01,-2.9994291354353173,-3.0098299633648296,-2.648946161744506,-0.35048297369081116,0.4893824051,0.0282780631,0.0041,0.0282,0.0053,0.006993007,0.0035930723,0.015099999999999995,-0.0013,0.0241,-0.08314732142857151
1937-06-01,-2.9087208965643616,-2.9630614912644426,-2.577363760609919,-0.3313571359544425,0.5049610206,0.0312661665,0.0036,0.0285,-0.0018,0.0,0.0029841706,0.016499999999999994,0.0071,0.024900000000000002,-0.010346926354229957
1937-07-01,-3.0345196295011085,-2.936850958037491,-2.6608598351942447,-0.37365979430686347,0.4646486604,0.027224932,0.0028,0.0277,0.0138,0.0069444444,0.0029822171,0.016599999999999997,-0.009899999999999999,0.0249,-0.052890528905289114
1937-08-01,-3.0066394211125482,-3.063589999557381,-2.5900178199763886,-0.41662160113615965,0.481934502,0.0310644128,0.0029,0.0286,-0.0104,0.0,0.0021407944,0.016800000000000002,0.0087,0.0257,0.10259740259740258
1937-09-01,-2.8831305966396052,-3.036450366572776,-2.422914973760032,-0.4602156228795727,0.5531474413,0.0358467256,0.0031,0.0284,0.0045,0.0068965517,0.0158211464,0.018799999999999997,-0.0019999999999999996,0.025300000000000003,-0.05535924617196708
1937-10-01,-2.7629268113280445,-2.8702271918036972,-2.340512144906107,-0.4224146664219376,0.6174176776,0.0409585636,0.002,0.0283,0.0042,0.0,0.0317222407,0.0225,0.0025000000000000005,0.026299999999999997,-0.14214463840398994
1937-11-01,-2.6435679371726084,-2.7501877855506147,-2.2594255985332654,-0.38414233863934305,0.6924198251,0.0420308074,0.0009,0.0278,0.0096,-0.0068493151,0.0219733915,0.025800000000000003,-0.002899999999999999,0.026899999999999997,-0.1017441860465117
1937-12-01,-2.579269411236285,-2.6309891549657483,-2.2339082271978263,-0.34536118403845883,0.7074886223,0.0317754,0.0011,0.0273,0.0082,-0.0068965517,0.0069549625,0.0252,-0.0015000000000000005,0.0262,-0.10113268608414239
1938-01-01,-2.6008625437111337,-2.5876796785962553,-2.2954079171974198,-0.305454626513714,0.7015672438,0.0388017219,0.001,0.0271,0.0057,-0.0138888889,0.0097512413,0.027200000000000002,-0.0019000000000000002,0.026099999999999998,-0.05040504050405026
1938-02-01,-2.6682445959465464,-2.609217022683894,-2.4053035991890335,-0.2629409967575131,0.6595186671,0.0322477805,0.0008,0.0268,0.0052,-0.0070422535,0.0077724907,0.027700000000000002,-0.0042,0.026000000000000002,0.013270142180094702
1938-03-01,-2.3885275227947704,-2.676797657598106,-2.1705253709809793,-0.21800215181379104,0.8923698838,0.0338452494,0.0008,0.0273,-0.0037,0.0,0.015067942,0.0308,-0.004999999999999999,0.026500000000000003,0.06080449017773626
1938-04-01,-2.5377855739266253,-2.405725851913559,-2.373826440335676,-0.16395913359094905,0.7907934802,0.0271608523,0.0009,0.0259,0.021,0.0070921986,0.0188927247,0.03169999999999999,-0.0072000000000000015,0.024999999999999998,-0.25044091710758376
1938-05-01,-2.510075103728252,-2.555417609659825,-2.405073075258348,-0.105002028469904,0.8195656209,0.0299773272,0.0005,0.0257,0.0044,-0.0070422535,0.007651434,0.0284,-0.0034000000000000002,0.0252,0.14117647058823524
1938-06-01,-2.748655956028153,-2.5278884723616852,-2.708915627378639,-0.0397403286495141,0.659545862,0.0167445455,0.0005,0.0259,0.0004,0.0,0.0118093088,0.029900000000000003,0.0091,0.0254,-0.04432989690721645
1938-07-01,-2.855549662309136,-2.785404052942376,-2.846200539583027,-0.009349122726108439,0.6253541076,0.0170555147,0.0007,0.0257,0.0043,0.0,0.0068298756,0.024100000000000003,0.0023,0.025,0.2470334412081987
1938-08-01,-2.8657519546545456,-2.8935542359664974,-2.8903717578961645,0.024619803241618887,0.6340202484,0.0143082728,0.0006,0.0259,0.0,0.0,0.0059815684,0.023099999999999996,-0.0019,0.0253,0.0726643598615917
1938-09-01,-2.920224721045846,-2.905409635260705,-2.98274507802718,0.06252035698133401,0.6242488512,0.0118961742,0.0008,0.0259,0.0022,0.0,0.0170467064,0.024400000000000005,0.0087,0.0251,-0.02741935483870972
1938-10-01,-3.0722378375699697,-2.99900559889896,-3.0452288375066967,-0.027009000063272892,0.5819547881,0.0079325974,0.0005,0.0254,0.0087,-0.0070921986,0.0044044304,0.0221,-0.0006999999999999992,0.0249,0.014925373134328401
1938-11-01,-3.1237799078222572,-3.157760011008132,-3.0007724480290676,-0.12300745979318956,0.5893739154,0.0085352672,0.0004,0.0257,-0.0022,0.0,0.0046441678,0.0213,0.005900000000000001,0.0253,0.0759803921568627
1938-12-01,-3.2543186717979995,-3.2173059658330807,-3.0272612211626533,-0.22705745063534616,0.5720393884,0.0057217127,0.0003,0.0252,0.008,0.0,0.0022909395,0.021899999999999996,0.004200000000000001,0.0249,-0.03340926347760054
1939-01-01,-3.176494071794252,-3.2478689279501136,-2.920127164828999,-0.2563669069652529,0.6142181413,-0.0036013643,0.0003,0.0249,0.0059,0.0,0.0072954961,0.021100000000000004,-0.0036999999999999997,0.024599999999999997,0.03770620581304018
1939-02-01,-3.2018948371535436,-3.16989210606737,-2.917459756820052,-0.28443508033349163,0.5994568907,0.0006149354,0.0003,0.0245,0.008,-0.0071428571,0.0032916439,0.020500000000000004,-0.0015999999999999999,0.0242,-0.06888720666161996
1939-03-01,-3.0500019034880483,-3.1955284608712096,-2.7385657450281604,-0.3114361584598879,0.6606492718,-0.0012606856,0.0003,0.0237,0.0125,0.0,0.0085387031,0.019,-0.0103,0.023399999999999997,0.03252032520325199
1939-04-01,-3.038196335920734,-3.0436758016853593,-2.709837511676306,-0.32835882424442814,0.6784545879,-0.0018831933,0.0003,0.0229,0.0118,-0.0071942446,0.0092032923,0.021299999999999996,-0.005399999999999999,0.0226,-0.13543307086614165
1939-05-01,-3.0921292506051126,-3.0317201228095527,-2.7476606453632084,-0.3444686052419042,0.6303372413,-0.0023543238,0.0003,0.0217,0.0171,0.0,0.0035590915,0.021,-0.0122,0.0214,-0.005464480874316946
1939-06-01,-3.0199645869417586,-3.0858833705482884,-2.6595231602075495,-0.3604414267342092,0.6667687361,-8.63519e-05,0.0003,0.0221,-0.0027,0.0,0.0032023428,0.019899999999999998,0.006200000000000001,0.0218,0.06227106227106227
1939-07-01,-3.1044205793044917,-3.001272453929606,-2.7409355434372102,-0.3634850358672815,0.6079854809,-0.0015621881,0.0004,0.0213,0.0113,0.0,0.0043046092,0.0195,-0.011999999999999999,0.0209,-0.06379310344827593
1939-08-01,-3.0119634684825733,-3.086071440636295,-2.645680286401133,-0.3662831820814406,0.6480172606,-0.0030065253,0.0005,0.0231,-0.0201,0.0,0.0071372431,0.019200000000000002,-0.0191,0.0226,0.10865561694290982
1939-09-01,-3.1463051320333655,-2.9939449629798953,-2.777207668096076,-0.3690974639372895,0.5800479489,-0.0021095516,0.0014,0.0278,-0.0545,0.0217391304,0.0156839071,0.0175,0.0696,0.0264,-0.0714285714285714
1939-10-01,-3.0965133540692173,-3.1112138122220956,-2.726139565772323,-0.3703737882968944,0.5734790624,-0.0018527882,0.0005,0.0247,0.041,-0.0070921986,0.0018467448,0.017300000000000003,-0.017300000000000003,0.0242,0.16457960644007152
1939-11-01,-3.0122615755052013,-3.062611802393536,-2.6406980190727185,-0.37156355643248307,0.5978447388,-0.0016991367,0.0005,0.0236,0.0162,0.0,0.0012842376,0.018500000000000003,-0.008299999999999998,0.0231,-0.014592933947772613
1939-12-01,-3.002964125080486,-2.9794717526822105,-2.6302888397953126,-0.3726752852851735,0.5807053804,0.0025507841,0.0004,0.0226,0.0145,0.0,0.0010730021,0.0198,-0.006700000000000001,0.022199999999999998,-0.049103663289166044
1940-01-01,-2.961791995103996,-2.9976556593048183,-2.5616353527714995,-0.4001566423324968,0.5993256726,0.0077727052,0.0001,0.0229,-0.0017,-0.0071428571,0.0014780456,0.019799999999999998,0.0066,0.0228,0.023770491803278837
1940-02-01,-2.9629690447074664,-2.9563519816881714,-2.536503717476214,-0.4264653272312521,0.5943769619,0.0048402619,0.0002,0.0228,0.0027,0.0071942446,0.0004895058,0.019700000000000002,-0.0006000000000000003,0.022600000000000002,-0.03522818254603677
1940-03-01,-2.967561396587295,-2.9577171825525177,-2.5155762728442377,-0.4519851237430572,0.6479598753,0.0056787088,0.0002,0.0215,0.0177,0.0,0.0007091118,0.0196,-0.0128,0.0213,0.00663900414937757
1940-04-01,-2.9520726354523377,-2.9569826289498935,-2.49393828873994,-0.45813434671239783,0.644074648,0.0058486658,0.0002,0.022,-0.0035,0.0,0.001192277,0.0192,-0.0057,0.0218,0.009892827699917506
1940-05-01,-2.667927480142946,-2.9417600440583627,-2.203750680467191,-0.46417679967575515,0.8225778696,0.0066101852,0.0006,0.0246,-0.0299,0.0,0.0186685676,0.0201,0.0278,0.024,-0.004897959183673528
1940-06-01,-2.731366006415827,-2.6575662956702177,-2.2613623771700917,-0.4700036292457356,0.7832213665,0.0063697907,0.001,0.0227,0.0258,0.0071428571,0.0097970174,0.0215,-0.0137,0.0217,-0.23954060705496305
1940-07-01,-2.7517005356311683,-2.721111076108583,-2.279244456985599,-0.47245607864556927,0.7578880609,0.0081091893,0.0005,0.0224,0.0052,-0.0070921986,0.0013236754,0.019200000000000002,-0.0031,0.0219,0.07659115426105734
1940-08-01,-2.767601180728742,-2.741700452296585,-2.2925035076288154,-0.47509767309992684,0.7417752948,0.0090864626,0.0004,0.0223,0.0028,0.0,0.0035608428,0.019100000000000002,-0.0021,0.0219,0.03106212424849697
1940-09-01,-2.7669759853348235,-2.7575508448752406,-2.2895373776015697,-0.47743860773325364,0.720747889,0.0096469388,0.0005,0.0215,0.011,0.0,0.0029438369,0.018400000000000003,-0.0017999999999999995,0.020999999999999998,0.026239067055393805
1940-10-01,-2.805619247916263,-2.7669759853348235,-2.337483032845323,-0.4681362150709401,0.7101998366,0.0094148326,0.0002,0.0214,0.0031,0.0,0.0014650609,0.0177,0.0018,0.0212,0.009469696969697017
1940-11-01,-2.7622745192230167,-2.805619247916263,-2.3035280445019155,-0.4587464747211011,0.7352149504,0.0101576525,0.0002,0.0199,0.0205,0.0,0.005914211,0.0173,-0.0142,0.019700000000000002,0.039399624765478425
1940-12-01,-2.7594429930272786,-2.7622745192230167,-2.3101752622607212,-0.4492677307665573,0.7290475101,0.0125891885,0.0002,0.0194,0.0067,0.0071428571,0.0005078424,0.0174,-0.009000000000000001,0.019200000000000002,-0.04241877256317694
1941-01-01,-2.7051249901613725,-2.754529709861055,-2.2576326138701117,-0.44749237629126093,0.7701603158,0.010853414,0.0002,0.0213,-0.0201,0.0,0.0018551123,0.0163,0.0207,0.0211,-0.002827521206408945
1941-02-01,-2.6850801570407388,-2.700087942474428,-2.2394020768319334,-0.4456780802088053,0.7837992949,0.0107702342,0.0004,0.0213,0.002,0.0,0.002751814,0.016400000000000005,-0.0014000000000000002,0.0209,-0.04820415879017015
1941-03-01,-2.684239552408491,-2.6802154021087663,-2.240308163472531,-0.44393138893596046,0.8042698827,0.010060575,0.0011,0.0206,0.0096,0.0070921986,0.0013646264,0.015799999999999998,-0.0118,0.0195,-0.014895729890764708
1941-04-01,-2.6119103684843803,-2.6793983487919113,-2.163430442815161,-0.4484799256692193,0.8542496105,0.0104815348,0.001,0.0196,0.0129,0.0070422535,0.0017671007,0.015099999999999999,-0.0051,0.0186,0.0040322580645162365
1941-05-01,-2.611234106656102,-2.606946854644482,-2.158415302164467,-0.45281880449163475,0.8491783533,0.0099236032,0.0011,0.0195,0.0027,0.006993007,0.0015744619,0.015100000000000002,0.0021999999999999997,0.0184,-0.06526104417670686
1941-06-01,-2.6585351365748298,-2.6064400246914277,-2.201293758942945,-0.4572413776318845,0.8015267176,0.0089675066,0.0012,0.0191,0.0066,0.0208333333,0.0011809091,0.0154,-0.0002999999999999999,0.0179,0.004296455424274814
1941-07-01,-2.7071362781448283,-2.65376392821769,-2.2245730234457497,-0.4825632546990788,0.7663638481,0.0090298599,0.0012,0.0191,0.0022,0.0,0.0012129739,0.015399999999999997,0.0040999999999999995,0.0179,0.053475935828877
1941-08-01,-2.693544272181654,-2.7022441820572,-2.1865727719163712,-0.5069715002652827,0.7745428863,0.0107250203,0.0013,0.019,0.0018,0.0136054422,0.0005131798,0.015300000000000001,0.0015999999999999999,0.0177,0.0548223350253807
1941-09-01,-2.6790626642289577,-2.6888188391743224,-2.1484344131667874,-0.5306282510621705,0.7782684119,0.0102838552,0.001,0.0193,-0.0012,0.0134228188,0.0009754417,0.015499999999999996,0.005999999999999999,0.0183,-0.008662175168431152
1941-10-01,-2.6032635342746597,-2.6743594559583896,-2.085777360128922,-0.5174861741457377,0.8377185537,0.0116872081,0.0009,0.0182,0.014,0.0132450331,0.0013100965,0.015499999999999996,-0.0106,0.0173,-0.009708737864077777
1941-11-01,-2.5554234448081328,-2.598440829891824,-2.05127066471314,-0.5041527800949931,0.8608058608,0.0103646245,0.0028,0.0186,-0.0029,0.0065359477,0.0012858981,0.0156,-0.006500000000000001,0.015799999999999998,-0.06862745098039214
1941-12-01,-2.5046632482240767,-2.55076472246958,-2.0137529341590277,-0.49091031406504926,0.8895097332,0.0103428263,0.0033,0.0204,-0.0177,0.0064935065,0.0066808135,0.015799999999999998,0.0183,0.0171,-0.04210526315789476
1942-01-01,-2.5278591756162525,-2.5141446749454652,-2.062558754641085,-0.46530042097516766,0.9021113244,0.0089351822,0.0027,0.0247,0.0069,0.0129032258,0.0022049532,0.014600000000000002,-0.0063,0.022,-0.04505494505494512
1942-02-01,-2.511999112942228,-2.537287816894152,-2.0736376948600355,-0.43836141808219226,0.9260649278,0.0093501527,0.0025,0.0247,0.0011,0.0063694268,0.0012608247,0.0144,-0.0019000000000000002,0.0222,0.013808975834292303
1942-03-01,-2.4517544424711,-2.521662417386996,-2.0414700479269867,-0.4102843945441134,1.0348638601,0.0101204616,0.0025,0.0244,0.0092,0.0126582278,0.0031061137,0.014399999999999996,-0.0029,0.021900000000000003,-0.024971623155505163
1942-04-01,-2.421674464564485,-2.4663532418922527,-2.0162093564563204,-0.40546510810816433,1.0802307289,0.0110048192,0.0032,0.0246,-0.0029,0.00625,0.0024409752,0.0143,0.0034999999999999996,0.0214,-0.06752037252619325
1942-05-01,-2.4984954938498967,-2.4364895503496253,-2.0980179272527715,-0.40047756659712525,1.0210150674,0.010525173,0.0037,0.0243,0.0075,0.0124223602,0.0015923892,0.0142,-0.0055,0.0206,-0.043695380774032455
1942-06-01,-2.531770958764218,-2.513533371214437,-2.136458222120072,-0.39531273664414635,0.9967098897,0.0101983055,0.0037,0.0244,0.0003,0.0,0.0012004676,0.014799999999999997,0.0031,0.020700000000000003,0.06396866840731064
1942-07-01,-2.5829729606832403,-2.552128285332142,-2.180967259665228,-0.4020057010180126,0.974271661,0.0084862716,0.0038,0.0244,0.0018,0.0061349693,0.0020886578,0.014699999999999998,0.0002000000000000001,0.0206,0.01840490797546024
1942-08-01,-2.610896120135354,-2.603911225613403,-2.201910714158206,-0.40898540597714794,0.9686824038,0.0071526483,0.0038,0.0244,0.0038,0.006097561,0.0006270321,0.014699999999999998,-0.0002999999999999999,0.0206,0.031325301204819356
1942-09-01,-2.6584532599628377,-2.632120885618601,-2.2422928627379255,-0.41616039722491227,0.9440014664,0.0062435384,0.0038,0.0244,0.0003,0.0,0.000472522,0.014599999999999998,0.0017000000000000001,0.0206,0.007009345794392274
1942-10-01,-2.7371314104030517,-2.674713780834618,-2.2732942960729803,-0.4638371143300715,0.9074889868,0.0044262784,0.0038,0.0244,0.0024,0.0121212121,0.0012735961,0.0144,-0.0018,0.0206,0.026682134570765736
1942-11-01,-2.7397641765917378,-2.7536607123542627,-2.2289385528257473,-0.5108256237659907,0.8995633188,0.0050957059,0.0038,0.0247,-0.0035,0.005988024,0.0009920566,0.014600000000000002,0.0041,0.0209,0.06440677966101704
1942-12-01,-2.8069492081370635,-2.7565712949081194,-2.249757663813147,-0.5571915443239164,0.8626465662,0.0018120043,0.0038,0.0246,0.0049,0.005952381,0.0007913905,0.014699999999999998,0.0,0.0208,-0.013800424628450214
1943-01-01,-2.8761467669648177,-2.8069492081370635,-2.3061252583906593,-0.5700215085741585,0.8213061159,0.0020883053,0.0038,0.0245,0.0033,0.0,0.0007448683,0.013699999999999997,0.0015999999999999999,0.0207,0.0516684607104414
1943-02-01,-2.9255280148807428,-2.8761467669648177,-2.3427444283335226,-0.58278358654722,0.7940790995,0.0025699914,0.0038,0.0246,-0.0005,0.0,0.0008195966,0.013100000000000004,0.0010999999999999998,0.0208,0.07164790174002067
1943-03-01,-2.9769122142272213,-2.9255280148807428,-2.3816208236710343,-0.5952913905561869,0.7834809988,0.0018918598,0.0038,0.0247,0.0009,0.0177514793,0.0013687759,0.012499999999999997,0.0011,0.0209,0.050620821394460336
1943-04-01,-2.9777753994340324,-2.9769122142272213,-2.3731816162155317,-0.6045937832185004,0.78978447,0.0012510459,0.0038,0.0246,0.0048,0.011627907,0.0024921939,0.012000000000000004,0.00010000000000000026,0.0208,0.052727272727272734
1943-05-01,-3.021664299647373,-2.9777753994340324,-2.4078538613239484,-0.6138104383234244,0.7578977192,0.0009461828,0.0038,0.0244,0.005,0.0057471264,0.0010895496,0.011700000000000002,-0.00020000000000000052,0.0206,0.0008635578583764403
1943-06-01,-3.0412888051563582,-3.021664299647373,-2.4183458832696614,-0.6229429218866969,0.7462686567,0.0012001053,0.0038,0.0244,0.0018,0.0,0.001069158,0.011600000000000003,0.0029999999999999996,0.0206,0.04486626402070737
1943-07-01,-2.9799330831176207,-3.0357111687915257,-2.3686773319417793,-0.6112557511758414,0.7795992714,0.0178236432,0.0038,0.0245,-0.0001,-0.0057142857,0.0024333612,0.011200000000000002,0.002,0.0207,0.019818331957060398
1943-08-01,-2.98444033592572,-2.974218781854182,-2.38495395038495,-0.5994863855407697,0.7831942615,0.0139543192,0.0038,0.0245,0.0021,-0.0057471264,0.001706636,0.011200000000000002,-0.00019999999999999987,0.0207,-0.05425101214574901
1943-09-01,-3.002376816272659,-2.9789251552376097,-2.41459015137054,-0.5877866649021191,0.7636311733,0.013693478,0.0038,0.0246,0.0011,0.0057803468,0.0006080398,0.0114,-0.0006000000000000001,0.0208,0.010273972602739878
1943-10-01,-2.9835583551726246,-2.9968918860420897,-2.4454600973990313,-0.5380982577735934,0.7737363511,0.0168695396,0.0038,0.0247,0.0005,0.0,0.0007641571,0.011199999999999998,-0.0014,0.0209,0.023728813559321882
1943-11-01,-2.8994326477586534,-2.9779385056710885,-2.4131010408437845,-0.4863316069148688,0.8258084433,0.0190809369,0.0038,0.0248,0.0,0.0,0.0020016,0.011200000000000002,-0.0023,0.020999999999999998,-0.013245033112582738
1943-12-01,-2.9513177681132445,-2.8940081255395484,-2.518896850016552,-0.4324209180966926,0.7874015748,0.0144225392,0.0038,0.0248,0.0018,0.0,0.000988594,0.010799999999999997,0.0031,0.020999999999999998,-0.07550335570469802
1944-01-01,-2.961228933931339,-2.9459225126486634,-2.5377200863481923,-0.4235088475831469,0.7787481805,0.0192532313,0.0038,0.0248,0.0021,0.0,0.0006398349,0.010400000000000003,-9.999999999999983e-05,0.020999999999999998,0.05898366606170602
1944-02-01,-2.953165608962642,-2.95570046456583,-2.538821598388388,-0.41434401057425385,0.7850330154,0.0194938382,0.0038,0.0247,0.0032,0.0,0.0006426372,0.009799999999999996,0.00019999999999999966,0.0209,0.015424164524421524
1944-03-01,-2.9646077300500613,-2.947828812920952,-2.559142621941897,-0.40546510810816444,0.813886488,0.0191453273,0.0038,0.0247,0.0021,0.0,0.0006364084,0.009599999999999997,0.0026999999999999997,0.0209,-0.0025316455696201556
1944-04-01,-2.9467415437889084,-2.9592992642743936,-2.5501395990110676,-0.39660194477784083,0.8296013509,0.0200775934,0.0038,0.0248,0.0013,0.0057471264,0.0007641629,0.009399999999999999,0.0021,0.020999999999999998,0.016920473773265554
1944-05-01,-2.980943384825493,-2.9413015303730834,-2.593457133277541,-0.3874862515479524,0.794431946,0.018397357,0.0038,0.0247,0.0028,0.0,0.0004119055,0.008999999999999998,-0.0023,0.0209,-0.012479201331114798
1944-06-01,-3.0254451708725028,-2.975691522670545,-2.646791320214995,-0.3786538506575077,0.7615581615,0.01820177,0.0038,0.0248,0.0008,0.0057142857,0.0007175889,0.0086,0.0012000000000000001,0.020999999999999998,0.04043807919123843
1944-07-01,-2.9992001206611154,-3.0202207467356965,-2.633079950485867,-0.36612017017524867,0.7733899117,0.0043229355,0.0038,0.0247,0.0036,0.0056818182,0.0009396738,0.008500000000000004,-0.0002000000000000001,0.0209,0.051012145748987825
1944-08-01,-3.0024631434516813,-2.9938457771605202,-2.6489500958226504,-0.3535130476290307,0.7687597796,0.0080697969,0.0038,0.0247,0.0027,0.0,0.0005599877,0.008399999999999998,0.0006999999999999997,0.0209,-0.02080123266563938
1944-09-01,-2.994168551577808,-2.9972935541209433,-2.653241964607215,-0.3409265869705932,0.7723327182,0.0089627545,0.0038,0.0247,0.0014,0.0,0.0011155149,0.008400000000000001,0.0005,0.0209,0.008654602675058909
1944-10-01,-2.994168551577808,-2.994168551577808,-2.64219212842063,-0.3519764231571782,0.7711731386,0.0065103663,0.0038,0.0247,0.0012,0.0,0.0006752183,0.008299999999999998,0.0007000000000000001,0.0209,-0.0031201248049922414
1944-11-01,-2.9980732812559645,-2.994168551577808,-2.635167787566596,-0.3629054936893685,0.7669856784,0.0057829454,0.0038,0.0247,0.0024,0.0,0.0004242975,0.0081,0.0024,0.0209,0.0
1944-12-01,-3.032546246676707,-2.9980732812559645,-2.658829836883123,-0.3737164097935841,0.7437635753,0.0190624465,0.0038,0.0246,0.0042,0.0056497175,0.0008722726,0.0079,0.010700000000000001,0.0208,0.00391236306729259
1945-01-01,-3.041609090987455,-3.02740324461347,-2.6623403941403603,-0.37926869684709485,0.7353419666,0.0164538969,0.0038,0.024,0.0127,0.0,0.0009244634,0.0076999999999999985,-0.0050999999999999995,0.0202,0.035074045206547
1945-02-01,-3.0961323077954512,-3.0363377609518625,-2.711552831653412,-0.3845794761420393,0.7044887781,0.0148360524,0.0038,0.0236,0.0077,0.0,0.0006548519,0.007599999999999999,-0.0031000000000000003,0.019799999999999998,0.014307228915662717
1945-03-01,-3.04378956850777,-3.0910424533583156,-2.653828646935571,-0.3899609215721991,0.7678826431,0.0159625278,0.0038,0.0236,0.0021,0.0,0.0018874417,0.007599999999999996,-0.0002999999999999999,0.019799999999999998,0.06161841128433565
1945-04-01,-3.1281091538316885,-3.04378956850777,-2.7243891572889236,-0.40371999654276514,0.7150628627,0.0150858689,0.0038,0.0228,0.016,0.0,0.0013982781,0.007499999999999996,-0.0142,0.019,-0.04615384615384621
1945-05-01,-3.1394995617378245,-3.1281091538316885,-2.7221058827643865,-0.41739367897343815,0.7029114676,0.0197732119,0.0038,0.0226,0.0056,0.0056179775,0.0009209599,0.006999999999999999,-0.0067,0.018799999999999997,0.08797653958944274
1945-06-01,-3.1361628886387853,-3.1394995617378245,-2.7053799725463312,-0.4307829160924542,0.7188430455,0.0194663167,0.0038,0.0217,0.0169,0.0111731844,0.0008661648,0.006799999999999997,-0.013699999999999999,0.0179,0.011455525606469008
1945-07-01,-3.1108415335939377,-3.1310988096817636,-2.688428153467232,-0.42241338012670593,0.7263015717,0.0204374124,0.0038,0.0224,-0.0086,0.0,0.0018141108,0.006599999999999998,0.0075,0.0186,-0.0033311125916055673
1945-08-01,-3.1620129629736575,-3.1056506822437155,-2.748207522949274,-0.41380544002438335,0.6787538011,0.018945103,0.0038,0.0223,0.0026,0.0,0.0020966469,0.006499999999999995,-0.0021999999999999997,0.0185,-0.020053475935828957
1945-09-01,-3.198054497054615,-3.157000421150113,-2.792589388946451,-0.40546510810816433,0.6568208317,0.0176069197,0.0038,0.0221,0.0054,0.0,0.0014385546,0.006199999999999997,-0.0022,0.0183,0.057980900409276837
1945-10-01,-3.2279256603881183,-3.198054497054615,-2.832612923743972,-0.39531273664414635,0.6339764202,0.0185809993,0.0038,0.0216,0.0104,0.0,0.0009811839,0.0058,-0.0072,0.0178,0.04190844616376532
1945-11-01,-3.259843263356424,-3.2279256603881183,-2.8747870268794666,-0.3850562364769572,0.617883631,0.0189340334,0.0038,0.021,0.0125,0.0,0.0014482715,0.005299999999999999,-0.009300000000000001,0.0172,0.030321782178217793
1945-12-01,-3.26968415319387,-3.259843263356424,-2.8949907037524594,-0.37469344944141064,0.6132393344,0.0255252783,0.0038,0.0199,0.0194,0.0055248619,0.001538317,0.004899999999999998,-0.006100000000000001,0.0161,0.032432432432432545
1946-01-01,-3.326962484722737,-3.2595838185903268,-2.983422779082702,-0.3435397056400353,0.5780036156,0.0279694968,0.0038,0.0199,0.0025,0.0,0.0026451685,0.004699999999999999,0.0103,0.0161,0.009889470622454821
1946-02-01,-3.2451140468068114,-3.317111658795516,-2.9329313723149606,-0.31218267449185083,0.6223367878,0.0310909521,0.0038,0.0198,0.0032,-0.0054945055,0.005942413,0.004699999999999999,0.00019999999999999966,0.016,0.0697004608294931
1946-03-01,-3.2804688357760146,-3.2352122441878945,-3.0001668706218565,-0.28030196515415834,0.6148526759,0.0311878756,0.0038,0.0198,0.001,0.0110497238,0.0014965734,0.004699999999999999,0.0024,0.016,-0.06946688206785134
1946-04-01,-3.317389424390063,-3.2804688357760146,-3.0595603150879636,-0.25782910930209973,0.5934129709,0.031306828,0.0038,0.0207,-0.0135,0.0054644809,0.0010777341,0.005000000000000001,0.0092,0.0169,0.04629629629629606
1946-05-01,-3.339530550267277,-3.317389424390063,-3.1046909591898757,-0.23483959107740096,0.5780101752,0.0319999197,0.0038,0.0209,-0.0012,0.0054347826,0.0012724951,0.0051,0.0031,0.017099999999999997,0.03761061946902666
1946-06-01,-3.299642252493716,-3.339530550267277,-3.0883331588265097,-0.21130909366720682,0.5967318354,0.0335915715,0.0038,0.0206,0.007,0.0108108108,0.0014817412,0.005400000000000002,-0.0051,0.0168,0.02238805970149249
1946-07-01,-3.268968340069458,-3.294801048877136,-3.0428145428861924,-0.22615379718326567,0.6087517365,0.0391749876,0.0038,0.0209,-0.004,0.0588235294,0.0017038857,0.005500000000000001,0.0028000000000000004,0.017099999999999997,-0.039103232533889476
1946-08-01,-3.188267979781959,-3.26400482622956,-2.9478863559889024,-0.2403816237930565,0.6485543633,0.0432676449,0.0038,0.0217,-0.0111,0.0202020202,0.0019801137,0.0052,0.0023,0.0179,-0.025501899077590817
1946-09-01,-3.0764436539371633,-3.1834738978172847,-2.821913788802283,-0.2545298651348806,0.7116343812,0.0491119446,0.0038,0.0219,-0.0009,0.0099009901,0.0160250152,0.0052,-0.0017,0.018099999999999998,-0.07293986636971062
1946-10-01,-3.0587266146852983,-3.066780349492395,-2.752099263586526,-0.3066273510987723,0.7253916642,0.0485974813,0.0038,0.0216,0.0074,0.0196078431,0.0061160954,0.005500000000000001,-0.0054,0.0178,-0.10150150150150139
1946-11-01,-3.037776327823055,-3.049297973407399,-2.6825100252054606,-0.3552663026175945,0.7226999647,0.0480722812,0.0038,0.022,-0.0054,0.0240384615,0.003914349,0.0058,0.0029000000000000002,0.018199999999999997,-0.008021390374331583
1946-12-01,-3.0703431373451657,-3.0282949011016664,-2.669583920274414,-0.40075921707075185,0.6924379233,0.0360760605,0.0038,0.0212,0.0145,0.0093896714,0.0027155077,0.005599999999999997,-0.0032000000000000015,0.0174,-0.011455525606469008
1947-01-01,-3.0889628802608016,-3.0657060180965345,-2.628892057838408,-0.46007082242239367,0.6800044336,0.0315384626,0.0038,0.0214,-0.0006,0.0,0.0021117215,0.005600000000000001,0.0010999999999999998,0.017599999999999998,0.042944785276073594
1947-02-01,-3.069411602357333,-3.0842076265449205,-2.553992109581115,-0.5154194927762181,0.6858580212,0.0301026572,0.0038,0.0214,0.0021,0.0,0.0013641434,0.0057,-0.0015999999999999999,0.017599999999999998,0.0235294117647058
1947-03-01,-3.047823860332477,-3.0648177333471054,-2.480302892889941,-0.567520967442536,0.7415349887,0.0310199797,0.0038,0.0213,0.002,0.0186046512,0.0024112826,0.006000000000000002,0.0047,0.017499999999999998,-0.014687100893997496
1947-04-01,-2.9898511104628955,-3.029520177242824,-2.3969560706397783,-0.5928950398231173,0.7700421941,0.0313459749,0.0038,0.0217,-0.0037,0.0,0.0023073615,0.0063000000000000035,0.0057,0.0179,-0.016850291639663006
1947-05-01,-2.962786195498922,-2.971742507520993,-2.3462224656598085,-0.6165637298391136,0.776366322,0.025894307,0.0038,0.0216,0.0033,0.0,0.0025450853,0.0063999999999999994,-0.0013,0.0178,-0.03889255108767298
1947-06-01,-2.996389951972962,-2.9451312602602013,-2.3573099926832923,-0.6390799592896695,0.7411167513,0.0264727428,0.0038,0.0216,0.001,0.00456621,0.0019587785,0.006599999999999998,-0.0006000000000000001,0.0178,-0.008916323731138598
1947-07-01,-3.0188398485641406,-2.9833178704056094,-2.3676652159321416,-0.6511746326319987,0.7173272191,0.0206405097,0.0066,0.0214,0.0063,0.0090909091,0.0019774476,0.0063000000000000035,-0.0043,0.014799999999999999,0.0525951557093427
1947-08-01,-2.9776205236109448,-3.0059364437282325,-2.3148664676016018,-0.6627540560093431,0.7346938776,0.0231767917,0.0075,0.021,0.0081,0.0135135135,0.0008243998,0.006099999999999998,-0.0152,0.013500000000000002,0.03616042077580528
1947-09-01,-2.951079109805718,-2.964881497833515,-2.2771018453534926,-0.6739772644522252,0.7403233985,0.02405855,0.008,0.0213,-0.0044,0.0222222222,0.0013854969,0.006200000000000001,-0.0087,0.0133,-0.027918781725888242
1947-10-01,-2.9511170934142776,-2.9301602033238563,-2.2852380470148526,-0.6658790463994251,0.722732523,0.0230185724,0.0085,0.0217,-0.0037,0.0,0.0008695376,0.006500000000000002,-0.006200000000000001,0.0132,-0.013707571801566676
1947-11-01,-2.901817936792263,-2.930748291052826,-2.243649295882366,-0.6581686409098969,0.7319926466,0.0259081445,0.0092,0.0229,-0.0174,0.0043478261,0.0004759608,0.006700000000000001,0.007599999999999999,0.0137,0.021178027796161514
1947-12-01,-2.902206215543168,-2.8817366992592843,-2.251618649402018,-0.6505875661411495,0.725325679,0.0259215953,0.0095,0.0243,-0.0192,0.012987013,0.0011073046,0.006600000000000002,0.021599999999999998,0.014799999999999999,-0.028515878159429686
1948-01-01,-2.857599502587327,-2.898285340799931,-2.1904605749806785,-0.6671389276066483,0.751888304,0.0277653867,0.0097,0.0243,0.002,0.0128205128,0.001048864,0.006600000000000002,0.00039999999999999975,0.014599999999999998,0.020680453635757212
1948-02-01,-2.805466167949164,-2.8535758285196913,-2.122229753653633,-0.6832364142955306,0.7877697842,0.029134401,0.01,0.0241,0.0046,-0.0084388186,0.0017556377,0.006799999999999997,-0.0007000000000000001,0.0141,-0.039869281045751714
1948-03-01,-2.875888292077585,-2.8015762591130335,-2.1768759920652414,-0.6990123000123434,0.8414221219,0.0271870255,0.01,0.0241,0.0034,-0.0042553191,0.0020820213,0.006999999999999999,0.0081,0.0141,-0.04697072838665761
1948-04-01,-2.902067797659356,-2.875888292077585,-2.1742350591115205,-0.7278327385478354,0.8259930198,0.0274539336,0.01,0.0239,0.0045,0.0170940171,0.0005519692,0.006900000000000003,-0.0006999999999999997,0.013900000000000001,0.07714285714285718
1948-05-01,-2.977328667171519,-2.902067797659356,-2.2214828923960095,-0.7558457747755093,0.7816923561,0.0255781215,0.01,0.0231,0.0141,0.0042016807,0.0014527575,0.006199999999999997,-0.0133,0.013099999999999999,0.02652519893899208
1948-06-01,-2.980319994559104,-2.977328667171519,-2.197224577336219,-0.7830954172228849,0.7869735036,0.0238936692,0.01,0.0238,-0.0084,0.0083682008,0.0009070567,0.0058,9.99999999999994e-05,0.013800000000000002,0.07816537467700257
1948-07-01,-2.9178369803354283,-2.972468545073468,-2.105649497406495,-0.8121874829289328,0.8222577621,0.02217932,0.01,0.0241,-0.0021,0.0124481328,0.0027669911,0.005600000000000001,-0.0031,0.0141,0.002995805871779389
1948-08-01,-2.9177049859675814,-2.9101625240639497,-2.077564781666976,-0.8401402043006054,0.8205382202,0.0192268027,0.0106,0.0242,0.0001,0.0040983607,0.0011851393,0.005999999999999998,0.005399999999999999,0.0136,-0.05316606929510148
1948-09-01,-2.879456721762285,-2.909974029560429,-2.0126460471514998,-0.8668106746107853,0.8362310712,0.0191280822,0.0109,0.0242,0.0014,0.0,0.0023955016,0.006100000000000001,0.0009999999999999998,0.0133,0.007570977917981114
1948-10-01,-2.922315505851497,-2.856728470684729,-2.0434349922345953,-0.8788805136169012,0.7919056724,0.018133741,0.0112,0.0243,0.0007,-0.0040816327,0.0008275633,0.006600000000000002,0.0016999999999999997,0.013099999999999999,-0.030056355666875367
1948-11-01,-2.78555376225707,-2.9000923690667864,-1.8952234793052543,-0.8903302829518158,0.870911215,0.0177915373,0.0114,0.0239,0.0076,-0.0081967213,0.0061589031,0.006899999999999996,0.0009000000000000006,0.0125,0.06778566817301468
1948-12-01,-2.793866120687066,-2.7638137756206644,-1.8927436102860824,-0.9011225104009837,0.8409475465,0.0150145541,0.0116,0.0237,0.0056,-0.0041322314,0.000967405,0.007399999999999997,0.007500000000000001,0.0121,-0.10822249093107617
1949-01-01,-2.777383378280831,-2.776068453699522,-1.8810431667553211,-0.89634021152551,0.8324028584,0.0132976714,0.0117,0.0233,0.0082,-0.0041493776,0.0013129862,0.0075,-0.004400000000000001,0.011600000000000001,0.03050847457627115
1949-02-01,-2.7197808435401916,-2.7600007416520986,-1.827975126165565,-0.8918057173746267,0.8615509072,0.0172190437,0.0117,0.0231,0.0049,-0.0083333333,0.0014096786,0.007400000000000004,-0.0010999999999999998,0.011399999999999999,0.0013157894736843812
1949-03-01,-2.732244929689267,-2.702593161639152,-1.8449417346883643,-0.8873031950009028,0.9017504235,0.0146589662,0.0117,0.0227,0.0074,0.0,0.0011208941,0.007700000000000002,-0.0067,0.011000000000000001,-0.03942181340341666
1949-04-01,-2.697287432522017,-2.718764768132574,-1.8206532280738295,-0.8766342044481877,0.9174997127,0.0152887455,0.0117,0.0227,0.0011,0.0042016807,0.0004992706,0.007500000000000003,0.0012,0.011000000000000001,0.030095759233926156
1949-05-01,-2.645859836418711,-2.68388723200795,-1.7798643244535195,-0.8659955119651914,0.9485626039,0.0169014375,0.0117,0.0227,0.0019,-0.0041841004,0.0010076601,0.007400000000000004,0.0019,0.011000000000000001,-0.021248339973439556
1949-06-01,-2.630618460969394,-2.6327348638757715,-1.7749523509116738,-0.8556661100577201,0.9538884243,0.0168124176,0.0117,0.0217,0.0167,0.0042016807,0.0016978117,0.007600000000000003,-0.0083,0.01,-0.03731343283582089
1949-07-01,-2.6843635431989115,-2.6240713129427915,-1.8366205273477247,-0.8477430158511869,0.9077989995,0.0195114004,0.0102,0.0216,0.0033,-0.0083682008,0.0006408809,0.007899999999999997,0.006600000000000001,0.0114,-0.002114164904862492
1949-08-01,-2.6898527881953673,-2.6779557542835213,-1.849937185715108,-0.8399156024802595,0.8938766372,0.0194408008,0.0104,0.021,0.0111,0.0042194093,0.0010735364,0.007800000000000001,-0.0074,0.010600000000000002,0.062146892655367214
1949-09-01,-2.706767327289321,-2.6833896392802585,-1.874694674499183,-0.832072652790138,0.8750205468,0.0233434075,0.0107,0.0212,-0.0011,0.0042016807,0.0015475937,0.007700000000000002,0.0031999999999999997,0.0105,0.01196808510638303
1949-10-01,-2.7043475879330265,-2.6752500259372605,-1.913589022651352,-0.7907585652816749,0.8425662129,0.0222332996,0.0105,0.0212,0.0019,-0.0083682008,0.000613502,0.007499999999999996,0.0048000000000000004,0.0107,0.023653088042049797
1949-11-01,-2.674949094230013,-2.6737029881497656,-1.9247715162163912,-0.7501775780136217,0.833724876,0.0236431599,0.0108,0.0212,0.0021,0.0042194093,0.0009088615,0.007500000000000003,0.0,0.0104,0.029525032092426073
1949-12-01,-2.687966832647533,-2.645303446112212,-1.9774279093757183,-0.7105389232718146,0.7964292839,0.0271755847,0.011,0.0209,0.0052,-0.0084033613,0.0004732395,0.0072999999999999975,-0.019700000000000002,0.009899999999999999,0.0012468827930174342
1950-01-01,-2.696388261354367,-2.679233152678778,-1.98741052611765,-0.7089777352367169,0.7914168195,0.027102233,0.0107,0.0215,-0.0061,-0.0042372881,0.000989153,0.006699999999999998,0.0098,0.010799999999999999,0.04358655043586568
1950-02-01,-2.6976514938813114,-2.6877301986112525,-1.9902529005688074,-0.707398593312504,0.7849980338,0.0254916448,0.0112,0.0214,0.0021,0.0,0.0004260143,0.006599999999999998,-0.0013999999999999998,0.010199999999999999,0.017303102625298328
1950-03-01,-2.6931245508855346,-2.68906775018992,-1.9872383445481594,-0.7058862063373751,0.8255277845,0.029291342,0.0112,0.0215,0.0008,0.0042553191,0.0006243025,0.006599999999999998,0.0014000000000000002,0.010299999999999998,0.009970674486803333
1950-04-01,-2.728738666126564,-2.684613861217626,-2.007720794894258,-0.7210178712323062,0.7964974714,0.0263975189,0.0115,0.0214,0.003,0.0,0.0007140107,0.0063000000000000035,-0.0038,0.009899999999999999,0.004065040650406582
1950-05-01,-2.758839166656679,-2.7202997974806995,-2.0232041529656373,-0.7356350136910417,0.7613463432,0.0285722636,0.0116,0.0213,0.0033,0.0042372881,0.000641263,0.0063999999999999994,-0.0041,0.0097,0.04511278195488733
1950-06-01,-2.6906779513777397,-2.7504709169861625,-1.940835427141249,-0.7498425242364907,0.8134474678,0.0303966588,0.0115,0.0216,-0.0025,0.0042194093,0.0058557165,0.006600000000000002,0.0048000000000000004,0.010100000000000001,0.039291643608190485
1950-07-01,-2.6636739921751085,-2.6552303731949394,-1.925931682124427,-0.7377423100506815,0.8123209169,0.0301173474,0.0116,0.0214,0.0055,0.012605042,0.00311025,0.006700000000000001,0.0014000000000000002,0.0098,-0.05804046858359957
1950-08-01,-2.6613562296183533,-2.629362325943056,-1.9351109080335531,-0.7262453215848004,0.7843408494,0.0295508723,0.012,0.0214,0.0014,0.0082987552,0.0010756051,0.006200000000000001,0.0024000000000000002,0.009399999999999999,0.00847936687394002
1950-09-01,-2.682668127830793,-2.6282580885934985,-1.9672151897565495,-0.7154529380742435,0.7514578547,0.0259142089,0.013,0.022,-0.0072,0.0041152263,0.001318373,0.005699999999999997,0.0033,0.009,0.03251121076233199
1950-10-01,-2.652262413801827,-2.648157738977695,-1.956721065159529,-0.6955413486422979,0.7559664015,0.0273410383,0.0131,0.0225,-0.0048,0.0081967213,0.0017594065,0.005499999999999998,0.003999999999999999,0.009399999999999999,0.055917480998914026
1950-11-01,-2.6179490355405775,-2.618973625794145,-1.9413077374538619,-0.6766412980867156,0.7473637961,0.0255401327,0.0136,0.0224,0.0035,0.0040650407,0.002457673,0.005499999999999998,0.0019000000000000002,0.0088,0.004113110539845755
1950-12-01,-2.630762576031109,-2.585664753844375,-1.9722209246486389,-0.6585416513824698,0.7225384419,0.0313582559,0.0134,0.0224,0.0016,0.012145749,0.0024895409,0.005299999999999999,0.0006999999999999999,0.009,-0.0010240655401945187
1951-01-01,-2.6789083429356766,-2.6194660781845855,-2.0328258368433962,-0.6460825060922801,0.6835992445,0.0300450784,0.0134,0.0221,0.0058,0.016,0.0017046886,0.0051,-0.0039,0.008700000000000001,0.046130189646335085
1951-02-01,-2.6742472781433917,-2.667804549921193,-2.0404678597419696,-0.6337794184014223,0.674866098,0.0311200524,0.0136,0.0228,-0.0074,0.0118110236,0.000650644,0.0050000000000000044,0.003,0.009200000000000002,0.06124448799608029
1951-03-01,-2.6446805871696206,-2.6631996349368583,-2.0231142103726594,-0.6215663767969613,0.7813946002,0.0326867713,0.014,0.0241,-0.0157,0.0038910506,0.0012276649,0.004500000000000004,-0.008,0.0101,0.006463527239150446
1951-04-01,-2.6829770730719105,-2.635968646567599,-2.0831756559516603,-0.5998014171202501,0.7494307876,0.0320924792,0.0147,0.0248,-0.0063,0.0,0.0008481981,0.004800000000000002,0.0054,0.0101,-0.01834862385321112
1951-05-01,-2.6328591062316264,-2.67427571947016,-2.0549484231007717,-0.5779106831308549,0.7778890447,0.0306750269,0.0155,0.0254,-0.0069,0.003875969,0.00140742,0.005100000000000004,0.0054,0.009899999999999999,0.04813084112149535
1951-06-01,-2.5979300381913957,-2.6242969140321377,-2.0419839791449355,-0.5559460590464602,0.8003626772,0.0363411209,0.0145,0.0259,-0.0062,0.0,0.0011367733,0.005500000000000001,-0.0030999999999999995,0.011399999999999999,-0.04057066428889877
1951-07-01,-2.672937329799037,-2.6064922303908844,-2.1345013188628634,-0.5384360109361737,0.7531218491,0.0325985964,0.0156,0.0252,0.0138,0.0,0.0014082079,0.005899999999999999,0.006700000000000001,0.009600000000000001,-0.026022304832713727
1951-08-01,-2.7201723474030306,-2.6816386834007875,-2.1998052239297112,-0.5203671234733195,0.7185938945,0.0303211996,0.0162,0.0246,0.0099,0.0,0.0005817795,0.006200000000000004,0.0014999999999999996,0.008400000000000001,0.06870229007633566
1951-09-01,-2.7280248122323334,-2.728884288005052,-2.226452393946826,-0.5015724182855075,0.7161823278,0.0287995059,0.0163,0.0253,-0.008,0.0077220077,0.000254769,0.006199999999999997,0.0023,0.009000000000000001,0.03928571428571437
1951-10-01,-2.738612776353795,-2.7524658117430887,-2.2219255814177714,-0.5166871949360234,0.7402325138,0.0291442552,0.0154,0.0254,0.001,0.0038314176,0.0015110763,0.006100000000000005,-0.0155,0.009999999999999998,-0.0008591065292096189
1951-11-01,-2.7609780658581897,-2.763597011047817,-2.2287612521108815,-0.5322168137473082,0.7432923795,0.0316209665,0.0156,0.0264,-0.0136,0.0076335878,0.0010239817,0.005999999999999998,0.007499999999999999,0.0108,-0.013757523645743786
1951-12-01,-2.824834576982026,-2.78667346212152,-2.276426242066992,-0.5484083349150336,0.7213163466,0.0361507878,0.0173,0.0269,-0.0061,0.0037878788,0.0004270364,0.006000000000000002,0.0119,0.009600000000000001,-0.0026155187445511263
1952-01-01,-2.8379428202774175,-2.8224968859801343,-2.2973379059595063,-0.5406049143179115,0.7174258377,0.0351506982,0.0157,0.0268,0.0028,0.0,0.0005384211,0.006100000000000001,0.0171,0.011100000000000002,0.03889860139860146
1952-02-01,-2.7984049236873503,-2.8355399922662174,-2.265740041611088,-0.5326648820762623,0.7466933251,0.0348717046,0.0154,0.0269,0.0014,-0.0075471698,0.000931601,0.005999999999999998,-0.0099,0.0115,0.015565839293226746
1952-03-01,-2.8426959960239455,-2.796078275477349,-2.317884130283215,-0.5248118657407306,0.7518741186,0.0320941367,0.0159,0.0263,0.0111,0.0,0.0006318152,0.005499999999999998,-0.0035000000000000005,0.0104,-0.03645401822700911
1952-04-01,-2.7916369172104756,-2.835678423365299,-2.2822108737989084,-0.5094260434115674,0.7863990995,0.0332314494,0.0157,0.0254,0.0171,0.0038022814,0.0008078353,0.005700000000000004,-0.0175,0.0097,0.04772141014617359
1952-05-01,-2.8075603030818606,-2.7846682478943823,-2.313541797632251,-0.49401850544960946,0.7705179889,0.0321491207,0.0167,0.0257,-0.0033,0.0,0.0005264526,0.005600000000000001,0.0063999999999999994,0.009000000000000001,-0.04308576118178087
1952-06-01,-2.845710987068744,-2.800639860237287,-2.367123614131617,-0.478587372937127,0.7387150879,0.0277312703,0.017,0.0259,0.0003,0.0037878788,0.0003252706,0.005600000000000004,0.0013000000000000002,0.008899999999999998,0.023156089193824947
1952-07-01,-2.863185617592008,-2.845710987068744,-2.3817390880780787,-0.48144652951392913,0.724710259,0.0279228246,0.0181,0.0261,-0.002,0.0075471698,0.0003448818,0.005500000000000005,0.0036,0.008,0.04610226320201183
1952-08-01,-2.8485115490112,-2.863185617592008,-2.3642565070129056,-0.4842550419982942,0.736620128,0.0280428787,0.0183,0.0267,-0.007,0.0,0.0002895367,0.0057,0.0133,0.008400000000000001,0.017628205128205066
1952-09-01,-2.8287408828502825,-2.8485115490112,-2.3416428202452466,-0.4870980626050357,0.7486789106,0.031038055,0.0171,0.0277,-0.013,0.0,0.0004411726,0.005700000000000004,0.0112,0.010599999999999998,-0.014566929133858153
1952-10-01,-2.8371402940334742,-2.837955622248229,-2.3352077193546874,-0.5019325746787869,0.7525164358,0.0299273118,0.0174,0.0269,0.0148,0.0,0.001026218,0.005300000000000003,-0.0109,0.009500000000000001,-0.01957650819017187
1952-11-01,-2.891955240093048,-2.846510991973568,-2.3750217005001293,-0.5169335395929184,0.7142353522,0.0265501524,0.0185,0.0272,-0.0015,0.0,0.0004590891,0.005499999999999998,0.0123,0.0087,-0.0008149959250203231
1952-12-01,-2.9361930553816453,-2.9013436547974134,-2.404314022417822,-0.531879032963823,0.6940733128,0.0265347164,0.0209,0.0279,-0.0086,0.0,0.0002677175,0.0053999999999999986,-0.0005000000000000004,0.007000000000000003,0.04649265905383371
1953-01-01,-2.9290164428990915,-2.9361930553816453,-2.392979399786605,-0.5360370431124868,0.6991752079,0.025934035,0.0196,0.0279,0.0012,-0.0037453184,0.0004009589,0.004899999999999998,-0.0092,0.008300000000000002,0.035463756819953174
1953-02-01,-2.910653264315415,-2.9290164428990915,-2.370475428536897,-0.5401778357785182,0.7127027122,0.026515491,0.0197,0.0287,-0.0087,-0.0037593985,0.0004906637,0.0045999999999999965,0.004699999999999999,0.009000000000000001,-0.007150922092585721
1953-03-01,-2.886819356291797,-2.910653264315415,-2.3425178033294163,-0.5443015529623803,0.7624968735,0.0240133528,0.0201,0.0294,-0.0088,0.0037735849,0.0006826525,0.004500000000000004,0.0055000000000000005,0.0093,-0.0181956027293404
1953-04-01,-2.8576317253643393,-2.8844816652899055,-2.304740134794192,-0.5528915905701473,0.7767060965,0.0262931544,0.0219,0.0303,-0.0105,0.0,0.0012715949,0.004199999999999995,-0.014299999999999998,0.008400000000000001,-0.02355212355212355
1953-05-01,-2.851974215879597,-2.8552288973531392,-2.2907161184682856,-0.5612580974113113,0.78375202,0.027225579,0.0216,0.0314,-0.0148,0.0037593985,0.0005931666,0.004400000000000001,0.011800000000000001,0.009799999999999996,-0.02649268485567413
1953-06-01,-2.833213344056216,-2.849647567669596,-2.263587462525693,-0.5696258815305231,0.795496906,0.0274618998,0.0211,0.0301,0.0223,0.0037453184,0.0011056921,0.0046,-0.0114,0.008999999999999998,-0.0032493907392364685
1953-07-01,-2.85816861740153,-2.833213344056216,-2.2832579203603354,-0.5749106970411948,0.7749291888,0.0261518703,0.0204,0.0301,0.0039,0.0,0.0005810146,0.0058,0.0138,0.009699999999999997,-0.016299918500407462
1953-08-01,-2.798654489869122,-2.85816861740153,-2.218447337758676,-0.5802071521104464,0.8169359161,0.0280870247,0.0204,0.0303,-0.0008,0.0037313433,0.0006814738,0.006100000000000001,-0.0077,0.009899999999999999,0.025269262634631362
1953-09-01,-2.7999401125017367,-2.798654489869122,-2.2145036249445713,-0.5854364875571654,0.8082108771,0.0258766059,0.0179,0.0284,0.0299,0.0,0.0011056426,0.0059000000000000025,-0.0046,0.010500000000000002,-0.05777777777777782
1953-10-01,-2.8426299950109493,-2.79292253984309,-2.2694404155591497,-0.5731895794517998,0.7737210398,0.0246952319,0.0138,0.0281,0.0074,0.0037174721,0.0005728518,0.006599999999999995,0.015300000000000001,0.0143,0.0012864493996569415
1953-11-01,-2.8445863342284863,-2.835661325694856,-2.2836618791620316,-0.5609244550664549,0.7584319579,0.0257980017,0.0144,0.0286,-0.0049,-0.0037037037,0.0003764983,0.0063999999999999994,-0.0024000000000000002,0.0142,0.05096359743040679
1953-12-01,-2.839683241271227,-2.837665891383913,-2.2909640445600172,-0.5487191967112095,0.7597009612,0.0248222723,0.016,0.0274,0.0206,0.0,0.0004172689,0.006100000000000001,-0.0034000000000000002,0.0114,0.00896495517522422
1954-01-01,-2.884995133585687,-2.8350731942309446,-2.335601168404088,-0.5493939651815991,0.729847122,0.0233833396,0.0118,0.0291,0.0089,0.0,0.0004982249,0.006500000000000002,0.0034999999999999996,0.017300000000000003,0.0020193861066235552
1954-02-01,-2.883155031394688,-2.8804745779422083,-2.3329851667873163,-0.5501698646073718,0.7245195899,0.0225625653,0.0097,0.0279,0.024,0.0,0.0003407126,0.006600000000000002,-0.004199999999999999,0.0182,0.051189036678758626
1954-03-01,-2.908349770191573,-2.878586789720287,-2.3575188118118833,-0.5508309583796899,0.8049158183,0.022093476,0.0103,0.0278,0.0058,0.0,0.0003565486,0.006499999999999999,-0.0018999999999999998,0.017499999999999998,0.0026840490797546135
1954-04-01,-2.9607532181401375,-2.9129180118659743,-2.3962582553395775,-0.5644949628005602,0.765039301,0.0208562332,0.0097,0.0273,0.0104,-0.0037174721,0.0007307019,0.006200000000000001,-0.0138,0.0176,0.03021032504780119
1954-05-01,-2.9976525813932584,-2.965273773783616,-2.4195847767633945,-0.5780678046298638,0.7459769764,0.0184925878,0.0076,0.0279,-0.0087,0.0037313433,0.0004298532,0.0059000000000000025,0.0045,0.020300000000000002,0.04899777282850781
1954-06-01,-3.0029475599671667,-3.0022626284335407,-2.411336798626644,-0.5916107613405226,0.732467844,0.018357419,0.0064,0.0272,0.0163,0.0,0.0009354285,0.005899999999999999,-0.009999999999999998,0.0208,0.03290870488322706
1954-07-01,-3.05393512168381,-2.9983375129268843,-2.4656756579564063,-0.5882594637274041,0.7021729133,0.0177074723,0.0072,0.0266,0.0134,0.0,0.0006133067,0.006100000000000005,-0.0094,0.0194,0.0006851661527920161
1954-08-01,-3.014820439410413,-3.0494145660403316,-2.429786293050171,-0.5850341463602424,0.7275163788,0.0175275314,0.0092,0.0269,-0.0036,0.0,0.0011449666,0.006200000000000001,0.0054,0.0177,0.057172201300924375
1954-09-01,-3.0901143790457617,-3.010252197736012,-2.508392933646734,-0.5817214453990283,0.6777451035,0.0168841886,0.0101,0.0271,-0.001,-0.0037174721,0.0006917895,0.005800000000000003,0.005,0.017,-0.03400259067357514
1954-10-01,-3.054697130865139,-3.074388343755321,-2.4711008744330814,-0.5835962564320575,0.6937581644,0.0175796112,0.0098,0.0271,0.0006,0.0,0.0004991744,0.005899999999999999,0.0034000000000000002,0.0173,0.08313778075762679
1954-11-01,-3.116857629198327,-3.0391486448710108,-2.5315501710467285,-0.5853074581515987,0.6316415441,0.014153219,0.0093,0.0274,-0.0025,0.0,0.0012668257,0.005600000000000004,0.005,0.0181,-0.01949860724233987
1954-12-01,-3.1511808120968494,-3.1016121348480037,-2.56411590832314,-0.5870649037737093,0.6041197854,0.0269928125,0.0115,0.0272,0.0064,-0.0037313433,0.000882281,0.005500000000000001,-0.0047,0.0157,0.08080808080808088
1955-01-01,-3.164743947728766,-3.14683959946043,-2.5594254667376495,-0.605318480991117,0.5975588876,0.0264122091,0.0122,0.0286,-0.0241,0.0,0.0025173979,0.005200000000000003,0.0144,0.016399999999999998,0.05081775700934554
1955-02-01,-3.164028597475762,-3.1604858767789987,-2.540838139464644,-0.6231904580111178,0.5931483235,0.0280446533,0.0117,0.0292,-0.0078,0.0,0.0006040311,0.005400000000000002,0.0014999999999999996,0.0175,0.018065591995553243
1955-03-01,-3.154815821701274,-3.1597244762260406,-2.5143123746267504,-0.6405034470745232,0.6077617769,0.0279683419,0.0128,0.0288,0.0087,0.0,0.0024825482,0.0045999999999999965,0.0005000000000000004,0.016,0.003549003549003338
1955-04-01,-3.1897340021405856,-3.152702671361578,-2.5224739360845927,-0.6672600660559931,0.5849876659,0.0265096789,0.0159,0.029,0.0001,0.0,0.0006280503,0.004800000000000002,-0.0002,0.0131,-0.004896626768226331
1955-05-01,-3.186243433110939,-3.1875614773244227,-2.493128167274854,-0.6931152658360848,0.5860754131,0.0254187153,0.0145,0.0287,0.0073,0.0,0.0007450734,0.004600000000000003,-0.0091,0.014199999999999999,0.037725533078184936
1955-06-01,-3.263227887093878,-3.1841393101680264,-2.544922146897778,-0.7183057401961002,0.5516416323,0.0253639323,0.0141,0.0293,-0.0076,0.0,0.0006457441,0.0046,0.010499999999999999,0.0152,-0.0013171759747103717
1955-07-01,-3.3115642147897804,-3.252647118696188,-2.5813305009647323,-0.7302337138250478,0.5345068155,0.0247604416,0.016,0.03,-0.0102,0.0037453184,0.0020821185,0.004600000000000003,0.0061,0.013999999999999999,0.08230018464785038
1955-08-01,-3.293313419874007,-3.3011565973350327,-2.551444388966473,-0.741869030907534,0.5318467256,0.0266710626,0.019,0.0301,0.0004,0.0,0.0011204036,0.0045000000000000005,-0.0042,0.011099999999999999,0.060687301974165386
1955-09-01,-3.294235218253177,-3.2829512758423687,-2.5411898961121624,-0.7530453221410143,0.5336247911,0.0256339808,0.0207,0.0298,0.0073,0.0037313433,0.0057110808,0.0046,0.0002999999999999999,0.0091,-0.007812500000000111
1955-10-01,-3.2591788429164485,-3.290107944707199,-2.492969297211351,-0.7662095457050974,0.5474091499,0.0251006866,0.0223,0.0292,0.0144,0.0,0.0026798958,0.004900000000000002,-0.0066,0.0069,0.011347846225104208
1955-11-01,-3.327329573951594,-3.2551297576297626,-2.5481715371646114,-0.7791580367869826,0.5152505897,0.0260337027,0.0224,0.0295,-0.0045,0.0,0.0019291618,0.004799999999999999,0.0014999999999999996,0.007099999999999999,-0.030455690405312486
1955-12-01,-3.3225764270462284,-3.3232358401924436,-2.5307986430446556,-0.7917777840015727,0.5098280098,0.0252445499,0.0254,0.0295,0.0037,-0.0037174721,0.0004747032,0.004700000000000003,0.0026,0.0040999999999999995,0.07487009919697662
1956-01-01,-3.267266707738657,-3.3044490424536717,-2.487200469819669,-0.7800662379189877,0.5289544122,0.0264244771,0.0241,0.0292,0.0083,0.0,0.0011799841,0.004899999999999998,0.0020999999999999994,0.0051,-0.0006591957811470373
1956-02-01,-3.283561394017213,-3.24946208310515,-2.514897570081353,-0.7686638239358593,0.514835108,0.0241653443,0.0232,0.0293,-0.0002,0.0,0.0011001472,0.0049999999999999975,0.0028,0.006100000000000001,-0.036499560246262
1956-03-01,-3.3330299332513715,-3.2660682365696956,-2.5755248837086233,-0.7575050495427481,0.5310771996,0.0266950684,0.0225,0.0303,-0.0149,0.0,0.0010088558,0.0049999999999999975,0.0002999999999999999,0.007800000000000001,0.03468735737106354
1956-04-01,-3.317586778687936,-3.319651615267113,-2.5816233577686063,-0.7359634209193293,0.5266217159,0.0262137487,0.026,0.0311,-0.0113,0.0037313433,0.0008148994,0.004400000000000001,-0.00020000000000000052,0.0051,0.06925452139391242
1956-05-01,-3.2363393757784626,-3.304328794122158,-2.521864438561426,-0.714474937217036,0.5685597741,0.0293029826,0.0261,0.0299,0.0225,0.0037174721,0.0018364287,0.004499999999999997,-0.0173,0.003799999999999998,-0.0020627062706269905
1956-06-01,-3.2617224351367846,-3.2233104219360666,-2.5685752545768397,-0.6931471805599452,0.5515645927,0.0256715221,0.0249,0.0299,0.0027,0.0074074074,0.0010370449,0.0050000000000000044,-0.0045000000000000005,0.005000000000000001,-0.06572964034725093
1956-07-01,-3.3045995848746905,-3.254360710361061,-2.6318712253899843,-0.6727283594847061,0.5249029567,0.0247536062,0.0231,0.0313,-0.0209,0.0073529412,0.0004955763,0.005199999999999996,0.0116,0.008200000000000002,0.03915929203539803
1956-08-01,-3.2584291548983293,-3.297236914252032,-2.606264790899133,-0.6521643639991961,0.5413911242,0.0238114833,0.026,0.0325,-0.0187,-0.003649635,0.0012354053,0.0050000000000000044,-0.0020999999999999977,0.006500000000000002,0.051522248243559776
1956-09-01,-3.2046446049402517,-3.2511746435779356,-2.573141587491513,-0.6315030174487386,0.5719095213,0.0293619492,0.0284,0.0324,0.005,0.0036630037,0.0007877794,0.0051,-0.0038000000000000004,0.003999999999999997,-0.03806438550313829
1956-10-01,-3.2279670470197934,-3.2229081997634013,-2.5830387099430676,-0.6449283370767259,0.5664270084,0.0294573217,0.029,0.0329,-0.0054,0.003649635,0.0016420105,0.0058,-0.0051,0.0038999999999999972,-0.04546411281835394
1956-11-01,-3.235596471655279,-3.2466268063012413,-2.57684099023352,-0.658755481421759,0.5748974153,0.0270884577,0.0299,0.0333,-0.0057,0.0,0.001731517,0.005499999999999998,-0.0069,0.0034000000000000037,0.0050716648291069255
1956-12-01,-3.2892164467352867,-3.254553575945138,-2.616389268666299,-0.6728271780689877,0.5441768274,0.0261493673,0.0321,0.0345,-0.0179,0.0036363636,0.0010202756,0.006200000000000004,0.009699999999999999,0.0024000000000000063,-0.010969723562966216
1957-01-01,-3.248434068075912,-3.291114799190793,-2.574676748051453,-0.673757320024459,0.5672426747,0.0279919939,0.0311,0.0328,0.0346,0.0,0.0009019425,0.007200000000000005,-0.0149,0.0017000000000000036,0.035270629991126956
1957-02-01,-3.2172013145597846,-3.250393722881716,-2.542482871383707,-0.6747184431760775,0.5849941888,0.0301728465,0.031,0.0328,0.0025,0.0036231884,0.0010560402,0.007999999999999993,0.006799999999999999,0.001800000000000003,-0.04178272980501396
1957-03-01,-3.2385651056071607,-3.219107012015225,-2.5629110824947325,-0.6756540231124281,0.5998188749,0.0265995947,0.0308,0.0331,-0.0024,0.0036101083,0.0003302976,0.0076999999999999985,0.0074,0.0022999999999999965,-0.032647584973166444
1957-04-01,-3.2748517800849477,-3.2385651056071607,-2.5972291077992447,-0.6776226722857029,0.5760983898,0.0274205931,0.0307,0.0345,-0.0222,0.0035971223,0.0003024601,0.0076999999999999985,0.015600000000000001,0.0038000000000000013,0.01964863615349066
1957-05-01,-3.3111335313798027,-3.2748517800849477,-2.6315753746189223,-0.6795581567608805,0.5640385796,0.0288486546,0.0306,0.0348,-0.0023,0.0035842294,0.0004817712,0.0077999999999999944,-0.0052,0.004199999999999999,0.03695307186579022
1957-06-01,-3.3098677084259727,-3.3111335313798027,-2.6283485658611463,-0.6815191425648263,0.5658765324,0.0305276914,0.0329,0.0361,-0.018,0.0035714286,0.0005786214,0.007199999999999998,-0.0142,0.0032000000000000015,0.0369479667686925
1957-07-01,-3.315439137668593,-3.3041040037092224,-2.6348125422602626,-0.6806265954083307,0.5600566349,0.0323460398,0.0316,0.0365,-0.0041,0.0071174377,0.0005538677,0.007400000000000004,-0.006899999999999999,0.004899999999999995,-0.0012650221378874837
1957-08-01,-3.2519236789144013,-3.309708462959608,-2.572209171242835,-0.6797145076715663,0.5880045422,0.0358539895,0.0337,0.0367,0.0002,0.0,0.0021472482,0.007199999999999998,-0.0011,0.0030000000000000027,0.011399620012666256
1957-09-01,-3.182306140086476,-3.2462256577997635,-2.5034653551777684,-0.6788407849087075,0.624150778,0.0343625225,0.0353,0.0364,0.0076,0.0,0.0015171099,0.008099999999999996,0.0018999999999999998,0.0011000000000000038,-0.05614694218326022
1957-10-01,-3.1440548650050495,-3.1766404025507984,-2.4805227029560193,-0.6635321620490305,0.6457464176,0.0384097165,0.0358,0.0369,-0.005,0.0,0.0049360114,0.008899999999999998,0.0073,0.0011000000000000038,-0.061919504643962786
1957-11-01,-3.154367265828578,-3.1384210472867937,-2.5062350809913667,-0.6481321848372114,0.6330717763,0.0409898136,0.0331,0.034,0.0533,0.0035335689,0.0034900785,0.010099999999999998,-0.0222,0.000900000000000005,-0.03206034889203202
1957-12-01,-3.1064138030060633,-3.148765010279908,-2.4737166784944566,-0.6326971245116068,0.6536757786,0.034873147,0.0304,0.0323,0.0307,0.0,0.0012514024,0.012199999999999996,0.0378,0.0019000000000000024,0.016074037993180523
1958-01-01,-3.1520355483284255,-3.1101638423823963,-2.538611027221801,-0.613424521106624,0.6328607617,0.0298961799,0.0244,0.033,-0.0084,0.0070422535,0.0007844653,0.012300000000000005,0.0183,0.0086,-0.04146692233940552
1958-02-01,-3.1349042822367412,-3.1557434177450325,-2.5413060039730717,-0.5935982782636697,0.6473904346,0.0277510802,0.0153,0.0325,0.01,0.0,0.0007362477,0.010700000000000001,-0.0108,0.0172,0.04276069017254325
1958-03-01,-3.1690681941025978,-3.138682446710727,-2.595824940768174,-0.5732432533344242,0.6685916376,0.0289353475,0.013,0.0321,0.0102,0.006993007,0.0005192057,0.010500000000000002,-0.0148,0.0191,-0.020623501199040772
1958-04-01,-3.20794362658848,-3.1766106916511356,-2.6497031140265745,-0.5582405125619055,0.6552450314,0.0270182768,0.0113,0.0311,0.0186,0.0034722222,0.0007467616,0.010700000000000001,-0.0023,0.019799999999999998,0.030852105778648387
1958-05-01,-3.2304531306028137,-3.2156008068586477,-2.6876207107017365,-0.5428324199010772,0.6455586773,0.0228695103,0.0091,0.0313,0.0001,0.0,0.0004331172,0.010499999999999995,0.003,0.0222,0.03182897862232781
1958-06-01,-3.2638602427382324,-3.238111590860159,-2.736979228218944,-0.5268810145192885,0.6246601698,0.0214366176,0.0083,0.0324,-0.016,0.0,0.0004382024,0.009799999999999996,0.0122,0.024099999999999996,0.014963167587477066
1958-07-01,-3.306060597228609,-3.2638602427382324,-2.7848955464520153,-0.5211650507765934,0.5938487843,0.0169337992,0.0091,0.0343,-0.0278,0.0034602076,0.0006956246,0.008599999999999997,0.012499999999999999,0.025199999999999997,0.02608301202086638
1958-08-01,-3.3178576584170516,-3.306060597228609,-2.8024069089038965,-0.5154507495131547,0.5872638264,0.015090629,0.0169,0.0371,-0.0435,-0.0034482759,0.0005889619,0.008199999999999999,0.011499999999999996,0.020200000000000003,0.04310344827586188
1958-09-01,-3.3651008774939406,-3.3178576584170516,-2.855431991855774,-0.5096688856381669,0.5613711966,0.0139834782,0.0244,0.038,-0.0117,0.0,0.0005101803,0.007800000000000001,0.002100000000000001,0.013599999999999998,0.011866920957830152
1958-10-01,-3.38628861580128,-3.3612355252326966,-2.8793399050570003,-0.5069487107442797,0.5498692979,0.0122789133,0.0263,0.0374,0.0138,0.0,0.000793475,0.008100000000000003,-0.0031000000000000003,0.011100000000000002,0.04837696335078534
1958-11-01,-3.404652275868801,-3.382495507805179,-2.900318163452159,-0.5043341124166423,0.5358231981,0.0115349437,0.0267,0.0368,0.012,0.0034602076,0.0015302103,0.007800000000000001,-0.0014999999999999996,0.010099999999999998,0.02536955653216122
1958-12-01,-3.4515283083605306,-3.400816356700411,-2.9498875941716127,-0.5016407141889181,0.5117793198,0.0236868316,0.0277,0.0382,-0.0181,-0.0034482759,0.0007127719,0.0076999999999999985,0.012300000000000002,0.010499999999999999,0.02240405221118258
1959-01-01,-3.451503490397632,-3.447707047258753,-2.9286370272343203,-0.5228664631633116,0.5028958179,0.0277362661,0.0282,0.0408,-0.008,0.0034602076,0.000584868,0.0075,0.0052,0.012600000000000004,0.052019817073170715
1959-02-01,-3.447573029447517,-3.447753486003091,-2.9039886833873387,-0.5435843460601787,0.4949461475,0.0278988473,0.027,0.0402,0.0117,-0.0034482759,0.0008447335,0.0075,0.0008999999999999998,0.0132,0.003803658757471462
1959-03-01,-3.4443218082959097,-3.44378053629352,-2.8806786286905046,-0.563643179605405,0.5168602815,0.0249843896,0.028,0.0403,0.0017,0.0,0.0004915081,0.007199999999999998,-0.01,0.012300000000000002,-0.0001804402742693334
1959-04-01,-3.478591230458858,-3.4405436438219246,-2.8881065705527083,-0.5904846599061495,0.4985971944,0.0243605696,0.0295,0.0414,-0.0117,0.0034602076,0.0004925502,0.0063,-0.0055,0.0119,0.0005414185165133478
1959-05-01,-3.4936333727984508,-3.4748833610422505,-2.877176984469263,-0.6164563883291876,0.4830767797,0.0258872339,0.0284,0.0417,-0.0005,0.0,0.0004278009,0.0058999999999999955,-0.0109,0.0133,0.038780663780663804
1959-06-01,-3.4862981823349153,-3.4898833334221178,-2.844738370565463,-0.641559811769452,0.4832193909,0.0268820744,0.0321,0.0419,0.001,0.0034482759,0.0009150702,0.0058,0.0034000000000000002,0.009800000000000003,0.018926897030734358
1959-07-01,-3.5168569916778405,-3.4825621532311897,-2.8760963493388045,-0.6407606423390361,0.4608226648,0.0271413721,0.032,0.0417,0.006,0.0034364261,0.000487796,0.006100000000000001,0.0029,0.0097,-0.0035787321063395217
1959-08-01,-3.498037254340215,-3.5131903209031408,-2.85801502299679,-0.640022231343425,0.4680844659,0.0281461307,0.0338,0.0423,-0.0041,0.0,0.0010696993,0.006600000000000002,-0.0026999999999999993,0.0085,0.034889687018984095
1959-09-01,-3.4476169402172516,-3.49432872879357,-2.8083835243171373,-0.6392334159001142,0.4923378926,0.0305283913,0.0404,0.0429,-0.0057,0.0034246575,0.0017098448,0.006600000000000002,-0.0031000000000000003,0.0025000000000000022,-0.01503883655594107
1959-10-01,-3.455111044950229,-3.4439221170324235,-2.823457540446513,-0.6316535045037158,0.4809774204,0.0310201805,0.0405,0.0421,0.015,0.0034129693,0.0006181833,0.007100000000000002,0.0015000000000000013,0.0015999999999999973,-0.045637583892617406
1959-11-01,-3.464610935263982,-3.4514846673497694,-2.8405134321857988,-0.6240975030781833,0.4717982949,0.0297223804,0.0415,0.0432,-0.0119,0.0,0.0004996927,0.006999999999999999,0.0254,0.0017000000000000001,0.011251758087201136
1959-12-01,-3.488193579423042,-3.460943014473674,-2.8716796248840124,-0.6165139545390295,0.4577837965,0.0228563041,0.0449,0.0447,-0.0159,0.0,0.0003075435,0.006999999999999999,0.006300000000000002,-0.00020000000000000573,0.013212795549374157
1960-01-01,-3.394190875143058,-3.4683373802199573,-2.797533119807113,-0.5966577553359449,0.499502104,0.0221161675,0.0435,0.0441,0.0112,-0.0034013605,0.0009194175,0.007300000000000001,-0.0005000000000000004,0.0006000000000000033,0.02762525737817434
1960-02-01,-3.3839030335226585,-3.3747738194878707,-2.806662333841901,-0.5772406996807578,0.4935567828,0.024037494,0.0396,0.0429,0.0204,0.0034129693,0.0011502458,0.007800000000000001,-0.007600000000000001,0.0032999999999999974,-0.07146435131073636
1960-03-01,-3.3508080012835433,-3.364804282159023,-2.792666052966421,-0.5581419483171223,0.549798083,0.02559341,0.0331,0.0411,0.0282,0.0,0.0009691465,0.007599999999999996,-0.0091,0.008,0.009171012407840351
1960-04-01,-3.3314249722693083,-3.3491084154702593,-2.7878377454525953,-0.5435872268167131,0.5634036895,0.0255771333,0.0323,0.0426,-0.017,0.0034013605,0.0006451661,0.0075,0.0148,0.010299999999999997,-0.013898788310762522
1960-05-01,-3.3561757280091733,-3.329676899844734,-2.8273893905167506,-0.5287863374924227,0.5419664269,0.0244143755,0.0329,0.0417,0.0152,0.0,0.0004235585,0.008199999999999999,-0.0173,0.008800000000000002,-0.017528008673653894
1960-06-01,-3.373817400645996,-3.3544819867466136,-2.8599195778430353,-0.5138978228029607,0.5291748619,0.0242699263,0.0246,0.0407,0.0173,0.0033898305,0.0004989479,0.008100000000000003,-0.0031999999999999997,0.0161,0.026853043958065204
1960-07-01,-3.3487338121264147,-3.373817400645996,-2.8338242313845257,-0.5149095807418889,0.5496732768,0.0257784868,0.023,0.0382,0.0368,0.0,0.00097782,0.008100000000000003,-0.011099999999999999,0.015199999999999998,0.019523553644993807
1960-08-01,-3.374519894528065,-3.3487338121264147,-2.8585689660657323,-0.5159509284623325,0.5415421972,0.0251955351,0.023,0.039,-0.0067,0.0,0.0006369674,0.008,0.0184,0.016,-0.024771609276177164
1960-09-01,-3.312226043244318,-3.374519894528065,-2.795265430910811,-0.5169606123335067,0.5843417106,0.028312467,0.0248,0.0387,0.0075,0.0,0.0017716222,0.007599999999999996,-0.0138,0.0139,0.02612141956404246
1960-10-01,-3.3097940899364393,-3.312226043244318,-2.7928334776029327,-0.5169606123335067,0.5841202013,0.0278237978,0.023,0.0391,-0.0028,0.0067567568,0.0010487146,0.008100000000000003,0.0036,0.016100000000000003,-0.0603932584269663
1960-11-01,-3.3492741093029976,-3.3097940899364393,-2.832313496969491,-0.5169606123335067,0.5676300191,0.026034213,0.0237,0.0399,-0.0066,0.0,0.000668674,0.0076999999999999985,-0.0004000000000000002,0.0162,-0.0024289985052317054
1960-12-01,-3.394508393511359,-3.3492741093029976,-2.8775477811778525,-0.5169606123335067,0.5504229651,0.0227613608,0.0225,0.038,0.0279,0.0,0.0004503055,0.0075,-0.0175,0.0155,0.04026971342948116
1961-01-01,-3.45744405617734,-3.396202134773919,-2.957308750348511,-0.5001353058288289,0.5229867325,0.0218153361,0.0224,0.0404,-0.0107,0.0,0.0007411237,0.0077999999999999944,0.025500000000000002,0.018,0.046272956427799716
1961-02-01,-3.485707018438072,-3.4591921286019147,-3.002692124489051,-0.483014893949021,0.5120227163,0.0194199043,0.0242,0.0392,0.02,0.0,0.0005474594,0.008,0.0010000000000000009,0.015,0.06315608329031153
1961-03-01,-3.512621947969969,-3.487406604251356,-3.0471388301355518,-0.4654831178344173,0.5466798694,0.0227375905,0.0239,0.0397,-0.0037,0.0,0.0004149412,0.008,0.0008000000000000004,0.015799999999999998,0.026869537067012006
1961-04-01,-3.5164571908393287,-3.512621947969969,-3.0574676023154597,-0.45898958852386895,0.5450044938,0.02325925,0.0229,0.0391,0.0115,0.0,0.0010092086,0.007599999999999996,-0.0231,0.016200000000000003,0.02553593947036581
1961-05-01,-3.535415823437716,-3.5164571908393287,-3.082962205893633,-0.45245361754408353,0.5309162935,0.0224656554,0.0229,0.0397,-0.0046,0.0,0.0004043434,0.007399999999999997,0.0095,0.0168,0.0038426068244696854
1961-06-01,-3.5061454411376034,-3.535415823437716,-3.0602707946915624,-0.4458746464460409,0.5408211006,0.0224821258,0.0233,0.0404,-0.0075,0.0,0.0005489074,0.006999999999999999,-0.0005000000000000004,0.017099999999999997,0.01913948859286485
1961-07-01,-3.534968467480539,-3.5026977828997445,-3.0903326993017153,-0.444635768178824,0.5244056311,0.0251796276,0.0224,0.0404,0.0035,0.0067114094,0.0006283737,0.0068000000000000005,0.0005,0.018,-0.028846153846153855
1961-08-01,-3.5510163375310713,-3.5315838488648454,-3.1075941344835956,-0.4434222030474758,0.5137928161,0.0254259102,0.0239,0.041,-0.0038,-0.0033333333,0.0004062151,0.006600000000000002,0.002,0.0171,0.03279702970297027
1961-09-01,-3.5277101536730893,-3.5475921142174345,-3.085513036296195,-0.4421971173768945,0.5275167211,0.0249633869,0.0228,0.0403,0.0129,0.0033444816,0.0008224996,0.0067000000000000046,0.0014999999999999996,0.0175,0.019622528460155664
1961-10-01,-3.54548719272386,-3.5175577822090713,-3.098247009067953,-0.44724018365590723,0.5254858507,0.0258359089,0.023,0.04,0.0071,0.0,0.0002675088,0.007099999999999995,0.005599999999999999,0.017,-0.01968561774643729
1961-11-01,-3.5740296124349937,-3.5354368568703585,-3.121903589527781,-0.45212602290721293,0.5126108647,0.0255706129,0.0248,0.0404,-0.002,0.0,0.0003603902,0.007199999999999998,0.0048000000000000004,0.0156,0.02832309306159142
1961-12-01,-3.567298994589347,-3.564079281581826,-3.110375589205707,-0.45692340538363985,0.5059222584,0.0223242879,0.026,0.0415,-0.0125,0.0,0.0003369015,0.0067999999999999935,0.0099,0.015500000000000003,0.039347129116875434
1962-01-01,-3.525376116800208,-3.5639876514593296,-3.053129975001692,-0.47224614179851565,0.5284285714,0.0247213553,0.0272,0.0419,-0.0014,0.0,0.0008115307,0.006599999999999995,0.0094,0.014700000000000001,0.0032249018508132554
1962-02-01,-3.538263561216242,-3.5221248824091793,-3.0509754607614297,-0.4872881004548125,0.522420733,0.0287833809,0.0273,0.0414,0.0103,0.0033333333,0.0002650967,0.006499999999999999,-0.0051,0.014099999999999998,-0.03787561146051699
1962-03-01,-3.5290961105133265,-3.534973842294276,-3.027133174005181,-0.5019629365081454,0.5457245916,0.0240753041,0.0272,0.0398,0.0253,0.0,0.0002794921,0.006499999999999999,-0.010199999999999999,0.012600000000000004,0.01626961069145838
1962-04-01,-3.461844037749546,-3.525817178366185,-2.9533272286116077,-0.5085168091379386,0.5798626246,0.0251520924,0.0273,0.0394,0.0082,0.0033222591,0.0010196908,0.006900000000000003,0.006,0.012099999999999996,-0.005860491709548277
1962-05-01,-3.3687105481556987,-3.458624522773497,-2.8536470945002463,-0.5150634536554524,0.6289943915,0.0277223552,0.0269,0.0393,0.0046,0.0,0.0109148391,0.007200000000000005,-0.0046,0.012400000000000001,-0.06196980589503953
1962-06-01,-3.2800713858951203,-3.3654528203335246,-2.7586227747378422,-0.5214486111572781,0.6873574686,0.0264554418,0.0273,0.0401,-0.0076,0.0,0.0061611302,0.007400000000000004,0.005,0.012799999999999995,-0.08599019006744313
1962-07-01,-3.3384475535639053,-3.2768242364114872,-2.814498949634692,-0.523948603929213,0.6452260298,0.0304859039,0.0292,0.0412,-0.0109,0.0033112583,0.0018434772,0.007100000000000002,0.0094,0.012,-0.08183800100620497
1962-08-01,-3.3504277358566252,-3.3352591450657068,-2.8239532391621722,-0.5264744966944529,0.6333103516,0.0293287512,0.0282,0.0401,0.0187,0.0,0.0008019519,0.007100000000000002,-0.004400000000000001,0.011899999999999997,0.06356164383561635
1962-09-01,-3.2977936397319607,-3.34720138292672,-2.7688636624999816,-0.5289299772319788,0.6663442606,0.0306016141,0.0278,0.0398,0.0061,0.00330033,0.0011769981,0.007099999999999995,0.0027999999999999995,0.012000000000000004,0.015284217757169927
1962-10-01,-3.294229877647271,-3.2897968532761315,-2.760153970220765,-0.5340759074265059,0.654153314,0.0280945039,0.0274,0.0395,0.0084,0.0,0.0034521082,0.007100000000000002,-0.0015999999999999999,0.0121,-0.04820703653585923
1962-11-01,-3.3830684582274926,-3.2863438510303573,-2.843933952222785,-0.5391345060047074,0.5941783459,0.0248105069,0.0283,0.0396,0.0021,0.0,0.0012747828,0.007099999999999995,0.0040999999999999995,0.011300000000000004,0.004442864759196752
1962-12-01,-3.388598789825834,-3.3751971852921283,-2.844529107480689,-0.5440696823451452,0.5916270511,0.0199680704,0.0287,0.0395,0.0035,0.0,0.0005438823,0.0068000000000000005,-0.0012000000000000001,0.0108,0.10155697098372252
1963-01-01,-3.4334178801761572,-3.3854581867803626,-2.888871373462015,-0.5445465067141417,0.5649849894,0.0171362735,0.0291,0.0398,-0.0001,0.0,0.0006997698,0.006999999999999999,0.006,0.010700000000000001,0.013491808544812134
1963-02-01,-3.4010574007926455,-3.4303337655820125,-2.8559635683675317,-0.5450938324251139,0.5819531179,0.0132367896,0.0292,0.04,0.0008,0.0,0.0003921329,0.006999999999999999,0.0015,0.0108,0.04912836767036444
1963-03-01,-3.4327861834730404,-3.397936256014024,-2.887222148993268,-0.5455640344797724,0.5875285706,0.014380171,0.0289,0.0401,0.0009,0.0032894737,0.0003599355,0.006900000000000003,0.0017,0.011199999999999998,-0.028851963746223563
1963-04-01,-3.472428737037802,-3.4250487528820877,-2.9229985567589996,-0.5494301802788025,0.5587292741,0.0151994274,0.029,0.0405,-0.0012,0.0,0.0003221604,0.006600000000000002,-0.0039000000000000007,0.0115,0.035464302379841106
1963-05-01,-3.4790215070127397,-3.4647965160813925,-2.9257267323159777,-0.5532947746967619,0.5516121932,0.014648533,0.0293,0.0406,0.0023,0.0,0.0003036557,0.0063,0.0024999999999999996,0.011299999999999998,0.04852035451404535
1963-06-01,-3.4509971370329398,-3.4714016403354035,-2.8939821307975744,-0.5570150062353653,0.5672815754,0.0182632029,0.0299,0.0407,0.0019,0.0032786885,0.0002610984,0.006100000000000001,0.0024000000000000002,0.0108,0.014326647564469885
1963-07-01,-3.446032553469167,-3.4494982609092038,-2.8801536363219915,-0.565878917147176,0.5766216585,0.009318732,0.0318,0.0407,0.0031,0.0032679739,0.0005297971,0.0058,-0.0002999999999999999,0.008899999999999998,-0.020197740112994245
1963-08-01,-3.492088374953731,-3.4444906030502755,-2.9174949080582575,-0.5745934668954732,0.5498272363,0.0095200761,0.0332,0.0408,0.0021,0.0,0.0003269086,0.005400000000000002,0.0014000000000000002,0.007600000000000003,-0.003459708807842188
1963-09-01,-3.4794982320759136,-3.4905940463309673,-2.896246722339186,-0.5832515097367278,0.5472236248,0.010313262,0.0338,0.041,0.0004,0.0,0.0003299103,0.005299999999999999,-0.0027,0.007200000000000005,0.048748734268769134
1963-10-01,-3.500719906965083,-3.4690104353612834,-2.9229183999130286,-0.5778015070520545,0.5309640772,0.0102799661,0.0345,0.0415,-0.0026,0.003257329,0.0005035319,0.0051,0.0075,0.006999999999999999,-0.011034482758620623
1963-11-01,-3.479701603877251,-3.490296650013647,-2.9073108119530877,-0.5723907919241631,0.5342962213,0.0060125452,0.0352,0.0414,0.0051,0.0,0.0031101657,0.0051,-0.0036000000000000003,0.006199999999999997,0.032217573221757334
1963-12-01,-3.493579301687392,-3.4694297301066293,-2.926472842022812,-0.5671064596645802,0.5255914542,0.0089547303,0.0352,0.0417,-0.0006,0.0032467532,0.0002735667,0.0050000000000000044,-0.0028,0.006499999999999999,-0.010539116335630316
1964-01-01,-3.512851457449638,-3.486281434613509,-2.93987128575407,-0.5729801716955681,0.5106068709,0.0142935705,0.0352,0.0421,-0.0014,0.0,0.0001833411,0.004400000000000001,0.0101,0.006899999999999996,0.02444353407073585
1964-02-01,-3.5154663546594587,-3.5056496909649826,-2.9366633750842026,-0.5788029795752561,0.5011622966,0.0174079186,0.0353,0.0424,-0.0011,0.0,7.16995e-05,0.004700000000000003,0.006500000000000001,0.007100000000000002,0.02692615302585999
1964-03-01,-3.5233263882808945,-3.508273163606737,-2.938883409321839,-0.5844429789590557,0.5236754417,0.0177832391,0.0354,0.0424,0.0037,0.0,0.0001147114,0.004500000000000004,-0.009899999999999999,0.006999999999999999,0.009865005192107867
1964-04-01,-3.5222436644400403,-3.5161845699120917,-2.9330517573282657,-0.5891919071117745,0.5253031069,0.0207680034,0.0347,0.0423,0.0047,0.0,0.0002547552,0.004500000000000004,-0.0007000000000000001,0.007599999999999996,0.015167095115681262
1964-05-01,-3.5265820248205233,-3.5151948029823488,-2.9326879626309212,-0.593894062189602,0.5190357804,0.0211793163,0.0348,0.0422,0.005,0.0,0.0002257771,0.004400000000000001,0.0007000000000000001,0.007400000000000004,0.006077487971638318
1964-06-01,-3.5358311076703943,-3.5195404845412437,-2.9373640533393788,-0.5984670543310152,0.5122068551,0.0205029799,0.0348,0.0419,0.0069,0.003236246,0.0003978509,0.004400000000000001,-0.0021000000000000003,0.007100000000000002,0.011452303045557555
1964-07-01,-3.5455381969608655,-3.5274628579998777,-2.9447119185509427,-0.6008262784099225,0.5063607181,0.0213126914,0.0346,0.0421,0.0008,0.0032258065,0.0001989067,0.004300000000000005,0.004399999999999999,0.0075,0.01642403882045529
1964-08-01,-3.5208763843706956,-3.5372393941461704,-2.9177579006867047,-0.6031184836839908,0.5079429444,0.0206966751,0.035,0.0423,0.002,-0.0032154341,0.0004259263,0.0040999999999999995,0.0017000000000000001,0.007299999999999994,0.01823968662014952
1964-09-01,-3.5409593240373143,-3.51264588523418,-2.9355689547169472,-0.6053903693203669,0.4865371214,0.0204031456,0.0353,0.0421,0.005,0.0032258065,0.0001704974,0.003999999999999997,-0.0029000000000000002,0.0068000000000000005,-0.016229862947824136
1964-10-01,-3.5408414898299077,-3.532796013398153,-2.9376590453516567,-0.6031824444782513,0.4878132588,0.0201157932,0.0357,0.0421,0.0043,0.0,0.0001870439,0.0038999999999999937,0.0007000000000000001,0.006399999999999996,0.028718074055969822
1964-11-01,-3.527545780177462,-3.5327442795972885,-2.926562524399595,-0.600983255777867,0.4865037753,0.0191674784,0.0364,0.0422,0.0017,0.0032154341,0.0002128659,0.003799999999999998,-0.0021,0.0058,0.00807792824899023
1964-12-01,-3.523415014386405,-3.5195136084801977,-2.9245785132977007,-0.598836501088704,0.4872273003,0.0230953694,0.0384,0.0423,0.003,0.0,0.0003512133,0.003699999999999995,0.0058000000000000005,0.0039000000000000007,-0.005185010605703533
1965-01-01,-3.5493757531164403,-3.5167572267223384,-2.94772555265764,-0.6016502004588005,0.4717231907,0.0179038005,0.0381,0.0422,0.004,0.0,0.0001658128,0.003700000000000002,0.0040999999999999995,0.0040999999999999995,0.003909026297086005
1965-02-01,-3.541315672549926,-3.5428014720117886,-2.9368355668787887,-0.6044801056711373,0.4713994776,0.0148232673,0.0393,0.0424,0.0014,0.0,0.0003931965,0.003700000000000002,-0.0005,0.0030999999999999986,0.033156342182890874
1965-03-01,-3.520112673677798,-3.5347451140224644,-2.9129079229185777,-0.6072047507592205,0.469489905,0.0191342809,0.0393,0.0422,0.0054,0.0032051282,0.0001446203,0.003599999999999999,-0.004200000000000001,0.0029,-0.0014846962083142623
1965-04-01,-3.5459656627175002,-3.5123001339410047,-2.9352489279638414,-0.610716734753659,0.4525593347,0.0147225723,0.0393,0.0422,0.0036,0.0031948882,0.0001627597,0.003700000000000002,-0.0015,0.0029,-0.014525906439437408
1965-05-01,-3.5304403126866504,-3.538213685913182,-2.916256949682075,-0.6141833630045758,0.4546642848,0.0162450566,0.0389,0.0423,0.0018,0.0,0.000333764,0.003699999999999995,-0.0026,0.0034000000000000002,0.03423862581244208
1965-06-01,-3.472894129499897,-3.522747967063495,-2.8553296301059587,-0.6175644993939383,0.4808589565,0.0175512226,0.038,0.0423,0.0047,0.0063694268,0.0018293746,0.0039000000000000007,-0.0044,0.004299999999999998,-0.007743238693749266
1965-07-01,-3.47985981068714,-3.466516045358013,-2.859070887114094,-0.6207889235730458,0.4733821762,0.0156274939,0.0384,0.0424,0.0022,0.0,0.0005218656,0.0040000000000000036,-0.00030000000000000014,0.0040000000000000036,-0.048631531327753885
1965-08-01,-3.4958320984648283,-3.4735599796049694,-2.871852099701109,-0.6239799987637191,0.4673608778,0.0156011883,0.0384,0.0428,-0.0013,0.0,0.0001075344,0.0039000000000000007,0.0007,0.004400000000000001,0.013433190679980944
1965-09-01,-3.521039004297507,-3.4895341122298773,-2.8939352360545527,-0.6271037682429539,0.4485374713,0.0168953899,0.0392,0.0433,-0.0034,0.0,0.0002991012,0.0039000000000000007,0.0018999999999999998,0.0040999999999999995,0.022521994134897305
1965-10-01,-3.540526610919355,-3.513548332568349,-2.906955162154852,-0.633571448764503,0.4344205991,0.017464193,0.0403,0.0433,0.0027,0.003164557,0.0001883791,0.003699999999999995,0.0018999999999999998,0.0029999999999999957,0.03200642422851896
1965-11-01,-3.5242886630168337,-3.5330916324318373,-2.8843859969757006,-0.6399026660411329,0.4408953111,0.0207624998,0.0409,0.0441,-0.0062,0.0,0.0001414189,0.003500000000000003,0.0004999999999999996,0.0032000000000000015,0.027345486883059156
1965-12-01,-3.52581972096878,-3.516908555719211,-2.8797179040988885,-0.6461018168698913,0.4306378062,0.0208375187,0.0438,0.045,-0.0078,0.0031545741,0.0003013655,0.0034000000000000002,-0.0071,0.0011999999999999997,-0.008764336723652955
1966-01-01,-3.5233504169896577,-3.5184936808767073,-2.8749868390566853,-0.648363577932972,0.4243983284,0.0202786269,0.0459,0.0457,-0.0104,0.0,0.0001518044,0.0032000000000000015,0.0126,-0.00020000000000000573,0.00895098788341886
1966-02-01,-3.498043491554496,-3.5160776576605777,-2.8474559254133465,-0.6505875661411495,0.4384960447,0.0200259742,0.0465,0.0477,-0.025,0.0062893082,0.0003370655,0.0034000000000000002,0.013700000000000002,0.0011999999999999997,0.004868549172346581
1966-03-01,-3.4687663782095144,-3.490823243581009,-2.8159916529399567,-0.6527747252695579,0.4901759356,0.0167881795,0.0459,0.046,0.0296,0.003125,0.0009310079,0.003999999999999997,-0.035500000000000004,9.999999999999593e-05,-0.017872523686477182
1966-04-01,-3.4830784792155285,-3.4627771552209525,-2.8288302557329428,-0.6542482234825859,0.4854982435,0.0156362514,0.0462,0.0467,-0.0063,0.0062305296,0.0003512647,0.004500000000000004,0.0076,0.0005000000000000004,-0.021815391361543424
1966-05-01,-3.421499611272751,-3.4771604583783042,-2.765761967349528,-0.6557376439232232,0.5127422037,0.015945601,0.0464,0.0473,-0.0059,0.0,0.0019354754,0.0050000000000000044,0.0033,0.000900000000000005,0.020508797489633412
1966-06-01,-3.3993110335432664,-3.4155810711459362,-2.7421389554415994,-0.6571720781016672,0.5209746006,0.0171229559,0.045,0.0477,-0.0016,0.0030959752,0.0005012069,0.0051,0.0046,0.002700000000000001,-0.05414012738853513
1966-07-01,-3.378724525810097,-3.3922687509178537,-2.725540790300844,-0.6531837355092529,0.5349430008,0.0186412636,0.048,0.0482,-0.0037,0.0030864198,0.0010137845,0.005200000000000003,-0.0060999999999999995,0.0001999999999999988,-0.016138395448740295
1966-08-01,-3.2907912507977537,-3.3717314903191262,-2.6415741127356425,-0.6492171380621108,0.5749546556,0.0214702713,0.0496,0.0499,-0.0206,0.0061538462,0.0031652347,0.005199999999999996,-0.005299999999999999,0.00030000000000000165,-0.013452914798206317
1966-09-01,-3.2768182450203582,-3.2838467784449428,-2.6315101239798757,-0.6453081210404823,0.5854924957,0.0169844585,0.0537,0.048,0.0332,0.0,0.0016003107,0.006000000000000005,-0.0254,-0.005699999999999997,-0.0777511961722488
1966-10-01,-3.3255880433572576,-3.2791392756294875,-2.6755480071233353,-0.6500400362339223,0.5616613181,0.0151840797,0.0535,0.0467,0.0228,0.006116208,0.0025467766,0.006899999999999996,0.003300000000000001,-0.0068000000000000005,-0.007003891050583522
1966-11-01,-3.330992069592784,-3.3278797110268608,-2.676237218029825,-0.6547548515629593,0.5726449298,0.0175496373,0.0532,0.048,-0.0148,0.0,0.0007744163,0.007800000000000001,0.0128,-0.005199999999999996,0.04754440961337503
1966-12-01,-3.3318311204141917,-3.3333238436668626,-2.6723452224273783,-0.6594858979868132,0.5769451056,0.0172076295,0.0496,0.0455,0.0413,0.0,0.0006269421,0.007899999999999997,-0.021200000000000004,-0.0040999999999999995,0.0031172069825435855
1967-01-01,-3.403624988195099,-3.328352856037867,-2.753635426910173,-0.6499895612849256,0.5333631411,0.0156975215,0.0472,0.0448,0.0154,0.0,0.0007334878,0.0077000000000000055,0.029599999999999998,-0.0023999999999999994,-0.0014916096954630254
1967-02-01,-3.402119678245864,-3.4001587802186126,-2.7616690708727663,-0.6404506073730973,0.5400478931,0.0177009311,0.0456,0.0465,-0.0221,0.0,0.0004124037,0.007900000000000004,0.0020000000000000018,0.000899999999999998,0.07817751773932535
1967-03-01,-3.43731869007615,-3.398665443377776,-2.806413818393425,-0.6309048716827246,0.5495507979,0.0149212351,0.0426,0.0455,0.0198,0.0030395137,0.0005011362,0.007200000000000005,-0.008100000000000001,0.0029,0.001962821845052476
1967-04-01,-3.478690422598031,-3.43731869007615,-2.855152066732069,-0.623538355865962,0.5305166936,0.0150458766,0.0384,0.0477,-0.0291,0.003030303,0.0008370969,0.007199999999999998,0.022,0.009300000000000003,0.039410002304678615
1967-05-01,-3.424824105396739,-3.478690422598031,-2.808706933868394,-0.6161171715283451,0.5582011823,0.0114640939,0.036,0.0482,-0.0039,0.003021148,0.0008903396,0.007199999999999998,-0.0215,0.012200000000000003,0.042239467849223944
1967-06-01,-3.4421848797273227,-3.424824105396739,-2.8335443785419976,-0.6086405011853249,0.553204845,0.0101528235,0.0354,0.0507,-0.0312,0.0030120482,0.0010707328,0.007100000000000002,0.008899999999999998,0.015300000000000001,-0.05244122965641962
1967-07-01,-3.4842234268856043,-3.4398771996428197,-2.8797685406089824,-0.6044548862766221,0.5262983279,0.0066870035,0.0421,0.0505,0.0068,0.003003003,0.0002184469,0.0068000000000000005,-0.0026999999999999993,0.008400000000000005,0.017512348450830828
1967-08-01,-3.4701711833364293,-3.4819553846762545,-2.8698658073688628,-0.6003053759675665,0.5280209478,0.0058413147,0.0427,0.0514,-0.0084,0.002994012,0.0002966179,0.007099999999999995,0.007699999999999999,0.0087,0.045344218887908294
1967-09-01,-3.5001331934486815,-3.46787402634252,-2.904009989170796,-0.5961232042778857,0.5135648458,0.0055998163,0.0442,0.0517,-0.0004,0.0029850746,0.0003585438,0.0075,0.0098,0.0075,-0.011715039577836373
1967-10-01,-3.4706467699340267,-3.5001331934486815,-2.8726385509603696,-0.5980082189736571,0.5409552822,0.0037152213,0.0456,0.0549,-0.04,0.0029761905,0.0004449025,0.006999999999999992,0.0119,0.009299999999999996,0.032785134557881124
1967-11-01,-3.4717111659898134,-3.4706467699340267,-2.8718214789164507,-0.5998896870733628,0.5433826972,0.0027729982,0.0473,0.0567,-0.0196,0.0029673591,0.0009547825,0.006499999999999999,-0.007599999999999999,0.009399999999999999,-0.02905594044049209
1967-12-01,-3.4976484629022715,-3.4717111659898134,-2.8958808410047086,-0.6017676218975627,0.5257924451,0.01436111,0.0497,0.0556,0.0192,0.0029585799,0.0002708992,0.007400000000000004,-0.006499999999999999,0.0058999999999999955,0.0010649627263044081
1968-01-01,-3.4493914529318275,-3.494229656153486,-2.8441806814776607,-0.6052107714541664,0.5563023835,0.0128542354,0.05,0.0536,0.0328,0.005899705,0.0004833189,0.0067000000000000046,0.0032999999999999974,0.003599999999999999,0.026276595744680886
1968-02-01,-3.414263573410355,-3.445984294610213,-2.805663276731961,-0.6086002966783941,0.5662105889,0.0104508102,0.0498,0.0542,-0.0033,0.0029325513,0.0008204453,0.007000000000000006,0.007,0.004400000000000001,-0.04384782834041678
1968-03-01,-3.4202242567168497,-3.410867984409217,-2.8082503662007268,-0.6119738905161229,0.5668098065,0.0126772459,0.0517,0.056,-0.0212,0.0029239766,0.001395481,0.007400000000000004,0.0015000000000000013,0.004299999999999998,-0.031222896790980004
1968-04-01,-3.4944715169528577,-3.4157259148680663,-2.8790679196559315,-0.6154035972969263,0.5223520642,0.0081402394,0.0538,0.0547,0.0227,0.0029154519,0.0016075746,0.007599999999999996,-0.017900000000000003,0.000899999999999998,0.009400179051029633
1968-05-01,-3.50106698729527,-3.489959724787484,-2.882291399277217,-0.6187755880180534,0.5300333704,0.0106465009,0.0566,0.0547,0.0043,0.0029069767,0.000386531,0.007599999999999996,-0.0010999999999999998,-0.001899999999999999,0.081929046563193
1968-06-01,-3.5056879538114414,-3.4966089042585606,-2.883566287274844,-0.6221216665365976,0.5307418133,0.0120901814,0.0552,0.0534,0.023,0.0057971014,0.0004995047,0.007900000000000004,-0.010799999999999999,-0.001799999999999996,0.011169177169791933
1968-07-01,-3.4825992077305985,-3.501249657102626,-2.859544294100905,-0.623054913629693,0.5396375991,0.0138855278,0.0531,0.0517,0.0289,0.0057636888,0.0007566193,0.007400000000000004,0.0052,-0.0013999999999999985,0.00912038913660318
1968-08-01,-3.489541189172379,-3.4781473731355748,-2.8655952657272143,-0.6239459234451648,0.5318021004,0.0180351377,0.0509,0.052,-0.0003,0.0028653295,0.0003164034,0.008,0.020900000000000002,0.0010999999999999968,-0.018477605944968944
1968-09-01,-3.5229573417895956,-3.4851420883575353,-2.898096069095782,-0.6248612726938139,0.5091954391,0.0182871234,0.0519,0.0531,-0.0102,0.0028571429,0.0002682317,0.008199999999999999,0.004900000000000001,0.0011999999999999997,0.01145897278493968
1968-10-01,-3.525759216220619,-3.5185775083346087,-2.8994116243226458,-0.6263475918979731,0.500320247,0.019410182,0.0535,0.0543,-0.0132,0.0056980057,0.000268403,0.0075,-0.0028000000000000004,0.0008000000000000021,0.03853934857374064
1968-11-01,-3.568215395268691,-3.5213657665306712,-2.940411849342075,-0.6278035459266165,0.4837170585,0.0211887855,0.0545,0.0566,-0.0269,0.0028328612,0.0002629658,0.008199999999999999,0.004300000000000002,0.0020999999999999977,0.007207558196162367
1968-12-01,-3.5213662768170666,-3.5638737363357977,-2.892106363708373,-0.6292599131086942,0.5049006623,0.0319614467,0.0596,0.0598,-0.0363,0.0028248588,0.0003339751,0.007800000000000001,0.012999999999999998,0.0001999999999999988,0.04796441349966152
1969-01-01,-3.5098964739101186,-3.5181142414306894,-2.880422388211316,-0.629474085698803,0.5036731674,0.0365244924,0.0614,0.0617,-0.0206,0.0028169014,0.0006067703,0.007300000000000001,0.0345,0.0002999999999999947,-0.04161668358401771
1969-02-01,-3.4581220393087477,-3.5066549799859477,-2.828435212666028,-0.6296868266427196,0.5263971896,0.0413173288,0.0612,0.0618,0.0042,0.0056179775,0.0005955963,0.006399999999999989,-0.0202,0.0006000000000000033,-0.008184093972655404
1969-03-01,-3.4887552043052397,-3.4548910187273014,-2.8588570540529936,-0.6298981502522458,0.557040236,0.0395080039,0.0602,0.062,0.001,0.0083798883,0.000541631,0.006599999999999995,-0.021,0.001800000000000003,-0.047374041355208285
1969-04-01,-3.5067829523790435,-3.485534589605197,-2.878954876203472,-0.6278280761755717,0.5484224042,0.0442909517,0.0611,0.0593,0.0427,0.0055401662,0.0005504122,0.006499999999999992,-0.0092,-0.001800000000000003,0.03444410475899318
1969-05-01,-3.5013520627539783,-3.5035726767487954,-2.8756021866160513,-0.6257498761379268,0.5558044285,0.0440056458,0.0604,0.0635,-0.049,0.0027548209,0.0004268974,0.007300000000000001,0.0263,0.0030999999999999986,0.021475716678159618
1969-06-01,-3.4409709034041898,-3.4981520600233074,-2.8172731111161164,-0.6236977922880738,0.5967773337,0.0451527603,0.0644,0.0623,0.0214,0.0054945055,0.0007522369,0.007199999999999998,-0.0179,-0.0020999999999999977,-0.0022181502555694843
1969-07-01,-3.3767677497601576,-3.4388326160909783,-2.752352736591096,-0.6244150131690618,0.6390179896,0.0511608862,0.07,0.0621,0.0079,0.0054644809,0.00230565,0.007599999999999996,-0.0074,-0.007900000000000004,-0.05557703460274499
1969-08-01,-3.4139577505794882,-3.374665838158273,-2.7888142975917267,-0.6251434529877617,0.6227889856,0.0469147527,0.0698,0.063,-0.0069,0.0054347826,0.0009182338,0.008900000000000005,0.0049,-0.0068000000000000005,-0.06017807798587649
1969-09-01,-3.3864865311455863,-3.4118285012091047,-2.760632986319633,-0.6258535448259535,0.6408884625,0.0483912244,0.0709,0.0677,-0.0531,0.0027027027,0.0008915878,0.009099999999999997,0.0287,-0.0032000000000000084,0.0400740498747687
1969-10-01,-3.428732625932641,-3.385439460467847,-2.8101765446860965,-0.6185560812465443,0.608768794,0.0486302811,0.07,0.0653,0.0365,0.0053908356,0.0007537233,0.008899999999999991,-0.023799999999999998,-0.00470000000000001,-0.025023557742644753
1969-11-01,-3.3917442820016444,-3.427654971311707,-2.780538369514927,-0.6112059124867171,0.6415117567,0.0479040093,0.0724,0.0676,-0.0243,0.0053619303,0.0005091362,0.009000000000000008,-0.022800000000000004,-0.004800000000000013,0.044243986254295375
1969-12-01,-3.371868510790275,-3.390699432539039,-2.7680368557048096,-0.6038316550854654,0.6510820131,0.0342737833,0.0782,0.0687,-0.0068,0.0053333333,0.0011635548,0.009299999999999989,-0.006600000000000001,-0.009500000000000008,-0.03527354997943222
1970-01-01,-3.291270736440234,-3.3708247518986854,-2.697170992203996,-0.5940997442362381,0.7003467462,0.034473208,0.0787,0.0693,-0.0021,0.0026525199,0.0010670973,0.009499999999999995,0.0162,-0.009400000000000006,-0.01865472764097642
1970-02-01,-3.341548589082036,-3.2901964867318707,-2.7572873925477497,-0.5842611965342861,0.670147507,0.035855217,0.0713,0.0651,0.0587,0.0052910053,0.0010587117,0.008500000000000008,-0.018600000000000005,-0.006199999999999997,-0.0764718661742343
1970-03-01,-3.341958497480081,-3.34050703739162,-2.7675806432176717,-0.5743778542624098,0.6903267691,0.0358415812,0.0663,0.0661,-0.0068,0.0052631579,0.000963539,0.007900000000000004,0.0023,-0.00019999999999999185,0.05269348388614459
1970-04-01,-3.2460763330361555,-3.3409180294909566,-2.6792789360368428,-0.5667973969993125,0.7367505808,0.0357121248,0.0651,0.0699,-0.0413,0.0078534031,0.001614677,0.0087,0.016300000000000002,0.004799999999999999,0.0014525139664804954
1970-05-01,-3.1821011999813114,-3.245005466792088,-2.6229397152268525,-0.5591614847544588,0.7742276283,0.0386610283,0.0684,0.0743,-0.0468,0.0025974026,0.0081518544,0.0087,0.030500000000000003,0.0059000000000000025,-0.09048309717728442
1970-06-01,-3.1297352530771376,-3.181062925311607,-2.578238589580219,-0.5514966634969183,0.7933814171,0.0422907479,0.0668,0.0709,0.0486,0.0051813472,0.002651911,0.0076999999999999985,-0.048499999999999995,0.004100000000000006,-0.060966633954857685
1970-07-01,-3.1994312523959234,-3.1286980553037056,-2.6586745032570125,-0.5407567491389114,0.7387075682,0.0430738217,0.0645,0.0687,0.0319,0.0051546392,0.0021264764,0.009599999999999997,0.0237,0.004199999999999995,-0.05003265839320703
1970-08-01,-3.241862490322931,-3.1983637483699026,-2.7119895005034733,-0.5298729898194576,0.7092782966,0.0387292526,0.0641,0.0694,-0.0019,0.0,0.0018871043,0.0131,0.0119,0.005299999999999999,0.0732948294829483
1970-09-01,-3.2732927622451475,-3.240827472117716,-2.75434970395919,-0.5189430582859575,0.7129147605,0.0379424193,0.0612,0.068,0.0228,0.0051282051,0.0010579649,0.012999999999999998,-0.008900000000000002,0.006800000000000007,0.04445868033311973
1970-10-01,-3.2670760729822392,-3.278541623163587,-2.7572972263735407,-0.5097788466086981,0.7176982835,0.0369624911,0.0591,0.0693,-0.0109,0.0051020408,0.0010433957,0.012999999999999998,0.0013000000000000008,0.0102,0.03299803729146222
1970-11-01,-3.3186771527787187,-3.272320950724338,-2.8182580731433413,-0.5004190796353776,0.682920072,0.035224928,0.0528,0.0637,0.0791,0.0050761421,0.0008854536,0.013299999999999992,-0.020700000000000003,0.010900000000000007,-0.011400071250445287
1970-12-01,-3.3791948841956705,-3.3239815309947716,-2.888312024933154,-0.4908828592625163,0.6464263577,0.0314617074,0.0487,0.0648,-0.0084,0.0050505051,0.0005351999,0.014800000000000008,0.045599999999999995,0.016099999999999996,0.047447447447447555
1971-01-01,-3.4220644050141216,-3.3823846795637706,-2.922160830072712,-0.4999035749414096,0.6244099021,0.0305931302,0.0444,0.0612,0.0506,0.0,0.0005410309,0.013800000000000007,0.002599999999999998,0.016799999999999995,0.05676605504587151
1971-02-01,-3.4342973300885,-3.4252644077447925,-2.9253966347320937,-0.5089006953564061,0.6170704232,0.0258013751,0.037,0.0629,-0.0163,0.0025125628,0.0004514536,0.0131,-0.020300000000000002,0.0259,0.04047748236570792
1971-03-01,-3.4736426647042506,-3.437507605718748,-2.9557679890008464,-0.5178746757034045,0.6338113825,0.0263988451,0.0338,0.0593,0.0526,0.0025062657,0.0004927194,0.012499999999999997,-0.0268,0.025500000000000002,0.009073842302878665
1971-04-01,-3.5103489447184595,-3.474704321309831,-2.9850535637401943,-0.5252953809782654,0.6086541014,0.0265569787,0.0386,0.0619,-0.0283,0.0025,0.0003075549,0.01200000000000001,0.004699999999999999,0.023299999999999994,0.03679586563307491
1971-05-01,-3.468997262632146,-3.511443952879403,-2.9362690913678113,-0.5327281712643352,0.6314096562,0.0297225774,0.0414,0.0624,-0.0006,0.0049875312,0.0005392763,0.010899999999999993,-0.0155,0.020999999999999998,0.03628750872295883
1971-06-01,-3.470763565476692,-3.470061212565665,-2.930692373614239,-0.5400711918624526,0.6432210427,0.0272784983,0.0475,0.0641,-0.0159,0.0074441687,0.0009245396,0.011099999999999999,0.0266,0.016600000000000004,-0.04155844155844168
1971-07-01,-3.4296265647876614,-3.4718286486054413,-2.8816154793127042,-0.5480110854749569,0.6677306245,0.0257963205,0.054,0.0643,0.003,0.0024630542,0.0005184344,0.011200000000000002,-0.0055,0.010299999999999997,0.0007025996185887617
1971-08-01,-3.466184352323341,-3.4307251109401418,-2.9102653920597907,-0.5559189602635504,0.6382575968,0.0267819627,0.0494,0.061,0.0471,0.0024570025,0.0024512229,0.011700000000000002,0.008299999999999995,0.0116,-0.041323971915747326
1971-09-01,-3.4602597710741394,-3.4672517436235575,-2.896491728037949,-0.56376804303619,0.6460848296,0.0279344169,0.0469,0.0598,0.0204,0.0,0.0005242639,0.01150000000000001,-0.030600000000000002,0.012900000000000002,0.0360954174513497
1971-10-01,-3.419738150231689,-3.4624304099968173,-2.837360741929661,-0.5823774083020279,0.6831942789,0.029243829,0.0446,0.0588,0.0167,0.0024509804,0.0006619355,0.010900000000000007,0.0115,0.014199999999999997,-0.006967585580127222
1971-11-01,-3.419330799608063,-3.421881008194518,-2.818637674097605,-0.6006931255104575,0.6894892583,0.0294519101,0.0422,0.0596,-0.0047,0.0,0.0018662556,0.011200000000000002,0.0076,0.0174,-0.04179377669310558
1971-12-01,-3.5041772155818185,-3.4215108320331042,-2.88538860234042,-0.6187886132413989,0.6439002471,0.0340233587,0.0401,0.0597,0.0044,0.0048899756,0.0011829844,0.011300000000000004,0.0179,0.019600000000000006,-0.002546959567017004
1972-01-01,-3.52213624798119,-3.5041772155818185,-2.8969296774665922,-0.6252065705145982,0.6353569726,0.0330751166,0.0338,0.0606,-0.0063,0.0,0.0004942247,0.010399999999999993,0.003,0.026800000000000004,0.08617938078519005
1972-02-01,-3.547124484633759,-3.52213624798119,-2.915558205455409,-0.6315662791783505,0.6175858985,0.0330297786,0.032,0.0602,0.0088,0.00486618,0.0002843844,0.009599999999999997,0.001899999999999999,0.028199999999999996,0.018121265550004928
1972-03-01,-3.5530186870375955,-3.547124484633759,-2.9151156777728815,-0.637903009264714,0.6459019879,0.0317231825,0.0373,0.0613,-0.0082,0.0024213075,0.0005451044,0.009999999999999995,0.0106,0.024,0.025303059457379318
1972-04-01,-3.55739343222852,-3.5530186870375955,-2.910358408810752,-0.6470350234177684,0.6367838016,0.0324918322,0.0371,0.0615,0.0027,0.0024154589,0.0003833915,0.009400000000000006,0.0007999999999999999,0.024399999999999998,0.005911607394201157
1972-05-01,-3.574520922736549,-3.55739343222852,-2.918419623295393,-0.6561012994411564,0.6324423349,0.0306570665,0.0369,0.0597,0.027,0.0024096386,0.0007690517,0.009300000000000003,-0.010700000000000001,0.0228,0.004384328358209011
1972-06-01,-3.552458828853708,-3.574520922736549,-2.8873894630483035,-0.665069365805405,0.6540154785,0.0341993895,0.0391,0.0607,-0.0065,0.0024038462,0.0003653522,0.0097,-0.0002999999999999999,0.021599999999999994,0.01727500696572859
1972-07-01,-3.5537151650155354,-3.551384487598224,-2.880267470616049,-0.6734476943994865,0.6570495491,0.0333250925,0.0398,0.0593,0.0216,0.0047961631,0.000595487,0.0102,-0.018600000000000002,0.019499999999999997,-0.02182050579749839
1972-08-01,-3.5864830895694837,-3.552609473845978,-2.904793371700307,-0.6816897178691763,0.6304670395,0.0318487846,0.0402,0.0595,0.0029,0.0023866348,0.0005949987,0.009999999999999995,0.0043,0.019299999999999998,0.0023333955572149012
1972-09-01,-3.580538310317972,-3.585411086608148,-2.890643165144404,-0.689895145173568,0.6373850011,0.0328697745,0.0466,0.0606,-0.0083,0.0023809524,0.0004657121,0.0087,0.0114,0.013999999999999999,0.03445385976347892
1972-10-01,-3.582275760992763,-3.573001845878836,-2.8848359348328323,-0.697439826159931,0.6358841259,0.0323534438,0.0474,0.0591,0.0234,0.0047505938,0.0008582678,0.008500000000000008,-0.013300000000000001,0.011700000000000002,-0.004860923575479403
1972-11-01,-3.61937130156176,-3.5747636871433763,-2.914570663632075,-0.7048006379296854,0.5967334833,0.0309522498,0.0478,0.0577,0.0226,0.0023640662,0.0004884564,0.0087,0.0023,0.009899999999999999,0.009317051108095997
1972-12-01,-3.62370581069398,-3.6119469839982243,-2.911690145829652,-0.7120156648643281,0.5956745946,0.0342034837,0.0507,0.0599,-0.0229,0.0023584906,0.000517171,0.008499999999999994,0.0225,0.0092,0.04561749417458327
1973-01-01,-3.6043216002232388,-3.6215810853953068,-2.874887672464512,-0.7294339277587272,0.6081960321,0.0356473121,0.0541,0.0685,-0.0321,0.0023529412,0.0005156042,0.007500000000000007,0.026699999999999995,0.014400000000000003,0.011828233479043382
1973-02-01,-3.564021852523652,-3.6022329918690437,-2.817523148812567,-0.7464987037110846,0.6361837352,0.036299867,0.056,0.0688,0.0014,0.0070422535,0.0012645944,0.007499999999999993,0.0009,0.012799999999999999,-0.01711139347734003
1973-03-01,-3.5604723591230245,-3.561906051124873,-2.797281334830153,-0.7631910242928719,0.6760181281,0.0367061493,0.0609,0.0686,0.0082,0.0093240093,0.0015575644,0.00739999999999999,-0.003700000000000001,0.007699999999999992,-0.03749030423166422
1973-04-01,-3.5135625227265006,-3.5552180484206755,-2.7347712554929147,-0.7787912672335862,0.6977198485,0.0378332368,0.0626,0.0687,0.0046,0.0069284065,0.0015175398,0.008300000000000002,0.0015000000000000005,0.006099999999999994,-0.0014326647564470996
1973-05-01,-3.4893025178339547,-3.508366892885352,-2.6952642583631503,-0.7940382594708046,0.7132159617,0.0396022163,0.0636,0.0703,-0.0105,0.0068807339,0.0030775217,0.0076999999999999985,0.006600000000000001,0.006699999999999998,-0.04079985652797702
1973-06-01,-3.4775064197836434,-3.484102686710325,-2.6686487431692867,-0.8088576766143565,0.7209743078,0.0390133985,0.0719,0.071,-0.0021,0.006833713,0.0021646025,0.007599999999999996,-0.0035,-0.0009000000000000119,-0.01888379919603622
1973-07-01,-3.5096118999713224,-3.472333487096693,-2.684945499074432,-0.8246664008968905,0.6939766839,0.0373500626,0.0801,0.076,-0.0433,0.0022624434,0.0018680136,0.007900000000000004,-0.004300000000000005,-0.004100000000000006,-0.006574559313959005
1973-08-01,-3.4671219948761482,-3.504496326411827,-2.6270074402451624,-0.8401145546309858,0.7243372354,0.0373887675,0.0867,0.0728,0.0391,0.0180586907,0.0010958834,0.008500000000000008,-0.003500000000000003,-0.013899999999999996,0.037981968156531654
1973-09-01,-3.501314818574928,-3.4620018757697486,-2.6461840199665376,-0.8551307986083905,0.6788089959,0.0343612257,0.0829,0.0703,0.0318,0.0022172949,0.0009345578,0.009999999999999995,0.003799999999999998,-0.0126,-0.036684531509887264
1973-10-01,-3.488862100417265,-3.4901540902610666,-2.6247197523969303,-0.8641423480203343,0.6720817914,0.0346603301,0.0722,0.0689,0.0215,0.0088495575,0.0013447449,0.008099999999999996,-0.0281,-0.0032999999999999974,0.04009592326139089
1973-11-01,-3.356973094805192,-3.4778544704739867,-2.484077481346394,-0.872895613458798,0.7818789906,0.0387363392,0.0783,0.0712,-0.0183,0.0065789474,0.0043697483,0.007499999999999993,0.026099999999999998,-0.007099999999999995,-0.0012911555842478606
1973-12-01,-3.3624893575741934,-3.346055728476567,-2.481120898093105,-0.8813684594810882,0.7555884634,0.0130073951,0.0745,0.0726,-0.0082,0.0065359477,0.005358338,0.008000000000000007,-0.0006999999999999992,-0.001899999999999999,-0.11386092898697953
1974-01-01,-3.346492702356711,-3.356589635447005,-2.462883171754101,-0.8836095306026102,0.751446438,0.0116267491,0.0777,0.074,-0.0083,0.0086580087,0.0034094717,0.006500000000000006,0.003,-0.003700000000000009,0.016569403918299308
1974-02-01,-3.3369966851967936,-3.340627582904313,-2.4511892763691203,-0.8858074088276733,0.7470977188,0.0109186477,0.0712,0.0748,-0.0024,0.0128755365,0.0018780077,0.0068000000000000005,0.0033,0.003600000000000006,-0.010046130189646396
1974-03-01,-3.3076105222893624,-3.3311657648860002,-2.419623566578059,-0.8879869557113034,0.8151840129,0.0103999361,0.0796,0.0783,-0.0292,0.0127118644,0.001693635,0.006099999999999994,-0.0015000000000000013,-0.0013000000000000095,-0.003624313969141535
1974-04-01,-3.2619796071930747,-3.3018134046050367,-2.364747964079498,-0.8972316431135767,0.8248580819,0.0096574913,0.0833,0.0816,-0.0253,0.0041841004,0.0017291765,0.006199999999999997,-0.008799999999999999,-0.0016999999999999932,-0.023279983371440438
1974-05-01,-3.2220890477384323,-3.256215902476325,-2.3158138212550523,-0.9062752264833798,0.8604161213,0.0092469234,0.0823,0.081,0.0123,0.0125,0.0020987464,0.0068000000000000005,-0.0017999999999999995,-0.0012999999999999956,-0.03905086188550755
1974-06-01,-3.2015843277581393,-3.216358373029447,-2.2864371065860634,-0.9151472211720759,0.8601587717,0.0080281695,0.079,0.0812,0.0045,0.0082304527,0.0023003694,0.008000000000000007,-0.033,0.0021999999999999936,-0.033551101760602386
1974-07-01,-3.1120663531500226,-3.1930494253083017,-2.1914450683278166,-0.9206212848222062,0.9112393224,0.0068388852,0.0755,0.0823,-0.0029,0.0081632653,0.0049175157,0.007599999999999996,-0.0182,0.0068000000000000005,-0.01466544454628782
1974-08-01,-3.0089867403559407,-3.103603679231289,-2.083001578651949,-0.9259851617039918,1.0171239942,0.0065552244,0.0896,0.0855,-0.0232,0.012145749,0.0047910264,0.0076999999999999985,-0.0036000000000000025,-0.0040999999999999925,-0.0777906976744186
1974-09-01,-2.8735174263411825,-3.000595082719692,-1.9422969175695033,-0.9312205087716794,1.1354401435,0.0051374792,0.0806,0.0837,0.0247,0.012,0.0078117125,0.009400000000000006,-0.007300000000000001,0.0030999999999999917,-0.09027865338544949
1974-10-01,-3.0236418276222894,-2.872598628509503,-2.10141876444273,-0.9222230631795594,1.0370837841,0.0036384075,0.0746,0.0795,0.0489,0.0098814229,0.010084948,0.0121,0.039599999999999996,0.004900000000000002,-0.1193347193347194
1974-11-01,-2.9680498203582246,-3.022696069554576,-2.054928116006649,-0.9131217043515754,1.115637022,0.0078146012,0.0747,0.0771,0.0295,0.0078277886,0.003513799,0.01709999999999999,-0.017799999999999996,0.0023999999999999994,0.16304689959080898
1974-12-01,-2.9467754288274604,-2.967132733295741,-2.042782224763711,-0.9039932040637491,1.1200181747,0.008771574,0.0715,0.076,0.0171,0.0077669903,0.0038144275,0.0174,-0.0246,0.004500000000000004,-0.053179972936400643
1975-01-01,-3.056160435064923,-2.9403240614988473,-2.1752579550807116,-0.8809024799842116,0.9808296267,0.0085104486,0.0626,0.0796,0.0225,0.0038535645,0.0040172082,0.019799999999999998,0.0371,0.017,-0.020151493497213013
1975-02-01,-3.1078840563889356,-3.0497229988038264,-2.2503282967511944,-0.8575557596377414,0.9339016305,0.0116523318,0.055,0.0788,0.0131,0.0076775432,0.0021790299,0.0203,0.0005999999999999998,0.023799999999999995,0.12281213535589264
1975-03-01,-3.122976915938578,-3.1015150433742305,-2.2890021366359745,-0.8339747793026033,0.9724663152,0.0204669502,0.0549,0.0824,-0.0267,0.0038095238,0.0024026153,0.018100000000000005,0.0020000000000000018,0.027500000000000004,0.05988568459340082
1975-04-01,-3.1655413733646096,-3.1193594885241094,-2.3546986429130454,-0.8108427304515644,0.909489371,0.0224962245,0.0561,0.0852,-0.0182,0.0037950664,0.0023137776,0.01630000000000001,0.013000000000000001,0.0291,0.02169383502880251
1975-05-01,-3.205065971338608,-3.1619099330594933,-2.4177700255699124,-0.7872959457686957,0.8975236997,0.0229537717,0.0523,0.0836,0.0212,0.0056710775,0.0018071722,0.0179,-0.0106,0.031299999999999994,0.047264875239923176
1975-06-01,-3.24484301764387,-3.2014746245053276,-2.481445894406922,-0.7633971232369479,0.8498390198,0.0229616961,0.0534,0.0813,0.0292,0.007518797,0.0013533555,0.018500000000000003,0.0011999999999999997,0.027899999999999994,0.04410080183276066
1975-07-01,-3.174791551736181,-3.24484301764387,-2.4198091299897198,-0.7549824217464616,0.898365624,0.0256278961,0.0613,0.0829,-0.0087,0.0111940299,0.0012444037,0.01709999999999999,0.005699999999999999,0.0216,0.04432254525507395
1975-08-01,-3.153495979566281,-3.174791551736181,-2.4069868909591263,-0.7465090886071548,0.8942466541,0.0263663778,0.0644,0.0844,-0.0068,0.0018450185,0.0023431364,0.016399999999999998,-0.010700000000000001,0.020000000000000004,-0.06765416535350355
1975-09-01,-3.118236104376976,-3.153495979566281,-2.380285646801193,-0.7379504575757834,0.9409482541,0.0279195234,0.0642,0.0862,-0.0098,0.0055248619,0.0023046248,0.016600000000000004,-0.0028000000000000004,0.022000000000000006,-0.021070422535211297
1975-10-01,-3.1807528873171105,-3.120935161346141,-2.4315447417407907,-0.7492081455763198,0.8934979188,0.025898458,0.0596,0.0819,0.0475,0.0054945055,0.0021545816,0.017600000000000005,0.007800000000000001,0.0223,-0.034645488029465876
1975-11-01,-3.207866939363752,-3.1834592489148537,-2.447479099050382,-0.7603878403133697,0.8679284743,0.0246224796,0.0548,0.0838,-0.0109,0.0072859745,0.0008126854,0.017799999999999996,0.0020999999999999994,0.028999999999999998,0.06164301895791113
1975-12-01,-3.1990058039967773,-3.210580645235348,-2.427489556321325,-0.771516247675452,0.876338851,0.0237119656,0.0544,0.0805,0.039,0.0036166365,0.0013307999,0.017699999999999994,0.005200000000000003,0.026100000000000005,0.024707996406109434
1976-01-01,-3.309924327167632,-3.1981094666966694,-2.5104166695353265,-0.7995076576323059,0.7659338857,0.0218521822,0.0487,0.0802,0.009,0.0018018018,0.0019782826,0.018100000000000005,0.009800000000000001,0.03149999999999999,-0.0115081104778606
1976-02-01,-3.297534223864177,-3.3090016676720553,-2.4708607365417756,-0.8266734873224015,0.7680365203,0.0222330928,0.0488,0.0802,0.0062,0.0035971223,0.0012214388,0.0169,-9.99999999999994e-05,0.03139999999999999,0.11830579886905435
1976-03-01,-3.3268670235845463,-3.2966395147882657,-2.4737787590626383,-0.853088264521908,0.7840312172,0.0150721313,0.05,0.0792,0.0166,0.0017921147,0.0012657161,0.016,9.99999999999994e-05,0.029200000000000004,-0.011401943287725591
1976-04-01,-3.3095161893219074,-3.3205725125069265,-2.4402629237122264,-0.869253265609681,0.7860761398,0.0142394847,0.0486,0.0797,0.0018,0.0035778175,0.0010071323,0.015399999999999997,-0.0033,0.031099999999999996,0.030688998094474007
1976-05-01,-3.2887656989466993,-3.3032342894691915,-2.4038392357989884,-0.8849264631477107,0.8035027635,0.0141483212,0.052,0.0821,-0.0158,0.0071301248,0.0009364703,0.012799999999999992,0.005500000000000001,0.03010000000000001,-0.010995426680938003
1976-06-01,-3.3226606316634983,-3.282549610527668,-2.422456037540967,-0.900204594122531,0.7814276312,0.0189250313,0.0541,0.0807,0.0208,0.0053097345,0.0009715815,0.012700000000000003,-0.0058,0.02659999999999999,-0.014364423455332509
1976-07-01,-3.306625715369267,-3.3147135699709662,-2.4036153911630063,-0.9030103242062606,0.7958238544,0.0188427707,0.0523,0.0805,0.0078,0.0052816901,0.0004871522,0.0126,0.0071,0.028200000000000003,0.040926332601317617
1976-08-01,-3.293604397229517,-3.2987413118451183,-2.3878400783423492,-0.9057643188871676,0.8047322694,0.0206295275,0.0514,0.079,0.0211,0.0052539405,0.0007445224,0.011899999999999994,0.0019999999999999983,0.0276,-0.008055235903337232
1976-09-01,-3.308170307872399,-3.2857816715483077,-2.399702301679453,-0.9084680061929462,0.7913632737,0.0237826575,0.0508,0.0781,0.0145,0.0034843206,0.0008906883,0.0102,0.002199999999999999,0.027300000000000005,-0.005123743232791966
1976-10-01,-3.2685081803158624,-3.290993993647951,-2.3647293333748007,-0.9037788469410619,0.8120796327,0.0255691262,0.0492,0.0779,0.0084,0.0052083333,0.001269993,0.0097,-0.0013999999999999993,0.028699999999999996,0.02264114274608886
1976-11-01,-3.2438421036970597,-3.251647021366444,-2.3445912686282004,-0.8992508350688595,0.8272629379,0.0278954289,0.0475,0.0749,0.0339,0.0017271157,0.0011179253,0.00979999999999999,-0.0020000000000000018,0.027399999999999994,-0.022234891676168655
1976-12-01,-3.278401804182227,-3.2272358440521716,-2.3835743369587785,-0.8948274672234486,0.779973125,0.0285665543,0.0435,0.0721,0.0327,0.0034482759,0.0005762273,0.011400000000000007,0.0020000000000000018,0.0286,-0.007774538386783436
1977-01-01,-3.215085116113981,-3.2669369137274424,-2.32601735148267,-0.8890677646313112,0.8210652053,0.0295997969,0.0462,0.0764,-0.0388,0.0051546392,0.00069563,0.011200000000000002,0.0085,0.030199999999999998,0.0524975514201762
1977-02-01,-3.1818759922716073,-3.2037743159173577,-2.298456181288326,-0.8834198109832814,0.8368039982,0.0279702171,0.0467,0.0775,-0.0049,0.0102564103,0.0003346756,0.010800000000000004,0.0029,0.0308,-0.050530429927414744
1977-03-01,-3.1565433015037856,-3.1706678301074165,-2.2786907727946097,-0.8778525287091758,0.8684299283,0.0303383572,0.046,0.0772,0.0091,0.0067681895,0.0006657328,0.0102,0.0002999999999999999,0.031200000000000006,-0.0216602959913752
1977-04-01,-3.1433050147841897,-3.1431018246991664,-2.267716583806579,-0.8755884309776105,0.8611500701,0.0311400296,0.0454,0.0771,0.0071,0.0084033613,0.0009848511,0.010300000000000004,0.0029,0.0317,-0.014025245441795176
1977-05-01,-3.106215240641212,-3.1300650552957987,-2.232803241669735,-0.873411998971477,0.8882113369,0.0353154695,0.0496,0.0765,0.0125,0.005,0.0006348018,0.009599999999999997,-0.0019000000000000006,0.0269,0.00020321072952644847
1977-06-01,-3.137486645358945,-3.0931253535073253,-2.2662316663946673,-0.8712549789642778,0.8711120812,0.0319410996,0.0502,0.0754,0.0164,0.0066334992,0.0005633646,0.009599999999999997,0.0011000000000000003,0.025199999999999993,-0.023567655424624023
1977-07-01,-3.110477439593284,-3.1268325926965463,-2.2406390797304288,-0.8698383598628554,0.8967833991,0.033181837,0.0519,0.0768,-0.007,0.0049423394,0.000594708,0.009300000000000003,0.006500000000000001,0.02489999999999999,0.04535996670828135
1977-08-01,-3.078691634510414,-3.099958155234189,-2.2102290972932277,-0.8684625372171864,0.9265342604,0.0337503868,0.0549,0.0754,0.0198,0.0032786885,0.0005824464,0.008400000000000005,-0.006200000000000002,0.020499999999999997,-0.016222133757961887
1977-09-01,-3.0657764440842494,-3.0682596321165767,-2.198675956400866,-0.8671004876833832,0.9422625161,0.0323675866,0.0581,0.0764,-0.0029,0.0032679739,0.0004631961,0.008799999999999988,0.0006999999999999997,0.018299999999999997,-0.02104198280222558
1977-10-01,-3.008878739748897,-3.0532551635305776,-2.1487129259105457,-0.8601658138383514,0.9753772836,0.0327751368,0.0616,0.0781,-0.0093,0.003257329,0.0007261726,0.008500000000000008,0.0055,0.0165,-0.002480107471323656
1977-11-01,-3.0231423788338523,-2.996533981017059,-2.169765753882737,-0.853376624951115,0.9620344703,0.0292167295,0.061,0.0777,0.0093,0.0048701299,0.001387547,0.0087,-0.003199999999999999,0.016700000000000007,-0.04340619496529574
1977-12-01,-3.0137698978705387,-3.0109267432148306,-2.1670840326064753,-0.8466858652640632,0.9603330245,0.0304753992,0.0607,0.0803,-0.0168,0.0032310178,0.0006266271,0.007999999999999993,0.006299999999999998,0.0196,0.026965562053281378
1978-01-01,-2.941053121020224,-3.00454066991182,-2.102678631424651,-0.8383744895955736,1.0367310889,0.0288142482,0.0644,0.0816,-0.008,0.0064412238,0.0009080501,0.0076000000000000095,-0.0008999999999999998,0.017200000000000007,0.002847200253084381
1978-02-01,-2.906813632603072,-2.9318872701551877,-2.0766879832626537,-0.8301256493404183,1.0755672937,0.0311689879,0.0645,0.0822,0.0004,0.0064,0.0006698948,0.007300000000000001,0.0047,0.017699999999999994,-0.061514195583596165
1978-03-01,-2.9223772230118468,-2.8977518651937877,-2.100397170608933,-0.8219800524029139,1.1114925531,0.0275695984,0.0629,0.0831,-0.0021,0.0079491256,0.0006228568,0.007500000000000007,0.0063,0.020199999999999996,-0.02476190476190465
1978-04-01,-2.996724193620442,-2.914760470922694,-2.1729456491911407,-0.8237785444293011,1.0053504037,0.0229459889,0.0629,0.0838,-0.0005,0.0078864353,0.001741181,0.0076000000000000095,-0.0018,0.020900000000000002,0.02493106617647034
1978-05-01,-2.9934108237630723,-2.98918553793859,-2.1678345240809587,-0.8255762996821137,1.0014156386,0.0165594591,0.0641,0.0852,-0.0058,0.0093896714,0.0010850552,0.007999999999999993,-0.005000000000000001,0.021099999999999994,0.0854164331352989
1978-06-01,-2.9681663924754877,-2.9859082076414927,-2.140851565531565,-0.8273148269439228,1.0279015813,0.0165234648,0.0673,0.0865,-0.0062,0.0108527132,0.0010274141,0.008400000000000005,0.0085,0.019199999999999995,0.004234224930290242
1978-07-01,-3.0132264826742197,-2.960719646689022,-2.1833199090103306,-0.8299065736638891,0.9762603361,0.0146714141,0.0701,0.0858,0.0143,0.0076687117,0.0008499296,0.007199999999999998,-0.004200000000000001,0.015700000000000006,-0.017585355820649906
1978-08-01,-3.031448243835538,-3.005854848084111,-2.1989658543150306,-0.8324823895205076,0.9600602176,0.0120027078,0.0708,0.0843,0.0218,0.00456621,0.0010022377,0.00789999999999999,0.0039000000000000007,0.013499999999999998,0.05390976656547686
1978-09-01,-3.0168230326519163,-3.024110632314904,-2.1818374251499693,-0.8349856075019473,0.9722575131,0.0127039061,0.0785,0.086,-0.0106,0.0075757576,0.0009479772,0.007300000000000001,0.0058000000000000005,0.007499999999999993,0.02592371871275323
1978-10-01,-2.9174599913192725,-3.0135018606272292,-2.0641389362180527,-0.8533210551012198,1.0622752224,0.0143505524,0.0799,0.0889,-0.02,0.0090225564,0.0021000234,0.006999999999999992,-0.0005000000000000004,0.009000000000000008,-0.007261109497531226
1978-11-01,-2.9306725049737405,-2.9141696018293057,-2.0594360238134377,-0.8712364811603031,1.053527402,0.0140892722,0.0864,0.0877,0.0189,0.0044709389,0.003180889,0.007999999999999993,-0.0055,0.0012999999999999956,-0.09157401989467528
1978-12-01,-2.942152551232101,-2.9273731825889406,-2.05345805165894,-0.8886944995731609,1.0457012956,0.0148505522,0.0908,0.0898,-0.013,0.0044510386,0.00166563,0.007800000000000001,-0.0002999999999999999,-0.0010000000000000009,0.016639828234031206
1979-01-01,-2.97262495252877,-2.9336483804902644,-2.0665518901555,-0.9060730623732698,1.0030742833,0.0143875325,0.0935,0.0886,0.0191,0.0088626292,0.0010011132,0.008800000000000002,-0.0006999999999999992,-0.004900000000000002,0.01488912354804639
1979-02-01,-2.926963772894787,-2.964173100853614,-2.0041051712508406,-0.9228586016439464,1.0407754507,0.0122277102,0.0932,0.0908,-0.0135,0.0117130307,0.0008140809,0.008199999999999999,0.0006999999999999992,-0.0023999999999999994,0.039746124232650226
1979-03-01,-2.972286479516072,-2.9186019873274893,-2.0331810698757455,-0.9391054096403266,1.0330789394,0.0116703077,0.0948,0.0902,0.0129,0.010130246,0.0008007332,0.008899999999999991,-0.0023,-0.004599999999999993,-0.036525567897528366
1979-04-01,-2.965017792050694,-2.9633457975623356,-2.017951589597177,-0.947066202453517,1.0418762428,0.0115703138,0.0946,0.0922,-0.0112,0.0114613181,0.0006468352,0.009500000000000008,0.006,-0.0023999999999999994,0.055151641046946365
1979-05-01,-2.929485734719326,-2.956175229689979,-1.9746488093039716,-0.9548369254153541,1.0831418044,0.0141831592,0.0961,0.0903,0.0261,0.0127478754,0.000924227,0.0097,-0.003300000000000001,-0.0058,0.001673393050497074
1979-06-01,-2.9586291668758973,-2.9207019516490558,-1.9962270830423363,-0.9624020838335607,1.0578636072,0.0120683771,0.0906,0.0877,0.0311,0.0111888112,0.000571481,0.010900000000000007,-0.004199999999999999,-0.0029,-0.026336477987421447
1979-07-01,-2.956774649550541,-2.9480671641933873,-1.9895527619718916,-0.9672218875786496,1.0523144538,0.0096782476,0.0924,0.0895,-0.0085,0.0110650069,0.0007076848,0.010900000000000007,0.0054,-0.0029,0.038655631812676505
1979-08-01,-2.998058431041495,-2.946341375186782,-2.026127969633094,-0.9719304614084008,1.0034586483,0.0115690793,0.0952,0.0907,-0.0035,0.0095759234,0.0005064798,0.011200000000000002,0.0041,-0.004500000000000004,0.00874550578175115
1979-09-01,-2.987714737895044,-2.987714737895044,-2.011205146027834,-0.97650959186721,1.0137949874,0.0094039237,0.1026,0.0927,-0.0122,0.0108401084,0.0012330663,0.010999999999999996,-0.0056999999999999985,-0.009899999999999992,0.05307773817551298
1979-10-01,-2.90820214159735,-2.979274954183027,-1.9349033762137826,-0.9732987653835674,1.0919455682,0.0102095448,0.117,0.1034,-0.0841,0.0080428954,0.0025892994,0.012700000000000003,-0.004900000000000002,-0.013600000000000001,0.0
1979-11-01,-2.941591680129209,-2.8998508385794466,-1.9714492247304474,-0.9701424553987612,1.0831154618,0.0107786938,0.1179,0.1009,0.0311,0.0093085106,0.0015583806,0.012300000000000005,-0.008899999999999998,-0.017,-0.06860592755214046
1979-12-01,-2.9499199720321476,-2.933291844865603,-1.982902477900884,-0.9670174941312635,1.061950068,0.0105144647,0.1204,0.1012,0.0057,0.0105401845,0.0004696422,0.013200000000000003,-0.0165,-0.019199999999999995,0.042624238852877694
1980-01-01,-2.9971347983280765,-2.9411093423499928,-2.029330796262822,-0.9678040020652541,1.016954958,0.0112974707,0.12,0.1114,-0.0741,0.0143415906,0.0019064055,0.013300000000000006,0.009599999999999997,-0.008599999999999997,0.016767143933684947
1980-02-01,-2.984011681059717,-2.988401118359322,-2.0154288494223858,-0.9685828316373308,1.0319299303,0.0108271852,0.1286,0.1186,-0.0467,0.0141388175,0.0018976181,0.011899999999999994,-0.019800000000000005,-0.009999999999999995,0.057624606262738576
1980-03-01,-2.8679968596285508,-2.975353618316602,-1.8986557572399536,-0.9693411023885972,1.0937321031,0.0118774451,0.152,0.1239,-0.0315,0.0152091255,0.0046218942,0.014899999999999997,0.0253,-0.0281,-0.004379817799579522
1980-04-01,-2.900293808031539,-2.859977377666973,-1.9466339032344933,-0.953659904797046,1.0518199398,0.0153468468,0.132,0.1076,0.1523,0.0112359551,0.0027455493,0.021500000000000005,-0.01469999999999999,-0.024400000000000005,-0.10179482667605133
1980-05-01,-2.9378739169489694,-2.892355095128696,-1.999866954511056,-0.9380069624379135,1.0100487748,0.0150518602,0.0858,0.1037,0.0419,0.0098765432,0.0015097166,0.021800000000000014,0.014100000000000001,0.0179,0.0411401704378489
1980-06-01,-2.9565923652167205,-2.9299808959912106,-2.0342593188866025,-0.9223330463301178,0.990183427,0.0153043875,0.0707,0.1006,0.0359,0.011002445,0.0013710848,0.021299999999999986,-0.001800000000000003,0.029899999999999996,0.046570702794242136
1980-07-01,-3.0123402065793385,-2.9493292433712543,-2.1039862240601237,-0.9083539825192151,0.9188299192,0.020154038,0.0806,0.1074,-0.0476,0.0,0.001362831,0.015799999999999995,0.004700000000000003,0.02679999999999999,0.026968716289104577
1980-08-01,-3.0109313607803188,-3.005112864545282,-2.1165660712732044,-0.8943652895071141,0.9215196389,0.0199498435,0.0913,0.114,-0.0432,0.0072551391,0.0017081584,0.015100000000000002,-0.0012999999999999956,0.022699999999999998,0.06503851540616257
1980-09-01,-3.02862837759719,-3.003772352962988,-2.148229474135431,-0.8803989034617588,0.9216876515,0.0237960395,0.1027,0.1185,-0.0262,0.0084033613,0.0026574057,0.01680000000000001,0.0025000000000000022,0.015799999999999995,0.005835456562833796
1980-10-01,-3.0395922716155646,-3.0236982114893314,-2.1600335490101394,-0.8795587226054251,0.9295936138,0.0227691861,0.1162,0.1231,-0.0263,0.0095238095,0.0021906435,0.01920000000000001,0.0104,0.006900000000000003,0.025167511031214174
1980-11-01,-3.1321550774495064,-3.03468629284671,-2.2534290082252997,-0.8787260692242065,0.8651619788,0.0219492748,0.1373,0.123,0.01,0.008254717,0.0024190718,0.016699999999999993,-0.0083,-0.014300000000000007,0.016021042563366894
1980-12-01,-3.0928118433805425,-3.1272730498521977,-2.21491100105803,-0.8779008423225125,0.8915030239,0.0268163754,0.1549,0.1199,0.0352,0.0093567251,0.0029515288,0.01930000000000001,-0.010400000000000003,-0.035,0.1023770298893858
1981-01-01,-3.0395176149570737,-3.0863393288749252,-2.173502020246929,-0.8660155947101444,0.9072386965,0.0286954334,0.1502,0.1211,-0.0115,0.0081112399,0.0015974348,0.022199999999999998,-0.0014999999999999996,-0.0291,-0.03387418161115874
1981-02-01,-3.04627608843398,-3.0330867246267834,-2.1921335743568107,-0.854142514077169,0.8818157565,0.0300093729,0.1479,0.1283,-0.0435,0.0103448276,0.001530909,0.020199999999999996,0.016599999999999997,-0.019600000000000006,-0.0457424867413081
1981-03-01,-3.075284905255945,-3.0398862903352084,-2.23300415915554,-0.8422807461004049,0.9249205574,0.027939298,0.1336,0.1248,0.0384,0.0068259386,0.0020759444,0.020100000000000007,-0.0072999999999999975,-0.008800000000000002,0.01327672713238126
1981-04-01,-3.0457226155209023,-3.069457965844795,-2.199488262454474,-0.8462343530664287,0.9305938361,0.0273520119,0.1369,0.1332,-0.0518,0.006779661,0.0008320026,0.01679999999999998,-0.025099999999999997,-0.003699999999999981,0.03603260455549617
1981-05-01,-3.038287297172161,-3.039945172457693,-2.188137847618766,-0.8501494495533952,0.9362238467,0.0288446179,0.163,0.1265,0.0622,0.0078563412,0.000921688,0.01630000000000001,-0.002700000000000001,-0.036500000000000005,-0.02345588235294116
1981-06-01,-3.022064824728181,-3.032527391737184,-2.1680824474722544,-0.853982377255927,0.9504749816,0.0278934365,0.1473,0.1304,-0.0179,0.008908686,0.0009955428,0.02049999999999999,0.0202,-0.0169,-0.0016565017694450956
1981-07-01,-3.013098823750823,-3.015311467235468,-2.16011027274247,-0.852988551008353,0.9749669236,0.0255902194,0.1495,0.137,-0.0353,0.0110375276,0.0011029891,0.0179,-0.001899999999999999,-0.012499999999999983,-0.010408024737913801
1981-08-01,-2.9422644577840353,-3.0063753282445935,-2.0902794395266553,-0.85198501825738,1.0533540563,0.0269917415,0.1551,0.1445,-0.0386,0.0076419214,0.0018249381,0.014499999999999985,0.0040999999999999995,-0.010599999999999998,-0.0022101973934914865
1981-09-01,-2.8802663366258248,-2.93560120323386,-2.029250593333845,-0.8510157432919796,1.0923786442,0.0214833701,0.147,0.1482,-0.0145,0.0097508126,0.0027611735,0.01429999999999998,-0.0054,0.0012000000000000066,-0.06209899175068734
1981-10-01,-2.9226315710637225,-2.874653284960363,-2.0752661702693556,-0.8473654007943672,1.0890856841,0.0148971083,0.1354,0.1384,0.0829,0.0021459227,0.0020782516,0.017100000000000004,-0.0308,0.0030000000000000027,-0.05383174525612833
1981-11-01,-2.953001851932256,-2.9170650167657977,-2.109244140950481,-0.8437577109817749,1.0444554433,0.0156728261,0.1086,0.122,0.141,0.0032119914,0.0015040033,0.021699999999999997,-0.01429999999999998,0.013399999999999995,0.04914787398863818
1981-12-01,-2.9169143057763507,-2.9474510296364325,-2.076752382254596,-0.8401619235217548,1.0611428571,0.0119096464,0.1085,0.1334,-0.0713,0.0032017076,0.0009057975,0.0232,0.0133,0.02489999999999999,0.036590368364919135
1982-01-01,-2.894700048322423,-2.9123996254218243,-2.071058175844499,-0.8236418724779238,1.0658936976,0.0107004867,0.1228,0.1415,0.0046,0.0031914894,0.0025219329,0.019200000000000023,-0.0175,0.01869999999999998,-0.03007518796992481
1982-02-01,-2.8277469224031524,-2.8902056587345832,-2.0207573618930166,-0.8069895605101358,1.1262873155,0.0105060983,0.1348,0.1402,0.0182,0.0031813362,0.0019182315,0.019100000000000006,0.012999999999999998,0.005399999999999988,-0.01754385964912275
1982-03-01,-2.8130535101121947,-2.8232726420082312,-2.0228390363675457,-0.790214473744649,1.1857505743,0.0055484327,0.1268,0.1387,0.0231,-0.0010570825,0.0017952261,0.022399999999999975,0.0075,0.011899999999999994,-0.06054817275747515
1982-04-01,-2.847833613992984,-2.8085991597628146,-2.076580643108434,-0.7712529708845499,1.1499834976,0.0029236858,0.127,0.1348,0.0373,0.0042328042,0.0012468205,0.0232,-0.003500000000000003,0.007800000000000001,-0.010167093979312258
1982-05-01,-2.803449766381455,-2.843399016925118,-2.0513590569722204,-0.7520907094092346,1.1904238963,-0.0009581844,0.1209,0.1358,0.0034,0.009483667,0.0008548156,0.023799999999999988,0.0211,0.01490000000000001,0.040014290818149334
1982-06-01,-2.7785364910662107,-2.799034748172338,-2.0458015575250426,-0.7327349335411684,1.2015814171,0.0012130304,0.1247,0.1412,-0.0223,0.012526096,0.0014902926,0.02109999999999998,-0.0245,0.016499999999999987,-0.039161800068704955
1982-07-01,-2.753326376617479,-2.776585385432327,-2.0369936775208046,-0.7163326990966741,1.2065298046,-0.0115518915,0.1135,0.1352,0.0501,0.0051546392,0.0009585831,0.021900000000000003,0.0039000000000000007,0.021699999999999983,-0.020289595995709675
1982-08-01,-2.8610948908040914,-2.751364443338086,-2.1613944205457543,-0.6997004702583369,1.082424471,-0.0028576304,0.0868,0.1254,0.0781,0.0020512821,0.0064159331,0.026100000000000012,0.005599999999999994,0.03860000000000001,-0.022990603047167157
1982-09-01,-2.866736979762168,-2.8591513976046556,-2.183861349524052,-0.6828756302381156,1.0885355649,0.0005507087,0.0792,0.1183,0.0618,0.0020470829,0.0021312943,0.026900000000000007,0.0005000000000000004,0.039099999999999996,0.11597721542627704
1982-10-01,-2.9704469991929234,-2.8657593556026506,-2.311426697600017,-0.6590203015929066,0.983745412,0.0065578321,0.0771,0.1112,0.0634,0.0030643514,0.0061259079,0.026099999999999984,0.012499999999999997,0.03409999999999999,0.00761442557108194
1982-11-01,-3.004970716961231,-2.969484899993346,-2.370318163177466,-0.6346525537837653,0.9387268109,0.0009581552,0.0807,0.1125,-0.0002,-0.0020366599,0.0054916495,0.026199999999999987,0.0203,0.03180000000000001,0.11036372695565522
1982-12-01,-3.0190393277026084,-3.003994986360201,-2.4093370452181553,-0.6097022824844534,0.9322147266,0.0029900535,0.0794,0.1095,0.0312,-0.0040816327,0.0024902383,0.023099999999999996,-0.020399999999999998,0.030100000000000002,0.036122952658738994
1983-01-01,-3.049702382464043,-3.017105245824672,-2.447750112274006,-0.6019522701900368,0.9069443153,0.0021947601,0.0786,0.1113,-0.0309,0.0020491803,0.0032808574,0.02149999999999999,0.0215,0.03269999999999999,0.015158077089649113
1983-02-01,-3.0665745606845114,-3.0477575342457968,-2.4724250964060475,-0.5941494642784637,0.8768492387,0.0003558813,0.0811,0.106,0.0492,0.0010224949,0.0019116417,0.019400000000000014,-0.006400000000000003,0.02489999999999999,0.03313424345847582
1983-03-01,-3.097206811523513,-3.0646479592353737,-2.5108683727977588,-0.5863384387257542,0.7800677858,0.0059935424,0.0835,0.1083,-0.0094,0.0,0.001571821,0.018799999999999997,0.0166,0.02479999999999999,0.01899518238127995
1983-04-01,-3.168008360094409,-3.0957606796735133,-2.5785612248255747,-0.5894471352688342,0.7188876203,0.0066268443,0.0821,0.1051,0.035,0.0071501532,0.0014237505,0.017799999999999996,0.019799999999999998,0.022999999999999993,0.033094691341348126
1983-05-01,-3.1541410362751843,-3.1665643165221753,-2.561611747327262,-0.5925292889479223,0.7345955766,0.0104289126,0.0819,0.1112,-0.0386,0.0060851927,0.001084614,0.016299999999999995,0.006200000000000004,0.029299999999999993,0.07492154811715457
1983-06-01,-3.1873167525262547,-3.1526990749582833,-2.5917156789887117,-0.5956010735375428,0.721382042,0.015826551,0.0879,0.1119,0.0039,0.0030241935,0.0013991486,0.01630000000000001,-0.0085,0.023999999999999994,-0.012346429874711129
1983-07-01,-3.150867690043789,-3.1844390526986395,-2.539518228511499,-0.6113494615322896,0.7350611231,0.0253802086,0.0908,0.1198,-0.0486,0.0040201005,0.0022928246,0.012399999999999994,0.0030999999999999986,0.028999999999999998,0.03522384383274857
1983-08-01,-3.1592535658477985,-3.1479982476158357,-2.53249571075325,-0.6267578550945487,0.7248223918,0.0194746307,0.0934,0.121,0.002,0.003003003,0.0013690453,0.011300000000000004,0.0031000000000000003,0.0276,-0.03301409791208143
1983-09-01,-3.1664992371633485,-3.1563923335667665,-2.5246453509909537,-0.641853886172395,0.714847583,0.0231783929,0.09,0.1157,0.0505,0.00499002,0.0010572931,0.011800000000000005,-0.011300000000000004,0.0257,0.011318897637795367
1983-10-01,-3.14693204816182,-3.1622226803960887,-2.4912267938914368,-0.655705254270383,0.7194743715,0.024744376,0.0864,0.1188,-0.0132,0.002979146,0.0011153555,0.0121,0.0107,0.0324,0.010158150851581338
1983-11-01,-3.1599494768819576,-3.1426737024792426,-2.490690169062996,-0.6692593078189617,0.6908198931,0.0266368271,0.0876,0.1176,0.0183,0.001980198,0.0008363031,0.011999999999999997,-0.0040999999999999995,0.03,-0.015174324080207025
1983-12-01,-3.146835800916025,-3.155709187843072,-2.4643232473456913,-0.6825125535703336,0.7003591178,0.027056897,0.09,0.1197,-0.0059,0.0009881423,0.0005281144,0.011800000000000005,0.0026,0.029700000000000004,0.017425863650259776
1984-01-01,-3.1333546546398083,-3.1426134160361765,-2.426260246599013,-0.7070944080407955,0.7221976437,0.0307360053,0.089,0.118,0.0244,0.005923001,0.0007946061,0.014500000000000013,0.002599999999999998,0.028999999999999998,-0.008834134615384626
1984-02-01,-3.0895155412408117,-3.1291500233577763,-2.35862803269802,-0.7308875085427922,0.763448031,0.0267017483,0.0909,0.1217,-0.0178,0.0049067713,0.0020194765,0.015099999999999988,0.0005999999999999998,0.030800000000000008,-0.009216031043473016
1984-03-01,-3.0987362543175703,-3.085328514886595,-2.3448006115213924,-0.7539356427961781,0.7624754269,0.0241049363,0.0952,0.1253,-0.0156,0.001953125,0.0013545875,0.01419999999999999,-0.0079,0.030099999999999988,-0.03885931093568318
1984-04-01,-3.0981743542210274,-3.0927237251828585,-2.32992835697726,-0.7682459972437674,0.7586589793,0.0226819545,0.0969,0.1284,-0.0105,0.0048732943,0.0010355282,0.015000000000000013,0.0032000000000000006,0.031499999999999986,0.013498026232013238
1984-05-01,-3.0309929866553666,-3.092183998143496,-2.248812973731906,-0.7821800129234608,0.803910033,0.0215141284,0.0983,0.1381,-0.0516,0.0029097963,0.0009330503,0.014600000000000002,0.0032999999999999974,0.0398,0.005465510742555635
1984-06-01,-3.04237042671976,-3.0250519811660554,-2.246602458243109,-0.795767968476651,0.7843518191,0.0013040651,0.0987,0.1374,0.015,0.002901354,0.0016757627,0.014999999999999986,0.004900000000000002,0.0387,-0.05935645110902843
1984-07-01,-3.0226000231722185,-3.0391880812561167,-2.222634292861588,-0.7999657303106307,0.7963919375,-0.0018621419,0.1012,0.1293,0.0693,0.0038572806,0.0008656576,0.017100000000000004,-0.010700000000000001,0.0281,0.017469279309199504
1984-08-01,-3.1204643439263755,-3.0194141797696714,-2.316358416926219,-0.8041059270001563,0.7254283801,-0.0031008335,0.1047,0.127,0.0266,0.0038424592,0.0031268328,0.017600000000000005,0.004100000000000003,0.0223,-0.016451233842538215
1984-09-01,-3.113816378006868,-3.117302167941872,-2.3055998676621354,-0.8082165103447325,0.7360509153,-0.0094925469,0.1037,0.1235,0.0342,0.004784689,0.0009432267,0.0169,-0.002800000000000004,0.019799999999999998,0.10633213859020318
1984-10-01,-3.1070039513812397,-3.1070641578895812,-2.3039286407038104,-0.8030753106774293,0.7356424655,-0.0135284804,0.0974,0.1173,0.0561,0.0028571429,0.0012918483,0.0131,0.0011000000000000038,0.0199,-0.003479721622270282
1984-11-01,-3.085069375320442,-3.1002970181245217,-2.287098587918299,-0.7979707874021433,0.7470519959,-0.0218772065,0.0861,0.1169,0.0118,0.0,0.0010202895,0.011900000000000008,0.0094,0.030800000000000008,-6.020469596623723e-05
1984-12-01,-3.1005348646765625,-3.078407125495026,-2.307620471095302,-0.7929143935812606,0.7330983765,-0.0271967866,0.0806,0.117,0.0091,0.0,0.0011901054,0.012700000000000003,0.0037,0.0364,-0.015112288518273176
1985-01-01,-3.16627027601404,-3.0948010027216606,-2.3841083260439224,-0.7821619499701176,0.6902554458,-0.0299050052,0.0776,0.1127,0.0364,0.0018993352,0.0016358207,0.011799999999999991,-0.0039000000000000007,0.03509999999999999,0.02237437339528059
1985-02-01,-3.169202999417874,-3.1605559747506016,-2.397805316029988,-0.7713976833878862,0.6917391609,-0.0245189175,0.0827,0.1209,-0.0493,0.0047393365,0.0007452963,0.010999999999999996,0.011999999999999997,0.0382,0.0740851470939965
1985-03-01,-3.1606048279691974,-3.1635342206955164,-2.399945418965959,-0.7606594090032384,0.7236457791,-0.0248157693,0.0852,0.1181,0.0307,0.0037735849,0.0008022855,0.011300000000000004,-0.012800000000000002,0.0329,0.008684518176251155
1985-04-01,-3.152520397500262,-3.157125249044854,-2.4113310680399884,-0.7411893294602736,0.7286615901,-0.022411793,0.0795,0.1162,0.0242,0.0046992481,0.0004598802,0.012799999999999992,0.005400000000000002,0.036699999999999997,-0.002925106242066322
1985-05-01,-3.2017067303954363,-3.1490658486101983,-2.480222307424026,-0.7214844229714101,0.6968929839,-0.0254809306,0.0748,0.1062,0.0896,0.0037418148,0.0008338603,0.014300000000000007,-0.007599999999999996,0.0314,-0.004594265471050463
1985-06-01,-3.2103121290913257,-3.1982511543607077,-2.508802082165621,-0.7015100469257045,0.6864301439,-0.0266075139,0.0695,0.1055,0.0142,0.0027958993,0.0007415203,0.014600000000000002,-0.005900000000000001,0.03599999999999999,0.0540510482122003
1985-07-01,-3.2011597074973737,-3.2060190320526396,-2.512092468400805,-0.6890672390965689,0.6803220899,-0.024638663,0.0708,0.1091,-0.018,0.0018587361,0.0007186299,0.014599999999999988,0.005899999999999999,0.0383,0.012134001582695841
1985-08-01,-3.1848050850104626,-3.196872152790525,-2.5082355634703317,-0.6765695215401308,0.687176258,-0.0242274732,0.0714,0.1068,0.0259,0.0018552876,0.0006296953,0.014499999999999999,9.99999999999994e-05,0.0354,-0.004847537138389368
1985-09-01,-3.14520731657565,-3.180548589995317,-2.4811789840308958,-0.664028332544754,0.6899588298,-0.0312943542,0.071,0.1082,-0.0021,0.0027777778,0.0008658431,0.014099999999999988,0.0092,0.03720000000000001,-0.011994552692227045
1985-10-01,-3.1842896482612306,-3.142659544496851,-2.536473925441161,-0.6478157228200696,0.6670256347,-0.0270693422,0.0716,0.1051,0.0338,0.0036934441,0.000911764,0.013399999999999995,-0.000899999999999998,0.0335,-0.03472406298043784
1985-11-01,-3.2447810237564476,-3.181748350832558,-2.613354004618177,-0.6314270191382705,0.622703158,-0.027715873,0.0724,0.1011,0.0401,0.0027598896,0.0009430684,0.01440000000000001,-0.0030999999999999986,0.02869999999999999,0.04250878734622132
1985-12-01,-3.286321508515901,-3.2422461681532595,-2.671478042226269,-0.6148434662896318,0.5926926882,-0.0194650815,0.071,0.0956,0.0541,0.0027522936,0.0012300755,0.014200000000000004,-0.007200000000000005,0.02460000000000001,0.06506163734063852
1986-01-01,-3.283634724743264,-3.2812709927298327,-2.675897273421796,-0.607737451321468,0.5835173999,-0.0191717774,0.0707,0.0958,-0.0025,0.0027447392,0.0019201584,0.013899999999999996,0.006999999999999999,0.025099999999999997,0.04506108720383839
1986-02-01,-3.3476591209966493,-3.278609588540591,-2.747006538840865,-0.6006525821557842,0.5363767217,-0.0179142569,0.0706,0.0841,0.1145,-0.0027372263,0.0010892902,0.01440000000000001,-0.0393,0.013499999999999998,0.002366527830367282
1986-03-01,-3.394106632453341,-3.3426591105799437,-2.800518044935114,-0.593588587518227,0.5196276277,-0.0164196221,0.0656,0.0766,0.077,-0.0045745654,0.0013737344,0.015,-0.0514,0.010999999999999996,0.07148928132968169
1986-04-01,-3.376533766045745,-3.390782984836997,-2.781918797121896,-0.5946149689238487,0.5297144587,-0.0245847833,0.0606,0.0782,-0.008,-0.0018382353,0.0024589457,0.013999999999999999,0.009600000000000001,0.017600000000000005,0.05279393618896533
1986-05-01,-3.4222420170445624,-3.3732335149113566,-2.826589283557275,-0.5956527334872876,0.5035407708,-0.0218719553,0.0615,0.0848,-0.0505,0.0027624309,0.0013699311,0.01200000000000001,0.034100000000000005,0.0233,-0.014148179154457874
1986-06-01,-3.432951223996427,-3.4189402759953245,-2.836287751061474,-0.5966634729349529,0.4992814574,-0.0122932373,0.0621,0.079,0.0613,0.0055096419,0.0015965185,0.0121,-0.0395,0.0169,0.05022927989130421
1986-07-01,-3.3671446471072026,-3.427619782409534,-2.7726429334330507,-0.5945017136741519,0.5323014009,-0.0112860333,0.0583,0.0809,-0.0108,0.0,0.0024158243,0.012799999999999992,0.013900000000000001,0.022600000000000002,0.014109561350313271
1986-08-01,-3.430601884338913,-3.361829264108708,-2.8382626417144303,-0.5923392426244827,0.497803344,-0.0096769523,0.0553,0.0763,0.0499,0.001826484,0.0012605846,0.014600000000000002,-0.0224,0.021000000000000005,-0.058682825705629105
1986-09-01,-3.3360160186010392,-3.4253267559137153,-2.745802168041309,-0.5902138505597301,0.5346292671,-0.0051386604,0.0521,0.0827,-0.05,0.0045578851,0.004207383,0.013099999999999987,0.0386,0.030599999999999995,0.07119261392512288
1986-10-01,-3.3872731343953415,-3.3339889129647675,-2.8074240819316594,-0.5798490524636821,0.5032458023,-0.0080245039,0.0518,0.0803,0.0289,0.000907441,0.0009905938,0.013800000000000007,-0.009999999999999998,0.028499999999999998,-0.08543865891748714
1986-11-01,-3.4065120170284997,-3.3852622312343694,-2.8370885099435146,-0.5694235070849851,0.4936710845,-0.0021244383,0.0535,0.0779,0.0267,0.0009066183,0.0017308565,0.013899999999999996,-0.0034000000000000002,0.024399999999999998,0.054729379214940366
1986-12-01,-3.375796990475242,-3.4044930721175537,-2.81687157191484,-0.5589254185604022,0.4984308658,-0.0113759993,0.0553,0.0789,-0.0018,0.0009057971,0.0012623423,0.014799999999999994,0.0135,0.023599999999999996,0.021477170259857514
1987-01-01,-3.497164519773257,-3.373384444069858,-2.926477712239978,-0.5706868075332792,0.4378973513,-0.0058406587,0.0543,0.0778,0.0161,0.0063348416,0.0024782274,0.013600000000000001,0.005500000000000001,0.023499999999999993,-0.02828825936923207
1987-02-01,-3.531015960829883,-3.494757779742692,-2.9487667682704837,-0.5822491925593991,0.4249119825,-0.0045059361,0.0559,0.0763,0.0202,0.0035971223,0.0014122466,0.012700000000000003,-0.0144,0.02040000000000001,0.13176694057893212
1987-03-01,-3.5546626605030203,-3.5286149992923446,-2.961031133052797,-0.5936315274502233,0.4280402137,-0.0022174302,0.0559,0.0795,-0.0223,0.0044802867,0.0019710953,0.012500000000000011,0.013600000000000001,0.023600000000000003,0.036923525977816674
1987-04-01,-3.53597799368711,-3.547494171024408,-2.9646420403500797,-0.5713359533370301,0.4314718592,0.0044930045,0.0564,0.0859,-0.0473,0.005352364,0.0041939063,0.011900000000000008,-0.0029,0.029500000000000005,0.02638986629134421
1987-05-01,-3.5348765175092263,-3.5288605259182457,-2.9860106370109154,-0.5488658804983109,0.4304908862,0.0069409582,0.0566,0.088,-0.0105,0.0035492458,0.0024892339,0.011800000000000005,0.005300000000000001,0.0314,-0.0114501199862872
1987-06-01,-3.5746113605649974,-3.527809350286134,-3.048411569549419,-0.5261997910155785,0.4078923974,0.0052024616,0.0567,0.0877,0.0098,0.0035366932,0.0010704212,0.011999999999999997,0.0057,0.031,0.006034124011652153
1987-07-01,-3.6162421093862847,-3.5691451071301437,-3.0627634907109496,-0.5534786186753351,0.3835432162,0.0018821969,0.0569,0.0907,-0.0178,0.0026431718,0.00081816,0.011899999999999994,0.005899999999999999,0.033800000000000004,0.04791451223715959
1987-08-01,-3.645178889855736,-3.6108171833926,-3.0654184460480005,-0.5797604438077353,0.37045382,0.0019974361,0.0604,0.0936,-0.0165,0.0052724077,0.0017761286,0.011300000000000004,0.009000000000000001,0.0332,0.04822368421052636
1987-09-01,-3.6153087332446687,-3.6397716875511548,-3.0102232396123108,-0.605085493632358,0.3799667216,0.0063503319,0.064,0.0992,-0.0369,0.0052447552,0.0025348306,0.011300000000000004,-0.005299999999999999,0.035199999999999995,0.034958890353354644
1987-10-01,-3.3641236158984342,-3.609551664954601,-2.7309056187756764,-0.6332179971227578,0.4948508425,0.0104777401,0.0613,0.0926,0.0623,0.0026086957,0.0709451379,0.010999999999999996,-0.0116,0.0313,-0.024166161309884915
1987-11-01,-3.2691869018783395,-3.358399501814546,-2.6089203016843836,-0.6602666001939559,0.538027324,0.0098984399,0.0569,0.0931,0.0037,0.0008673027,0.0067854547,0.012200000000000003,0.0088,0.0362,-0.217630426001305
1987-12-01,-3.33382473087961,-3.2634953668785514,-2.6475112898982296,-0.6863134409813805,0.5088120155,0.013274756,0.0577,0.092,0.0165,0.0,0.0068521879,0.011800000000000005,0.004699999999999999,0.0343,-0.0853489018626633
1988-01-01,-3.3681741866094006,-3.3285379360879617,-2.6666000925320086,-0.701574094077392,0.5037738354,0.0084227445,0.0581,0.0852,0.0666,0.0025996534,0.009157508,0.011900000000000008,-0.014900000000000004,0.0271,0.0728614850195397
1988-02-01,-3.403893118536805,-3.362926426818522,-2.6874275610592147,-0.7164655574775902,0.4761973721,0.0087922636,0.0566,0.0854,0.0052,0.0025929127,0.0019673463,0.012200000000000003,0.0086,0.028800000000000006,0.040432248664400205
1988-03-01,-3.3647497287730466,-3.3986615807806557,-2.633779459326458,-0.7309702694465887,0.5075299538,0.0060800302,0.057,0.0901,-0.0307,0.0043103448,0.0016591988,0.011800000000000005,0.0119,0.0331,0.04181740381997123
1988-04-01,-3.363759824459478,-3.3543791090203787,-2.589402732226833,-0.7743570922326448,0.4964744899,0.0050636719,0.0591,0.0929,-0.016,0.0051502146,0.0034595611,0.012300000000000005,0.0011000000000000003,0.0338,-0.03334329026958405
1988-05-01,-3.3566557344470906,-3.3534847065554416,-2.5415641928363066,-0.815091541610784,0.4967702548,0.0013473054,0.0626,0.0952,-0.0102,0.0034158839,0.0025557732,0.011399999999999993,0.0045000000000000005,0.032600000000000004,0.009424852253852922
1988-06-01,-3.388842573347275,-3.346495955875798,-2.535372806313768,-0.853469767033507,0.4711188723,-0.0053979214,0.0646,0.0917,0.0368,0.0042553191,0.0023613077,0.011400000000000007,0.0011000000000000038,0.0271,0.0031760609191444633
1988-07-01,-3.3751410221230684,-3.380567050980497,-2.513774609178307,-0.8613664129447614,0.4739915349,-0.0028231284,0.0673,0.0947,-0.017,0.0042372881,0.0019106187,0.01150000000000001,0.005900000000000001,0.027400000000000008,0.043256026853829566
1988-08-01,-3.327579248902544,-3.366944079491196,-2.4584905234875607,-0.8690887254149833,0.4966406615,-0.0062397522,0.0706,0.095,0.0058,0.0042194093,0.0013903193,0.01100000000000001,-0.0003999999999999993,0.024400000000000005,-0.005411334552102409
1988-09-01,-3.3583987461256246,-3.3194383793521682,-2.4817854913249597,-0.8766132548006649,0.4775404537,-0.0100015137,0.0724,0.0917,0.0345,0.0067226891,0.0011927398,0.010800000000000004,-0.0019000000000000059,0.019299999999999998,-0.03860010293360783
1988-10-01,-3.373861769970614,-3.3482286500018104,-2.4925711769725534,-0.8812905929980608,0.4695971889,-0.0104624725,0.0735,0.0889,0.0308,0.0033388982,0.0016315424,0.008999999999999994,-0.0034999999999999996,0.015400000000000011,0.03972927500764767
1988-11-01,-3.344732790241863,-3.363804423353445,-2.458869334543814,-0.8858634556980491,0.4771791101,-0.0077649556,0.0776,0.0923,-0.0196,0.0008319468,0.0013479967,0.010300000000000004,0.002700000000000001,0.01469999999999999,0.025964473539038746
1988-12-01,-3.3493461268753166,-3.3347653310368774,-2.459030881404422,-0.8903152454708945,0.465283574,-0.0214057475,0.0807,0.0918,0.011,0.0016625104,0.0006281109,0.010800000000000004,-0.0070999999999999995,0.011100000000000013,-0.018890920170627767
1989-01-01,-3.409162593034201,-3.340462625354452,-2.5108923628387165,-0.8982702301954846,0.4307694935,-0.0223605106,0.0827,0.0903,0.0203,0.0049792531,0.0009645729,0.010300000000000004,-9.99999999999994e-05,0.0076000000000000095,0.014687614176105424
1989-02-01,-3.3709860758434664,-3.400357313735267,-2.4649574122426876,-0.9060286636007788,0.4467784572,-0.024823372,0.0853,0.0935,-0.0179,0.0041288192,0.001176079,0.0097,0.004999999999999999,0.008199999999999999,0.07111479187671033
1989-03-01,-3.3828500928093015,-3.3622576532356745,-2.4692600377454212,-0.9135900550638802,0.4686914136,-0.0231021339,0.0882,0.0929,0.0122,0.0057565789,0.0012864519,0.0087,-0.0058000000000000005,0.004699999999999996,-0.028944095202877662
1989-04-01,-3.419909014075921,-3.371033262986056,-2.5146682500106037,-0.9052407640653173,0.4444352572,-0.0228019666,0.0865,0.0918,0.0159,0.0065412919,0.0009555837,0.008199999999999999,0.0053999999999999986,0.005300000000000013,0.02080592674652082
1989-05-01,-3.442764537060444,-3.408230192487087,-2.545751016824896,-0.8970135202355483,0.4334415257,-0.0277140566,0.0843,0.0878,0.0401,0.0056864338,0.0010730556,0.008900000000000005,-0.0021999999999999936,0.003500000000000003,0.05008987011225274
1989-06-01,-3.4232643481106444,-3.4312205372999514,-2.5343511571837896,-0.8889131909268548,0.440562937,-0.0239480705,0.0815,0.0821,0.055,0.0024232633,0.0014295303,0.009300000000000003,-0.0155,0.0006000000000000033,0.03513757912414417
1989-07-01,-3.4962475397965425,-3.4115660653123574,-2.6394619422042296,-0.8567855975923129,0.404035089,-0.028536215,0.0788,0.0801,0.0238,0.0024174053,0.0010188257,0.009399999999999992,-0.006000000000000002,0.0013000000000000095,-0.007924622488456157
1989-08-01,-3.5000820173464207,-3.484684525929255,-2.675714820459273,-0.8243671968871475,0.3927270602,-0.0248221492,0.079,0.0841,-0.0259,0.001607717,0.0013804507,0.0092,0.009600000000000001,0.005099999999999993,0.08837033775709147
1989-09-01,-3.4820853555374076,-3.488651179867277,-2.6904486111213504,-0.7916367444160572,0.3992097504,-0.0257470986,0.0775,0.0847,0.0019,0.0032102729,0.0005501917,0.008999999999999994,0.0021000000000000003,0.007199999999999998,0.01551664355062421
1989-10-01,-3.446668638302202,-3.47216638661289,-2.67655443794908,-0.7701142003531221,0.4064149288,-0.0243506384,0.0764,0.081,0.0379,0.0048,0.0056359108,0.008900000000000005,-0.010300000000000004,0.004600000000000007,-0.006544316403471417
1989-11-01,-3.453253081727524,-3.436847089802924,-2.7047045511095043,-0.7485485306180197,0.3972257018,-0.0270327725,0.0769,0.0808,0.0078,0.002388535,0.0008448088,0.0092,-0.0007999999999999995,0.0039000000000000007,-0.0251754260346555
1989-12-01,-3.4647177455761864,-3.443527058596547,-2.7377745518509062,-0.7269431937252802,0.3904547436,-0.0123335365,0.0763,0.0816,-0.0006,0.0015885624,0.0009234228,0.009599999999999997,0.0012,0.005299999999999999,0.01654130920202146
1990-01-01,-3.385516307329996,-3.4568159849148623,-2.684119796103492,-0.7013965112265041,0.4149713959,-0.0138967896,0.0764,0.0865,-0.0343,0.0103092784,0.0028920477,0.009500000000000008,0.015199999999999998,0.010099999999999998,0.021416803953871355
1990-02-01,-3.38618810616289,-3.3776853997486906,-2.710584368446284,-0.6756037377166058,0.4091730897,-0.0117292028,0.0774,0.0876,-0.0025,0.0047095761,0.0010085783,0.0092,0.0013000000000000002,0.0102,-0.0688172043010753
1990-03-01,-3.4023747527288735,-3.378409209994597,-2.752840315900938,-0.6495344368279357,0.4713339564,-0.0102914402,0.079,0.0889,-0.0044,0.00546875,0.0010322447,0.00839999999999999,0.0033,0.009900000000000006,0.008538957092500299
1990-04-01,-3.365010052589703,-3.3922652208893727,-2.7319133890179037,-0.6330966635717994,0.480284256,-0.0101492797,0.0777,0.0924,-0.0202,0.0015540016,0.0009667774,0.00839999999999999,0.0011000000000000003,0.01469999999999999,0.02425502425502435
1990-05-01,-3.4430026127715485,-3.3550017013488476,-2.826278170042815,-0.6167244427287337,0.4435699735,-0.0022618111,0.0774,0.0883,0.0415,0.0023273856,0.0013614467,0.009399999999999992,-0.0030000000000000027,0.010900000000000007,-0.026887097723127584
1990-06-01,-3.4241674130531323,-3.433093436863324,-2.8237614778482434,-0.6004059352048889,0.4429494323,-0.0005072745,0.0773,0.0864,0.023,0.0054179567,0.0013508255,0.009599999999999997,-0.0013999999999999985,0.00910000000000001,0.09198911729141468
1990-07-01,-3.4140552062754965,-3.4192920666131785,-2.8110269254047604,-0.6030282808707361,0.4392124466,0.0048850583,0.0762,0.086,0.0107,0.0038491147,0.0012984369,0.009599999999999997,-0.0004999999999999987,0.00979999999999999,-0.008886305124159222
1990-08-01,-3.310140688583538,-3.4092035135649517,-2.7045222056129608,-0.6056184829705771,0.4880735629,0.0014392103,0.0745,0.092,-0.0419,0.009202454,0.0058277892,0.009999999999999995,0.0127,0.0175,-0.005223171889838563
1990-09-01,-3.2527717430425764,-3.305312421188447,-2.6445946056040155,-0.6081771374385609,0.520289666,0.0013728769,0.0736,0.0914,0.0117,0.0083586626,0.0019847915,0.01079999999999999,-0.0026,0.017799999999999996,-0.09431419345781267
1990-10-01,-3.2389778390814348,-3.2456986249722917,-2.644024249628396,-0.5949535894530387,0.5224519209,-0.0004706842,0.0717,0.0898,0.0215,0.006028636,0.0044927639,0.0121,-0.008299999999999998,0.018100000000000005,-0.05118427579365081
1990-11-01,-3.2901612394955198,-3.2319543988389006,-2.708424239142049,-0.5817370003534705,0.4985056551,0.0009098866,0.0706,0.0858,0.0402,0.002247191,0.0024398922,0.013200000000000003,-0.011699999999999999,0.015200000000000005,-0.006698251919621034
1990-12-01,-3.30771134106432,-3.2831867841234743,-2.73917585313008,-0.5685354879342404,0.4844968599,-0.0018459075,0.0674,0.0844,0.0187,0.0,0.0007945958,0.013800000000000007,-0.0020000000000000018,0.017,0.05993421052631587
1991-01-01,-3.347728686443716,-3.307049637152666,-2.786120978810327,-0.5616077076333892,0.4663077997,0.0007215596,0.0622,0.0837,0.013,0.0059790732,0.0031935486,0.014100000000000001,0.002,0.0215,0.02482775743280996
1991-02-01,-3.412181837361523,-3.3470674200946076,-2.85754572922146,-0.554636108140063,0.4427204408,0.001246896,0.0594,0.0841,0.003,0.0014858841,0.0024313467,0.012399999999999994,0.0091,0.024699999999999993,0.04151777602810247
1991-03-01,-3.4334809630504637,-3.411521007996652,-2.8858513151730736,-0.5476296478773901,0.4571255997,0.0032513958,0.0591,0.0844,0.0038,0.0014836795,0.0013750555,0.0116,0.007000000000000001,0.025300000000000003,0.06728113278864889
1991-04-01,-3.4328121924048,-3.4324657890012533,-2.9108545151894805,-0.5219576772153194,0.4612395987,0.0057301566,0.0565,0.0837,0.014,0.0014814815,0.0020727745,0.010800000000000004,-0.00020000000000000052,0.027199999999999995,0.022202849592720897
1991-05-01,-3.4696416296627794,-3.4317898070249,-2.9739864945004384,-0.49565513516234105,0.4399669694,0.0069821048,0.0546,0.0845,0.0,0.0029585799,0.001585169,0.009999999999999995,0.0039,0.029900000000000003,0.0003464634081338236
1991-06-01,-3.4195510107668445,-3.468628520938757,-2.9508448393040596,-0.4687061714627849,0.458243743,0.0142474894,0.0557,0.086,-0.0063,0.0029498525,0.0011798904,0.009499999999999995,0.0045000000000000005,0.030299999999999994,0.03857732782736112
1991-07-01,-3.4599241961099665,-3.416041903630979,-3.0224123682466115,-0.43751182786335496,0.4403567816,0.0148355528,0.0558,0.085,0.0157,0.0014705882,0.0011053299,0.008900000000000005,0.0010000000000000009,0.029200000000000004,-0.047892671164353584
1991-08-01,-3.475893786232598,-3.4564355348040796,-3.070344205891905,-0.405549580340693,0.4376396373,0.0173312983,0.0533,0.0818,0.034,0.0029368576,0.0020376369,0.009000000000000008,-0.006500000000000002,0.028499999999999998,0.04485935984481082
1991-09-01,-3.453079776087511,-3.4724091067119,-3.0803230277254317,-0.3727567483620793,0.441531837,0.023289044,0.0522,0.079,0.0303,0.0043923865,0.0004746966,0.009000000000000008,-0.0032000000000000015,0.026799999999999997,0.01964879709135925
1991-10-01,-3.466827054889143,-3.4550368834560614,-3.127333395319518,-0.33949365956962474,0.4340034538,0.0255088958,0.0499,0.0791,0.0054,0.0014577259,0.0011256624,0.009399999999999992,-0.0011000000000000003,0.029200000000000004,-0.01914371696634043
1991-11-01,-3.4238658994534115,-3.4687880000391234,-3.1189113512083675,-0.304954548245044,0.4601544903,0.030689947,0.0456,0.0789,0.0082,0.0029112082,0.0020490197,0.0097,0.0023999999999999994,0.033299999999999996,0.011859949466302089
1991-12-01,-3.5316202026998593,-3.4258306974657624,-3.2625900636226404,-0.26903013907721895,0.4203444173,0.0318123844,0.0407,0.073,0.0581,0.0007256894,0.0020495495,0.009500000000000008,-0.014499999999999999,0.032299999999999995,-0.043928043622279866
1992-01-01,-3.5082227281611145,-3.5283231772599075,-3.237910259812231,-0.27031246834888334,0.4132296785,0.0319414665,0.038,0.0776,-0.0324,0.0014503263,0.0008724427,0.009300000000000003,0.015099999999999999,0.0396,0.11158786845050894
1992-02-01,-3.514447756490556,-3.5049283964827884,-3.2428649352771544,-0.2715828212134017,0.4076305252,0.0335560213,0.0384,0.0777,0.0051,0.0036205648,0.0009132282,0.009399999999999992,0.004499999999999999,0.03930000000000001,-0.01989978182166907
1992-03-01,-3.4890986759482137,-3.511172356024115,-3.216253488993091,-0.2728451869551227,0.4021060342,0.041900538,0.0404,0.0797,-0.0094,0.0050505051,0.0004697573,0.008999999999999994,0.0021000000000000003,0.039299999999999995,0.009564813229286262
1992-04-01,-3.5167149411060614,-3.4892041667442393,-3.226210769332828,-0.2905041717732333,0.3873034718,0.0386618101,0.0375,0.0803,0.0016,0.0014357502,0.0016610436,0.008800000000000002,0.0,0.0428,-0.021831839108311102
1992-05-01,-3.517792066265976,-3.5168285590253525,-3.209929565238186,-0.30786250102779,0.3829985163,0.0371754887,0.0363,0.0781,0.0243,0.0014336918,0.0006900288,0.008500000000000008,0.0011000000000000003,0.041800000000000004,0.027892689935346437
1992-06-01,-3.5003862946955655,-3.5178975801797066,-3.1754600490714138,-0.32492624562415173,0.3920423538,0.0430765596,0.0366,0.0765,0.02,0.0035790981,0.0007529192,0.008300000000000002,-0.004400000000000001,0.0399,0.0009639715628388945
1992-07-01,-3.536977492841532,-3.4983591300037964,-3.194908495801429,-0.34206899704010274,0.3833486997,0.0414947919,0.0321,0.0726,0.0398,0.0021398003,0.000897463,0.007700000000000012,-0.009000000000000001,0.0405,-0.017358853978572397
1992-08-01,-3.5106642485636614,-3.5349544292342783,-3.1518089831733156,-0.35885526539034585,0.3994050369,0.0430499562,0.0313,0.0725,0.0067,0.0028469751,0.0003695474,0.006999999999999992,0.002299999999999999,0.041199999999999994,0.03937374430342522
1992-09-01,-3.5177096836353114,-3.5086452694809043,-3.1424113344879876,-0.37529834914732385,0.3976569721,0.0411377823,0.0291,0.071,0.0185,0.0028388928,0.0008722412,0.006999999999999992,-0.008599999999999998,0.04189999999999999,-0.0239975483840551
1992-10-01,-3.520080011332367,-3.517975955468149,-3.1252998663704536,-0.3947801449619135,0.4032511778,0.0410960987,0.0286,0.0741,-0.0198,0.0035385704,0.0009441448,0.008500000000000008,0.004200000000000002,0.0455,0.009105620365674083
1992-11-01,-3.5501673467206794,-3.5203544261847752,-3.1362595487123115,-0.41390779800836786,0.3936264585,0.0379866517,0.0313,0.0748,0.001,0.0014104372,0.0005080947,0.008599999999999997,0.0059,0.043500000000000004,0.002106270943034838
1992-12-01,-3.5604908214908733,-3.5504337625812648,-3.12781224669454,-0.4326785747963333,0.3941096142,0.0388286878,0.0322,0.0726,0.0246,-0.0007042254,0.0004715523,0.008300000000000002,-0.0017999999999999995,0.0404,0.03026177510270367
1993-01-01,-3.5649880229908235,-3.5579667589121047,-3.1218226584857667,-0.44316536450505684,0.3930481045,0.0417538423,0.03,0.0725,0.028,0.0049330514,0.0003488508,0.007599999999999996,-0.002999999999999999,0.042499999999999996,0.010107801089602297
1993-02-01,-3.572891323277257,-3.5624622816223646,-3.119407958209358,-0.4534833650678989,0.3859601969,0.0407281702,0.0293,0.0698,0.0354,0.0035063114,0.0011468965,0.0068000000000000005,-0.0098,0.0405,0.007045970943976521
1993-03-01,-3.588904593166543,-3.57037995864009,-3.125251722835533,-0.46365287033100966,0.3336135264,0.0371064145,0.0295,0.0702,0.0021,0.0034940601,0.001004725,0.005699999999999997,0.0004000000000000002,0.0407,0.010483613656046442
1993-04-01,-3.5619819346299204,-3.5877273074346956,-3.108111819486517,-0.4538701151434035,0.334349806,0.0398126855,0.0287,0.0701,0.0072,0.0027855153,0.001004785,0.0068000000000000005,-0.002,0.04139999999999999,0.018697279985565585
1993-05-01,-3.5832772919180753,-3.560814027929693,-3.1392552503061664,-0.44402204161190895,0.3248824215,0.0402546288,0.0296,0.0701,0.0047,0.0013888889,0.0008173082,0.007800000000000001,-0.0027,0.040499999999999994,-0.025416786591980878
1993-06-01,-3.582857713924109,-3.582102762293972,-3.148766374285765,-0.4340913396383441,0.3259312476,0.0411540214,0.0307,0.0668,0.0449,0.0013869626,0.0005738514,0.00739999999999999,-0.015600000000000003,0.03609999999999999,0.02271746291374188
1993-07-01,-3.5776202296908415,-3.5829615283040908,-3.124972476241721,-0.45264775344912067,0.3237770308,0.0410077869,0.0304,0.0656,0.0191,0.0,0.0006089625,0.007599999999999996,-0.009099999999999999,0.03520000000000001,0.0007552366778471598
1993-08-01,-3.611584499419972,-3.5777320418465366,-3.1407066727136126,-0.4708778267063596,0.3138649833,0.0401929369,0.0302,0.0623,0.0434,0.0027700831,0.0002815688,0.007499999999999993,-0.014700000000000001,0.032100000000000004,-0.005327059241337917
1993-09-01,-3.601650202706259,-3.6116883361886654,-3.112872716162031,-0.48877748654422826,0.3223518215,0.0418407109,0.0295,0.0627,0.0005,0.0020718232,0.0004706748,0.0068000000000000005,0.0038,0.03320000000000001,0.03443197286501687
1993-10-01,-3.6193170222372624,-3.600109733157134,-3.1081979408203675,-0.5111190814168949,0.3113628329,0.0403671364,0.0302,0.0623,0.0096,0.0041350793,0.0003142271,0.006400000000000003,-0.004499999999999999,0.032100000000000004,-0.009987919578910986
1993-11-01,-3.6047762190378494,-3.6177709588116693,-3.0718735377606707,-0.5329026812771787,0.3110794108,0.0438375603,0.031,0.0651,-0.0259,0.0006863418,0.0005763517,0.007300000000000001,0.007099999999999999,0.034100000000000005,0.019392935741834316
1993-12-01,-3.613281084341952,-3.6032404932250746,-3.0591209218721986,-0.5541601624697532,0.3052672229,0.0457268699,0.0306,0.0654,0.002,0.0,0.0002696821,0.007599999999999996,0.0047,0.0348,-0.012910672680247037
1994-01-01,-3.64182802927731,-3.6098442047856394,-3.07869689013908,-0.5631311391382301,0.2880585672,0.0436711352,0.0298,0.0637,0.0257,0.0027434842,0.0004234883,0.007300000000000001,-0.005500000000000001,0.033900000000000007,0.010091166980662036
1994-02-01,-3.6078893655089392,-3.6383950247982493,-3.035930987592574,-0.5719583779163653,0.2990588209,0.0450411316,0.0325,0.0682,-0.045,0.0034199726,0.0010260765,0.0068000000000000005,0.016399999999999998,0.035699999999999996,0.03250080394468857
1994-03-01,-3.5576501012139685,-3.604475975886934,-2.9769977678188986,-0.5806523333950699,0.3074838051,0.0419050878,0.035,0.0725,-0.0395,0.0034083163,0.0008921025,0.006499999999999992,0.0011999999999999997,0.03749999999999999,-0.030045057203961778
1994-04-01,-3.5657600211317533,-3.5542953820205163,-2.952566661215472,-0.6131933599162811,0.3036647862,0.0398456593,0.0368,0.0745,-0.015,0.0013586957,0.001373668,0.006400000000000003,0.005299999999999999,0.0377,-0.04574645716487569
1994-05-01,-3.574767178185879,-3.5624243356333487,-2.930257737963018,-0.644509440222861,0.2974694757,0.0396410671,0.0414,0.0759,-0.0082,0.0006784261,0.0007505029,0.0063,0.002000000000000001,0.034499999999999996,0.011530609955807014
1994-06-01,-3.5442566713944177,-3.5714347912770292,-2.869588491200144,-0.6746681801942738,0.3084170767,0.033995564,0.0414,0.0774,-0.01,0.0033898305,0.0007971327,0.0068000000000000005,0.0019000000000000006,0.036,0.012419329799738144
1994-07-01,-3.5729588536596095,-3.541976452657316,-2.8727858921457963,-0.7001729615138133,0.2969853808,0.0312112174,0.0433,0.0746,0.0363,0.0027027027,0.0003272825,0.0068999999999999895,-0.0053999999999999986,0.0313,-0.026812118025892118
1994-08-01,-3.607628062003333,-3.570676066737703,-2.8827040690184793,-0.7249239929848539,0.2856838193,0.0287065182,0.0448,0.0761,-0.0086,0.0040431267,0.0005603876,0.0067000000000000115,0.0055,0.0313,0.03146735093524211
1994-09-01,-3.5780918384121305,-3.6053582124423906,-2.8291155080152084,-0.7489763303969221,0.2909046586,0.0290032948,0.0462,0.08,-0.0331,0.0026845638,0.000801893,0.006400000000000003,0.006599999999999998,0.033800000000000004,0.03764320785597386
1994-10-01,-3.5923632695298426,-3.5717435412698837,-2.810627113546189,-0.7817361559836535,0.2860712737,0.0260004953,0.0495,0.0809,-0.0025,0.000669344,0.001158428,0.0063,-0.0025,0.0314,-0.02689800210304949
1994-11-01,-3.545741287593467,-3.5860473783778515,-2.732684956475911,-0.813056331117556,0.2989926143,0.022917147,0.0529,0.0808,0.0066,0.0013377926,0.0008363991,0.006400000000000003,-0.0048000000000000004,0.027899999999999994,0.020833783579347953
1994-12-01,-3.5516967566569093,-3.5394726296755694,-2.708638263453764,-0.8430584932031455,0.2915683,0.0165942926,0.056,0.0799,0.0161,0.0,0.000704923,0.006400000000000003,-0.00040000000000000105,0.023899999999999998,-0.039504604636392604
1995-01-01,-3.575684396932208,-3.5516967566569093,-2.711606536504987,-0.864077860427221,0.2908537344,0.0150933699,0.0571,0.078,0.0273,0.004008016,0.0002893766,0.006200000000000011,-0.0017000000000000001,0.020900000000000002,0.01229914699464385
1995-02-01,-3.6111231081963044,-3.575684396932208,-2.7264586141606952,-0.8846644940356092,0.2787300356,0.0145320951,0.0577,0.0758,0.0287,0.003992016,0.0004724141,0.005899999999999989,0.0001999999999999988,0.018100000000000005,0.024277658022514137
1995-03-01,-3.6380855754204164,-3.6111231081963044,-2.733249722521028,-0.9048358528993883,0.3138765419,0.0143885983,0.0573,0.0755,0.0091,0.0033134526,0.0004843058,0.0058,0.0003999999999999993,0.0182,0.03607414650737639
1995-04-01,-3.660837028813699,-3.633260484725861,-2.741755812951892,-0.9190812158618069,0.3019947008,0.0130124069,0.0565,0.0745,0.0169,0.0033025099,0.0002569204,0.005699999999999997,0.0006000000000000033,0.017999999999999995,0.027329243521615032
1995-05-01,-3.6917106046478185,-3.6560426281633482,-2.758713180888651,-0.9329974237591676,0.2922642542,0.010743778,0.0567,0.0677,0.079,0.0019749835,0.0010114421,0.005500000000000005,-0.015899999999999997,0.010999999999999996,0.027960296379141658
1995-06-01,-3.7079869582179725,-3.6869315961411573,-2.761398696474297,-0.9465882617436754,0.2864296179,0.0082749191,0.0547,0.067,0.0139,0.0019710907,0.0006967643,0.006000000000000005,-0.005999999999999998,0.012300000000000005,0.0363117095063239
1995-07-01,-3.7339463515120443,-3.7026647195758566,-2.7854454538485762,-0.9485008976634681,0.2771603672,0.0070611198,0.0542,0.0691,-0.0168,0.0,0.0007732277,0.0063,0.006699999999999999,0.014899999999999997,0.02127859017622802
1995-08-01,-3.728324581995689,-3.7286448837938972,-2.7779422451439686,-0.9503823368517206,0.2830461347,0.0091214683,0.054,0.0674,0.0236,0.0026229508,0.0002067297,0.006199999999999997,-0.0022000000000000006,0.013400000000000002,0.031776044056906816
1995-09-01,-3.7623729254775635,-3.72305843814271,-2.8101250519881504,-0.9522478734894131,0.2724949976,0.006379353,0.0528,0.0663,0.0175,0.0019620667,0.0003814536,0.006099999999999994,-0.0022000000000000023,0.013499999999999998,-0.00032025050706319114
1995-10-01,-3.752164533565487,-3.7571563529043304,-2.8167611210379024,-0.9354034125275845,0.2744202453,0.0122212523,0.0528,0.0641,0.0294,0.0032637076,0.0004878173,0.0063,-0.0109,0.011300000000000004,0.040097529721648595
1995-11-01,-3.7872039018496326,-3.746975032462449,-2.8687517690594637,-0.9184521327901689,0.2571688515,0.0168709535,0.0536,0.0623,0.0249,-0.0006506181,0.0005461627,0.006599999999999995,-0.0006999999999999992,0.0087,-0.0049793809140842304
1995-12-01,-3.7993346720581638,-3.782041192691284,-2.897949959269636,-0.9013847127885279,0.2550263829,0.0155265173,0.0514,0.0603,0.0272,-0.0006510417,0.0008205365,0.006699999999999998,-0.004399999999999998,0.008899999999999998,0.04104901117798798
1996-01-01,-3.823823299844693,-3.7917266111709047,-2.9292607377704716,-0.8945625620742215,0.2418771721,0.0161278629,0.05,0.0609,-0.0011,0.0058631922,0.0013839551,0.006600000000000009,0.0025,0.0109,0.017443877298181087
1996-02-01,-3.8231753575858467,-3.8162655412256608,-2.935388201149576,-0.8877871564362705,0.2378947371,0.0168013686,0.0483,0.0659,-0.0483,0.003238342,0.0012676309,0.006400000000000003,0.011000000000000003,0.017599999999999998,0.032617342879872835
1996-03-01,-3.823566765191128,-3.8156813806511876,-2.9424889065815236,-0.8810778586096042,0.2392996154,0.0168919131,0.0496,0.0684,-0.021,0.0051646223,0.0017417161,0.0068000000000000005,0.008000000000000002,0.018800000000000004,0.006933744221879756
1996-04-01,-3.832924982035051,-3.819582935804875,-2.9473476490472725,-0.8855773329877783,0.2400758062,0.0211219538,0.0495,0.0706,-0.0165,0.0038535645,0.0009818376,0.006900000000000003,0.0005000000000000004,0.021099999999999994,0.007916556063894742
1996-05-01,-3.8515460863075535,-3.828949926584158,-2.9615318664922055,-0.890014219815348,0.2369235155,0.0264191545,0.0502,0.0717,-0.0054,0.0019193858,0.0011252912,0.0068000000000000005,0.005900000000000001,0.0215,0.01343144848954303
1996-06-01,-3.8498479284411316,-3.847593775592637,-2.955444247971818,-0.8944036804693134,0.2364437252,0.0272161737,0.0509,0.0703,0.0203,0.0006385696,0.0003948038,0.006900000000000003,-0.0030999999999999986,0.0194,0.022853386734335235
1996-07-01,-3.7939327013078485,-3.840760222094811,-2.898263744495316,-0.8956689568125324,0.2418198938,0.0311368642,0.0515,0.0707,0.0018,0.0019144863,0.0023551484,0.007000000000000006,-0.0007999999999999999,0.019200000000000002,0.0022566953610712037
1996-08-01,-3.8035591336592987,-3.7849199575753785,-2.9066532186626635,-0.8969059149966352,0.2380611179,0.0308861056,0.0505,0.0726,-0.0139,0.001910828,0.0011215207,0.007199999999999998,0.006899999999999999,0.022099999999999995,-0.04574802797369626
1996-09-01,-3.847389917171492,-3.794633713848317,-2.9492664892527856,-0.8981234279187063,0.2272973181,0.0295807368,0.0509,0.0704,0.029,0.0031786395,0.000686243,0.006900000000000003,-0.003100000000000002,0.019500000000000003,0.01881396984139383
1996-10-01,-3.8678597956376524,-3.842064515128507,-2.9500981911761337,-0.9177616044615187,0.2217476558,0.0256558088,0.0499,0.0671,0.0404,0.0031685678,0.000606645,0.0068000000000000005,-0.004299999999999998,0.017200000000000007,0.054172610009355804
1996-11-01,-3.9333648209469425,-3.862555855997279,-2.996551609937393,-0.9368132110095497,0.2050079191,0.0220673413,0.0503,0.0643,0.0351,0.0018951358,0.0007037354,0.006900000000000003,-0.008799999999999999,0.013999999999999999,0.026130857982569866
1996-12-01,-3.906355589926097,-3.9280955765625025,-2.951035193004638,-0.9553203969214588,0.2073427297,0.0241256867,0.0491,0.0673,-0.0256,0.0,0.0017090846,0.006900000000000003,0.007000000000000003,0.0182,0.07337615381343321
1997-01-01,-3.9622951998967353,-3.902784552373863,-2.997634458074083,-0.9646607418226525,0.1962401029,0.0244069327,0.0503,0.0689,-0.0079,0.0031525851,0.0013600822,0.006699999999999998,0.0051,0.018600000000000005,-0.021505376344086002
1997-02-01,-3.964640252900873,-3.9587302051336755,-2.990795187904119,-0.973845064996754,0.1943954108,0.0229109266,0.0501,0.0694,0.0005,0.0031426776,0.0014747914,0.0063,0.0023,0.019300000000000005,0.06131706131706127
1997-03-01,-3.917545942245285,-3.961094562716686,-2.934660235558484,-0.9828857066868011,0.2147802023,0.0211485434,0.0514,0.0723,-0.0252,0.0025062657,0.0020014615,0.0063,0.0030999999999999986,0.020900000000000002,0.005927546555408725
1997-04-01,-3.9720542662426452,-3.9152907011726765,-2.9888599925793025,-0.9831942736633428,0.2017410478,0.0169452901,0.0516,0.0705,0.0255,0.00125,0.003005081,0.006100000000000008,-0.007099999999999999,0.018899999999999993,-0.042613995599504406
1997-05-01,-4.0267295433908,-3.969804099839874,-3.043225711994618,-0.9835038313961824,0.1928785879,0.0132644502,0.0505,0.0701,0.0097,-0.0006242197,0.0020074558,0.006199999999999997,0.0031000000000000003,0.019599999999999992,0.05840553677092153
1997-06-01,-4.067019483487831,-4.024484428871418,-3.0832100440258534,-0.9838094394619774,0.184287615,0.010846707,0.0493,0.0688,0.0195,0.0012492192,0.0019744632,0.006099999999999994,-0.0007999999999999986,0.019500000000000003,0.058576883719769324
1997-07-01,-4.13846895742606,-4.063247173530078,-3.1576922740855884,-0.9807766833404719,0.171964943,0.0115926587,0.0505,0.0637,0.0626,0.0012476606,0.0020102151,0.006099999999999994,-0.009800000000000003,0.013200000000000003,0.04345263356438922
1997-08-01,-4.0755423704506875,-4.1347042779616885,-3.0977913592740496,-0.9777510111766383,0.1855054038,0.012877263,0.0514,0.0672,-0.0317,0.0018691589,0.0024647217,0.006000000000000005,0.0076999999999999985,0.015799999999999995,0.07812323474252647
1997-09-01,-4.12358735156845,-4.071798332518004,-3.148841916752475,-0.9747454348159743,0.177967857,0.0146342661,0.0495,0.0649,0.0316,0.0024875622,0.0026264943,0.005500000000000005,-0.009000000000000005,0.015399999999999997,-0.05744584979408773
1997-10-01,-4.084940189478857,-4.1200262310336395,-3.1213312479859088,-0.9636089414929478,0.1900006773,0.0162628256,0.0497,0.0623,0.0341,0.0024813896,0.0093638214,0.005699999999999997,-0.015,0.0126,0.05315352374175908
1997-11-01,-4.125019603722656,-4.081398181234713,-3.172583369520963,-0.9524362342016928,0.1807462988,0.0156672081,0.0514,0.0614,0.0148,-0.0006188119,0.00266211,0.005500000000000005,-0.004700000000000001,0.010000000000000002,-0.03447766235959793
1997-12-01,-4.137092815433343,-4.121483644150663,-3.195884433061569,-0.9412083823717738,0.1788008842,0.0155594713,0.0516,0.0602,0.0184,-0.0012383901,0.0022493744,0.005600000000000008,-0.002100000000000001,0.008599999999999997,0.044586822942861426
1998-01-01,-4.144099201631061,-4.134000228727825,-3.2074951220501284,-0.936604079580933,0.1788402734,0.0137396363,0.0504,0.0589,0.02,0.0018598884,0.0024688425,0.0058,-0.0063,0.0085,0.015731630730583923
1998-02-01,,-4.1410161495390305,,-0.9320070226576864,0.1654630971,0.0120563774,0.0509,0.0599,-0.0072,0.0018564356,0.0010533477,0.0058,0.0065,0.009000000000000001,0.010150139628824384
1998-03-01,,,,-0.9274171460503662,0.181140396,0.0164888614,0.0503,0.0602,0.0025,0.0018529957,0.0011367858,0.006000000000000005,0.0013,0.009899999999999999,
1998-04-01,,,,-0.9160366345535147,0.1758729222,0.0164053658,0.0495,0.0604,0.0026,0.0018495684,0.001614764,0.006400000000000003,0.0027,0.0109,
1998-05-01,,,,-0.9046756097016386,0.1791022057,0.0190752061,0.05,0.0592,0.0182,0.0018461538,0.0009588233,0.006099999999999994,-0.0015000000000000013,0.0092,
1998-06-01,,,,-0.8933332901197644,0.178060606,0.0240105767,0.0498,0.0576,0.0228,0.0012285012,0.0020973439,0.006000000000000005,-0.011300000000000001,0.007800000000000001,
1998-07-01,,,,-0.8817552784539839,0.1794381089,0.0253535652,0.0496,0.0584,-0.004,0.0012269939,0.0022281758,0.0059999999999999915,-0.0015999999999999999,0.008800000000000002,
1998-08-01,-4.086600514930241,,-3.2164734604759935,-0.8701270544542474,0.2114320916,0.0285190292,0.049,0.0547,0.0465,0.0012254902,0.009333917,0.006200000000000011,-0.0376,0.005699999999999997,
1998-09-01,,-4.082609410466329,,-0.8584652613151205,0.2032484042,0.0240829091,0.0461,0.0517,0.0395,0.0012239902,0.0099710169,0.006900000000000003,0.001800000000000003,0.005600000000000001,
1998-10-01,,,,-0.854062286300481,0.1855190768,0.0207400892,0.0396,0.054,-0.0218,0.0024449878,0.0051715275,0.008099999999999996,0.0028000000000000004,0.014399999999999996,
1998-11-01,,,,-0.8496457803558983,0.1748468445,0.0220035773,0.0441,0.0535,0.0097,0.0,0.0019366789,0.009300000000000003,0.0173,0.009399999999999999,
1998-12-01,,,,-0.8452227586469729,0.1736113154,0.0200570294,0.0439,0.0542,-0.0032,-0.0006097561,0.0032868972,0.010100000000000005,0.004200000000000001,0.010299999999999997,
1999-01-01,,,,-0.8459104214029352,0.1703206191,0.0155876993,0.0434,0.0536,0.0121,0.0024405125,0.0033356136,0.01050000000000001,0.00020000000000000052,0.0102,
1999-02-01,,,,-0.8465992320281863,0.1712768096,0.0184466675,0.0444,0.0587,-0.052,0.0012172855,0.0034821497,0.009899999999999992,0.0119,0.0143,
1999-03-01,,,,-0.847271805489533,0.1728971707,0.0206681224,0.0444,0.0592,-0.0008,0.0030395137,0.0032135873,0.00910000000000001,0.001,0.0148,
1999-04-01,,,,-0.8699597421153835,0.1568258764,0.0251812663,0.0429,0.0594,0.0021,0.0072727273,0.002726626,0.008400000000000005,-0.0045,0.0165,
1999-05-01,,,,-0.8921512149621607,0.1602311354,0.0258974347,0.045,0.0615,-0.0185,0.0,0.0030856487,0.007900000000000004,0.000899999999999998,0.0165,
1999-06-01,,,,-0.91385586337148,0.1542274468,0.0188685806,0.0457,0.0627,-0.0078,0.0,0.0024092465,0.00789999999999999,-0.0082,0.017000000000000008,
1999-07-01,,,,-0.933564060544612,0.1587964727,0.0193704415,0.0455,0.0639,-0.0077,0.0030084236,0.0016111779,0.007599999999999996,-0.003599999999999999,0.0184,
1999-08-01,,,,-0.9527367962992122,0.1562430269,0.0188807383,0.0472,0.0649,-0.0053,0.0023995201,0.0027298485,0.007500000000000007,0.0027,0.0177,
1999-09-01,,,,-0.9714105997942135,0.1636844982,0.0203796791,0.0468,0.0646,0.0084,0.0047875524,0.0027049432,0.00810000000000001,0.0008999999999999998,0.017800000000000003,
1999-10-01,,,,-1.0018128265828503,0.1576906607,0.0204452369,0.0486,0.0651,-0.0012,0.0017867778,0.0048759751,0.008300000000000002,0.0059,0.016500000000000008,
1999-11-01,,,,-1.031260819396739,0.1555459671,0.0182804544,0.0507,0.0662,-0.0061,0.0005945303,0.0013542672,0.007900000000000004,0.0037000000000000006,0.015499999999999993,
1999-12-01,,,,-1.0598068579128235,0.1471672594,0.0178887565,0.052,0.0682,-0.0155,0.0,0.0011487749,0.006400000000000003,0.005299999999999999,0.0162,
2000-01-01,,,,-1.077467355103888,0.15465416,0.0253587807,0.0532,0.0666,0.0228,0.0029708853,0.0052062998,0.005500000000000005,-0.024900000000000002,0.013400000000000009,
2000-02-01,,,,-1.0947654931415638,0.1670564326,0.027418814,0.0555,0.0646,0.0264,0.0059241706,0.0030004662,0.006100000000000008,-0.0172,0.009100000000000004,
2000-03-01,,,,-1.111730339992019,0.1499735618,0.0182913901,0.0569,0.0618,0.0367,0.0082449941,0.0066783159,0.006900000000000003,-0.019800000000000005,0.004900000000000002,
2000-04-01,,,,-1.1192078064720437,0.1526004182,0.0119449458,0.0566,0.063,-0.0076,0.0005841121,0.0079417469,0.0076000000000000095,-0.0039,0.006400000000000003,
2000-05-01,,,,-1.12665476035101,0.1556687311,0.0091785275,0.0579,0.064,-0.0054,0.0011675423,0.0051854234,0.009099999999999997,-0.0107,0.006100000000000001,
2000-06-01,,,,-1.1340558606956064,0.1567779616,0.0071242127,0.0569,0.0622,0.0244,0.0052478134,0.0023597572,0.008099999999999996,0.008199999999999995,0.005299999999999999,
2000-07-01,,,,-1.152567798448425,0.155674151,0.0047122339,0.0596,0.0611,0.0173,0.0023201856,0.0020654329,0.007000000000000006,0.0005999999999999998,0.0015000000000000013,
2000-08-01,,,,-1.1710054484364893,0.146053064,0.0046746382,0.0609,0.0594,0.024,0.0,0.0010392529,0.007100000000000009,-0.0105,-0.0015000000000000013,
2000-09-01,,,,-1.1893686072457479,0.1537894629,0.0044689258,0.06,0.0612,-0.0157,0.0052083333,0.0015999952,0.007300000000000001,0.0203,0.0011999999999999997,
2000-10-01,,,,-1.1676831718613494,0.1493007889,0.0037442804,0.0611,0.06,0.0187,0.0017271157,0.0055682093,0.007900000000000004,-0.0142,-0.0011000000000000038,
2000-11-01,,,,-1.1454516230774625,0.1572808929,0.0011574522,0.0617,0.0576,0.0319,0.0005747126,0.0032724144,0.008300000000000002,-0.005599999999999997,-0.0040999999999999995,
2000-12-01,,,,-1.122638623270964,0.1518515036,-0.0022617472,0.0577,0.0558,0.0243,-0.0005743825,0.0052992481,0.008099999999999996,0.002700000000000001,-0.001899999999999999,
2001-01-01,,,,-1.09788854073585,0.1504496662,-0.0031925908,0.0515,0.0562,0.0005,0.0063218391,0.004941018,0.007800000000000001,0.0354,0.004700000000000003,
2001-02-01,,,,-1.0721988821784292,0.1560700913,-0.0068557205,0.0488,0.0549,0.0191,0.0039977156,0.0025284102,0.007700000000000012,-0.0063999999999999994,0.006099999999999994,
2001-03-01,,,,-1.0454929776050763,0.1331135514,-0.0052134444,0.0442,0.0559,-0.0074,0.0022753129,0.0071395945,0.008599999999999997,0.0045000000000000005,0.011699999999999995,
2001-04-01,,,,-0.9859468882590576,0.1224969006,-0.0025430255,0.0387,0.0593,-0.0313,0.0039727582,0.0074262611,0.0087,0.018500000000000003,0.0206,
2001-05-01,,,,-0.92182737643274,0.120510188,-0.0002482857,0.0362,0.0594,0.0037,0.004522329,0.0025362374,0.0077999999999999875,0.0095,0.0232,
2001-06-01,,,,-0.8524574743262083,0.1252094328,0.0050407545,0.0349,0.059,0.0085,0.0016882386,0.0015083583,0.00789999999999999,-0.003000000000000001,0.024099999999999996,
2001-07-01,,,,-0.7714478577763861,0.1249665833,0.0079138367,0.0351,0.0561,0.0376,-0.0028089888,0.0028996134,0.00839999999999999,-0.0015000000000000013,0.020999999999999998,
2001-08-01,,,,-0.6834979310177496,0.1321641438,0.0099183208,0.0336,0.0546,0.0206,0.0,0.0022215212,0.008300000000000002,-0.005000000000000001,0.021000000000000005,
2001-09-01,,,,-0.5872640180370503,0.1486285882,0.008652734,0.0264,0.0542,0.0081,0.0045070423,0.0071675937,0.008599999999999997,-0.0233,0.0278,
2001-10-01,,,,-0.5436218008989515,0.1449013996,0.0107492736,0.0216,0.0506,0.0464,-0.003365115,0.0032497725,0.008800000000000002,-0.002699999999999994,0.028999999999999998,
2001-11-01,,,,-0.4979929000039789,0.1334813667,0.0111617665,0.0187,0.0553,-0.0471,-0.0016882386,0.002189358,0.008400000000000005,0.028300000000000002,0.0366,
2001-12-01,,,,-0.4501930603678308,0.1312178459,0.0134648247,0.0169,0.0575,-0.0183,-0.003945885,0.0017979581,0.012800000000000006,0.009300000000000001,0.040600000000000004,
2002-01-01,,,,-0.4505363876937545,0.1325605487,0.0111912895,0.0165,0.0569,0.0138,0.0022637238,0.0021838795,0.013200000000000003,0.003700000000000002,0.0404,
2002-02-01,,,,-0.45089014619226964,0.1301190857,0.0124990208,0.0172,0.0563,0.0115,0.0039525692,0.002567843,0.013799999999999993,0.0014999999999999996,0.0391,
2002-03-01,,,,-0.45123352656374527,0.2368334023,0.0137594442,0.0179,0.0604,-0.0436,0.005624297,0.0020148209,0.013000000000000012,0.014100000000000001,0.0425,
2002-04-01,,,,-0.47186509276694455,0.2477323126,0.015106854,0.0171,0.0575,0.041,0.0055928412,0.002319778,0.012700000000000003,-0.015700000000000002,0.040400000000000005,
2002-05-01,,,,-0.4918208708544567,0.2482556141,0.0222773404,0.0173,0.0578,0.0015,0.0,0.0041016102,0.013399999999999995,0.0098,0.040499999999999994,
2002-06-01,-4.1224897491626304,,-3.6113524338440746,-0.5111373153185559,0.2665725018,0.0275227705,0.017,0.0566,0.0187,0.0005561735,0.0037079467,0.013200000000000003,-0.0114,0.039599999999999996,
2002-07-01,-4.045200303160939,-4.127490072100822,-3.48874940111177,-0.5564509020491695,0.2820321945,0.0284410263,0.0168,0.0544,0.0303,0.0011117287,0.0153427907,0.013700000000000004,-0.020900000000000002,0.037599999999999995,
2002-08-01,-4.0550952994243445,-4.050225755034029,-3.454868059764967,-0.600227239659378,0.284411556,0.0247476984,0.0162,0.051,0.0464,0.0033314825,0.0094092909,0.0121,-0.0011999999999999997,0.0348,-0.07899495862842354
2002-09-01,-3.9435972312791616,-4.060146134077593,-3.3010140512739397,-0.642583180005222,0.3245551555,0.029299296,0.0163,0.048,0.0417,0.0016602103,0.0073661128,0.012499999999999997,-0.0087,0.031700000000000006,0.004881419889866345
2002-10-01,-4.020712001107434,-3.9378098457281117,-3.4114796972585015,-0.6092323038489318,0.2934370638,0.025670932,0.0158,0.0508,-0.0294,0.0016574586,0.0115896355,0.014099999999999988,0.0053999999999999986,0.034999999999999996,-0.1100134269215236
2002-11-01,-4.070464758331704,-4.014964173655592,-3.4953215853888735,-0.5751431729428309,0.2769754993,0.0229075973,0.0123,0.0521,-0.0122,0.0,0.0044490751,0.0131,0.0252,0.0398,0.08643550147800183
2002-12-01,-4.002514281304906,-4.064743558434781,-3.462263952866238,-0.5402503284386677,0.2953858956,0.0257359814,0.0119,0.0484,0.0507,-0.0022062879,0.002639538,0.012399999999999994,-0.014600000000000002,0.0365,0.05706963511560681
2003-01-01,-3.97161100216909,-3.9994084958405134,-3.4020157601494043,-0.5695952420196857,0.3059423072,0.0282889555,0.0117,0.0495,-0.0106,0.0044223328,0.0051675744,0.011799999999999998,0.0127,0.0378,-0.06033258215761861
2003-02-01,-3.951364988491539,-3.9685148327503788,-3.353435250599266,-0.5979297378922732,0.3122513206,0.0279187105,0.0117,0.0472,0.0329,0.0077050083,0.0025641197,0.011099999999999999,-0.006499999999999999,0.0355,-0.027414698461048825
2003-03-01,-3.956601250009226,-3.948278375756397,-3.3312853166438274,-0.6253159333653984,0.2861177008,0.0240985953,0.0113,0.0486,-0.0135,0.0060076461,0.0061361179,0.010600000000000005,0.0055,0.0373,-0.01700362276498779
2003-04-01,-4.03574358833124,-3.957816238301762,-3.3637576218523715,-0.6719859664788679,0.2696540306,0.0199668846,0.0113,0.0481,0.0102,-0.0021715527,0.0030648098,0.011100000000000006,0.0127,0.0368,0.00835760565891941
2003-05-01,-4.08659954141153,-4.036953875922242,-3.3699248809383464,-0.7166746604731835,0.2583755061,0.0064481102,0.0107,0.0436,0.0592,-0.0016322089,0.0022283195,0.011599999999999992,-0.0121,0.0329,0.08104411799382216
2003-06-01,-4.099086369390221,-4.087817481759367,-3.339527230353939,-0.7595591390362824,0.2544883373,0.0012618836,0.0092,0.0452,-0.0154,0.0010899183,0.0019977007,0.012199999999999996,0.0011000000000000003,0.036,0.050898660733760925
2003-07-01,-4.106527817090342,-4.09044457223157,-3.317467376876076,-0.789060440214266,0.2476433348,0.0002715813,0.009,0.0542,-0.0982,0.0010887316,0.0020460156,0.011299999999999998,0.010099999999999998,0.0452,0.011332620720430953
2003-08-01,,-4.097953980561758,,-0.8172307892246224,0.2428560733,0.0029170177,0.0095,0.0532,0.0166,0.0038064165,0.0009660564,0.011299999999999998,0.005299999999999999,0.043699999999999996,0.016213276415839806
2003-09-01,-4.095158170620028,,-3.250983129171457,-0.8441750414485711,0.2465417826,0.0073234015,0.0094,0.049,0.0546,0.0032502709,0.0018690885,0.010700000000000001,-0.004300000000000005,0.0396,
2003-10-01,,-4.079229990649424,,-0.9123893006634356,0.2333089667,0.0072114259,0.0092,0.0518,-0.0283,-0.0010799136,0.0014076127,0.010299999999999997,0.008,0.0426,
2003-11-01,,,,-0.9743115080276881,0.2337541521,0.0100007887,0.0093,0.0519,-0.0027,-0.0027027027,0.0009196631,0.010100000000000005,0.0079,0.0426,
2003-12-01,,,,-1.0308922827372355,0.2187398648,0.0069463157,0.009,0.0511,0.0139,-0.0010840108,0.0008937,0.009800000000000003,0.0,0.0421,
2004-01-01,,,,-1.040765725711398,0.218027721,0.0068865017,0.0088,0.0499,0.0187,0.0048833424,0.0009787934,0.009000000000000001,0.0,0.0411,
2004-02-01,,,,-1.0503079421279202,0.2160532204,0.0093613224,0.0093,0.0483,0.023,0.005399568,0.0006107509,0.0077000000000000055,-0.0052,0.03900000000000001,
2004-03-01,,,,-1.0595395154514842,0.2817314655,0.0122820384,0.0094,0.0474,0.0141,0.0064446831,0.0019812495,0.007800000000000001,-0.0023,0.038,
2004-04-01,,,,-1.075159207193321,0.2853718668,0.0137662795,0.0094,0.0531,-0.0588,0.0032017076,0.0012309377,0.007300000000000008,0.005399999999999995,0.0437,
2004-05-01,,,,-1.0902263733092417,0.2864115739,0.0163300833,0.0102,0.0539,-0.0051,0.0058510638,0.0009776153,0.007100000000000002,-0.002,0.0437,
2004-06-01,,,,-1.1047575793641773,0.279631603,0.0144914269,0.0127,0.0532,0.0121,0.0031729244,0.0007707704,0.0076999999999999985,-0.0028000000000000004,0.040499999999999994,
2004-07-01,,,,-1.1043262361248263,0.2877883095,0.0147206707,0.0133,0.0523,0.0155,-0.0015814444,0.0007770943,0.007999999999999993,0.0029,0.039,
2004-08-01,,,,-1.1039032136056957,0.2868206158,0.0142786966,0.0148,0.0493,0.0395,0.0005279831,0.001442852,0.008100000000000003,0.0,0.034499999999999996,
2004-09-01,,,,-1.1034882733068159,0.2894853015,0.0091322561,0.0165,0.0488,0.0096,0.0021108179,0.0007056832,0.008100000000000003,0.0005000000000000004,0.0323,
2004-10-01,,,,-1.103137417721746,0.2910095966,0.0074288562,0.0176,0.0478,0.0154,0.0052659294,0.0012304685,0.007400000000000004,0.0010000000000000009,0.0302,
2004-11-01,,,,-1.1027898135036667,0.2798316459,0.01217691,0.0207,0.0502,-0.0234,0.0005238345,0.0008574256,0.0068000000000000005,0.0034000000000000002,0.029500000000000002,
2004-12-01,,,,-1.1024454156448487,0.2706192427,0.0130015047,0.0219,0.0484,0.025,-0.0036649215,0.0007278502,0.0068000000000000005,0.0006999999999999992,0.0265,
2005-01-01,,,,-1.0985733767469301,0.2781798561,0.0135454958,0.0233,0.0465,0.03,0.0021019443,0.0008214051,0.006599999999999995,-0.0023,0.0232,
2005-02-01,,,,-1.0947864393923505,0.2710410236,0.0117584139,0.0254,0.0479,-0.0128,0.0057682223,0.0008344437,0.006200000000000004,0.0016000000000000007,0.0225,
2005-03-01,,,,-1.091085060109032,0.3198568893,0.009097231,0.0274,0.0488,-0.0072,0.0078206465,0.0008598946,0.006600000000000002,-0.005300000000000001,0.021400000000000002,
2005-04-01,,,,-1.0963024910696628,0.3296244007,0.0079355619,0.0278,0.0461,0.0373,0.0067252975,0.0018258937,0.007199999999999998,-0.0046,0.018300000000000004,
2005-05-01,,,,-1.1013728682121222,0.3209655046,0.0047766126,0.0284,0.044,0.0297,-0.0010277492,0.000859416,0.008600000000000003,-0.00020000000000000226,0.015599999999999996,
2005-06-01,,,,-1.1063086015019636,0.3269790569,0.0053656599,0.0297,0.0429,0.0167,0.0005144033,0.0005421187,0.009000000000000001,-0.0026,0.0132,
2005-07-01,,,,-1.114421346404428,0.3157342746,0.0044800758,0.0322,0.0456,-0.0288,0.0046272494,0.0006499082,0.008899999999999998,0.004399999999999998,0.013400000000000002,
2005-08-01,,,,-1.1223317510695514,0.3205331247,0.0054049394,0.0344,0.0432,0.0333,0.0051177073,0.0006967234,0.0087,-0.010000000000000002,0.008800000000000002,
2005-09-01,,,,-1.1300475306289202,0.3178915098,0.0067164013,0.0342,0.0464,-0.0338,0.0122199593,0.0006599007,0.009000000000000001,0.002799999999999997,0.012199999999999996,
2005-10-01,,,,-1.1352587769268303,0.3218081871,0.0057493057,0.0371,0.0484,-0.0196,0.0020120724,0.0018179863,0.009500000000000001,-0.0008000000000000021,0.011299999999999998,
2005-11-01,,,,-1.1403215563378564,0.3109143456,0.0057679659,0.0388,0.0481,0.0076,-0.0080321285,0.0005398989,0.0097,0.002300000000000001,0.009299999999999996,
2005-12-01,,,,-1.1452509668534456,0.3134779566,0.0030588856,0.0389,0.0461,0.0267,-0.004048583,0.0004329976,0.009500000000000008,-0.004200000000000002,0.007200000000000005,
2006-01-01,,,,-1.1502323124736935,0.3092262579,-0.0004457404,0.0424,0.0474,-0.0118,0.0076219512,0.0009754252,0.009499999999999995,0.0025000000000000005,0.0049999999999999975,
2006-02-01,,,,-1.155100294446973,0.3056103611,0.0020383228,0.0443,0.0457,0.0238,0.0020171457,0.0006485364,0.009200000000000007,-0.011000000000000001,0.0013999999999999985,
2006-03-01,,,,-1.1598701093989794,0.3160094407,0.0021519945,0.0451,0.0507,-0.0539,0.0055359839,0.0005452508,0.008800000000000002,0.013500000000000005,0.005600000000000001,
2006-04-01,,,,-1.158674560359585,0.3088419778,-0.0034725183,0.046,0.0532,-0.0247,0.0085085085,0.0005998073,0.008399999999999998,0.0023,0.007199999999999998,
2006-05-01,,,,-1.1575029919712723,0.3143403075,-0.0026567382,0.0472,0.0535,0.001,0.0049627792,0.0013551637,0.008000000000000007,-0.003,0.0063,
2006-06-01,,,,-1.1563489180184479,0.3148502899,-0.0021954894,0.0479,0.0531,0.0092,0.0019753086,0.0021028157,0.008899999999999998,-0.0053,0.005200000000000003,
2006-07-01,,,,-1.1651113328806764,0.3138521753,-0.0023631203,0.0495,0.0518,0.0199,0.0029571217,0.0014516632,0.00909999999999999,0.003799999999999998,0.0022999999999999965,
2006-08-01,,,,-1.1736426471745123,0.3084617987,-0.0084739867,0.0496,0.0496,0.0299,0.001965602,0.0004692515,0.009099999999999997,0.006200000000000001,0.0,
2006-09-01,,,,-1.181944095570247,0.3005932835,-0.0094934856,0.0481,0.0484,0.017,-0.0049043649,0.0005133952,0.009199999999999993,0.001299999999999999,0.00030000000000000165,
2006-10-01,,,,-1.18349667954018,0.2905991608,-0.00893474,0.0492,0.0481,0.0077,-0.0054213898,0.0004505882,0.00909999999999999,0.004999999999999999,-0.0011000000000000038,
2006-11-01,,,,-1.185017863845642,0.2872418677,-0.0151110288,0.0494,0.0467,0.0207,-0.0014866204,0.0005921951,0.0087,0.0039000000000000007,-0.002700000000000001,
2006-12-01,,,,-1.186500685453593,0.2816823997,-0.0150367791,0.0485,0.0491,-0.0236,0.0014888337,0.0003575308,0.009000000000000001,0.00040000000000000105,0.0005999999999999964,
2007-01-01,,,,-1.1850487297351835,0.2781442105,-0.0139866635,0.0498,0.0502,-0.0102,0.0030525273,0.0004504838,0.009399999999999999,0.0051,0.0004000000000000045,
2007-02-01,,,,-1.1836128920794438,0.2861484942,-0.0151410241,0.0503,0.0477,0.0335,0.0053503676,0.0014768552,0.008899999999999991,-0.004800000000000002,-0.002599999999999998,
2007-03-01,,,,-1.1822030752782071,0.2690500135,-0.0124863526,0.0494,0.0493,-0.0145,0.0091056959,0.0015875259,0.009700000000000007,-0.008599999999999998,-0.00010000000000000286,
2007-04-01,,,,-1.1804774661081536,0.2544561689,-0.0089118997,0.0487,0.0489,0.0085,0.0064961627,0.0005821462,0.0092,0.0055,0.0001999999999999988,
2007-05-01,,,,-1.1787762528257928,0.2439114941,-0.0102831177,0.0473,0.051,-0.02,0.0061107187,0.0006965734,0.0092,0.0022000000000000006,0.003699999999999995,
2007-06-01,,,,-1.1771041633113115,0.24789561,-0.0110640056,0.0461,0.0521,-0.0091,0.0019379752,0.0014724362,0.009100000000000004,-0.0057,0.005999999999999998,
2007-07-01,,,,-1.1417467971534214,0.2515849644,-0.0152618551,0.0482,0.0501,0.0284,-0.0002543772,0.0024262615,0.009200000000000007,-0.0316,0.001899999999999999,
2007-08-01,,,,-1.1058409136899012,0.2488398512,-0.0121975375,0.042,0.0487,0.0199,-0.0018339022,0.0051339638,0.008600000000000003,-0.004700000000000001,0.006699999999999998,
2007-09-01,,,,-1.0693588862004337,0.2392074367,-0.013015004,0.0389,0.0489,0.0012,0.0027559074,0.0018684768,0.0085,0.0123,0.010000000000000002,
2007-10-01,,,,-1.0059778700066988,0.2386170601,-0.0179547999,0.039,0.048,0.0155,0.0021391913,0.0016828778,0.008199999999999999,-0.006699999999999999,0.009000000000000001,
2007-11-01,,,,-0.9395822677200791,0.2485796916,-0.025158604,0.0327,0.0445,0.0468,0.0059396179,0.005636836,0.009600000000000004,-0.038900000000000004,0.011799999999999998,
2007-12-01,,,,-0.8698018985709437,0.2505829731,-0.0406372941,0.03,0.045,-0.0029,-0.0006708631,0.0023453304,0.011600000000000006,0.0057,0.015,
2008-01-01,,,,-0.8333777100911575,0.2627544223,-0.0431791533,0.0275,0.0436,0.0213,0.0049705765,0.0048317857,0.0121,-0.0196,0.0161,
2008-02-01,,,,-0.7960971024038348,0.270979321,-0.0496082153,0.0212,0.0438,0.0018,0.0029041122,0.0032256417,0.012899999999999995,-0.0089,0.0226,
2008-03-01,,,,-0.757902646045518,0.2540575672,-0.0518315586,0.0126,0.0432,0.0106,0.0086682129,0.0063376728,0.0138,-0.0165,0.030600000000000002,
2008-04-01,,,,-0.7020111399029272,0.2430146964,-0.0488447293,0.0129,0.0458,-0.0288,0.0060647784,0.0029037295,0.014199999999999997,0.0379,0.0329,
2008-05-01,,,,-0.6433967230136801,0.2465106122,-0.0454623897,0.0173,0.0475,-0.0164,0.008420886,0.001640653,0.013600000000000001,-0.011299999999999998,0.0302,
2008-06-01,,,,-0.5817391906338703,0.2744913881,-0.0473768859,0.0186,0.046,0.022,0.0100769969,0.0034252405,0.013899999999999996,-0.0281,0.0274,
2008-07-01,,,,-0.544289447304195,0.2738156551,-0.0469318453,0.0163,0.0465,-0.0025,0.0052510111,0.0044658468,0.014899999999999997,-0.0084,0.0302,
2008-08-01,,,,-0.5055113722451985,0.2698892455,-0.0463334367,0.0172,0.0449,0.0242,-0.0039915623,0.0034478472,0.015099999999999995,-0.0121,0.027700000000000002,
2008-09-01,,,,-0.46530521727811536,0.2871235482,-0.0489228444,0.0113,0.0443,0.0112,-0.0013830185,0.0237746692,0.016599999999999997,-0.0975,0.033,
2008-10-01,-3.519168693105829,,-3.3038491627690285,-0.2153195303368003,0.3340993736,-0.0559541667,0.0067,0.0478,-0.0383,-0.0101013333,0.0580885247,0.02600000000000001,-0.006699999999999998,0.041100000000000005,
2008-11-01,-3.446807022611989,-3.524605369029078,-3.5699089499747534,0.12310192736276448,0.3528673559,-0.0527795751,0.0019,0.0372,0.1443,-0.0191528953,0.0362568805,0.030900000000000004,-0.026900000000000007,0.0353,
2008-12-01,-3.4600680761373637,-3.4522769403600817,-4.105981340622804,0.64591326448544,0.3549842247,-0.0244984636,0.0003,0.0303,0.0967,-0.0103424738,0.0200900813,0.0338,0.059300000000000005,0.03,-0.0748490322580645
2009-01-01,-3.3838986057625684,-3.47344849127364,-4.214464503193927,0.8305658974313586,0.3893931402,-0.0250561378,0.0013,0.0394,-0.1124,0.0043524174,0.011971096,0.030899999999999997,0.0175,0.038099999999999995,0.007821565652057494
2009-02-01,-3.28100756237336,-3.3974641061938744,-4.345202008048076,1.0641944456747159,0.441103055,-0.0249274947,0.003,0.0401,-0.0056,0.004972933,0.0099612092,0.0281,-0.0252,0.037099999999999994,-0.0856573484638804
2009-03-01,-3.376708686394564,-3.29475595017992,-4.756238235173014,1.37952954877845,0.2965282852,-0.0374273876,0.0021,0.0355,0.0641,0.0024317485,0.0203643787,0.029199999999999997,-0.0659,0.0334,-0.1099312248752845
2009-04-01,-3.487005638472275,-3.397233423551305,-4.814910194480225,1.3279045560079503,0.2762275775,-0.030993037,0.0016,0.041,-0.0649,0.0024963683,0.0075510403,0.03,0.0619,0.039400000000000004,0.08540450829150159
2009-05-01,-3.559677217720816,-3.5079566592999343,-4.836482331761346,1.2768051140405294,0.2654320479,-0.0243487574,0.0018,0.0432,-0.0248,0.0028887638,0.0063811403,0.025200000000000007,0.0737,0.0414,0.09392507551355478
2009-06-01,-3.5812763173013256,-3.5810805012372553,-4.807398800540686,1.2261224832393607,0.2671078489,-0.0220974913,0.0018,0.0429,0.0083,0.0085898923,0.0034725262,0.0189,0.0267,0.0411,0.053081426656431674
2009-07-01,-3.6750931236510267,-3.6035711465621345,-4.677399457487832,1.0023063338368052,0.2460047909,-0.013781643,0.0018,0.043,0.0019,-0.0015855869,0.0037710547,0.016800000000000002,0.0546,0.041199999999999994,0.00019583523728705643
2009-08-01,,-3.697900456324022,,0.8118656513308449,0.2375940895,-0.0079214037,0.0017,0.0415,0.0231,0.00224285,0.002177724,0.013199999999999996,0.00040000000000000105,0.0398,0.07414175695078962
2009-09-01,,,,0.6449967638615641,0.232310024,-1.43322e-05,0.0012,0.0403,0.0176,0.0006254807,0.0019126285,0.011800000000000005,0.0097,0.0391,
2009-10-01,,,,-0.07994442190545037,0.2322992609,0.0031975992,0.0007,0.042,-0.0171,0.0009631012,0.0038979663,0.0114,0.0187,0.0413,
2009-11-01,,,,-0.5104893770188479,0.2181048716,0.0075319203,0.0005,0.0406,0.0208,0.0007077534,0.002001319,0.011300000000000004,-0.016399999999999998,0.0401,
2009-12-01,,,,-0.8219530761138438,0.2163645169,0.0105944679,0.0005,0.0458,-0.0584,-0.0017611982,0.0009334353,0.011100000000000006,0.0309,0.0453,
2010-01-01,,,,-0.892537510636302,0.2241170201,0.0134096854,0.0006,0.0441,0.0264,0.0034174736,0.0019917025,0.009899999999999999,-0.016800000000000002,0.0435,
2010-02-01,,,,-0.9594316341260543,0.2185184683,0.0139320766,0.0011,0.0441,0.0032,0.0002492074,0.0023732454,0.009899999999999999,0.0006999999999999997,0.043000000000000003,
2010-03-01,,,,-1.0230563957143102,0.3818781703,0.0263901075,0.0015,0.0458,-0.0179,0.0041062835,0.0006334088,0.010000000000000009,0.0224,0.0443,
2010-04-01,,,,-1.0542339052186156,0.3766061292,0.0266511206,0.0016,0.0437,0.0304,0.0017368849,0.0017938348,0.009599999999999997,0.005300000000000003,0.042100000000000005,
2010-05-01,,,,-1.0843426218471426,0.4090027948,0.0257196642,0.0016,0.0407,0.0437,0.0007751974,0.0081078432,0.0109,-0.0488,0.0391,
2010-06-01,,,,-1.1134611851100167,0.4241765415,0.0187758808,0.0012,0.0376,0.0446,-0.0009762671,0.0055917548,0.013499999999999998,0.007300000000000001,0.0364,
2010-07-01,,,,-1.132065778887179,0.3961335532,0.0155567614,0.0016,0.0377,0.0024,0.0002110431,0.0033487858,0.012900000000000002,0.014600000000000002,0.0361,
2010-08-01,,,,-1.1501532933379184,0.4139816191,0.0112177194,0.0016,0.0327,0.0702,0.0013806643,0.0027046021,0.011699999999999995,-0.022899999999999997,0.0311,
2010-09-01,,,,-1.1677592414456726,0.3843057828,0.0033375091,0.0015,0.0341,-0.0153,0.0005817362,0.0023371834,0.011299999999999998,0.0008999999999999998,0.0326,
2010-10-01,,,,-1.1873167053887648,0.3728872859,0.0072316415,0.0013,0.0367,-0.0317,0.0012451989,0.0010800704,0.0104,0.0114,0.0354,
2010-11-01,,,,-1.2062839121449804,0.3766947543,0.0147980073,0.0014,0.038,-0.0137,0.0004206464,0.001737952,0.010500000000000002,0.008,0.0366,
2010-12-01,,,,-1.2246989348430524,0.3581003169,0.0126118489,0.0014,0.0414,-0.0388,0.0017184408,0.000832136,0.010799999999999997,0.0352,0.04,
2011-01-01,,,,-1.2313776634044178,0.3486322237,0.0153678849,0.0015,0.0432,-0.0196,0.0047632301,0.0008632301,0.010500000000000002,-0.00020000000000000226,0.0417,
2011-02-01,,,,-1.2378786668945971,0.3390965735,0.0159181079,0.0013,0.0426,0.0113,0.004931365,0.0010655334,0.009299999999999996,0.004399999999999999,0.041299999999999996,
2011-03-01,,,,-1.2442090782864503,0.3542699394,0.0124760224,0.001,0.0429,-0.0006,0.009751072,0.0023472643,0.009000000000000001,-0.0066,0.0419,
2011-04-01,,,,-1.2417874710869201,0.3406968012,0.0093802004,0.0006,0.0416,0.0199,0.0064394295,0.0006365303,0.008599999999999997,0.004,0.040999999999999995,
2011-05-01,,,,-1.2394183611638026,0.3472221891,0.0091168436,0.0004,0.0391,0.0355,0.0047041875,0.0009342036,0.008199999999999999,-0.009799999999999996,0.038700000000000005,
2011-06-01,,,,-1.2371058096465424,0.3515700392,0.0117335532,0.0004,0.0409,-0.0179,-0.0010709671,0.0022947474,0.007600000000000003,-0.003100000000000002,0.0405,
2011-07-01,,,,-1.2379532692600868,0.359418903,0.0123705605,0.0004,0.0378,0.0422,0.0008860457,0.00183074,0.008300000000000002,0.0051,0.0374,
2011-08-01,,,,-1.2387798131857566,0.3758125221,0.0127265619,0.0002,0.0315,0.0862,0.0027575889,0.0192222162,0.009899999999999999,-0.0622,0.0313,
2011-09-01,,,,-1.2395884652830973,0.399922847,0.0130493015,0.0001,0.0265,0.0704,0.0015184621,0.0069158594,0.011799999999999998,-0.012900000000000002,0.0264,
2011-10-01,,,,-1.223138862974488,0.3650779046,0.0078925078,0.0002,0.0291,-0.0306,-0.0020626826,0.0074008554,0.013899999999999996,0.04,0.028900000000000002,
2011-11-01,,,,-1.2069556293935353,0.3623298975,-0.004340313,0.0001,0.0273,0.0251,-0.0008435613,0.0076796025,0.012700000000000003,-0.060700000000000004,0.027200000000000002,
2011-12-01,,,,-1.1910227090439904,0.3572325407,-0.0064973312,0.0001,0.0255,0.027,-0.0024665164,0.0027640924,0.013199999999999996,0.024200000000000003,0.0254,
2012-01-01,,,,-1.1854628106569534,0.3454873026,-0.0130621323,0.0003,0.0249,0.0002,0.0044001914,0.000648134,0.0138,0.019200000000000002,0.024599999999999997,
2012-02-01,,,,-1.1799963682523917,0.3369739354,-0.0144663133,0.0009,0.0272,-0.0196,0.0044029736,0.0006237,0.012900000000000002,0.0253,0.026299999999999997,
2012-03-01,,,,-1.1746282152375325,0.3461819674,-0.0137750499,0.0008,0.0297,-0.0302,0.0075945586,0.0011552699,0.012400000000000001,-9.99999999999994e-05,0.028900000000000002,
2012-04-01,,,,-1.1605768413152027,0.3461403112,-0.0124140257,0.0008,0.0268,0.0409,0.0030210295,0.0016275451,0.012299999999999998,-0.015799999999999998,0.026000000000000002,
2012-05-01,,,,-1.1466531877823578,0.3690473597,-0.0152707539,0.0009,0.0221,0.0643,-0.0011734794,0.0014960906,0.012700000000000003,-0.029899999999999996,0.0212,
2012-06-01,,,,-1.1328590412698465,0.3551038851,-0.0190430644,0.0009,0.0233,-0.0136,-0.0014663969,0.003437228,0.0138,0.02,0.0224,
2012-07-01,,,,-1.1126247682972918,0.3515937051,-0.0203207728,0.001,0.0216,0.0247,-0.0016297859,0.0015528399,0.014699999999999998,0.0365,0.0206,
2012-08-01,,,,-1.0925735274485269,0.3493870523,-0.0197829564,0.001,0.0223,-0.0068,0.0055651582,0.0007271274,0.0143,-0.0024999999999999996,0.0213,
2012-09-01,,,,-1.0727079475257155,0.3403829538,-0.0174249011,0.0011,0.0235,-0.0146,0.0044622123,0.0010446353,0.013499999999999998,0.002,0.0224,
2012-10-01,,,,-1.054253062661537,0.3492371221,-0.0157131371,0.001,0.0238,-0.0014,-0.0003889251,0.0009255333,0.011099999999999999,0.022,0.0228,
2012-11-01,,,,-1.0361351242294163,0.3511375309,-0.0120939255,0.0009,0.0228,0.0144,-0.0047380867,0.0019026489,0.010099999999999998,-0.0236,0.0219,
2012-12-01,,,,-1.0183398429305175,0.3490324432,-0.0115491176,0.0007,0.0246,-0.0202,-0.0026930645,0.0010357072,0.009800000000000003,0.013999999999999999,0.0239,
2013-01-01,,,,-1.013727576104738,0.3299840266,-0.0080167341,0.0007,0.0291,-0.0332,0.0029573042,0.0009068013,0.009300000000000003,0.001899999999999999,0.0284,
2013-02-01,,,,-1.0091801099160058,0.3254312323,-0.0088642493,0.001,0.0285,0.0114,0.0081900295,0.0012427427,0.009500000000000001,-0.002100000000000001,0.0275,
2013-03-01,,,,-1.0046952214296514,0.3461299966,-0.0089106395,0.0009,0.0287,-0.0062,0.0026145086,0.00048452,0.0092,0.004399999999999999,0.0278,
2013-04-01,,,,-1.005060023530211,0.3400362539,-0.0080048589,0.0006,0.0264,0.0378,-0.0010396395,0.0016827472,0.008600000000000003,-0.0029,0.0258,
2013-05-01,,,,-1.0054172717045002,0.3338325978,-0.0047046811,0.0004,0.0309,-0.0629,0.0017804078,0.0010155556,0.008400000000000005,0.009299999999999996,0.0305,
2013-06-01,,,,-1.0057650324196543,0.338444358,0.0001187088,0.0005,0.033,-0.0285,0.0023997081,0.0022476743,0.0092,-0.0086,0.0325,
2013-07-01,,,,-1.0068870421542289,0.3255625651,0.0083606059,0.0004,0.0344,-0.0173,0.0003939975,0.0005020654,0.009799999999999996,0.020399999999999998,0.034,
2013-08-01,,,,-1.007982826856232,0.3407133274,0.0103321159,0.0004,0.0351,-0.0079,0.0012029316,0.0009504246,0.008799999999999995,0.0005000000000000004,0.0347,
2013-09-01,,,,-1.009053295986996,0.3335214846,0.010118701,0.0002,0.0349,0.0061,0.0011630045,0.0006222223,0.008300000000000002,-0.0047,0.0347,
2013-10-01,,,,-1.023752737276772,0.324594825,0.0096228184,0.0005,0.0342,0.0128,-0.0025752833,0.0014383686,0.007800000000000001,0.0083,0.0337,
2013-11-01,,,,-1.0380810041632373,0.3136852784,0.0103247749,0.0007,0.0361,-0.0236,-0.0020424242,0.0006443989,0.0075,0.015,0.0354,
2013-12-01,,,,-1.052048724716352,0.3044081256,0.0121439423,0.0007,0.0378,-0.0207,-8.58115e-05,0.0007455165,0.007600000000000003,0.0209,0.0371,
2014-01-01,,,,-1.042506544523866,0.3214292767,0.0137652167,0.0004,0.0342,0.0548,0.0037202477,0.0013035884,0.006999999999999999,-0.021700000000000004,0.033800000000000004,
2014-02-01,,,,-1.0330940799825394,0.3091630718,0.0165761624,0.0005,0.0339,0.0074,0.0036979087,0.0012535647,0.006499999999999999,0.009399999999999999,0.0334,
2014-03-01,,,,-1.0238102448095168,0.3506160657,0.0164163804,0.0005,0.0337,0.0063,0.0064400441,0.0008690325,0.0068000000000000005,-0.00010000000000000026,0.0332,
2014-04-01,,,,-1.02073342232947,0.3480113191,0.0166232646,0.0003,0.0326,0.0181,0.0032967545,0.0013626925,0.006600000000000002,-0.002100000000000001,0.032299999999999995,
2014-05-01,,,,-1.0177103422839466,0.345173256,0.013985265,0.0003,0.0309,0.0279,0.0034926098,0.0005552042,0.006000000000000005,-0.0091,0.0306,
2014-06-01,,,,-1.0147388301870959,0.3429284585,0.0138854356,0.0004,0.0313,-0.0025,0.0018621269,0.0002819998,0.005499999999999998,0.0045000000000000005,0.0309,
2014-07-01,,,,-1.013993585296579,0.3483798518,0.0084371731,0.0003,0.031,0.0057,-0.000390194,0.0009491219,0.005700000000000004,-0.0033000000000000004,0.030699999999999998,
2014-08-01,,,,-1.0132613650331752,0.337476204,0.00673899,0.0003,0.0287,0.0369,-0.0016705142,0.0005462017,0.006099999999999994,-0.0013000000000000025,0.028399999999999998,
2014-09-01,,,,-1.0125436926877072,0.3385761813,0.007991443,0.0002,0.03,-0.017,0.0007525688,0.0007210232,0.006900000000000003,-0.010099999999999998,0.0298,
2014-10-01,,,,-0.9928140365303859,0.3318083646,0.0080322917,0.0002,0.0282,0.03,-0.0025122778,0.0029439983,0.0076999999999999985,-0.0075,0.028,
2014-11-01,,,,-0.9730167846864268,0.323661786,0.0068915801,0.0002,0.0264,0.0286,-0.0053994179,0.000150254,0.0087,-0.011300000000000001,0.0262,
2014-12-01,,,,-0.9531482928395842,0.3237556717,0.0056250385,0.0003,0.0246,0.029,-0.0056701009,0.0019928394,0.009499999999999995,-0.010700000000000001,0.0243,
2015-01-01,,,,-0.931671517987934,0.3361687625,0.0001909177,0.0003,0.02,0.0709,-0.0047058924,0.0022266292,0.009899999999999999,-0.011000000000000003,0.0197,
2015-02-01,,,,-0.9102231095644844,0.318227291,-0.0037666739,0.0002,0.0238,-0.0523,0.0043430449,0.0008135397,0.009000000000000001,0.0203,0.023600000000000003,
2015-03-01,,,,-0.8887980865338005,0.3074540451,-0.0068894585,0.0003,0.023,0.0137,0.0059517216,0.001720375,0.009000000000000001,-0.0079,0.022699999999999998,
2015-04-01,,,,-0.8665026089187609,0.3063442097,-0.0070747676,0.0002,0.0249,-0.025,0.0020328733,0.0005743428,0.009599999999999997,0.002700000000000001,0.0247,
2015-05-01,,,,-0.8440468470874984,0.303449953,-0.0080783906,0.0002,0.0262,-0.0159,0.005097232,0.0008869954,0.009099999999999997,-0.0045000000000000005,0.026000000000000002,
2015-06-01,,,,-0.8214212579728413,0.3101868327,-0.0087253358,0.0002,0.0285,-0.0298,0.00350287,0.0010521576,0.009399999999999999,-0.0022000000000000006,0.028300000000000002,
2015-07-01,,,,-0.8002653968082343,0.3089532648,-0.0087016887,0.0003,0.0263,0.0329,6.70472e-05,0.001159779,0.010499999999999995,-0.008999999999999998,0.026,
2015-08-01,,,,-0.7789158015976532,0.3306709874,-0.0101703481,0.0007,0.0264,0.0012,-0.0014162763,0.0058469489,0.011500000000000003,-0.0079,0.0257,
2015-09-01,,,,-0.7573674936355803,0.3356119548,-0.0136474755,0.0002,0.0253,0.0174,-0.0015567566,0.0040534912,0.012700000000000003,-0.0040999999999999995,0.0251,
2015-10-01,,,,-0.7352086030138065,0.3094136283,-0.0168417213,0.0002,0.0259,-0.0053,-0.0004496838,0.0016189067,0.013900000000000003,0.0073,0.0257,
2015-11-01,,,,-0.7128597618914441,0.3084291577,-0.0184474029,0.0012,0.0265,-0.0065,-0.0021106804,0.0011187586,0.014000000000000005,0.0085,0.0253,
2015-12-01,,,,-0.6903105742280657,0.3136488144,-0.0222618329,0.0023,0.0268,-0.0022,-0.0034170964,0.0028384861,0.014900000000000004,0.0022,0.0245,
2016-01-01,,,,-0.6862209334667191,0.3319106296,-0.0209546615,0.0026,0.0236,0.0476,0.0016531022,0.0043013139,0.014499999999999999,-0.040900000000000006,0.020999999999999998,
2016-02-01,,,,-0.6821451293491125,0.3309018254,-0.0247265015,0.0031,0.0217,0.0294,0.0008230765,0.0026015443,0.0138,-0.006200000000000001,0.018600000000000002,
2016-03-01,,,,-0.6780853372425275,0.3279547913,-0.0237151337,0.0029,0.0218,-0.0003,0.0043060001,0.0012741566,0.0131,0.0426,0.0189,
2016-04-01,,,,-0.6755069221032928,0.3263208887,-0.0242159163,0.0023,0.0223,-0.0053,0.004741068,0.0008177635,0.011699999999999995,0.0199,0.02,
2016-05-01,,,,-0.6729468706634649,0.3260721193,-0.0270536863,0.0027,0.0219,0.0082,0.004045791,0.0009955687,0.010300000000000004,-0.006600000000000001,0.0192,
2016-06-01,,,,-0.6704004960674839,0.3234753617,-0.0286846783,0.0027,0.0179,0.059,0.0032843662,0.0028644087,0.010299999999999997,-0.0213,0.015199999999999998,
2016-07-01,,,,-0.6744544559242853,0.3146611589,-0.0316746613,0.003,0.0175,0.0081,-0.0016181364,0.0004776636,0.009399999999999999,0.0164,0.014500000000000002,
2016-08-01,,,,-0.6784592801283229,0.3151974253,-0.0307817605,0.003,0.0186,-0.014,0.0009184301,0.0002791632,0.0092,0.015600000000000001,0.0156,
2016-09-01,,,,-0.6824136568730057,0.3167938869,-0.0326032269,0.0029,0.0196,-0.0124,0.0024039959,0.0016731125,0.009000000000000001,0.0004999999999999987,0.0167,
2016-10-01,,,,-0.6976518664942248,0.3196877815,-0.0290339989,0.0033,0.022,-0.0314,0.0012467485,0.0003640519,0.0087,0.005099999999999997,0.018699999999999998,
2016-11-01,,,,-0.7125161264323174,0.3032857864,-0.0274524804,0.0045,0.0267,-0.0599,-0.0015554609,0.0009463721,0.0085,0.008900000000000005,0.0222,
2016-12-01,,,,-0.7270173681876484,0.2934790969,-0.0251035736,0.0051,0.0272,-0.0057,0.0003273214,0.0005240219,0.0077000000000000055,0.0116,0.022099999999999998,
2017-01-01,,,,-0.7420898495856463,0.29197965,-0.0226576055,0.0051,0.0278,0.0043,0.0058277279,0.0003355713,0.007400000000000004,-0.0063999999999999994,0.022699999999999998,
2017-02-01,,,,-0.756794356743741,0.2786778326,-0.0187088515,0.0052,0.027,0.0137,0.0031461174,0.0002239129,0.006899999999999996,0.0075,0.0218,
2017-03-01,,,,-0.7711459121691004,0.2815988893,-0.0161988606,0.0074,0.0274,-0.004,0.0008127979,0.000575304,0.0067000000000000046,-0.0021999999999999997,0.02,
2017-04-01,,,,-0.7774716961653008,0.2778700263,-0.0155745578,0.008,0.0265,0.0145,0.0029655334,0.0003905471,0.006999999999999999,0.0031000000000000003,0.0185,
2017-05-01,,,,-0.7836842224625205,0.2769687672,-0.0101861403,0.0089,0.0256,0.0158,0.0008547218,0.0005030985,0.006999999999999999,0.006799999999999997,0.0167,
2017-06-01,,,,-0.78978683437898,0.2725452275,-0.0097840063,0.0098,0.0258,-0.001,0.000907111,0.0004475599,0.006900000000000003,0.011800000000000001,0.016,
2017-07-01,,,,-0.7928328748075728,0.2658036788,-0.0131635508,0.0107,0.0262,-0.0027,-0.0006899226,0.0002588437,0.006900000000000003,0.0087,0.015500000000000002,
2017-08-01,,,,-0.7958272764174921,0.2651136136,-0.0122128251,0.0101,0.0242,0.0289,0.0029944523,0.0007533758,0.0068000000000000005,-0.0136,0.0141,
2017-09-01,,,,-0.7987754446728128,0.2597061668,-0.0110851796,0.0103,0.0259,-0.0205,0.0052949059,0.0002572472,0.006699999999999998,0.016800000000000002,0.0156,
2017-10-01,,,,-0.8022154431156978,0.2489061986,-0.0123780689,0.0107,0.0261,-0.0013,-0.0006320421,0.0002181529,0.007200000000000005,0.0089,0.015400000000000002,
2017-11-01,,,,-0.8056110462172965,0.2397271007,-0.0121925133,0.0123,0.026,0.0036,2.43247e-05,0.0003553369,0.006999999999999999,-0.0015999999999999999,0.013699999999999999,
2017-12-01,,,,-0.8089572820424027,0.2353933431,-0.0198788747,0.0132,0.0254,0.0102,-0.0005878323,0.0002441133,0.007100000000000002,0.0154,0.012199999999999999,
2018-01-01,,,,-0.8184138491898287,0.2225191486,-0.0190436022,0.0141,0.0284,-0.0315,0.0054477455,0.0007742616,0.007100000000000002,0.0072000000000000015,0.014300000000000002,
2018-02-01,,,,-0.8276485986700619,0.2324780656,-0.0183197976,0.0157,0.0301,-0.0224,0.00453469,0.0053616628,0.006900000000000003,-0.008900000000000002,0.0144,
2018-03-01,,,,-0.8366679108373973,0.2594615384,-0.0182213491,0.017,0.0285,0.0259,0.0022611259,0.0032467403,0.0076999999999999985,-0.0135,0.0115,
2018-04-01,,,,-0.8502323170822854,0.2588168347,-0.0186056626,0.0176,0.03,-0.0177,0.0039750916,0.0023626693,0.008199999999999999,-0.0023,0.012399999999999998,
2018-05-01,,,,-0.8634416279762882,0.2561382283,-0.0189335034,0.0186,0.0289,0.0164,0.0041589169,0.0009227117,0.008300000000000002,-0.002400000000000001,0.0103,
2018-06-01,,,,-0.876312332793102,0.2576624102,-0.022101276,0.019,0.0291,0.0007,0.0015938757,0.0006228655,0.0087,-0.013099999999999999,0.010100000000000001,
2018-07-01,,,,-0.8888327658538433,0.2460666239,-0.0170959218,0.0196,0.0302,-0.0131,6.74633e-05,0.0006544289,0.0092,0.0232,0.010600000000000002,
2018-08-01,,,,-0.9009865300614925,0.2408578222,-0.0214512302,0.0203,0.0293,0.0152,0.0005555423,0.0004712735,0.008899999999999998,-0.0094,0.009000000000000001,
2018-09-01,,,,-0.9127881683622885,0.2363654368,-0.0208344491,0.0213,0.0334,-0.0518,0.0011620252,0.0002300741,0.009000000000000001,0.0398,0.0121,
2018-10-01,,,,-0.908954104121205,0.2490002293,-0.021216895,0.0225,0.0352,-0.0204,0.0017667635,0.0045776016,0.009300000000000003,-0.0119,0.012700000000000003,
2018-11-01,,,,-0.9051706376546962,0.2448789003,-0.0245930674,0.0233,0.0317,0.0505,-0.0033493485,0.0028376417,0.010000000000000002,-0.0434,0.008399999999999998,
2018-12-01,,,,-0.9014419338746342,0.2680887675,-0.0192279093,0.0237,0.0284,0.0481,-0.0031939628,0.0067931027,0.011099999999999999,-0.011099999999999999,0.004700000000000003,
2019-01-01,,,,-0.8991208015011449,0.2501565028,-0.0193047054,0.0237,0.0271,0.008,0.0019065967,0.0030113954,0.0119,0.0197,0.0034000000000000002,
2019-02-01,,,,-0.8968255277280615,0.241311545,-0.0231593356,0.0239,0.0268,-0.0091,0.0042270531,0.0005324027,0.0116,0.0017000000000000001,0.0029,
2019-03-01,,,,-0.8945607666749238,0.2530880893,-0.0232314942,0.024,0.0257,0.0447,0.0056413584,0.0011070681,0.010700000000000001,0.0038000000000000048,0.0017000000000000001,
2019-04-01,,,,-0.8898458211260571,0.2467665239,-0.0216996946,0.0238,0.0253,-0.0126,0.0052950016,0.0003744383,0.010099999999999998,0.0037,0.0014999999999999979,
2019-05-01,,,,-0.8851722945801468,0.2644460878,-0.0203583181,0.0235,0.024,0.053,0.0021287586,0.0018316356,0.009599999999999997,-0.015399999999999997,0.0005000000000000004,
2019-06-01,,,,-0.8805416850402192,0.2467011142,-0.0125383465,0.0217,0.0207,0.0104,0.0001991472,0.0010648136,0.0104,0.0233,-0.0010000000000000009,
2019-07-01,,,,-0.8679184902109744,0.2442739041,-0.012604296,0.021,0.0206,0.0024,0.0016709416,0.0005935376,0.009899999999999999,0.006,-0.00040000000000000105,
2019-08-01,,,,-0.8553044958820237,0.2485388245,-0.010142435,0.0195,0.0163,0.0797,-5.06682e-05,0.0043178808,0.008899999999999998,-0.005899999999999989,-0.0032000000000000015,
2019-09-01,,,,-0.8427022163388393,0.24379691,-0.0108381093,0.0189,0.017,-0.0192,0.0007834486,0.0006054246,0.008800000000000002,0.0001999999999999988,-0.001899999999999999,
2019-10-01,,,,-0.8531150782815136,0.2426304844,-0.0131574095,0.0165,0.0171,-0.0052,0.0022861906,0.0015103083,0.0091,0.0058,0.0005999999999999998,
2019-11-01,,,,-0.863300069826975,0.2339361894,-0.0077962379,0.0154,0.0181,-0.0059,-0.000536243,0.0003063632,0.008799999999999999,0.0073,0.002700000000000001,
2019-12-01,,,,-0.873266818337437,0.2299438976,-0.0071991555,0.0154,0.0186,-0.0253,-0.0009097695,0.0005023729,0.008700000000000003,0.016399999999999998,0.003199999999999998,
2020-01-01,,,,-0.8087336909364486,0.2322421148,-0.0076936915,0.0152,0.0176,0.0632,0.0038797699,0.001119022,0.008299999999999998,-0.011300000000000004,0.002400000000000001,
2020-02-01,,,,-0.7408263341745078,0.2582607418,-0.0055601644,0.0152,0.015,0.0588,0.0027406181,0.0047766394,0.008300000000000002,-0.030799999999999998,-0.00020000000000000052,
2020-03-01,,,,-0.6691009621007922,0.3060971381,-0.0077002938,0.0029,0.0087,0.0625,-0.002176451,0.0731531432,0.0127,-0.09759999999999999,0.0058,
2020-04-01,,,,-0.6182857572203089,0.2755630148,-0.0105380601,0.0014,0.0066,0.0082,-0.0066869419,0.0143075397,0.017000000000000005,0.026500000000000003,0.0052,
2020-05-01,,,,-0.5648144007531313,0.2643009466,-0.0149669183,0.0013,0.0067,-0.0097,1.95016e-05,0.0040720313,0.014499999999999999,0.018099999999999998,0.0054,
2020-06-01,,,,-0.5083864631440198,0.2599004838,-0.0168450216,0.0016,0.0073,0.0023,0.0054720469,0.0072085511,0.012,0.0123,0.0057,
2020-07-01,,,,-0.509646259768255,0.2538481447,-0.0119981517,0.0013,0.0062,0.0287,0.0050582435,0.0016079457,0.011699999999999999,0.032299999999999995,0.0049,
2020-08-01,,,,-0.5109172841740515,0.2359749631,-0.0085038846,0.001,0.0065,-0.0349,0.0031532105,0.0007433921,0.0102,-0.013900000000000003,0.0055,
2020-09-01,,,,-0.5121976362885734,0.2414819827,-0.0056980778,0.0011,0.0068,0.008,0.0013927469,0.0049074421,0.010499999999999999,-0.0039,0.005699999999999999,
2020-10-01,,,,-0.5014676841204881,0.2531462251,-0.0018951134,0.001,0.0079,-0.0238,0.0004149378,0.0036611054,0.0109,0.004800000000000002,0.006900000000000001,
2020-11-01,,,,-0.490549126908423,0.2263524912,-0.0052618187,0.0009,0.0087,0.0093,-0.0006106272,0.0024920325,0.010000000000000002,0.0416,0.0078,
2020-12-01,,,,-0.4794384146980537,0.2191947588,-9.78825e-05,0.0009,0.0093,-0.0115,0.0009414785,0.0006781769,0.009000000000000005,0.0115,0.0084,
2021-01-01,,,,-0.5970441948736065,0.2237556291,0.0026973427,0.0008,0.0108,-0.0304,0.0042537835,0.0020775883,0.007899999999999997,-0.0026999999999999975,0.01,
2021-02-01,,,,-0.7030061966963652,0.2168854181,0.0070137029,0.0004,0.0126,-0.0581,0.0054743828,0.0015012683,0.0072000000000000015,0.0179,0.0122,
2021-03-01,,,,-0.7994892837281045,0.1980837771,0.0157183432,0.0003,0.0161,-0.0322,0.0070832731,0.002473191,0.007000000000000003,-0.0008000000000000021,0.015799999999999998,
2021-04-01,,,,-0.874611074819466,0.1928601898,0.0200542401,0.0002,0.0164,0.0238,0.0082189092,0.0010592843,0.006999999999999996,-0.0016000000000000007,0.016200000000000003,
2021-05-01,,,,-0.9443007584196179,0.1892039983,0.0174643028,0.0002,0.0162,0.0001,0.0080171052,0.0014964819,0.006600000000000002,0.004399999999999999,0.016,
2021-06-01,,,,-1.0092809166148227,0.1893517312,0.0172545895,0.0004,0.0152,0.0284,0.0092906629,0.0006073775,0.006499999999999999,0.0158,0.0148,
2021-07-01,,,,-1.0355882582483522,0.1870050696,0.0160790309,0.0005,0.0132,0.0305,0.0048105235,0.0011239921,0.006699999999999998,-0.006599999999999998,0.0127,
2021-08-01,,,,-1.060823482949929,0.1847560839,0.0148456664,0.0005,0.0128,-0.0035,0.0020659114,0.0006020919,0.0069,-0.0009999999999999996,0.0123,
2021-09-01,,,,-1.0850563011828793,0.193036445,0.0155978835,0.0004,0.0137,-0.025,0.0027159709,0.0013934415,0.007000000000000003,0.005600000000000001,0.013300000000000001,
2021-10-01,,,,-1.1204714752576983,0.1823894543,0.0133682275,0.0005,0.0158,0.0051,0.0083081186,0.0011511212,0.006700000000000001,0.0108,0.015300000000000001,
2021-11-01,,,,-1.1542499570498457,0.189454908,0.0156397784,0.0005,0.0156,0.021,0.0049134275,0.0013266665,0.006600000000000002,-0.011600000000000001,0.015099999999999999,
2021-12-01,,,,-1.1865175326700976,0.1797857907,0.012970023,0.0006,0.0146,-0.011,0.0030725172,0.0025184151,0.006500000000000002,-0.0019000000000000006,0.014,
